,Fecha,H1,H2,H3,H4,H5,H6,H7,H8,H9,H10,H11,H12,H13,H14,H15,H16,H17,H18,H19,H20,H21,H22,H23,H24,Total
0,2018-01-01,718.6672,726.0006,718.6671,722.3338,722.3336,1257.6672,2559.3338,2478.6671,2508.0003,2504.3338,2460.3339,2614.3342,2453.0008,2548.3339,2574.0005,2680.3339,2603.3339,2874.6674,2962.6673,2680.3341,2867.3341,2654.6676,2321.0008,861.6671,50072.014
1,2018-01-02,832.3338,777.3338,810.3338,920.3338,2970.0008,4528.3341,5166.3346,5049.0013,4326.6678,4026.0011,4209.3341,4081.001,4257.0006,4183.6678,4352.3343,4935.3346,5544.0011,5863.0014,5654.0013,4693.3343,4242.3345,3582.3343,3487.0009,2086.3339,90577.689
2,2018-01-03,986.3338,1008.3339,993.6673,1008.3338,3208.3341,4902.3343,5551.3344,5408.3346,4777.6679,4110.3341,4304.6675,4433.0013,4352.3343,4550.3341,4616.3344,5016.0011,5247.0014,5808.0013,5665.0014,4891.3346,3813.3343,3487.0008,3215.6674,2053.3338,93408.3559
3,2018-01-04,1034.0003,927.667,942.3338,975.3335,3028.6675,4664.0011,5195.6681,5335.0014,4730.0011,4403.6678,4238.6676,4271.6678,4330.3346,4187.3344,4334.0009,4818.0008,5276.3343,5844.6681,5679.6681,5016.0014,4125.0009,3483.3339,3300.0008,1936.0003,92077.3555
4,2018-01-05,1015.6671,971.6673,971.6671,924.0005,3058.0006,4700.6679,5320.3348,5404.6678,4689.6678,4363.3344,4389.0011,4528.3343,4447.6676,4473.3343,4180.0009,4682.3341,5408.3349,5386.3343,5804.3349,5228.6679,3967.3343,3384.3339,3102.0009,2123.0006,92524.6893
5,2018-01-06,1078.0003,1023.0003,1100.0003,1008.3335,2933.3338,4510.0009,5016.0011,5159.0013,4543.0011,4165.3346,3850.0011,4117.6678,4979.3343,5390.0014,5349.6679,4961.0016,4880.3347,4506.3343,4429.3341,4253.3341,3883.0007,3538.3341,3021.3341,2057.0007,89752.6881
6,2018-01-07,880.0004,843.3338,792.0003,792.0003,1206.3338,2478.6671,2544.6671,2453.0006,2739.0007,3193.6678,3597.0009,3692.3342,3776.6679,3846.3343,3974.6678,3798.6675,3762.0011,3989.334,4161.6675,4308.3344,3791.3343,3443.0009,2731.6673,1063.3336,67859.0176
7,2018-01-08,891.0005,836.0004,887.3338,858.0003,1312.667,2515.3341,2742.6671,2431.0009,2636.3336,3193.6673,3472.3341,3556.6678,3542.0009,3391.6679,3681.3343,3644.6676,3699.6677,3872.0012,4092.0008,3934.3341,3633.6676,3373.3342,2823.3339,953.3338,65974.3509
8,2018-01-09,836.0003,843.3338,814.0,942.3336,2988.3341,5349.6678,6424.0016,5980.3348,4968.3346,4455.0011,3982.0008,4073.6677,4268.0011,4044.3344,4165.334,4755.6679,4799.6679,4928.0014,5056.3348,4781.3346,4062.6674,3435.6676,3160.6674,1983.6673,91098.356
9,2018-01-10,960.6671,1059.6671,979.0006,960.6671,2632.6676,4748.3346,5349.6678,5474.3343,4546.6675,4231.3341,4213.0011,4279.0011,4202.0009,4132.3343,4319.3344,5639.3349,6031.6681,6361.6679,6394.6683,5434.0011,4521.0011,3736.3343,3069.0009,2148.6676,95425.0238
10,2018-01-11,957.0006,986.3338,949.6673,1026.6671,3325.6676,5811.6684,6776.0013,6207.668,5320.3346,4480.6678,4231.3344,4315.6679,4341.3344,4249.6675,4191.0011,5540.3345,6347.0014,6710.0016,6515.6683,6468.0016,4477.0011,3813.3341,3047.0006,2119.3341,102208.3591
11,2018-01-12,920.3335,924.0006,986.3338,960.667,2977.334,5588.0013,6570.6683,6680.668,5397.3346,4315.6676,4088.3343,4308.3343,4268.0009,4128.6676,4301.0011,5665.0014,6475.3349,6413.0014,6625.6681,6123.3349,4774.0009,3780.3341,3017.6674,2101.0004,101390.6904
12,2018-01-13,1001.0003,982.6671,898.3338,927.6673,2731.6676,4583.3343,4777.6679,5052.6679,4711.6678,4183.6674,3751.0008,3930.6674,4616.3343,5078.3343,5236.0011,5063.668,4931.6678,4719.0011,4323.0011,3982.0008,3666.6677,3124.0009,3146.0006,1910.3341,87329.0214
13,2018-01-14,905.6671,869.0003,836.0003,832.3335,1261.3338,2526.3341,2698.6674,2566.6676,2673.0006,3201.0009,3432.0011,3549.3346,3813.3343,3919.6676,3857.3343,3773.0011,3828.0009,3776.6679,3971.0009,3952.6676,3586.0008,3274.3344,2739.0009,986.3339,66828.6859
14,2018-01-15,836.0005,858.0006,902.0003,968.0,3083.6673,5698.0016,6941.0016,6482.6681,5239.6678,4194.6676,4161.6678,4213.0013,4484.3344,4381.6678,4381.6676,5863.001,6339.6684,6515.6681,6592.6683,6391.0016,5027.0008,3941.6678,3296.334,2024.0007,102817.025
15,2018-01-16,1092.667,1100.0003,1004.6671,1111.0004,4268.0012,8242.6688,8943.0026,8818.3359,6988.6683,6174.6683,5705.3346,5558.6681,5478.0014,5126.0013,5294.6679,7326.0017,8019.0021,8807.3358,9122.6694,8378.3356,6167.3348,4752.0011,4139.6673,2827.0008,134445.7018
16,2018-01-17,1213.667,1158.6671,1092.6671,1096.3335,4121.3344,7927.3353,9251.0023,8690.0026,6985.0019,5613.6676,5412.0013,5463.3344,5122.3346,5199.3347,5478.0013,7150.0019,8869.6689,8932.0026,8635.0021,8543.3359,6347.0014,4891.3343,4293.6676,2834.334,134321.0338
17,2018-01-18,1173.3338,1129.3339,1114.6673,1298.0004,4176.3344,7740.3354,8924.6691,8998.0024,6875.0018,5536.6681,5632.0013,5489.0013,5496.3345,5390.0014,5562.3346,7439.6686,8349.0021,9086.0028,8998.0027,8294.0023,6633.0016,4829.0013,4037.0009,2757.3339,134959.0359
18,2018-01-19,1078.0003,1059.6668,1008.3338,1265.0005,4139.6677,7454.3351,8822.0021,8481.0026,6849.3351,5595.3346,5309.3348,5302.0013,5008.6679,5008.6681,5492.6678,7553.3354,8272.0021,9152.0023,7623.0018,8052.0021,6211.3349,4942.6676,4260.6674,2603.3341,130544.3662
19,2018-01-20,1041.334,1034.0003,1008.3336,1184.3338,3729.0006,6798.0019,7029.0015,7205.0016,6365.3349,5529.3349,4803.3346,4924.3349,6376.3349,6772.3348,7109.6683,6662.3349,7410.3351,6677.0016,6130.6679,5540.3344,5133.3343,4466.0011,4136.0008,2522.6671,119588.3618
20,2018-01-21,1089.0004,971.667,990.0003,960.6671,1705.0006,3512.6676,3784.0008,3626.3343,3890.3341,4374.3343,4554.0008,4579.6678,4678.6678,4682.3344,4979.3343,4770.3343,4964.6681,4924.3349,5485.3349,5353.3346,4741.001,4411.0011,3468.6673,1177.0006,87673.6884
21,2018-01-22,935.0003,913.0006,898.3338,1107.3338,3831.6674,7942.0023,9144.6693,8763.3356,7043.6684,5511.0011,4975.6676,4990.3346,4942.6678,5151.6679,5390.0014,7212.3348,8363.6689,8558.0023,8701.0024,8330.6689,5826.3343,4953.6678,3839.0007,2640.0006,129965.0326
22,2018-01-23,1184.3338,1118.3336,1070.6671,1191.6673,4037.0011,7729.3354,8550.6691,8800.0026,7311.3351,5764.0014,5287.3349,5540.3347,5606.3346,5518.3349,5654.0014,7480.0019,8297.6689,8539.6692,8818.3356,8000.6686,6097.6681,5214.0011,4198.3343,2849.0006,133859.0353
23,2018-01-24,1147.667,1107.3336,1114.6671,1298.0006,4202.0011,7975.0021,8935.6691,8506.6691,7128.0018,5665.001,5368.0014,5474.3346,5448.6681,5357.0014,5294.6679,7531.335,7780.6686,8624.0023,9020.0025,8411.3359,6281.0016,5129.6679,4246.0011,2739.0006,133785.7014
24,2018-01-25,1081.6668,1001.0003,1052.3336,1323.6673,4180.0014,7967.6689,8517.6688,6050.0016,7054.6682,6017.0015,5544.0014,5569.6676,5544.0011,5602.6682,6134.3348,7788.0021,8983.3359,9093.3358,8308.6691,8308.6688,5151.6678,3813.3341,3215.6677,2207.3338,129510.3666
25,2018-01-26,1074.3336,942.3338,1037.6671,1030.3338,3025.0008,5349.6681,6644.0018,6094.0014,5529.3348,4392.6674,4099.3344,4106.6677,4037.0009,3978.3341,3971.0011,5485.3343,6427.6682,6464.3353,6380.0019,5863.0013,4411.0009,3696.0011,3025.0006,2159.6672,99223.6916
26,2018-01-27,957.0003,913.0003,979.0003,1059.6668,3344.0011,5082.0014,5265.3344,5030.6678,4678.6678,3908.6678,3615.3344,3747.3346,4818.0008,5206.6679,5265.3346,5232.3344,5393.6679,5148.0014,4678.6675,4286.3341,3905.001,3432.0009,3325.6674,2192.6674,91465.0223
27,2018-01-28,843.3336,843.3338,817.667,843.3335,1254.0,2563.0006,2827.0008,2691.3341,2929.6673,3197.3339,3615.3343,3516.3344,3619.0011,3820.6676,3714.3342,3875.6675,3615.3341,3666.6679,4128.6676,4158.001,3861.0009,3435.6677,2907.6674,953.3338,67697.6841
28,2018-01-29,982.6673,865.3339,887.3338,1191.6671,3439.3341,6369.0016,7047.3346,7065.6681,5529.3346,4693.3343,4557.6678,4517.3343,4425.6679,4510.0008,4568.6678,5800.6678,6867.6686,6523.0016,7095.0019,6611.0016,4869.3346,4007.6676,3399.001,2291.6668,108115.3595
29,2018-01-30,1294.3336,1474.0006,1459.3336,1316.3338,3190.0008,5881.3348,6163.6683,6592.6683,5463.3346,4513.6679,4444.0006,4209.3341,4356.0011,3956.3344,4301.0011,5782.3346,6237.0018,6042.6679,6882.3351,6328.6681,5214.0011,3795.0009,3142.3342,2214.6671,104254.3584
30,2018-01-31,949.6671,953.3338,927.667,960.6673,3058.0008,5973.0016,6930.0013,7010.6683,5613.6683,4444.0008,4268.0008,4557.6678,4477.0011,4304.6678,4546.6677,6013.3346,6754.0016,6919.0019,6941.0019,6688.0014,4832.6679,3938.0008,3384.3341,2324.6674,106769.6931
31,2018-02-01,982.6671,949.6673,997.3338,1063.3338,3516.3343,6174.6682,6904.3348,6713.6684,5525.6679,4495.3343,4389.0009,4337.6674,4352.3343,4326.6676,4348.6676,5683.3347,6534.0016,6677.0016,6545.0016,7036.3351,4979.3349,3809.6676,3333.0007,2295.3341,105970.3596
32,2018-02-02,1114.6671,1085.3338,1015.667,1070.6671,3201.0008,5998.6681,6974.0018,6486.3348,5639.3348,4290.001,4238.6673,4249.6676,4477.0009,4000.3344,4378.0012,5863.0014,6772.335,6427.6681,5643.0013,6347.0018,4649.3347,3725.3344,3208.3344,1958.0009,102813.3597
33,2018-02-03,656.3336,560.9999,579.3333,957.0006,3043.3341,4906.0011,5452.3343,5331.3346,5056.3344,4180.0011,4000.3344,3978.3343,4829.0008,5060.0011,5371.6681,5379.0013,5126.0013,4997.6679,4528.3346,4220.3345,3582.3342,3384.3344,3061.6676,1932.3338,90174.3553
34,2018-02-04,942.3336,872.6672,839.6671,762.6672,1177.0005,2687.6674,2698.6674,2665.6673,2900.3344,3402.6674,3685.0011,3611.6676,3710.6678,3754.6676,3699.6674,3674.001,3758.3343,3802.3344,3938.0008,4022.3344,3725.3343,3355.0009,2717.0006,1063.3335,67466.6852
35,2018-02-05,828.6671,788.3335,799.3338,880.0004,3186.3343,6017.0013,7131.6684,6878.6681,5426.668,4429.3345,4136.0011,4249.6678,4297.3344,4246.0011,4268.001,5826.3347,6702.668,6706.3352,6838.3352,6050.0014,4686.0009,3923.3341,3190.0009,2108.3338,103594.359
36,2018-02-06,1059.6671,997.3335,1045.0003,1012.0004,3256.0008,6255.3349,7234.3353,6688.0014,5760.3346,4554.0008,4348.6673,4033.3343,4308.3341,4165.3341,4484.3346,5881.3348,6460.6683,6603.6682,6427.6681,6211.3349,4928.0014,3923.3341,3157.0009,2288.0006,105083.0248
37,2018-02-07,935.0004,938.6671,1092.6671,990.0006,3127.6671,5907.0013,6977.6682,6926.3351,5665.0016,4477.0009,4462.3344,4400.001,4172.6673,4198.3343,4191.0008,5892.3346,6618.3349,6666.0014,6882.3351,6545.0017,5254.3346,4110.3341,3498.0013,2291.6671,106219.692
38,2018-02-08,1081.6671,971.6673,1070.6672,1012.0003,3274.3343,6068.3349,7131.6683,6761.3349,5643.0014,4781.3346,4528.3346,4451.3346,4803.3344,4389.0011,4631.0009,5833.6678,6578.0016,6721.0016,6636.6684,6233.3349,4946.3347,3762.0008,3358.6679,2236.6674,106905.361
39,2018-02-09,1078.0004,1048.6672,1074.3338,1155.0005,3003.0006,6009.6681,6743.0016,6284.6681,5855.6678,4609.0011,4455.0012,4513.6678,4473.3346,4348.6676,4572.3346,5932.6682,6339.6683,6497.3349,6801.6687,6405.6684,4847.3344,3857.3346,3226.6676,2222.0006,105354.3607
40,2018-02-10,417.9999,392.3336,414.3333,891.0004,3003.0006,5071.0008,5573.3349,5672.3346,5063.6678,4161.6676,3960.0011,4323.0011,5199.3346,5412.0011,5412.0013,5489.0011,5217.6678,5239.6681,4972.0008,4180.0006,3883.0009,3589.6673,3369.6673,2086.3338,92994.0204
41,2018-02-11,916.667,883.6668,836.0003,869.0006,1312.6673,2508.0006,2841.6674,2658.3339,2783.0009,3215.6674,3476.0011,3611.6674,3707.0011,3765.6676,3692.3341,3443.0006,3611.6676,3674.0009,4026.0009,3809.6678,3600.6676,3179.0009,2863.6673,1118.3338,66403.3509
42,2018-02-12,854.3336,920.3339,814.0003,850.667,3171.6673,6094.0016,6240.6681,7223.3351,5144.3346,4381.6679,4378.0011,4396.3346,4282.6679,4484.3343,4418.334,5764.0016,6640.3348,6537.6684,6501.0016,6358.0013,4997.6681,3864.6676,3303.6677,2207.3338,103829.0262
43,2018-02-13,993.6673,1096.3339,1085.3338,971.6673,3318.3339,5896.0013,5228.6682,3340.334,2794.0006,4821.6676,4348.6677,4121.3344,3985.6678,4220.3341,4370.6676,3021.3341,3061.6674,2764.6676,3087.3342,3032.3344,2834.3339,2882.0009,2482.3338,1734.3338,75493.0196
44,2018-02-14,898.3335,883.6673,909.3336,898.3338,1752.6668,3494.3344,4675.0008,5767.6679,5287.3345,4605.3347,4099.3343,4194.6678,4018.6678,3927.0009,4169.0008,5584.3348,5412.0011,6420.3351,5727.3351,6292.0016,4345.0011,3472.3344,3362.3341,2126.6673,92323.0235
45,2018-02-15,1026.667,894.6671,854.3338,979.0,2874.6673,6039.0016,7069.3351,6453.3346,5445.0016,4238.6676,4649.3348,4462.3346,4484.3343,4290.0011,4528.3345,5712.6681,6079.3347,6105.0018,6332.3348,6424.0018,4722.6679,3776.6675,3179.0009,2104.6674,102725.3599
46,2018-02-16,1166.0003,1012.0003,971.667,1089.0006,3087.3341,6042.6681,7098.6684,6350.668,5606.3348,4554.0011,4363.3346,3102.0006,3721.6676,4048.0011,4176.3343,5621.0014,5921.6681,4055.3341,3828.0008,5291.0014,4700.6679,3644.6674,3142.3344,1950.6671,94545.0235
47,2018-02-17,971.6673,887.3335,913.0003,979.0003,3083.6673,4843.6677,5239.6681,5100.3343,4667.6676,4172.6677,3773.0009,3850.001,4843.6678,5291.0011,5243.3346,4990.3346,4766.6679,4583.3343,4337.6679,3828.0011,3666.6676,3175.3341,2999.3341,1991.0006,88198.0217
48,2018-02-18,927.667,814.0006,814.0004,825.0003,1202.6671,2493.3341,2614.3338,2427.3339,2621.6674,3138.6676,3307.3344,3527.3341,3831.6676,3864.6678,3813.3343,3809.6676,3850.0011,3956.3345,4114.0009,3886.6679,3681.3341,3483.3342,2665.6674,1059.6668,66729.6849
49,2018-02-19,858.0006,913.0003,924.0004,924.0006,2911.3341,5606.3348,6559.6683,6207.6684,5525.6679,4715.3346,4198.3345,4227.6676,4187.3343,4059.0011,3571.334,5401.0014,6325.0016,6816.3351,6383.6683,6306.668,4825.3346,3938.0009,3373.3339,2629.0004,101387.0257
50,2018-02-20,971.6671,975.3339,1041.3339,1125.6671,3461.3343,5947.3348,6086.6684,6233.3346,5074.6676,4187.3346,3927.0011,4048.0009,4092.0011,4048.0007,4323.0009,5815.3348,6508.3351,6383.6681,6123.3349,5929.0013,4422.0011,3384.3341,3344.0009,1763.6671,99216.3584
51,2018-02-21,1048.6673,982.6673,993.667,1085.3336,3688.6673,6039.0017,6552.3346,6053.6681,5100.3346,4136.001,4172.6678,4337.6677,4282.6676,4297.3343,4645.6678,5998.6682,6541.3351,6625.6685,6875.0019,6299.3346,5060.0016,3886.6674,3116.6676,1994.6671,103814.3597
52,2018-02-22,1026.6671,946.0003,975.3338,993.6671,3391.6676,5954.6682,6592.6684,5973.0015,4869.3346,3923.3343,3721.6674,3685.0008,3692.3343,3707.001,4268.0008,5687.0016,6497.3348,6303.0014,6167.3348,6006.0014,4370.6674,3553.0009,3094.6674,1958.0006,97357.3575
53,2018-02-23,971.6671,935.0004,968.0004,1140.3338,3355.0008,6006.0016,6812.6684,6160.0019,5023.3343,3883.0011,3897.6675,3754.6678,3908.6676,3941.6676,4282.6675,6020.6684,6640.3351,6449.6683,6046.3351,5419.3345,4590.6678,3644.6676,2856.3342,1851.6672,98560.026
54,2018-02-24,898.3338,872.6671,865.3336,891.0005,3047.0008,4653.0012,5001.3346,5280.0011,4528.3346,3875.6676,3795.0009,4161.6676,4579.6675,4862.0009,4913.3343,4774.0011,4832.6673,4733.6679,4414.6675,4198.3346,3758.3344,3340.3341,3091.0009,1701.3339,87068.6878
55,2018-02-25,828.667,832.334,843.3336,1001.0003,1309.0003,2750.0009,2896.6674,2603.3338,2717.0009,3157.0006,3245.0012,3395.3341,3597.0007,3479.6676,3670.3343,3641.0011,3516.3341,3391.6676,3659.3343,3784.0008,3391.6679,3190.0009,2449.3339,913.0005,64262.0178
56,2018-02-26,916.6668,839.6671,814.0003,1015.667,3248.6673,6207.6681,5815.3348,6024.3345,5247.0013,4029.6678,3798.6676,3743.6678,3989.3343,3857.3341,4194.6676,5668.6681,6270.0019,6563.3351,5866.6681,6013.3347,4341.3346,3622.6677,3135.0006,2229.3338,97452.691
57,2018-02-27,1048.6671,971.6671,1030.3338,1063.3335,3388.0008,5855.6679,6867.6681,5562.3348,4880.3346,4275.3343,4007.6677,4161.6676,4337.6676,4286.3346,4433.0012,5888.6681,6416.6684,6493.6683,6523.0016,6233.3349,4623.6676,3652.0006,2955.3341,1936.0003,100892.0246
58,2018-02-28,1004.6668,975.3336,927.6668,1008.3335,3314.6674,5921.6681,6339.6681,5954.6681,5082.0014,4363.3341,4282.6677,4187.3343,4154.3343,4048.0009,4334.0011,5650.3346,6548.6683,6372.6683,6123.3346,5738.3348,4378.0008,3586.0013,3120.3341,2086.3341,99502.3571
59,2018-03-01,982.667,1056.0006,1019.3338,1111.0006,3582.3341,5797.0014,6523.0016,6138.0018,4931.6679,4290.0011,3861.0011,3934.3343,4037.0009,3890.3346,4363.3345,5687.0011,6383.6681,6097.6683,6347.0016,5368.001,4715.3346,3978.3343,3135.0007,2126.6671,99355.6921
60,2018-03-02,1114.667,1096.3336,1162.3338,1327.3338,3402.6679,5617.3349,5811.6676,5324.0011,4638.3341,4158.0011,4213.0009,4323.0011,4059.0012,3615.3344,4088.3343,5558.6679,6350.6683,6567.0015,6581.6681,5877.668,4598.0011,3718.0008,3171.6677,1888.3339,98263.0241
61,2018-03-03,1125.6668,1008.3338,1037.6668,1056.0006,3380.6676,4770.3341,5166.3343,5368.0014,4620.0011,4114.0011,3817.0008,3861.0008,4972.0014,5195.6679,5353.3346,5500.0013,5067.3346,4726.3346,4308.3343,3842.6678,3534.6676,3226.6674,3003.0006,1708.6672,89763.6885
62,2018-03-04,924.0005,872.667,898.3338,887.3335,1452.0003,2559.3338,2717.0007,2629.0006,2585.0006,3164.3341,3303.6673,3622.6679,3688.6676,3747.3344,3318.3341,3450.3344,3421.0011,3417.334,3556.6675,3751.0008,3300.0008,3314.6676,2607.0006,1059.667,64247.35
63,2018-03-05,931.3336,953.3338,982.6673,1173.3338,4557.6678,7619.3351,8488.3356,8844.0026,6908.0016,5771.3346,4557.6676,4209.3344,4176.3345,4088.3344,4704.3346,6046.3348,7095.0014,7256.3354,6948.3349,6405.6683,5239.6678,4117.6678,3479.6674,2427.3338,116981.3629
64,2018-03-06,1202.6672,1122.0,1144.0,1331.0,3751.0012,6226.002,6948.3352,6394.668,5375.3352,4532.0012,4396.334,4510.0012,4370.668,4297.334,4638.3352,6053.668,6776.002,7161.002,7245.3352,6853.002,5203.002,4150.668,3303.668,2299.0012,109285.0308
65,2018-03-07,1221.0003,1147.6673,1180.6671,1327.3336,3732.6676,6603.6681,7447.002,6534.0019,6295.6684,5617.3346,4851.0013,4843.6678,4689.6679,4869.3347,4840.0011,6061.0016,6886.0018,6937.3348,7062.0021,6149.0018,5320.3345,4290.001,3369.6677,2368.6673,113644.6963
66,2018-03-08,1353.0004,1224.6671,1246.6673,1342.0,3736.3343,6321.3351,6724.6684,6449.6682,6281.0013,5679.6681,4682.3344,4242.3343,4220.3343,4183.6676,4396.3346,5745.6682,6552.3349,6732.0015,6933.6684,6893.3352,5173.6679,4121.3344,3615.334,2203.6673,110055.0272
67,2018-03-09,1254.0003,1228.334,1305.3338,1272.3335,3791.3341,6589.0016,7161.0019,6622.0019,6266.3348,5225.0013,4462.3346,4488.0011,4499.001,4539.3344,5005.0008,6200.3348,6893.3351,6431.3352,6816.3348,6427.6682,4752.0013,3798.6673,3413.6674,2068.0006,110509.6938
68,2018-03-10,836.0,828.6668,1250.3338,1283.3339,3556.6672,5316.6681,5489.0014,5404.6681,4961.0014,4238.6676,4099.3341,4260.6674,4473.3346,4620.0013,5192.001,5584.3345,5536.6679,5078.3347,4939.0013,4513.6677,4260.6675,3648.3346,3296.3342,2035.0006,94702.6897
69,2018-03-11,1081.6671,1133.0005,1085.3335,1056.0003,1646.3339,3168.0008,3318.3339,3149.6673,3036.0009,3567.6676,3740.0011,3868.334,3993.0011,4231.3343,4403.6678,4400.001,4396.3343,4066.3344,4356.0009,4194.6676,3985.6675,3655.6676,2889.3341,1254.0003,75676.3518
70,2018-03-12,1155.0004,1107.3338,1092.6668,1188.0003,3615.3341,6251.6681,6897.0013,6431.3351,5606.3346,4429.3343,4392.6675,4660.3343,4840.0013,4623.6677,5298.3349,6057.3348,3472.3343,3487.0012,4414.6675,4594.3343,4726.3343,3611.6679,3358.6674,2335.6671,97647.0233
71,2018-03-13,1261.3338,1235.6671,1217.3339,1257.667,3813.334,6306.6681,6754.0018,6699.0016,5635.6678,4539.3343,4627.3344,4323.0011,4425.6675,4381.6673,4642.0011,5976.6679,6365.3349,6651.3351,6105.0016,5958.3348,4975.6679,4022.3344,3681.3344,2398.0006,107253.6924
72,2018-03-14,1287.0003,1298.0003,1305.3338,1349.3338,3758.3343,6262.6684,6416.6678,6409.335,5547.6683,4748.3344,4576.0011,4744.6676,4642.0012,4521.0011,5012.3346,6086.6681,6823.6681,7344.3351,6812.6683,6391.0014,4741.0009,3993.0008,3094.6676,2482.3339,109648.0262
73,2018-03-15,1415.3338,1239.3336,1224.667,1250.3335,3531.0006,6061.0014,6977.668,6493.6683,5584.3344,4667.6678,4576.0011,4396.3341,4121.3341,4018.6679,3971.0011,5415.6678,6317.6681,6790.6681,5093.0011,5522.0013,4950.0011,3919.6676,3424.6676,2390.6674,103352.3568
74,2018-03-16,1265.0005,1246.6671,1191.6671,1386.0006,3710.6674,6504.6683,7135.3351,6182.0016,5452.3349,4220.3344,4216.6676,4301.0009,4345.0009,4290.0009,4737.3343,5841.0013,6889.6683,6801.6681,6636.6681,5888.6681,4675.0011,4000.3344,3388.0009,2449.3341,106755.026
75,2018-03-17,1184.3336,1158.667,1158.6671,1290.6671,3498.0008,5100.3349,5518.3348,5437.6684,4554.001,4004.0008,3897.6676,4114.0008,4983.0011,5335.0014,5514.6682,5489.0011,5250.6679,5467.0013,4961.0013,4414.6679,4169.001,3494.3341,3417.334,2207.3338,95619.357
76,2018-03-18,1169.6672,1085.3336,1052.3338,971.6668,1950.6673,4022.3344,4018.6678,3861.0011,3945.3344,4304.6673,4913.3343,5001.3347,4847.3349,4924.3346,5027.0014,4939.0013,4983.0011,4935.3346,5269.0013,4946.3346,4488.0008,4447.6676,3391.6676,1276.0003,89771.0228
77,2018-03-19,1122.0003,1133.0005,1177.0003,1133.0006,1606.0003,3135.0006,3182.6674,2790.3339,3190.0008,3402.6676,3751.0011,3828.0008,4154.3343,4154.3344,4253.3346,4275.3343,4297.3343,4392.6676,4477.0011,4422.0008,4077.3343,3769.3343,2845.3341,1151.3336,75720.3519
78,2018-03-20,1103.667,1092.6671,1096.3336,1261.3338,3762.0009,6471.6684,6875.0019,6523.0016,5533.0013,4719.0013,4242.3346,4411.0008,4400.001,4308.3344,4667.6678,6251.6681,6831.0015,6999.6683,6768.6683,6376.3349,4865.6675,3762.0011,3498.0008,2218.3338,108038.3598
79,2018-03-21,1290.667,1221.0003,1290.6671,1422.6668,3758.3344,6332.3351,7373.6683,6721.0016,5393.6678,4513.6676,4440.3348,4488.0011,4381.6676,4319.3341,4788.6681,5929.0014,6831.0018,6930.0013,6662.3348,6669.6686,5104.0013,4029.6675,3769.3343,2255.0008,109915.6935
80,2018-03-22,1371.3335,1246.667,1276.0003,1367.6673,3971.0009,6383.6681,7014.3353,6343.3351,5283.6678,4356.0009,4257.0011,4330.3341,4513.6676,4370.6678,4488.0011,5962.0017,6658.6682,6900.6681,6017.0016,6101.3349,5368.0013,4337.6675,3479.6676,2203.6673,107602.0261
81,2018-03-23,1305.3338,1261.3336,1257.6671,1331.0006,3769.3341,6347.0014,7216.0018,7032.6686,5639.3346,4433.0011,4385.3346,4275.3343,4473.3343,4546.6676,5074.6677,6039.0014,6655.0016,7117.0019,6882.3348,6519.3353,4748.3345,3681.3341,3014.0006,2244.0005,109248.3599
82,2018-03-24,1294.3338,1224.6673,1195.3338,1254.0,3483.3343,5206.6679,5683.3346,5555.0012,5459.6684,4084.6673,4253.3341,4172.6679,5078.3346,5269.0013,5492.6681,5756.6682,5221.3349,5236.0012,4825.3346,4242.3343,4044.3343,3461.3343,3384.3341,1987.3339,96866.0244
83,2018-03-25,1191.6671,1224.6673,1162.3336,1133.0005,2071.6673,3776.6676,3996.6676,3897.6677,3974.6675,4528.3343,4829.0011,4722.6676,3677.6676,3850.0011,3912.334,3839.0011,3586.0009,3721.6678,3989.3345,3905.0011,3718.0008,3391.6675,2706.0007,1177.0006,77982.6869
84,2018-03-26,1085.3339,1096.3339,1122.0004,1221.0003,3516.3341,6017.0013,6977.6681,6768.6684,5558.6682,4876.6678,4598.0011,4532.0011,4759.3346,4587.001,4994.0011,6218.6684,7021.6683,6127.0016,6504.6681,6079.3349,4532.0011,3615.3341,3201.0009,2211.0008,107220.6935
85,2018-03-27,1250.3339,1279.6671,1224.667,1378.667,3879.3341,6420.3347,6490.0016,6409.3348,5364.3343,4422.0011,4253.3343,4257.0008,4037.001,4187.3343,4495.3344,5716.3346,6691.6684,6589.0019,6930.0016,6303.0014,5133.3348,4040.6676,3648.3344,2145.0004,106546.0255
86,2018-03-28,1224.667,1177.0003,1191.667,1320.0003,3956.3344,6237.0014,6963.0018,6838.3348,5324.0011,4535.6678,4579.6676,4488.0011,4319.3343,4418.3341,4594.3343,6193.0016,6563.335,6405.6683,6908.0016,6222.3351,4913.3349,4114.0011,3619.0009,2130.3338,108236.3596
87,2018-03-29,1195.3336,1213.6673,1151.3336,1133.0005,1595.0006,3028.6674,3204.6676,3014.0009,3193.6673,3611.6673,3883.0011,4011.3344,4139.6679,4209.3346,4275.3344,4334.0011,4125.0011,4125.0011,4418.3343,4264.3344,3886.6678,3787.6679,2885.667,1177.0003,75863.3535
88,2018-03-30,1111.0003,1144.0003,1133.0003,1067.0003,1756.3336,2871.0007,2970.0009,2808.6671,3094.6676,3516.3342,3688.6677,3732.6676,3872.0013,3773.0008,3806.0012,3505.3344,3545.6676,3707.0009,4099.3343,4095.6678,3718.0013,3340.3341,2541.0009,1224.6673,70121.3525
89,2018-03-31,1184.3335,1125.6668,1041.3338,1133.0004,3058.0005,4777.6678,5232.3345,5232.3346,4609.001,4011.3341,4092.001,4880.3343,5338.6681,5210.3346,5104.0014,5382.6678,5272.6684,5536.6682,4953.6681,4103.0011,3886.6675,3542.0008,3322.0009,2137.6673,94167.3565
90,2018-04-01,1085.3338,1081.6673,1023.0005,964.3338,1499.6671,2786.6673,2926.0009,2779.3338,3197.3343,3362.3339,3549.3343,3828.0011,3963.6676,3864.6679,3952.6678,4114.0011,3795.0008,4147.0011,4161.6676,4275.3344,3923.3343,3520.0011,2658.3342,1250.3338,71709.0198
91,2018-04-02,1191.667,1177.0003,1070.6672,1250.3335,3872.0014,6350.6684,6974.0019,6526.6684,5540.3347,4737.3346,4246.0009,4411.0011,4469.6676,4326.6676,4513.6678,5767.668,6248.0018,6787.0016,6875.0014,6035.3348,4579.6676,3908.6674,3314.6674,2167.0004,106340.6928
92,2018-04-03,1349.3338,1235.6671,1287.0,1338.3338,3828.0012,6431.3351,7406.6686,6860.335,5683.3348,4704.3346,4370.6675,4359.6679,4403.6678,4403.6675,4913.3345,6101.3351,6519.3351,6460.6681,7238.0016,5833.6681,4939.0013,4073.6678,3527.3344,2299.0006,109567.3613
93,2018-04-04,1125.6671,1019.3338,1096.3336,1239.3336,3688.6676,6310.3348,7080.3353,6629.3349,5617.3346,4543.0008,4359.6679,4312.0011,4121.3345,4205.6676,4528.3343,5789.6681,6574.3348,6691.6686,6075.6679,6262.6681,4902.3346,3960.0011,3336.6675,2313.6674,105783.3596
94,2018-04-05,1059.667,979.0006,1004.6671,1287.0003,3729.0008,6343.3349,7117.0021,5720.0016,4561.3346,4744.6676,4396.3341,4374.3341,4444.0011,4579.6676,4840.0011,6174.6684,7007.0019,7029.0019,7062.0018,5980.3348,4403.6679,3718.0008,3344.0011,2200.0003,106098.6935
95,2018-04-06,1221.0006,1147.6673,1221.0003,1276.0004,3644.6675,5929.0014,7109.6686,6013.3347,5419.3346,5980.3352,5562.3351,5694.3346,5580.6681,5617.3346,6215.0011,7282.0019,6974.0019,6864.0016,7362.6684,6046.3348,4957.3347,3839.0009,3454.0009,2148.6671,116559.6963
96,2018-04-07,1243.0,1144.0003,1107.3338,1224.667,3193.6673,5357.0014,5595.3349,5558.6681,4788.6676,4363.3344,4216.6676,4964.6679,5749.3348,5789.6681,5635.6681,5518.3346,5635.6679,5555.0014,5082.0013,4381.6676,3971.001,3699.6676,3556.6676,2343.0006,99674.6909
97,2018-04-08,1202.6673,1144.0003,1206.3338,1136.6673,1760.0006,2955.3341,3127.6674,3036.0006,3021.334,3362.3342,3472.3342,3637.3346,3674.0011,3718.0009,4022.3346,3963.6676,4092.0011,3963.6676,4260.6676,4257.0009,3897.6676,3479.6674,2684.0006,1169.6671,72244.3525
98,2018-04-09,1232.0006,1059.6671,1059.6671,1122.0003,3736.3344,6189.3348,7245.3348,6655.0013,5437.6681,4587.0013,4440.3346,4330.3341,4429.3341,4466.0012,4605.3346,5525.6681,6251.6684,6075.6681,6119.6684,5969.3349,4202.0008,3461.3344,3245.0008,2200.0006,103645.6929
99,2018-04-10,1243.0005,1180.667,1151.3338,1239.3336,3538.3341,6097.6681,6647.6681,6721.0014,5085.6678,4436.6678,4242.3343,4176.3343,4319.3341,4293.6676,4286.3344,5797.0014,6299.3349,6695.335,7065.6684,6167.3346,4961.0011,4110.3344,3421.0009,2108.3335,105284.6911
100,2018-04-11,1184.334,1349.334,1228.334,1316.334,3820.668,6457.002,7190.3352,6585.3352,5166.3352,4257.0012,4345.0012,4227.668,4429.334,4587.0012,4763.0012,5995.002,7087.6692,7054.6692,6596.3352,6647.668,5316.668,4044.334,3556.668,2365.0012,109571.0332
101,2018-04-12,1283.334,1213.6672,1254.0,1283.334,3560.334,6255.3352,7065.6692,6739.3352,5192.0012,4275.334,4293.668,4389.0012,4330.334,4407.334,4843.668,6130.668,7219.6692,7509.3352,5877.668,5309.3352,4964.668,3905.0012,3542.0012,2068.0012,106912.6964
102,2018-04-13,1250.3338,1261.3338,1210.0006,1202.6671,3586.0006,6486.3348,6926.3351,6754.0014,5445.0014,4935.3344,4649.3344,4422.001,4477.0011,4477.001,4869.3343,6112.3348,7036.3352,7164.6684,7076.6685,6361.668,4792.3344,3883.0008,3256.0009,2218.3341,109853.3599
103,2018-04-14,1155.0006,1210.0003,1162.3336,1235.6671,3340.3343,5375.3347,5357.001,5529.3345,4957.3344,4374.3343,3967.3344,4682.3346,5276.3346,4451.3343,4565.0008,4777.6678,5269.0013,5661.3344,5221.3345,4543.001,4117.6678,3956.3341,3637.334,2064.3335,95887.0219
104,2018-04-15,1085.3335,1147.667,1301.6672,1232.0006,1866.3336,2845.334,3043.3341,3014.0009,3087.3344,3505.334,3824.3345,3923.3346,3949.0009,3820.6676,4051.6673,3985.6676,3956.3343,4103.0008,4352.3346,4356.0011,3919.6674,3831.6675,2720.6673,1290.6668,74213.3516
105,2018-04-16,1309.0003,1056.0003,1067.0006,1166.0003,3626.3344,6387.3351,7194.0018,6724.6683,5617.3346,4447.6675,4304.6676,4319.3344,4418.3342,4235.0013,4711.6677,6222.3348,5357.001,6380.0021,6688.0016,6204.0015,4638.3341,3545.6676,3373.3341,2115.6674,105108.6926
106,2018-04-17,1239.3339,1287.0003,1140.3338,1360.3335,3380.6673,6174.6681,6805.3353,6193.0014,5247.0013,4257.0008,4458.6678,4543.0013,4216.6678,4249.6677,4576.001,5870.3347,6757.6681,7131.6687,6640.3349,6446.0014,4847.3343,3798.6676,3490.6676,2130.3341,106241.6927
107,2018-04-18,1169.6673,1177.0006,1188.0003,1257.6672,3835.3344,6574.3348,7546.0019,6574.335,5423.0014,4381.6676,4231.3341,4436.6678,4495.3343,4407.3344,4832.6679,5914.3349,6871.3351,7062.0016,6497.3348,6596.3349,4865.6679,4235.0012,3685.0008,2134.0007,109391.3609
108,2018-04-19,1217.3338,1206.3338,1235.6671,1356.6668,3758.3341,6435.0014,6988.6684,6431.3348,5470.6684,4466.0011,4326.6678,4590.6678,4590.6678,4722.6676,4858.3343,6171.0014,6952.0019,7058.3353,6988.6686,6361.6679,5016.0013,4051.6676,3406.3344,2203.6674,109864.3608
109,2018-04-20,1195.3338,1261.3338,1206.3336,1338.3338,3630.0009,6215.0018,7227.0016,6691.6681,5408.3349,4484.3343,4429.3343,4462.3346,3564.0009,4275.3345,4788.6676,6174.6681,6842.0016,7142.6686,6405.6681,6735.6687,5118.668,3971.0008,3325.6675,2218.3341,108111.694
110,2018-04-21,1239.334,1191.667,1188.0003,1224.667,3413.6674,5096.6679,5544.0013,5485.3343,5060.0013,4433.0014,4132.3343,5012.3345,5844.6678,5940.0019,5888.6681,5749.3346,5551.3347,5265.3346,5192.0013,4535.6678,4007.6676,3670.3343,3468.6678,2244.0006,100378.6918
111,2018-04-22,1103.6671,1074.3336,1034.0003,986.3336,1580.3338,2739.0007,2907.6674,2944.3344,3083.6673,3369.6679,3729.0013,3938.0008,3743.6679,3864.6675,3798.6673,3897.6678,3670.3341,3674.0008,4132.3341,4088.3344,4121.3344,4473.3344,3190.0008,1415.3338,72559.6855
112,2018-04-23,1118.3339,1180.667,1136.667,1452.0,4543.0013,8286.6687,9137.3361,8492.0021,7131.6686,5848.3347,5533.0014,5632.0011,6090.3348,5617.3346,6094.0014,7956.6687,8382.0024,8587.3358,8136.3354,7982.3354,6255.3348,4884.0014,4154.3341,2482.3339,136114.0346
113,2018-04-24,1257.667,1228.3335,1228.3339,1305.3335,4488.0011,7799.0024,8921.0023,8539.6689,7425.0021,6387.3348,5731.0014,5386.3349,5514.6684,5280.0013,5797.0011,7553.3351,8492.0023,8913.6693,8616.6691,8000.6688,6185.6682,4975.6678,4367.0011,2504.3338,135897.7021
114,2018-04-25,1232.0003,1276.0003,1283.3338,1565.6671,4656.6681,7982.3354,8818.3361,8550.6688,6765.0017,6017.0014,5705.3346,5610.0013,5687.0014,5467.0014,5775.0013,7344.3352,8510.3356,8470.0023,8873.3359,7795.3354,6017.0016,4884.0014,4253.3344,2632.6674,135171.7022
115,2018-04-26,1371.3338,1250.3338,1188.0004,1419.0005,4447.6676,8081.3359,8939.3356,8352.6688,6743.0016,5870.3348,5533.0013,5426.6681,5635.6682,5507.3349,5866.6681,7252.6686,8077.6689,8426.0023,8697.3356,7553.3353,6336.0015,4902.3343,4359.6675,2640.0005,133877.3679
116,2018-04-27,1268.6673,1224.6671,1224.6671,1496.0006,4491.6676,7645.0021,8459.002,8407.6688,6662.3349,5496.3346,5577.0013,5478.0014,5445.0013,5294.6681,5562.3343,7733.0021,8594.6688,9060.3358,8521.3361,7615.6685,6028.0013,4821.6678,4293.6675,2486.0009,132887.3673
117,2018-04-28,1261.3339,1177.0003,1320.0003,1389.6671,3916.0011,6248.0014,6878.6683,7058.3351,5808.0015,4968.3345,5100.3346,6138.0016,7076.6686,7157.3352,7293.0018,7168.3349,7043.6684,6911.6683,6200.3347,5188.3347,4843.6674,4528.3347,4301.0011,2471.3339,121447.3634
118,2018-04-29,1107.3335,1092.6671,1023.0003,1041.3336,2079.0006,3395.3344,3795.0008,3457.6677,3758.3343,4180.0006,4488.0008,4682.3346,4928.0008,5074.668,4928.0013,4887.6681,4807.0011,4891.3346,5012.3346,5008.6679,4469.6679,4238.6679,3146.0009,1246.6668,86738.6882
119,2018-04-30,1037.6671,1012.0005,1001.0005,1180.6671,4385.3343,7762.3353,8741.3358,7751.3353,6999.6684,5723.6682,5514.6681,5437.6684,5668.6681,5375.3347,5793.3346,7304.0018,8184.0021,8697.3356,8371.0024,7271.0019,5701.6679,4675.0008,4282.6674,2321.0006,130192.3669
120,2018-05-01,1228.3338,1173.3336,1158.6671,1092.667,2057.0005,3637.3344,3593.3343,3773.0008,3798.6676,4422.0013,4704.3346,4763.0014,4818.0014,4873.0011,4917.0013,4920.6676,4865.6676,4880.3343,5063.6678,5012.3343,4517.3344,4213.0011,3010.3339,1543.6673,88036.6885
121,2018-05-02,1092.6671,1081.6671,1074.3336,1316.3335,4513.6676,7916.3356,8646.0026,8268.3356,6768.6683,5577.0014,5577.0014,5690.6678,5536.6678,5452.3344,5910.6683,7381.0018,8624.0024,9075.0029,8884.3359,7967.6686,6057.3349,4649.3344,4213.0012,2390.6673,133664.7015
122,2018-05-03,1239.3335,1235.6671,1268.6668,1400.6673,4818.001,8118.0021,8803.6693,9005.3364,6629.3351,5555.0013,5291.0014,5320.3346,5357.0014,5162.6681,5566.0013,7230.6686,8448.0021,8594.6691,8301.3356,7278.3351,5536.6681,4359.6679,4084.6678,2302.6676,130907.3686
123,2018-05-04,1243.0003,1213.6671,1228.3335,1349.3335,4462.3344,7780.6686,8825.6691,8217.0023,6537.6684,5522.0014,5690.6682,5514.6679,5536.6682,5496.3343,5863.0014,7476.335,8195.0021,8657.002,8290.3356,7718.3354,5767.6684,4697.0013,4202.0011,2728.0009,132212.7004
124,2018-05-05,1180.667,1140.3338,1151.3336,1411.6668,4165.3343,6717.3351,7095.0016,7128.0016,6306.6684,5342.3349,5320.3344,6042.6684,6904.3351,7205.0019,6944.6684,7318.6684,6732.0016,6798.0016,6314.0019,5331.3346,4605.3346,4631.0008,4242.3343,2724.334,122752.6971
125,2018-05-06,1257.6668,1188.0003,1125.6671,1059.6668,2013.0004,3619.0009,3619.0008,3615.3343,3754.6678,4271.6676,4532.0011,4825.3347,5144.3347,4862.0011,4887.6681,4774.0014,4656.6677,4851.0011,5115.0011,5166.3348,4660.3344,4286.3343,3274.3341,1177.0006,87736.022
126,2018-05-07,1144.0006,1041.334,1063.3339,1404.3338,4367.0011,7729.3354,8173.002,7784.3353,6702.6686,5621.0014,5203.0008,5316.6681,5426.6682,5313.0011,5727.3349,7450.6686,8554.3356,8330.6691,8103.3353,7120.668,5555.0016,4711.6676,3971.0011,2438.3339,128252.7
127,2018-05-08,1221.0003,1184.3336,1188.0003,1536.3338,4700.6681,8473.6688,8825.6691,8631.3356,6336.0013,5778.6684,5221.3349,5287.3349,5386.3346,5415.6675,5866.6678,7498.3353,8316.0022,8503.0023,8605.6689,8044.6689,6413.0016,4913.3343,4165.3341,2365.0006,133877.3672
128,2018-05-09,1177.0003,1268.667,1349.3336,1404.3336,4711.6682,7802.6685,8536.0024,8517.6692,6706.3349,5881.3349,5320.3343,5258.0013,5419.3348,5643.0014,5859.3346,7601.0018,8723.0026,8484.669,8770.6692,7953.0019,6075.6679,4667.6678,3872.0011,2570.3341,133573.0344
129,2018-05-10,1184.3339,1191.6671,1144.0005,1433.6668,4510.0011,7813.6686,8858.6692,8440.6691,6493.6681,5305.6676,5324.0012,5364.3346,5456.0017,5305.6679,5588.0013,7447.0019,8096.0021,8470.002,7861.3356,7480.0018,5635.6681,4777.6676,4026.0008,2515.3339,129723.0325
130,2018-05-11,1199.0003,1371.3338,1331.0003,1525.3335,4568.6678,7876.002,8330.6691,7304.0018,6394.6683,5525.6678,5261.6679,5137.001,5192.0014,5283.668,5500.0016,7252.6686,8143.6686,8389.3356,8187.6689,7370.0019,5580.6678,4675.0011,4139.6676,2522.6671,128062.0318
131,2018-05-12,1327.3335,1298.0005,1283.3338,1540.0003,4136.0011,6504.6681,6922.6683,6684.335,5921.6682,5386.3346,5214.0014,5958.3346,6941.0013,7032.6685,6926.3354,6853.0013,6603.6684,6794.335,6614.6683,5547.6679,4895.0011,4517.3343,4099.3341,2288.0006,121289.6956
132,2018-05-13,1118.334,1140.334,1067.0,1096.334,1991.0012,3296.334,3542.0012,3311.0012,3655.668,4121.334,4631.0012,4895.0012,4924.334,4755.668,4719.0012,4671.3352,4506.3352,4631.0012,4755.668,4748.334,4400.0012,4315.668,2944.334,1118.334,84355.358
133,2018-05-14,1162.3335,1001.0003,997.3336,971.6668,2038.667,3501.6677,3758.3344,3487.0007,3663.0011,4128.6673,4502.6676,4546.668,4737.3346,4847.3346,4513.6675,4730.001,4953.6678,4851.0013,4931.6679,4818.0011,4455.0008,4158.0011,3160.6674,1298.0003,85213.3534
134,2018-05-15,1195.3335,1173.3338,1210.0005,1323.6671,4414.6679,7799.0019,9001.6693,8257.3356,6644.0014,5364.3346,5214.0011,5276.3348,5357.0014,5423.0014,5437.6678,7128.0018,7615.6683,8088.6686,8400.3356,8059.3354,5830.0013,4752.0008,3813.3341,2467.6676,129246.3656
135,2018-05-16,1155.0003,1100.0003,1026.6668,1430.0003,4341.3347,8055.6689,9027.3358,8800.0028,6941.0019,5760.3348,5404.6681,5397.3344,5639.3347,5470.6679,5789.6681,7597.3353,8059.3354,8811.0026,8228.0021,7762.3351,6039.0014,4858.3344,3956.3343,2603.3342,133254.0346
136,2018-05-17,1224.6671,1019.3336,997.3335,1342.0003,4370.6679,7788.002,8613.0024,8312.3359,6820.0016,5672.3348,5544.0014,5522.0013,5577.0014,5456.0011,6182.0015,7681.6684,8253.6688,8862.3359,8488.3356,7989.6688,5921.6678,4983.0009,4147.0011,2834.3341,133602.3672
137,2018-05-18,1125.6668,1070.6671,1147.6671,1422.6673,4554.0008,7703.6683,8686.3358,7982.3354,6702.6683,5602.6681,5082.0011,5199.3343,5338.6679,5357.0011,5742.0013,7414.0018,8081.3355,8855.0026,8422.3358,7667.0021,5881.3348,4671.3343,4022.3344,2423.6675,130155.6995
138,2018-05-19,1312.667,1393.3339,1294.3338,1404.3338,4121.3344,6526.6681,7208.6684,7175.6681,6152.6681,5459.6684,5177.3349,6068.3348,7054.6681,7179.3348,7124.3353,7282.0015,6919.0015,6992.3352,5595.3346,5188.3346,4755.6681,4352.3346,4205.6676,2453.0008,122397.0304
139,2018-05-20,1188.0005,1180.6668,1129.3338,1111.0003,2071.6673,3472.3341,3560.3339,3432.0012,3743.6675,3996.6678,4290.0009,4627.3343,5060.0014,4726.3343,4876.6681,4722.6679,4858.3343,4906.0014,5085.6679,5313.0013,4627.3346,4550.3343,3190.0009,1155.0003,86874.3551
140,2018-05-21,1074.3338,1056.0,1067.0006,1349.334,4447.6679,7799.0018,8107.0023,7652.3354,6922.6683,5239.6681,5305.6681,5390.0014,5375.3346,5386.3346,5947.3348,7531.3356,8473.6689,8697.3358,8268.3358,7744.0019,5958.3349,4961.0013,4202.0009,2735.3341,130691.0349
141,2018-05-22,1290.6671,1195.3335,1353.0003,1364.0004,4814.3346,8165.6686,5756.6681,2731.667,3853.6675,1837.0006,3589.6676,3329.3341,4282.6678,4414.6674,4623.6675,4257.0008,4015.0008,4598.0008,4678.6676,4506.3344,4616.3346,4561.3343,3696.0008,2357.667,89888.3532
142,2018-05-23,1177.0005,1144.0003,1228.3336,1334.6671,4026.001,7172.0019,8202.3355,7777.0018,6468.0016,5327.668,5096.6681,5269.0013,5126.0011,4964.6678,5485.3346,6985.0016,7982.3354,8686.3356,7824.6688,7568.0018,5804.3343,4726.3345,4066.3344,2456.6674,125898.698
143,2018-05-24,1305.3336,1309.0006,1356.667,1463.0005,4587.0009,7876.0021,8873.3359,8235.3356,6680.6684,5624.6678,5445.0013,5503.6681,5463.3345,5221.3344,5617.3346,7392.0017,8411.3356,8631.3359,8921.0021,7868.6689,6083.0011,5016.001,4315.6676,2365.0004,133565.6996
144,2018-05-25,1276.0006,1265.0005,1217.3336,1349.334,4473.3346,7692.6683,9086.0024,8591.0024,7212.3348,6101.3349,5694.3346,5775.0016,5859.3348,5635.6681,5991.3348,7663.3353,8481.0024,8334.3353,8448.0023,7887.0019,5866.668,4799.6676,4048.0009,2555.6674,135303.7011
145,2018-05-26,1246.6671,1294.3338,1261.3338,1371.3336,4216.6678,6336.0016,7065.6683,7069.3349,6028.0016,5591.6678,5115.0017,5980.3346,6776.0016,6900.6683,6589.0019,6471.6684,6512.0017,6508.3349,5914.3348,5129.6678,4774.0013,4612.6676,4359.6679,2493.3339,119617.6967
146,2018-05-27,1136.6671,1089.0003,1085.3336,1041.334,1991.0003,3791.3344,3831.6673,3747.3343,4004.0009,4807.0014,5434.0014,5551.3346,5694.3349,5797.0016,6050.0016,6035.3349,6248.0014,6303.0016,5951.0016,5485.3347,4711.6679,4183.6675,3120.3341,1210.0005,98299.6919
147,2018-05-28,1140.3338,1184.3338,1144.0006,1268.6671,4686.0008,7637.6686,7520.3354,7663.3353,6603.6681,5672.3346,5401.0014,5514.6678,5558.6679,5272.6678,5646.6681,7586.3353,8374.6688,8492.0023,8631.3356,7465.3348,5591.6678,4587.0008,4007.6678,2750.0005,129400.3648
148,2018-05-29,1265.0006,1254.0005,1265.0,1364.0004,4499.0014,7608.3354,8913.6691,7989.6689,6886.0018,6105.0011,5459.6678,5606.3349,5544.0014,5386.3346,5734.6678,7557.0016,7183.0016,6889.6684,7909.0021,8074.002,5628.3348,4601.6678,4161.6679,2676.6674,129561.6993
149,2018-05-30,1397.0005,1371.3336,1393.3335,1426.334,4484.3346,7432.3351,9001.6693,8257.3355,6530.3348,5705.3348,5162.6676,5148.0014,5305.6681,5192.001,5595.3352,7289.3351,8092.3353,8587.3356,9071.3361,7659.6683,5811.6681,4634.668,4330.3343,2431.0005,131310.7003
150,2018-05-31,1096.3338,1349.3338,1430.0003,1499.6672,5177.3347,7953.0024,8572.6689,8561.6693,7161.0019,5778.668,5415.6679,5327.6681,5448.6681,5353.3349,5364.3346,7161.0018,7762.3354,8459.0024,8198.6688,7652.3353,5716.3346,4682.3344,4007.6676,2658.3339,131787.3681
151,2018-06-01,1294.3338,1305.3338,1367.667,1419.0003,4345.0011,7722.0018,8587.3356,8224.3356,6772.3351,5276.3346,5034.3343,5159.0014,5071.0014,5089.3347,5470.6678,7249.0019,7839.3351,8158.3353,8052.0023,7406.6686,5903.3351,4557.6679,3828.0008,2885.6672,128018.0325
152,2018-06-02,1265.0003,1279.6668,1268.6671,1367.6673,3978.3343,6295.6682,6754.0016,7164.6683,6097.6682,5382.6682,5012.3343,5907.0013,6662.3348,7036.3351,7219.6685,6904.3348,7194.0016,7003.3351,6354.3348,5254.3346,5019.6678,4568.6676,4143.3343,2302.6671,121436.362
153,2018-06-03,1177.0004,1158.6671,1045.0003,1158.6671,2038.6671,3512.6677,3553.0009,3410.0008,3531.0008,4000.3345,4609.0011,4623.6676,4770.3344,4836.3344,4961.001,4865.668,4997.6681,4939.0011,5349.6678,5034.3343,4715.3347,4473.3341,3102.0009,1565.6668,87428.021
154,2018-06-04,1158.6671,1188.0003,1070.667,1107.3338,2196.3335,3707.0006,3758.3344,3593.3343,3710.6678,4389.0008,4818.0011,4645.6676,4851.0011,4854.6679,4781.3346,4836.3346,4836.3346,4884.0013,5327.6679,4891.3346,4755.6681,4466.0011,3259.6674,1452.0005,88539.022
155,2018-06-05,1228.3336,1448.3335,1180.6671,1488.6668,4484.3344,7872.3351,8880.6691,8286.6688,6801.6684,5533.0011,5397.3346,5364.3346,5375.3345,5309.3344,5602.6679,7164.6685,8220.6691,8576.3356,8840.3356,7483.6686,5661.3348,4748.3344,4205.6673,2570.3338,131725.0316
156,2018-06-06,1224.6671,1162.3338,1235.6671,1298.0003,4631.0011,7813.6688,8803.6691,6673.3348,6970.3353,6332.3353,5555.0014,5518.3344,5316.6678,5342.3346,5885.0014,7417.6684,7868.6689,8675.3357,8404.0023,7711.0021,5734.6681,4557.6676,4084.6675,2475.0007,130691.0336
157,2018-06-07,1298.0005,1338.3339,1382.3336,1474.0006,4704.3346,7590.0021,8580.0023,8319.6688,6853.0016,5580.6679,5243.3343,5529.3347,5650.3347,5518.3348,5837.3349,7656.0019,8499.3356,8631.3355,9166.6697,7806.3356,6160.0013,4686.0011,3960.0008,2728.0006,134192.7014
158,2018-06-08,1250.3335,1254.0003,1294.3335,1378.6668,4367.0011,7744.0021,8642.3355,8517.6693,6838.3351,5756.6681,5129.6676,5437.6681,5412.0013,5540.3349,5874.0013,7469.0018,8162.0024,8759.6693,8539.6691,7733.0021,5877.6679,4638.3346,4099.3344,3630.0008,133345.7009
159,2018-06-09,3468.6675,2020.3339,1426.3336,1540.0004,3985.6679,6288.3348,6702.6683,6662.3348,6020.6678,5467.0014,5368.0014,5940.0014,6589.0016,7142.6683,6508.3352,6882.3351,6574.3348,6809.0016,6204.0017,5302.0012,5107.6676,4741.0013,4275.3346,2636.334,123662.0302
160,2018-06-10,1224.6671,1257.6673,1169.6671,1144.0005,2141.3338,3674.0008,3674.0011,3479.6674,3791.3342,4257.001,4638.3342,4667.6679,4887.6679,4700.6678,4946.3345,4620.0009,4719.0011,4774.0013,5063.6679,5060.0013,4491.6675,4304.6678,3164.3343,1360.3338,87211.6885
161,2018-06-11,1067.0003,1096.3338,1078.0003,1059.6668,2167.0006,3703.3343,3652.0011,3516.3341,3681.3346,4055.3344,4444.001,4458.6678,4979.3344,4726.3347,4906.0013,4979.3349,4983.0011,4869.3343,5104.0011,5166.3346,4528.3346,4268.0011,3171.6674,1426.3338,87087.0224
162,2018-06-12,1279.6673,1257.6671,1111.0006,1430.0005,4517.3349,7678.0018,8499.3359,8231.6687,6556.0016,5562.3348,5023.3346,5254.3346,5140.6679,5217.6678,5591.6681,7278.3351,8415.0026,8613.0021,8561.6693,7670.6689,6079.3343,4983.0014,4183.6675,2647.3341,130782.7015
163,2018-06-13,1378.6671,1367.6671,1466.6671,1514.3336,4667.6677,7428.6686,8330.6691,7982.3354,6783.3354,5782.3348,5404.6679,5657.6678,5525.6681,5558.6682,6057.3346,7241.6684,8275.6688,8840.3357,8327.0024,7604.6686,5628.3344,4664.0011,3993.0011,2790.3343,132271.3673
164,2018-06-14,1371.334,1301.6672,1338.334,1606.0,4447.668,7938.3352,8726.6692,8367.3352,6655.002,5672.3352,5232.3352,5115.0012,5074.668,5129.668,5580.668,7395.6692,8569.002,8140.002,8356.3352,7887.002,5874.002,4708.0012,4055.334,2559.334,131101.702
165,2018-06-15,1320.0,1210.0,1250.334,1488.6672,4642.0012,7373.6692,8437.002,8125.3352,6728.3352,5474.3352,5122.3352,5309.3352,5294.668,5126.0012,5463.3352,7410.3352,8466.3352,8396.6692,8649.6692,7626.6692,5936.3352,4752.0012,4015.0012,2489.6672,130108.0368
166,2018-06-16,1543.6672,1426.334,1397.0,1470.334,4176.334,6325.002,6996.002,6024.3352,5247.0012,5338.668,5349.668,5771.3352,7153.668,7153.668,6842.002,7084.002,7179.3352,6618.3352,6460.668,5679.668,4887.668,4561.334,4176.334,2475.0012,121337.3644
167,2018-06-17,1180.6672,1129.334,1180.6672,1114.6672,2167.0012,3490.668,3615.334,3666.668,4110.3352,4774.0012,4873.0012,5305.668,5771.3352,5940.0012,5727.3352,6134.3352,5793.3352,5679.668,5404.668,5181.0012,4568.668,4279.0012,3252.334,1272.334,95612.0288
168,2018-06-18,1243.0,1155.0,1111.0,1481.334,4462.3352,7872.336,8543.3352,8528.6692,6955.668,5771.3352,5437.668,5408.3352,5305.668,5390.0012,5925.3352,7307.6692,8147.3352,8719.336,7975.002,8063.002,5595.3352,4510.0012,3989.334,2515.334,131413.3692
169,2018-06-19,1316.334,1221.0,1250.334,1492.334,4550.3352,7890.6692,8994.336,7931.002,6640.3352,5566.002,5932.668,5789.668,5236.0012,5327.668,5789.668,7535.002,8389.336,8561.6692,8422.336,7546.002,5756.668,4810.668,4286.334,2552.0012,132788.3712
170,2018-06-20,1301.6668,1279.6671,1430.0003,1514.3339,4381.6679,7608.3354,8576.3356,8198.6688,6728.3348,5599.0014,5441.3343,5360.6678,5305.6681,5294.6678,5610.0014,7395.6688,8385.6691,8371.0026,8184.0023,7370.0016,5844.6682,4920.6679,4396.3343,2640.0009,131138.3671
171,2018-06-21,1272.3338,1290.6671,1305.3335,1477.6671,4286.3342,7003.3349,6020.6682,6530.3349,7234.3352,5676.0014,5881.3348,5518.3346,5485.3344,5096.6678,5698.0011,7208.6681,8077.6686,8499.3355,8096.0024,7491.0019,5826.3346,4598.0014,4077.3346,2486.0009,126137.031
172,2018-06-22,1250.3338,1287.0003,1184.3335,1529.0006,4403.6677,7725.6691,8352.669,8488.3358,6633.0016,5533.0013,5206.6678,5338.6684,5430.3346,5511.0013,5632.0014,7538.6686,8092.3353,8217.0022,7901.6686,7293.0016,5863.0013,4832.6678,4165.3343,2515.3336,129924.6995
173,2018-06-23,1272.3338,1283.3339,1221.0006,1206.3336,3989.3347,6435.0016,6970.3352,6933.6684,6182.0014,5228.6678,5335.0011,5848.3349,6633.0016,6937.3351,6933.6683,6647.6683,6475.3351,6537.6681,6402.0018,5602.6679,4766.6678,4554.001,4264.3343,2684.0009,120343.6972
174,2018-06-24,1155.0003,1030.3338,1048.6671,1041.3336,2126.6673,3622.6675,3663.0009,3655.6676,3736.3341,4040.6676,4235.0012,4682.3346,4961.0014,4407.3343,4436.6675,4466.0011,4444.0008,4565.0008,4752.0009,4803.3346,4220.3343,4011.3343,3036.0008,1074.334,83215.0204
175,2018-06-25,982.6671,982.6671,953.3339,1158.6671,4378.0009,7777.0021,8561.6691,8114.3353,6537.6682,5551.3346,5283.6678,5654.0011,5313.0013,5294.6681,5610.0013,7263.6686,8184.0024,8345.3353,8998.0023,7582.6683,5617.3346,4682.3343,3930.6679,2522.6671,129279.3658
176,2018-06-26,1133.0004,1169.6673,1202.667,1320.0003,4532.0013,7520.3349,8275.6691,8184.0023,6310.3349,5309.3346,5173.6681,5206.6678,5470.6681,5089.3344,5646.6681,7227.0018,7865.0021,8330.6689,8055.6688,7153.6683,5819.0014,4436.6676,3725.3344,2640.0004,126797.0323
177,2018-06-27,1125.6671,1155.0003,1136.6673,1301.6671,4392.6679,7670.6689,8917.3362,8055.6686,6552.3351,5668.6678,5232.3346,5302.0011,5221.3343,5210.3346,5584.3349,7073.0017,8283.0023,8272.0024,7923.6683,7901.6689,5786.0011,4565.0011,4205.668,2537.3338,129074.0334
178,2018-06-28,1276.0003,1184.3338,1213.6671,1422.6673,4598.0014,8191.3356,8770.6693,8770.6692,6794.3351,5555.0016,5375.3349,5650.3345,5815.3346,5602.6679,5866.6684,7340.6689,8499.3356,8110.6686,8550.6689,7509.3353,5745.6679,4755.6676,4169.0011,2588.6676,133356.7025
179,2018-06-29,1078.0004,1195.3339,1155.0006,1232.0005,4609.0014,7678.0019,8580.0026,8209.6689,6380.0016,5459.6679,5313.0011,5254.3346,5173.6678,5067.3346,5144.3346,6959.3352,7967.6689,8279.3351,8363.6691,7040.0016,5566.0011,4550.3343,4139.6673,2669.334,127064.699
180,2018-06-30,1180.6671,1202.6673,1287.0004,1459.3335,3897.6679,6306.6682,6842.0016,6783.3349,6028.0016,5243.3343,5177.3346,5727.3346,6622.0016,6794.3348,6886.0016,6677.0017,6761.3351,6838.3349,6380.0018,5771.3348,5214.0014,4825.3346,4260.6678,2691.3339,120857.03
181,2018-07-01,1125.6671,1078.0003,1114.6671,1162.334,2295.3342,3754.6678,3765.6676,3824.3341,3967.3343,4411.0011,4385.3343,4682.3344,5038.0011,5074.6676,4777.6676,4818.0011,4825.3346,4942.6681,5507.3349,5423.0014,4400.0011,4128.6676,3142.3343,1305.3338,88949.6895
182,2018-07-02,1008.3336,1103.667,1008.3335,1081.6671,1686.6668,2610.6674,2962.6671,2695.0006,3006.6674,3567.6676,3633.6679,3703.3343,3765.6679,3641.0009,3644.6676,3512.6674,3575.0011,3512.6676,4007.6676,4117.6676,3274.3343,3146.0009,2581.3338,1180.6671,68027.6841
183,2018-07-03,1155.0004,1140.3338,935.0003,979.0006,3626.3341,5738.3348,6534.0017,6101.3348,5100.3346,4411.0009,4154.3341,4532.001,4601.6678,4631.0014,4473.3343,5731.0016,6086.6681,6369.0016,6482.6681,6075.6681,4598.0009,3897.6676,3446.6673,2222.0006,103022.3585
184,2018-07-04,1151.3336,1136.6668,1257.6671,1217.3336,3890.3341,5712.6681,6860.3349,6226.0013,5155.3348,4568.6679,4154.3344,4213.001,4227.6675,4081.0012,4535.6679,5808.0013,5984.0017,6640.335,6372.6681,5786.0017,4539.3344,3663.0006,3182.6673,2317.3339,102681.3582
185,2018-07-05,1136.6671,1169.6671,1239.3339,1481.3338,3897.6676,5701.6681,6658.6681,6017.0013,5056.3341,4319.3344,4172.6676,3952.6673,4121.3343,4040.6676,4143.3343,5562.3343,6394.6684,6237.0011,6482.6681,6075.6684,4957.3346,4051.6674,3729.0011,2251.3339,102850.0239
186,2018-07-06,1155.0006,1081.6668,1067.0003,1246.667,3787.6678,5786.0016,6768.6684,5984.0013,5100.3346,4605.3346,4418.3346,4297.3341,4246.0011,4172.6678,4407.3343,5866.6681,6391.0019,6240.6681,6721.0018,5914.3346,4605.3346,3890.3343,3369.6674,2280.667,103403.6927
187,2018-07-07,1195.3335,1122.0006,1059.667,1177.0004,3340.3341,4825.3343,5184.6681,5536.6681,4675.0012,3963.6676,4004.0011,4275.3343,4975.6679,5089.3346,5067.3345,5177.3348,5225.0011,5129.6678,5239.6678,4488.0013,4000.3343,3934.334,3534.6673,2291.6674,94512.0231
188,2018-07-08,1122.0006,1048.6668,938.6671,979.0003,1628.0003,2805.0009,2871.0006,2900.3339,3197.3342,3707.0011,3520.0008,3677.6676,4084.6678,3641.0011,3802.3341,3809.6676,3765.6676,3659.3344,3824.3346,3996.6676,3468.6678,3520.0009,2709.6674,1085.3338,69762.0189
189,2018-07-09,979.0005,982.6668,927.6673,1041.3339,3685.0008,5767.6683,6438.6683,6292.0019,4858.3343,4183.6676,4370.6678,4125.0006,4128.6678,4165.3343,4425.6678,5547.6681,6255.3349,6402.0016,6306.6681,5925.3349,4708.0014,3707.0011,3281.6676,2383.3341,100888.3598
190,2018-07-10,1210.0005,1136.6671,1100.0003,1323.667,3872.0006,6163.668,6655.0019,6559.6681,5324.0014,4491.6678,4301.001,4110.3346,4029.668,3908.6676,4202.0008,5822.6681,6119.668,6834.6681,5327.6678,6240.6678,4656.6676,3938.0008,3344.0009,2233.0008,102905.0246
191,2018-07-11,1111.0003,1162.3336,1103.6668,1316.3336,3736.3343,6061.0013,6592.6684,5837.3349,5272.6681,4242.3343,4103.0011,4161.6675,4018.6678,3872.0011,4506.3346,5599.0011,5925.3346,6475.3349,6904.3351,5852.0013,4590.6676,3795.0011,3406.334,2134.0006,101779.358
192,2018-07-12,1195.3338,1125.6671,1147.6671,1316.3336,3714.334,5797.0013,6185.6682,6138.0014,4939.0011,4279.001,4099.3346,3930.6676,3941.6676,3919.6679,4275.3344,5562.3348,6229.6681,6189.3347,6244.3351,6046.3348,4403.6676,3674.0009,3399.0009,2225.6673,99979.0249
193,2018-07-13,1111.0003,1162.334,1045.0003,1276.0006,3842.6679,5793.3349,6607.3349,6024.3349,5177.3346,4469.6679,4286.3343,4077.3343,4249.6678,4187.3343,4689.6681,5734.6683,6050.0017,6207.6684,6134.3346,5822.6684,4781.3345,3758.3341,3193.6676,2277.0008,101959.0275
194,2018-07-14,1045.0006,1034.0004,990.0006,1221.0003,3157.0011,4766.6678,5195.6679,5239.6678,4689.6678,4462.3344,4260.6674,4583.3346,5342.3344,5298.3346,5371.6678,5525.6681,5096.6678,5250.6676,5122.3347,4719.0011,4136.0011,3938.0011,3685.0009,2387.0006,96517.6905
195,2018-07-15,1151.3338,1041.3335,1008.3339,971.6671,2137.6677,3586.0011,3505.3341,3677.6674,3501.6676,3754.6674,3974.6679,4106.6676,4378.0011,4451.3343,4565.0011,4484.3343,4301.0008,4524.6678,4737.3343,4524.6675,4084.6678,3765.6676,2871.0006,1382.3338,80487.0201
196,2018-07-16,1034.0006,1111.0003,968.0003,1023.0003,3406.3341,5635.6684,6512.0016,5749.3346,4744.668,4216.6675,3685.0008,3817.0009,3820.6678,3850.0011,4125.0014,5507.3346,5888.6682,6053.6679,6042.6681,5676.0016,4513.6678,3611.6676,3021.3341,2009.3335,96022.6911
197,2018-07-17,1048.6672,1034.0006,1048.6671,1129.3338,3633.6675,5584.3349,6317.6683,6193.0018,4664.0011,4139.6676,3996.6676,3718.0011,3963.6678,3949.0008,4268.0011,5404.6684,5331.3347,6376.3346,6134.3348,5595.3349,4220.334,3380.6673,3061.6674,1980.0004,96173.0248
198,2018-07-18,1107.3338,1107.3335,1103.6671,1111.0005,3787.6673,5749.3349,6416.6685,4862.0014,4620.0008,4158.001,3809.6678,3872.0011,3747.3346,3934.3346,4473.3343,5525.6681,5984.0016,5731.0013,6097.6682,5342.3346,4154.3346,3619.0008,2995.6673,2174.3338,95483.6915
199,2018-07-19,1125.6671,1063.3338,1081.667,1114.6668,3875.6673,5844.6679,6724.6684,5859.3346,4935.3343,3982.0011,3835.334,3993.001,3875.6676,3820.6678,4238.6679,5419.3346,5745.668,6171.0013,6028.0016,5364.3348,4077.3343,3358.6673,3197.3342,2068.0006,96800.0233
200,2018-07-20,1030.3338,1129.3335,1206.3338,1129.3338,1870.0003,2992.0009,2889.3341,2731.6671,2867.3338,2992.0008,3105.6676,3329.3341,3201.0008,3296.3344,3256.0009,3351.3341,3494.3344,3384.3341,3615.3344,3523.6679,3182.6674,3182.6676,2438.3339,1188.0003,64386.6838
201,2018-07-21,1067.0003,1034.0005,1015.667,1114.6671,3190.0008,4521.0014,5030.6679,4964.6679,4128.6676,4293.6676,3927.0008,4070.0011,4436.6676,4506.3346,4642.0011,4587.0011,4869.3344,4814.3347,4737.3346,4323.0011,3864.6676,3417.3344,3083.6672,2108.3338,87747.0222
202,2018-07-22,1085.3335,1004.667,1063.3338,1026.667,2207.3338,3476.0007,3890.3343,3908.6676,3978.3343,3930.6674,4062.6675,4231.3343,4341.3343,4396.3343,4279.0011,4675.001,4671.3343,4693.3344,4847.3346,4942.6681,4308.3341,3905.0008,2955.3343,1118.3335,82998.686
203,2018-07-23,1246.6673,1184.3335,1085.3335,1180.6671,3784.0009,5947.3347,6669.6683,6028.0013,4865.6678,4312.0008,3952.6676,3875.6675,3982.0011,3773.0011,4304.6676,5654.001,5991.3346,6218.6682,6523.0016,6083.0016,4583.3343,3879.3343,3347.6676,2262.3342,100734.3575
204,2018-07-24,1089.0006,1048.6671,1045.0004,1250.3335,3534.6676,5624.6679,6831.0015,6251.6683,5034.3344,4238.6676,3883.0009,3831.6676,3872.001,3989.3341,4132.3344,5492.6681,6035.3349,6702.6683,6570.6682,5888.6683,4594.3341,3802.3342,3377.0007,2247.6671,100367.6908
205,2018-07-25,1023.0003,1056.0004,1063.3335,1378.6671,3846.3344,5819.0013,6589.0016,5844.6681,5034.3343,4330.3343,3850.0011,3901.334,3963.6676,3846.3343,4139.6676,5280.0011,5052.668,6761.3351,6156.3351,5679.6678,4543.0014,3835.3343,3391.6676,2288.0006,98673.6909
206,2018-07-26,1195.3336,1144.0005,1151.3338,1294.3338,3828.0009,5874.0015,6948.3354,6435.0013,4906.0013,4312.001,3905.0011,4000.3344,4106.6679,4011.3343,4282.6676,5522.0014,6325.0011,6369.0016,6233.3348,5877.6684,4323.0011,3619.0012,3252.3341,1994.6671,100910.3592
207,2018-07-27,1085.3338,1147.6671,1221.0003,1287.0003,3677.6675,5793.3348,6636.6682,6328.6684,4917.0013,4440.3346,3828.0011,3993.0009,3853.6679,4004.0011,4466.0009,5566.0013,6424.0014,6545.0019,6376.3352,6046.3348,4645.6679,3795.001,3135.0009,2236.6673,101449.3599
208,2018-07-28,997.334,1081.6672,1037.6672,1323.6672,3347.668,4884.0012,5393.668,5404.668,4572.3352,4227.668,4264.3352,4469.668,4898.668,5137.0012,5199.334,5005.0012,5170.0012,5012.3352,4763.0012,4422.0012,3996.668,3806.0012,3465.0012,2225.6672,94105.028
209,2018-07-29,91.6668,0.0,0.0,0.0,0.0,0.0,0.0,0.0,0.0,0.0,0.0,0.0,0.0,0.0,0.0,0.0,21.9999,25.6667,29.3332,25.6667,29.3332,25.6667,29.3332,25.6667,304.3331
210,2018-07-30,14.6666,3.6668,601.3336,1125.667,3802.3344,5936.3346,6193.0017,6424.0019,5067.3346,4583.3344,3927.0009,3974.6676,3930.6678,3608.0009,4139.6678,5441.3349,6200.3347,6174.6684,6611.0013,5562.3346,4642.0011,3817.0011,3318.3342,2101.0006,97199.6915
211,2018-07-31,297.0001,3.6668,645.3336,1224.667,3765.6674,5877.6681,6658.6683,6061.0013,5269.0011,4246.001,3670.3341,3831.6676,3842.6676,3740.001,4136.0008,5375.3346,6028.0016,6523.0016,6735.6686,5998.6683,4829.0011,3905.0008,3252.3341,2200.0005,98116.357
212,2018-08-01,1026.6673,931.3335,1026.667,1070.6671,3758.3343,5881.3346,6823.6683,6028.0013,4854.6679,4121.3345,3919.6676,3828.0011,4018.6674,3824.3343,4374.3341,5661.3346,6255.3346,6757.6684,6647.6683,5635.6681,4422.0008,3659.3341,3366.0006,2167.0003,100059.6901
213,2018-08-02,1056.0003,1056.0005,1059.6671,1213.6673,3780.3343,6075.6684,6710.0016,6160.0016,5074.6678,4370.6676,3897.6678,3982.001,3916.0008,4044.3344,4337.6676,5720.0014,6365.3345,6398.3351,6482.6683,5984.0011,4931.6681,3736.3346,3410.0006,2236.6674,101999.3592
214,2018-08-03,1015.667,1023.0,1067.0,1202.667,3685.0009,5643.0014,6281.0016,5782.3346,5074.6678,4403.6673,3974.6676,3978.3343,4022.3343,3952.6676,4319.3346,5767.6681,6145.3346,6486.3351,6702.6681,5617.3349,4843.6678,3773.0012,3292.6674,2966.3339,101020.3571
215,2018-08-04,2537.3339,1074.3338,1015.6668,1111.0006,3160.6673,4741.0008,5474.3344,5177.3346,4777.6681,4341.3343,4062.6679,4627.3346,5049.0013,5492.6678,5434.0011,5276.3345,5214.0011,5313.0011,4931.668,4458.6678,4249.6678,3850.0013,3564.0009,3025.0008,97958.6906
216,2018-08-05,2475.0006,1015.667,957.0004,960.6668,1697.6672,2805.0006,2948.0007,2728.0006,2955.3339,3032.3338,3406.3342,3531.0009,3428.3341,3516.3342,3677.6676,3578.6676,3630.0008,3956.3343,4000.3342,4088.3343,3747.3341,3597.0008,3083.6674,1243.0003,70059.0164
217,2018-08-06,1114.6671,1129.3336,1089.0006,1107.3338,3527.334,5896.0011,6526.6683,6152.6681,4880.3343,4268.0011,4029.6676,4051.6675,4037.0008,4194.6675,4440.3342,5536.6682,6354.335,6446.0018,5969.3349,6006.0016,4601.6678,3754.6677,3245.0011,2291.6671,100650.0248
218,2018-08-07,1107.3339,1103.6671,1092.667,1037.6673,1789.3338,2911.3341,3054.3343,2845.3341,3069.0005,3270.6676,3600.6676,3765.6678,3560.3344,3586.0008,3703.3343,3747.3343,3901.3344,3798.6678,3839.0011,3985.6675,3663.0008,3377.0011,2717.0006,1147.6671,69674.0193
219,2018-08-08,1063.3336,1092.6672,1129.3336,1246.6672,3714.3346,6020.6684,6468.0015,6185.6681,5155.3344,4381.6674,4183.6678,4154.3344,4095.6678,4165.3346,4583.3343,5764.0011,6196.6681,6288.3349,6585.3351,6160.0016,5005.0011,3784.0011,3384.3343,2229.3338,103037.026
220,2018-08-09,1188.0003,1162.3338,1100.0003,1393.3335,3732.6676,5811.6682,6603.6684,6123.3349,5342.3347,4165.3341,4004.0011,4114.0006,4114.0008,4037.0009,4293.6676,5540.3349,6222.3349,6556.0013,6864.0019,5947.3343,4752.001,3644.6678,3560.3344,2178.0006,102450.3579
221,2018-08-10,1166.0006,1213.6671,1272.3336,1455.6668,3824.3338,5852.0017,6427.6683,6240.6681,5137.0011,4400.0009,4048.0008,4062.6676,3989.3344,4000.334,4312.001,5712.6684,6387.3349,6281.0016,6834.6683,5951.0014,4675.001,3901.3344,3494.3344,3296.3341,103935.3583
222,2018-08-11,2526.3339,1177.0003,1059.6671,1184.3335,3307.3343,4708.0009,5269.0014,5591.6679,4928.0011,4231.3341,4249.6679,4700.6681,5272.6679,5815.3346,6105.0016,5749.3349,5709.0014,5441.3346,5298.3346,4873.0013,4048.0009,3886.6676,3681.3343,3226.6676,102039.6918
223,2018-08-12,2522.6671,1217.3339,1122.0005,982.6671,1796.6668,3025.0012,3124.0006,2988.3341,3050.6676,3362.3339,3608.0011,3996.6678,3707.0011,3839.0011,3776.6678,3703.3346,4007.6679,3923.3339,4301.0011,4268.0006,3637.3346,3421.0008,2783.0009,1096.3339,73260.02
224,2018-08-13,1037.6673,1037.667,979.0004,1316.3339,3586.0008,5914.3346,6710.0014,5888.6679,5162.6681,4290.0011,4040.6679,4088.334,4341.3343,4121.3343,4293.6676,5723.6682,6222.3349,6251.668,6457.0019,5870.3347,4535.6679,3956.3346,3153.3342,2185.3339,101163.3589
225,2018-08-14,1037.667,1078.0003,1081.6673,1393.3336,3729.0008,5995.0013,6717.3351,6339.6684,5085.6678,4392.6673,4348.6678,4213.001,4238.6679,4143.3343,4561.3348,5958.3348,6229.6684,6493.6682,6680.6682,5962.0014,4777.6678,3725.3346,3322.0011,2262.3339,103766.6931
226,2018-08-15,1103.667,1067.0,1096.3338,1162.3339,3615.3341,6116.0013,6688.0016,6178.3348,4961.0013,4348.6678,4095.6673,4458.6675,4209.3346,4161.6678,4473.3345,5628.3346,6372.6682,6435.0015,6611.0016,5892.3346,4792.3344,3648.3341,3377.0006,2119.3336,102611.6905
227,2018-08-16,1026.667,1026.6668,1140.3339,1125.6671,3784.0009,5826.3348,6658.6684,5940.0017,4873.0014,4301.0011,4037.0012,3912.334,4095.6676,4022.3343,4209.334,5826.3347,6244.3351,6398.3348,6611.0013,6471.6684,4884.0011,3971.0011,3542.0009,2357.6671,102285.3587
228,2018-08-17,1074.3338,1026.6673,1037.6668,1162.3336,3864.6676,5830.0014,6273.6679,6193.0016,5093.0014,4557.6676,4209.3343,4165.3343,4315.6674,4165.3341,4506.3343,5951.0016,6035.3348,6354.3349,6017.0017,5881.3349,4803.3344,3916.0011,3461.3341,2266.0004,102160.6913
229,2018-08-18,1070.667,1122.0003,1107.334,1228.3339,3311.0008,4653.0011,5357.0014,5401.0011,4550.3343,4374.3344,4066.3344,4510.0011,5162.6679,5063.6681,5331.3346,5371.6684,4964.6678,5302.0011,4964.6678,4521.0008,3912.3343,3637.3346,3571.3341,2313.6673,94867.6906
230,2018-08-19,1041.3338,942.3338,960.6673,957.0,1730.667,2768.3338,3025.0006,2999.3341,3094.6673,3329.3339,3582.3341,3424.6674,3718.0009,3571.3343,3564.001,3553.0008,3637.3343,3666.6678,3831.6676,3655.6676,3490.6674,3325.6674,2790.3341,1177.0006,67837.0169
231,2018-08-20,1059.667,1048.6671,1052.3339,1001.0005,1734.3335,2816.0006,2808.6673,2885.6671,2929.6674,3413.6673,3432.0008,3527.3343,3615.3346,3663.0008,3454.0012,3824.3343,3729.0009,3685.0009,4044.3343,4070.0013,3681.3343,3377.0006,2607.0007,1158.6671,68618.0178
232,2018-08-21,1166.0006,1052.3335,1034.0003,1371.3338,3754.6677,5954.6681,6963.0019,6086.6684,5085.6679,4506.3343,4154.3341,4268.001,4055.3341,4154.3343,4216.6676,5595.3348,6240.6681,6512.0016,6856.6686,5987.6681,4880.3346,3857.3343,3509.0006,2200.0006,103462.3589
233,2018-08-22,1041.3338,997.3338,1140.3338,1210.0003,3457.6677,5899.6681,6515.6684,6372.6681,5089.3347,4506.3343,4411.0011,4455.0011,4462.3343,4073.6674,4550.3345,5694.3346,6141.6684,6424.0014,6658.6684,5437.6676,5001.3344,3941.6675,3270.6676,2346.6674,103099.3587
234,2018-08-23,1037.6671,1015.6671,1177.0005,1243.0004,3875.6676,6116.0014,6204.0016,6149.0015,5034.3343,4345.0011,4286.3343,3996.6676,4062.6675,4066.3345,4444.0011,5562.3348,6497.335,6376.3348,6526.6684,6075.6683,4814.3346,3846.3344,3424.6676,2405.3341,102582.3596
235,2018-08-24,1078.0006,1012.0003,968.0003,1125.6668,3578.6673,5646.668,6053.6678,5958.3349,5122.3343,4301.0008,4319.3343,3982.0011,4150.6675,3978.3344,4319.3343,5639.3346,6222.3348,6372.6684,6457.0017,6028.0016,4502.6676,3927.0011,3534.6674,2200.0005,100477.6904
236,2018-08-25,1026.667,982.667,1070.6672,1191.6671,3362.3341,4796.0011,5441.3346,5544.0017,4759.3345,4260.6678,4070.0013,4506.3344,5023.3346,5115.0013,5276.3346,5302.001,5027.0011,5038.0013,4862.0011,4458.6678,3978.3344,3652.0009,3421.0009,2361.3341,94526.6909
237,2018-08-26,979.0006,938.6671,960.6673,883.6668,1763.6671,2772.0006,2970.0006,2882.0009,3003.0006,3399.0009,3769.3341,3677.6679,3758.3342,3769.3344,3740.0009,3773.0009,3600.6674,3879.3346,4051.6674,4029.6676,3553.0011,3428.3342,2654.6673,1034.0006,69270.6851
238,2018-08-27,953.3339,942.3335,1158.667,1092.6673,3710.6676,5573.3349,6724.6683,6002.3348,5089.3347,3901.3341,3663.0008,3820.6676,3666.6673,3710.6676,4205.6678,5159.001,4862.0011,6427.6683,6449.6681,5819.001,4517.3346,3567.6675,3186.3342,2291.6673,96495.6903
239,2018-08-28,1059.6673,1001.0003,946.0006,1078.0003,3582.3341,5815.3348,6644.0015,6130.6682,4942.6677,4348.6677,4066.3344,4154.3344,4099.3341,4348.6676,4565.0011,5745.6681,6457.0013,6570.6681,6713.6683,6196.6683,4891.3346,3663.0011,3325.6674,2324.6673,102670.3586
240,2018-08-29,1045.0005,931.3338,993.6671,1144.0004,3879.3344,6028.0013,6783.335,6174.6681,5148.0013,4400.0011,4161.668,4007.6678,4136.0006,4121.3343,4341.3341,5668.6678,6504.668,6567.0016,6768.6681,5929.0016,4979.3346,3952.6675,3534.6676,2339.3338,103539.3584
241,2018-08-30,1045.0005,1074.3336,1037.6671,1155.0005,3813.3341,6075.668,6776.0016,6251.6683,5067.3349,4385.3344,4051.6676,4037.0008,4000.3343,3982.0011,4242.3346,5514.6679,6548.6684,6724.6686,6581.6682,6050.0016,4678.6678,3982.0009,3362.3344,2343.0006,102780.3598
242,2018-08-31,1089.0004,986.334,1004.6673,1217.3338,3791.3341,5932.668,6607.3348,6248.0014,5243.3349,4418.3341,4114.0011,3934.3343,3974.6676,4227.6675,4396.3343,5947.3349,6592.6683,6299.3351,6556.0016,6229.6681,4715.3343,3839.0011,3388.0011,2299.0006,103051.6927
243,2018-09-01,1063.3338,1045.0003,1012.0005,1125.6673,3274.3341,4836.3346,5397.3343,5525.6681,4719.0013,4279.0011,4297.3344,4704.3343,5045.3346,5280.0016,5041.6681,5118.6679,5067.3346,5522.0014,5027.0011,4847.3346,4422.0009,3993.001,3600.6673,2537.3335,96781.6907
244,2018-09-02,1712.3336,997.3336,986.3338,953.3336,1789.3338,2977.3341,3061.6677,3061.6674,3179.0009,3179.0006,3483.3341,3652.001,3553.0006,3564.0009,3670.3343,3769.3344,3967.3346,3890.3346,3996.6676,3952.6676,3604.3344,3450.3341,2717.0006,1169.667,70337.6849
245,2018-09-03,1067.0,1063.3338,1026.6668,1188.0003,3622.6675,6061.0014,6614.6681,6358.0014,5305.6676,4238.6676,4033.3343,4103.0011,4059.0013,4007.6676,4319.3344,5874.0014,6303.0016,6482.6679,6567.0016,6149.0017,4667.6676,3732.6679,3406.3343,2236.6674,102487.0246
246,2018-09-04,1100.0003,1089.0005,1059.6671,1294.3336,3666.6676,5562.3347,6460.6681,6251.6681,5144.3347,4209.3343,3905.001,4110.3346,4077.3346,4051.6679,4308.3343,5621.0012,6468.0014,6171.0014,6486.3349,5885.0016,4495.3346,3828.0011,3358.6674,2288.0007,100892.0257
247,2018-09-05,1158.6671,1191.6671,1180.6671,1389.6671,3747.3342,6112.3346,6416.6681,6537.6686,5144.3345,4554.0009,4271.6676,4110.3343,4000.3344,4143.3341,4381.6679,5569.6678,6585.3351,6545.0016,6735.6684,5577.0013,4737.3344,3718.0009,3241.3342,2247.667,103297.3583
248,2018-09-06,1173.3335,1272.3338,1257.6671,1265.0003,3714.334,5976.668,6592.6683,6009.6681,4975.6676,4319.3343,4055.3341,4037.0011,4044.3344,4066.3346,4411.0009,5716.3343,6218.6681,6706.3351,6842.0016,5921.6679,4653.0012,3582.3341,3164.3343,2266.0003,102241.357
249,2018-09-07,1140.3338,1272.3338,1257.6673,1195.3336,3439.3344,5544.0013,6592.6681,5973.0014,5041.6681,4348.6677,3450.3343,3740.0009,4066.3343,3945.3343,4330.3346,5742.0014,6442.3348,6365.3346,6757.6683,5606.3349,4411.0008,3758.3343,3432.0009,2130.3341,99982.692
250,2018-09-08,615.9999,608.6667,641.6669,1261.3338,3160.6674,4645.6675,5071.0013,5485.3348,4946.3344,4136.0008,4048.0011,4517.3346,5023.3344,5335.0011,5364.3346,5239.6679,5276.3348,5188.3345,4931.6676,4466.0014,3941.6679,3644.6679,3714.3341,2332.0006,93595.356
251,2018-09-09,1012.0005,913.0003,883.6668,946.0003,1763.6671,2772.0009,2951.6674,2867.3344,2951.6671,3281.6677,3391.6676,3410.0006,3710.6676,3736.3346,3622.6678,3630.0009,3714.3344,3857.3344,4084.6678,3982.0008,3476.0006,3142.3341,2530.0006,1085.3336,67716.0179
252,2018-09-10,982.6671,1023.0006,1089.0003,1184.3338,3534.6675,5951.0013,6442.3349,6658.6681,4990.3347,4154.3343,4110.3344,4029.6676,3831.6678,3938.0009,4356.001,5126.0014,6292.0017,6240.6684,6009.6679,6248.0016,4873.0011,3978.3341,3479.6677,2350.3341,100873.6923
253,2018-09-11,293.3334,25.6667,458.3336,1089.0006,3780.3343,6017.0016,6900.6686,6218.6681,5280.0011,4286.3344,4022.3339,4235.0011,4136.0008,4187.3344,4447.6676,5910.6684,6387.3345,6706.3348,7135.3348,6160.0016,5115.0011,4062.6673,3553.0006,2497.0006,102905.0239
254,2018-09-12,1107.3338,1063.3336,1056.0003,1279.6671,3956.3343,5907.0014,6229.6683,6149.0013,5511.0011,4139.6675,3916.0008,4015.0013,4062.6676,4117.6678,4425.6678,5855.6681,6361.6685,6567.0016,6937.3349,6105.0019,4953.6679,3831.6676,3336.6674,2233.0006,103117.6925
255,2018-09-13,1158.6673,997.3338,1004.6673,1235.6673,3710.6676,5925.3349,6988.6684,6295.6686,5148.0011,4488.0011,4143.3343,3956.3342,3919.6676,3802.3345,4502.6678,5584.3346,6380.0014,6787.0016,6314.0014,5940.0016,4847.3346,3784.0011,3366.0008,2101.0004,102380.6933
256,2018-09-14,891.0004,495.0002,531.6669,605.0003,3219.3342,5309.3345,6424.0016,5892.3349,4979.3343,3776.6676,3549.3344,3652.0011,3542.0011,3787.6678,4095.6673,5430.3347,6061.0015,6163.6684,5892.3348,5371.6679,4095.6677,3281.6676,2981.0006,1734.3338,91762.0236
257,2018-09-15,572.0002,502.3333,487.6668,645.3336,2779.3341,4429.3344,5115.0013,5214.0011,4370.6675,4022.3344,3908.6673,4352.3343,4770.3346,4917.0013,4744.6679,5214.0013,4854.6678,4858.3343,4491.6675,4143.3341,3476.0011,3366.0009,2981.0006,1701.3338,85917.3535
258,2018-09-16,572.0001,531.6668,528.0001,575.6669,1320.0003,2401.6671,2772.0009,2651.0008,2889.3341,3098.3341,3300.0009,3267.0009,3395.3344,3318.3344,3487.0008,3523.6678,3487.0006,3465.0006,3531.0008,3615.3341,3142.3341,2959.0007,2401.6673,806.6668,61039.0154
259,2018-09-17,583.0002,656.3336,656.3337,726.0002,3120.3341,5775.0014,6042.6681,5995.0015,4920.6681,3930.6678,3791.3341,3736.3341,3875.6679,3556.6676,3930.6675,5265.3346,5885.0016,6380.0016,5932.6684,5397.3346,3934.3343,3076.3341,2900.3341,1617.0003,91685.0235
260,2018-09-18,616.0001,553.6666,619.6671,817.6671,3182.6676,5379.0013,6739.3351,5621.0013,5107.6676,4128.6674,3751.0009,3795.0008,3688.6679,4073.6676,4330.3343,5316.6679,6402.0017,5888.6684,5397.3345,4330.3344,4400.0011,3479.6679,2808.6674,1697.6671,92125.0231
261,2018-09-19,696.667,803.0006,839.6671,1059.6668,3432.0008,5782.3346,6933.6687,5896.0013,5060.0011,4235.0009,4055.3344,4029.6676,3938.0008,4022.3343,4477.0013,5577.0014,6006.0016,6314.0017,4891.3346,5646.6679,4367.0011,3523.6676,2918.6674,2108.3338,96613.0244
262,2018-09-20,832.3338,850.6671,839.6672,1074.3336,3454.0009,5456.0014,6691.6681,5866.6682,5008.6675,4220.3345,3912.3343,4121.334,3780.3341,3905.0011,4396.3344,5555.0013,6200.3348,6222.3348,6306.6685,5474.3347,4209.3343,3663.0009,3362.3341,1826.0006,97229.0242
263,2018-09-21,905.6673,1041.3338,964.3339,1224.667,3813.3343,5613.6684,6530.3351,6185.6686,5063.6679,4293.6676,3923.3341,3923.3341,3872.0008,4161.6678,4367.001,5668.6681,6387.3346,6101.3348,6369.0018,5654.0013,4345.0011,3850.0009,3157.0007,2086.3341,99502.3591
264,2018-09-22,957.0005,953.3338,979.0006,1162.3338,3333.0008,4653.0008,5104.0014,5093.0011,4755.6675,4238.6676,4055.3344,4656.6679,5027.0011,5261.6681,5360.6682,5478.0011,5239.6678,5243.3346,4829.001,4543.0011,4180.0013,3762.001,3421.0009,2262.3341,94548.6905
265,2018-09-23,1048.6668,1045.0006,1008.3336,979.0003,1928.6671,2827.0009,2929.6676,2948.0007,2962.6674,3461.3341,3549.3343,3461.3343,4051.6679,3626.3343,3725.3345,3806.0011,3758.3344,3798.6679,3831.6675,3890.3341,3487.0009,3292.6676,2563.0009,1184.3339,69164.3527
266,2018-09-24,1092.667,1059.667,1089.0006,1499.6671,3729.0009,5786.0013,7047.3351,5995.0014,5085.6676,4191.0013,4132.3344,4084.6676,4216.6678,4136.0008,4499.0014,5771.3346,6237.0015,6361.6681,6332.3346,5815.3349,4158.0008,3615.3346,3347.6674,2126.6673,101409.0251
267,2018-09-25,968.0003,957.0005,986.3336,1180.6673,3776.6676,5819.0016,6420.3349,6152.6681,5082.0011,4282.6679,3927.0008,3974.6678,3817.0011,3872.001,4513.6677,5811.6681,5984.0013,6526.6683,6119.6679,5624.6681,4348.6677,3505.3343,3219.3339,1991.0006,98860.6915
268,2018-09-26,1100.0006,1125.667,1180.667,1301.6673,3707.0009,5782.3348,6867.6684,6009.6681,5199.3349,4330.3346,3839.0011,3820.6676,3828.0011,3806.0011,4363.3344,5503.6678,6354.3349,6006.0014,6765.0016,6145.3351,4268.0011,3743.6676,2955.334,2192.6671,100195.3595
269,2018-09-27,1158.667,1089.0003,1118.3336,1239.3335,3516.3342,6061.0016,6578.0018,6303.0013,5159.0013,3974.6679,3930.6678,4330.3346,3971.0009,3901.3346,4257.0009,5760.3349,6229.6682,5808.0013,6343.3349,5727.3348,4631.0011,3762.0013,3245.0011,2350.3338,100444.6927
270,2018-09-28,1184.3335,1100.0003,1089.0005,1188.0006,3908.6673,5650.3348,6981.3353,6009.6681,5181.0011,4337.6676,3971.0008,4092.0011,4121.3344,3967.3344,4341.3346,5602.6681,6435.0014,6310.3348,6475.3349,5533.0012,4238.6676,3597.0011,3344.0009,1932.3341,100591.3585
271,2018-09-29,1008.3339,1037.667,1085.3336,1265.0004,3325.6673,4711.6675,5232.3348,5401.0008,4913.3344,3952.6677,4231.3346,4788.6679,5071.0011,5148.0013,5540.3347,5514.6681,5210.3346,5415.6681,5126.0011,4601.6678,4099.3343,3758.3343,3604.3341,2152.3341,96195.0235
272,2018-09-30,1034.0004,964.3338,942.3339,968.0004,1921.3341,2871.0009,3087.3342,2977.3341,3186.3343,3351.3344,3417.3343,3578.6673,3714.3343,3633.6676,3692.3344,3622.6675,3677.6676,3773.0011,3850.0009,3798.6678,3659.3344,3498.0009,2548.3339,1213.667,68981.0195
273,2018-10-01,1026.667,979.0003,997.3335,1276.0005,3567.6677,5804.3348,6633.0016,6416.6685,5144.3343,4513.6679,4169.0011,4161.6676,4018.6678,4070.0011,4444.0013,5727.3349,6134.3349,6552.3349,6196.6681,6050.0016,4216.6679,3699.6676,3168.0009,2207.3338,101174.3596
274,2018-10-02,1100.0006,1092.6671,1089.0003,1334.6673,3835.3343,5800.6681,6889.6686,6046.3349,5445.0016,4429.3346,4172.6678,4235.0008,4469.6679,4172.6676,4708.0014,5804.3346,6284.6681,6409.335,6596.3347,5789.6679,4620.0011,3666.6673,3285.3342,2053.3341,103330.3599
275,2018-10-03,1074.3339,1096.3338,1070.667,1195.3336,3707.0011,5866.6681,6691.6681,5852.0016,5082.0008,4436.6676,4136.0009,4088.3343,3967.3345,4106.6673,4161.6676,5357.0014,6193.0016,6457.0016,6526.6681,6031.6682,4312.0011,3652.0009,3223.0006,2295.3342,100580.3579
276,2018-10-04,1085.3338,1004.6671,1019.3339,1177.0003,3787.6675,5885.0013,6831.0019,6105.0013,4946.3343,4051.6678,4081.0009,3857.3344,3923.3344,4044.3343,4389.0011,5679.6684,6834.6681,6354.3351,6453.3349,5705.3348,3974.6676,3699.6679,3098.3342,2170.6671,100158.6924
277,2018-10-05,1177.0006,1023.0003,1012.0003,1243.0006,3567.6676,5654.0013,6391.0014,6134.3349,5184.6679,4326.6678,4114.0008,4026.0008,3996.6678,4092.0008,4418.3344,5595.3346,6068.3352,6251.6682,6431.3351,5899.6681,4594.3343,3707.0011,3292.6673,1976.3339,100177.0251
278,2018-10-06,1147.667,1048.6671,1063.3335,1232.0005,3362.3344,4583.3346,5261.6679,5177.3346,4499.001,4136.0011,4073.6676,4510.0011,5071.0011,5199.3343,5239.6678,5294.6681,5210.3344,5353.3346,5001.3343,4579.6676,4139.6678,3831.6676,3391.6677,2240.3339,94647.6896
279,2018-10-07,1041.3335,1056.0006,982.6668,1001.0005,1804.0003,2753.6673,2775.6676,2779.3338,3017.6673,3388.0009,3384.3342,3461.3342,3666.6676,3505.3344,3600.6676,3762.0011,3685.0011,2984.6676,1991.0003,3824.3341,3655.6676,3410.0009,2625.3338,1224.6671,65380.3502
280,2018-10-08,1089.0003,1056.0006,1037.6673,1213.6668,3908.6679,5855.6684,6211.3349,6002.3349,5085.6679,4330.3346,4081.0013,4139.6677,3978.3341,4139.6676,4605.3343,5621.0011,6292.0014,6468.0016,6127.0013,5584.3345,4301.0011,3553.0011,3245.0009,2258.6671,100184.3587
281,2018-10-09,942.3336,946.0003,898.3335,1133.0003,3692.3343,5888.6681,6812.6683,5969.3349,5151.6676,4253.334,4304.6676,4213.0012,4224.001,4297.3343,4550.3343,5635.6678,5954.668,5745.6679,6211.3349,5782.3346,4623.6676,3806.0011,3281.6675,2240.3339,100558.3566
282,2018-10-10,1004.6671,1133.0005,1045.0003,1298.0006,3883.0008,6050.0014,6955.6686,6160.0014,4748.3346,4477.0009,4136.0011,4231.334,4293.6679,4161.6673,4392.6676,5888.6681,6442.3351,6149.0014,6798.0018,6200.3349,4733.6678,3747.3344,3058.0008,2207.3339,103194.6923
283,2018-10-11,847.0005,1052.3335,1012.0004,1158.6671,3809.6676,5661.3346,6801.6683,5910.6681,5291.0011,4319.3343,3934.3341,4110.3343,4081.0011,4176.3343,4381.6676,5727.3346,6479.0016,6295.6681,6479.0016,5965.6683,4671.3343,3769.3341,3285.3344,2027.6671,101247.691
284,2018-10-12,1122.0003,1019.3336,960.667,1257.6673,3751.0008,5855.6684,6915.335,5973.0011,4884.0011,4253.3346,4000.3345,4187.3342,4191.0011,4117.6676,4649.3346,5632.0011,6079.3349,6526.6681,6317.668,5272.6679,4502.6679,3685.0008,3556.6676,2090.0003,100800.3578
285,2018-10-13,946.0006,953.3335,942.3336,1122.0003,3388.0009,4667.6678,5162.6679,5313.0008,4495.3343,4356.0012,4260.6676,4422.0011,5008.6676,5071.0014,5144.3346,5283.6678,5078.3346,5393.6681,5104.0013,4594.3343,4202.0009,3861.0009,3531.0009,2002.0008,94303.0228
286,2018-10-14,964.3338,942.3335,935.0003,894.6668,1701.3336,2827.0009,2878.3344,2739.0006,3050.6674,3314.6679,3380.6674,3622.6679,3751.0008,3721.6675,3780.3343,3897.6678,3743.6676,3707.0011,3883.0011,3857.3344,3406.3341,3300.0009,2475.0006,1041.3336,67815.0183
287,2018-10-15,1019.3335,1019.334,982.6673,997.3338,1811.3335,2845.3341,2904.0009,3065.3341,3135.0006,3098.3342,3483.3344,3762.0009,3754.6679,3652.0011,3692.3343,3813.3343,3655.6678,3967.3343,4055.3344,4132.3345,3648.3344,3388.0009,2651.0009,1254.0006,69787.6867
288,2018-10-16,1100.0006,986.3336,1045.0005,1382.3338,3630.0006,5980.3348,6633.0019,6156.3346,4939.0011,4187.3343,3795.0011,3864.6678,3703.3343,3692.3341,4191.0008,5481.6681,6288.3348,6955.6681,6163.668,5918.0016,4451.3344,3692.3343,3556.6677,2145.0006,99938.6915
289,2018-10-17,997.3336,1059.667,1081.667,1235.6671,3754.6679,5786.0014,6361.6684,6009.6684,4891.3344,4521.0011,4238.668,4165.3345,4191.0011,4106.6674,4334.0013,5632.0014,6358.0015,6369.0014,5954.6684,5599.0014,4403.6678,3743.6679,3208.3341,2240.3336,100243.0261
290,2018-10-18,982.667,949.667,1008.3338,1268.667,3666.6676,5841.0014,6618.3352,5716.3346,4726.3346,4282.6676,4099.3343,4018.6679,3971.0008,3894.0008,4257.0011,5701.6681,6372.6684,6402.0016,6644.0014,5749.3349,4521.0009,3688.6678,3527.3342,2082.6671,99990.0251
291,2018-10-19,1008.3338,1026.6671,990.0003,1180.6673,3989.3346,5844.6681,6255.3349,6050.0011,4928.0013,4550.3344,3978.3344,4040.6676,3839.0009,4103.0011,4381.6679,5760.3346,6486.3348,6321.3351,6548.668,5617.3345,4506.3344,3648.3343,3267.0006,1994.667,100316.3581
292,2018-10-20,1008.3336,1052.334,1012.0003,1239.3336,3336.6676,4814.3344,5250.6676,5393.6678,4499.0011,4315.6676,4073.6678,4462.3347,5038.0014,5232.3343,5206.6679,5360.6678,5371.6681,5085.6679,4697.0011,4224.0009,3831.6676,3692.3341,3311.0009,2196.3339,93705.356
293,2018-10-21,1173.3335,1155.0006,1056.0003,982.6672,1756.3338,2790.3339,2992.0009,3028.6676,3105.6674,3285.3341,3553.0009,3677.6676,3578.6678,3465.0011,3736.3343,3868.3344,3751.0012,4007.6679,3861.0011,3648.3343,3509.0008,3303.6672,2581.3339,1144.0003,69010.3521
294,2018-10-22,1037.667,1037.6671,1015.6668,1309.0005,4125.0011,5239.6679,5800.6679,5577.0014,4682.3343,4279.0011,4198.3345,4161.6676,4271.6679,4044.3346,4099.3345,4689.6677,5940.0013,6644.0019,6079.3349,5459.6681,4345.0011,3688.6676,3703.3341,2090.0006,97518.6915
295,2018-10-23,975.3339,1107.3338,1067.0003,1246.667,4209.3344,5859.3346,6068.3349,5742.0014,4378.0014,4345.0013,4367.0008,4286.3343,4356.001,4169.0008,4414.6678,4792.3344,6112.3352,6644.0014,6325.0013,5324.0013,3912.3344,3549.334,3472.3344,2123.0003,98846.0244
296,2018-10-24,1026.6673,1063.3338,1041.3338,1492.3338,4095.6676,5877.6684,6189.3351,5771.3349,4931.6681,4499.0009,4224.0011,4106.6676,4055.334,4139.6678,4249.6676,4561.3344,5936.3348,6706.3351,6259.0016,5254.3346,4103.0011,3637.3343,3377.001,2053.3339,98651.6926
297,2018-10-25,1206.3338,1052.3335,1166.0004,1375.0006,4011.3343,5918.0013,6075.6684,5496.3349,4656.6676,4352.3343,4018.6674,4026.0011,4095.6678,4092.0011,4121.3343,4689.6678,5819.0014,7062.0018,6449.6684,5206.6679,4220.3343,3718.0011,3516.3343,2097.334,98442.6918
298,2018-10-26,1122.0006,1070.667,1092.6671,1367.6671,3982.0011,5646.6681,6288.3348,5577.0011,4363.3341,4106.6678,3934.3341,3963.6677,4128.6677,4106.6675,4110.3343,4708.0013,6222.3349,6688.0017,6226.0016,5199.3348,4176.3341,3696.0009,3395.3343,2189.0006,97361.0243
299,2018-10-27,1063.3338,1004.6673,1030.3338,1213.6673,3362.3341,4748.3341,4568.6677,3611.6676,3597.0011,4205.6675,4172.6676,4407.3343,4983.0011,5096.6679,5316.6681,5489.0013,5217.6681,5313.0014,5074.6679,4532.0011,4143.3344,3956.3345,3490.6678,2218.3338,91817.0236
300,2018-10-28,1100.0004,1056.0003,1081.6673,1037.6671,1939.6671,2702.3338,2838.0008,2812.3341,2863.6673,3204.6674,3494.3341,3490.6676,3538.3343,3472.3346,3355.0009,3468.6676,3534.6677,3813.3343,3846.3341,3784.0008,3344.0009,3153.3339,2588.6671,1162.3336,66682.0171
301,2018-10-29,1056.0006,942.3336,982.6671,1056.0005,3791.3341,5775.0013,6666.0019,6079.3343,4972.0013,4326.6679,3949.0012,3952.6678,3963.6679,4055.3344,4495.3344,5712.6681,6050.0017,6402.0017,6684.3348,6020.6683,4682.3349,3919.6676,3362.3341,2027.6671,100925.0266
302,2018-10-30,1111.0004,1129.3339,1107.3338,1243.0006,3993.0012,6006.0014,6163.6679,5852.0014,4902.3345,4444.0013,4099.3341,3890.3343,3868.3343,3886.6678,4451.3341,5489.0011,6365.335,6354.3349,6655.0014,5705.3346,4077.3341,3534.6676,3314.6676,2071.6671,99715.0244
303,2018-10-31,1096.3338,1023.0005,1037.6671,1298.0003,3839.0008,5874.0014,6677.0016,6031.668,4854.6678,4638.3346,4176.3346,4224.0013,3993.001,3930.6679,4392.6677,5914.3348,6427.6681,5815.3345,6259.0019,5683.3347,5184.6681,3960.0011,3362.3341,2420.0006,102113.0263
304,2018-11-01,1140.3336,997.3339,1026.6671,1199.0004,3864.6676,5782.3349,6589.0018,6314.0013,5071.001,4231.3343,4018.6678,4073.6673,4081.0011,4194.6676,4458.6678,5492.6679,6446.0016,6328.6685,6387.3351,5602.6683,3949.0009,3593.3344,3336.6679,2086.3339,100265.026
305,2018-11-02,1140.3336,1081.6673,1004.6668,1125.6671,3732.6678,5800.6681,6673.3351,5859.3346,5096.6681,4231.3341,3967.334,3879.3341,3967.3344,3919.6674,4374.3343,5540.3346,6134.3349,6365.3348,6156.3348,5665.001,4301.0014,3773.0008,3175.3339,2035.0006,99000.0236
306,2018-11-03,1085.3336,1063.3336,1092.6668,1265.0005,3366.0008,4876.6679,5382.6678,5107.668,4513.6679,3765.6676,3908.6675,4275.3343,4847.3346,5085.6678,5027.0012,4983.0011,4792.3345,5005.0013,4763.0009,4282.6678,3857.3343,3567.6676,3329.3343,2225.6673,91468.689
307,2018-11-04,1056.0005,1019.3339,1074.3338,1026.6673,1870.0003,2779.3344,2973.6673,2812.3341,3050.6674,3175.3339,3505.3344,3644.6677,3751.0011,3787.6676,3850.0011,3828.0011,3809.6676,3901.3346,3809.6675,3850.0008,3406.3341,3204.6674,2585.0007,1213.6668,68984.6854
308,2018-11-05,1078.0003,1070.6671,982.6671,960.667,1899.3336,2922.3341,2907.6674,2838.0006,3065.3341,3131.3341,3347.6675,3494.3341,3710.6678,3483.3341,3575.0007,3696.0009,3586.0009,3765.6676,3795.0009,3864.6676,3644.6676,3421.0011,2489.6674,1052.3335,67782.0171
309,2018-11-06,1067.0003,1045.0006,1078.0003,1246.6671,4088.3343,5775.0013,6383.6683,5844.6681,4836.3343,4480.6678,4070.0008,3989.3341,4051.6675,3952.6676,4275.3341,5639.3346,6266.3348,6468.0016,6757.6684,5954.6682,4517.3344,3754.6676,3329.3341,2053.3339,100925.0241
310,2018-11-07,957.0006,949.6671,1023.0005,1265.0003,3883.0008,5874.0016,6944.6686,5888.6683,4942.668,4319.3341,4158.0011,4040.668,4033.3341,4158.0008,4664.0011,5811.6678,6394.6683,6482.668,6383.6683,5804.3349,4572.3343,3619.0011,3234.0006,2119.3341,101522.6924
311,2018-11-08,990.0003,993.667,1030.3336,1180.667,3798.6676,5687.0016,6867.6684,5859.3345,4986.6678,4381.6678,4169.0011,3894.0008,3989.3346,4128.6676,4568.6679,5786.0011,6226.0014,6024.3349,6688.0013,6064.6684,4473.3344,3608.0009,3226.6673,2222.0006,100844.3579
312,2018-11-09,1059.667,1030.3336,1015.6672,1199.0005,3824.3343,5826.3349,6706.3349,5338.6678,3344.0012,4213.0011,4345.0008,4125.0008,3938.0011,3952.6678,4253.3346,5511.0013,6167.3349,6523.0015,6636.6683,5984.0016,4488.0011,3798.6679,3245.0009,2123.0006,98648.0257
313,2018-11-10,979.0004,1008.3339,979.0003,1144.0005,3325.6676,4814.3344,5346.001,5445.0011,4359.6673,4062.6676,3853.6676,4257.0008,4840.0012,5133.3346,5206.6678,5254.3349,5276.3343,5133.3346,5030.6679,4579.6679,3886.6673,3879.3344,3534.6679,2493.3336,93822.6889
314,2018-11-11,1122.0005,916.6671,909.3335,887.3335,1881.0003,2922.334,3076.3342,2797.6674,3025.0006,3259.6673,3421.0006,3560.3341,3659.3343,3509.0009,3542.0009,3663.001,3633.6676,3773.0008,3901.3343,3769.3343,3388.0006,3351.3341,2863.6674,1668.3338,68500.6831
315,2018-11-12,1048.6671,993.6671,971.6673,971.6673,1833.3338,2735.3341,2830.6673,2772.0006,2834.3341,3127.6676,3468.6679,3461.3339,3483.3339,3355.0007,3472.3341,3600.6676,3479.6674,3875.6676,3839.0009,3652.0011,3472.3344,3010.3341,2533.6676,1155.0003,65978.0178
316,2018-11-13,1001.0003,975.3336,1015.6671,1155.0006,3743.6676,5947.3346,6673.3351,6046.3349,5045.3343,4062.6676,3890.3344,3894.0008,4106.6676,3974.6676,4359.6676,5808.0014,6094.0016,6992.3351,7062.0013,6020.6678,4704.3346,3857.3341,3201.0006,2222.0004,101852.6906
317,2018-11-14,1059.667,1081.667,1100.0006,1177.0006,3699.6674,5800.6683,6728.3351,6064.6683,5236.0008,4304.6673,3960.0012,3868.3342,3978.3341,3982.0008,4378.0012,5452.3343,5980.335,6376.3346,7018.0018,5525.6681,4645.6679,3721.6674,3226.6674,2306.3341,100672.0245
318,2018-11-15,1089.0006,1096.3338,1144.0003,1254.0003,3839.0008,5892.3349,6688.0013,6024.3347,5089.3346,4381.6676,4176.3345,4044.3344,4132.3346,4110.3346,4638.3344,5665.0011,6464.3349,6361.6681,7029.0016,5929.0015,4587.001,3916.0012,3300.0009,2082.6671,102934.3588
319,2018-11-16,1041.3335,1074.3339,1199.0006,1224.6668,3795.0006,5804.3347,6864.0016,5932.6682,4939.0014,3949.0011,3908.6676,3868.3346,3971.0011,3842.6679,4260.6678,5573.3348,6442.3351,6691.6684,6427.6679,5859.3347,4612.6676,3894.001,3175.3338,2262.3339,100613.3586
320,2018-11-17,1125.6671,1169.667,1085.3338,1184.3335,3351.3344,4803.3343,5456.0013,5346.0014,4557.6675,4378.0008,4095.6679,4392.6676,4814.3345,4796.001,5536.6681,5137.0012,5093.001,5129.6679,4785.0011,4425.6678,3795.001,3765.6678,3523.6673,2291.6676,94039.0229
321,2018-11-18,1026.6673,997.3338,968.0003,938.6671,1774.6673,2896.6674,3028.6674,2874.6674,3113.0006,3358.6676,3366.0008,3582.3343,3626.3343,3740.0012,3597.0006,3718.0008,3864.6676,4062.6676,4092.001,4216.6678,3659.3341,3476.0009,2625.3339,1257.667,69861.0181
322,2018-11-19,1056.0004,993.6671,938.6672,1173.3338,3666.6674,5687.0011,6369.0016,6182.0013,5309.3346,4348.6676,3956.3343,4106.6678,3864.6679,3912.3343,4436.6675,5694.3349,6317.6684,6501.0016,6633.0014,5683.3349,4260.6676,3754.6673,3329.3342,2181.6671,100356.6913
323,2018-11-20,1037.6668,1026.6671,1041.3336,1206.3336,3762.0009,5723.6681,6636.6686,5797.0013,5173.6681,4297.3344,4106.6676,4077.3345,4132.3344,4110.3346,4513.6678,5855.6681,5481.6681,6031.6681,6420.3351,5921.6681,4440.3344,3736.3343,3395.3344,2075.3338,100001.0258
324,2018-11-21,1074.3335,1074.3338,1074.3335,1257.6672,3938.0008,5775.0018,6812.6683,6101.3348,5203.0013,4554.0008,4077.3343,4268.001,4176.3346,4114.0009,4502.6678,5716.3346,6409.3346,6317.6681,7311.3353,5962.0014,4924.3343,3619.0006,3201.0009,2240.3341,103704.3583
325,2018-11-22,1111.0006,1096.3338,1078.0004,1327.3339,3967.3346,5910.6681,7047.3348,6064.6679,5118.6681,4172.6676,3919.6676,4007.6678,3952.6676,4070.0011,4473.3344,5866.6682,6486.3346,5672.3346,6578.0016,5221.3347,4543.0013,3655.6679,3135.0009,2229.3339,100705.026
326,2018-11-23,1059.6668,1125.6672,1114.6673,1122.0006,3718.0009,5987.6681,6651.335,6259.0016,5236.0013,4341.3341,4205.6676,4224.0011,4191.0011,4319.3341,4462.3346,5951.0014,6460.6684,6479.0016,6380.0016,5786.0014,4616.3346,3718.0009,3351.3346,2108.3339,102868.3598
327,2018-11-24,1188.0004,1136.6671,1063.334,1140.334,3340.3338,4847.3343,5019.6678,5657.668,4348.6678,4462.3346,4268.0011,4576.0011,5173.6679,5085.6678,5353.3346,5430.3343,5294.6678,5313.0011,5247.0014,4216.6674,3890.3346,3674.001,3333.0009,2170.6674,95230.6902
328,2018-11-25,964.3339,880.0003,781.0006,869.0005,1661.0003,2504.3339,2658.334,2335.6671,2577.6671,3014.0006,3171.6677,3296.3341,3355.0011,3439.3339,3344.0006,3391.6673,3285.3342,3039.6676,3454.0009,3039.6677,3076.3341,2665.6677,2024.0006,891.0006,59719.0164
329,2018-11-26,902.0003,916.6671,975.3339,1294.3338,3736.3344,5837.3348,6944.6686,6152.668,5056.3346,4264.3346,4037.0011,3930.6676,4007.6678,3890.3341,4356.001,5503.6681,6497.3349,6636.6683,6006.0014,5778.6678,4374.3343,3578.6676,3340.3341,2148.6671,100166.0253
330,2018-11-27,1136.6673,1089.0005,1059.6671,1411.6671,3894.0012,5665.0016,6834.6684,5786.0013,4975.6679,4213.0011,4183.6673,3989.3343,3971.0011,4264.3346,4583.3343,5580.6678,6545.0016,6596.3349,6750.3348,5995.0016,4697.0011,3633.6677,3190.0006,2049.6674,102094.6926
331,2018-11-28,1045.0006,1008.3338,1063.3338,1199.0003,3842.6676,5885.0014,6644.0019,6189.3351,4759.3344,4040.6676,3901.3343,4062.6673,3806.0008,4033.3346,4579.6676,5610.0014,6266.3346,6035.3348,6486.3349,5877.6681,4517.3347,3589.6676,3168.0009,2200.0005,99810.3586
332,2018-11-29,1045.0003,1070.6671,1114.667,1276.0006,3754.6679,5874.0014,6251.6679,6002.3346,4854.6676,4282.6678,3941.6678,3967.3341,3802.3343,3938.0011,4334.001,5786.0014,6336.0019,6237.0019,6915.3351,5921.6684,4803.3344,3897.6676,3318.3343,2203.6673,100928.6928
333,2018-11-30,1118.3336,1103.6668,975.3336,1140.3338,3905.0011,5918.0013,6691.668,6141.6681,4997.668,4473.3341,4077.3343,4037.0011,4169.001,4198.3346,4444.0013,5881.3346,6493.6683,6849.3354,6244.3348,5525.6675,4499.0013,3692.3344,3347.6674,3164.3341,103088.3585
334,2018-12-01,2592.3341,1708.6671,1100.0003,1191.6671,3406.334,4741.0014,5250.6678,5280.0009,4620.0011,4172.6676,4015.0013,4543.0011,4796.0012,5074.6679,5199.3349,5107.6682,5346.0011,5536.6678,5228.6681,4660.3343,4275.3342,3868.3345,3472.3339,3149.6674,98336.3573
335,2018-12-02,1862.6673,971.6673,935.0004,949.6671,1785.6671,2753.6673,2823.3341,2735.334,2944.3341,3116.6677,3329.3341,3325.6676,3501.6679,3267.0008,3597.0009,3600.6676,3622.6677,3879.3343,3835.3344,3905.0009,3538.3341,3362.3341,2629.0007,1114.667,67386.0185
336,2018-12-03,935.0003,964.3338,960.6673,1092.667,3699.6679,5775.0016,6688.0016,5995.0014,5005.001,4172.6677,4051.6678,4040.6678,4077.3343,4260.6673,4524.6678,5874.0013,6581.6686,6226.0016,5511.0014,6094.0011,4598.0011,3784.0011,3516.3341,1991.0009,100419.0258
337,2018-12-04,1224.6671,1008.3338,1144.0003,1268.6671,3853.6679,6035.3349,6937.3351,6468.0014,5261.6681,4469.6677,4341.3346,4323.0008,4242.3346,4169.0011,4638.3343,5921.6679,6167.3346,6831.0018,6757.6686,5848.3348,4733.6676,3916.001,3564.0011,2134.0008,105259.027
338,2018-12-05,986.3339,1070.6671,1063.3338,1111.0003,3919.6679,5936.3349,6640.3348,5907.0014,4946.3343,4066.3341,3945.3344,3989.3343,3872.001,3894.0008,4590.6678,5661.3346,6365.3349,6339.6683,6669.6683,5844.6681,4576.0008,3696.0011,3476.0008,1943.3341,100510.6918
339,2018-12-06,1140.3338,990.0006,1008.3338,1221.0003,3813.3341,5800.6679,6699.0016,6006.0013,4913.3343,4290.0012,3982.0008,4062.6675,3912.3344,4220.3343,4418.3347,5903.3346,6292.0016,6592.6684,6171.0013,5525.6679,4587.0013,4059.0008,3531.0011,1947.0007,101086.3583
340,2018-12-07,1037.6671,1030.3338,1136.6671,1338.3338,3802.3344,5764.0016,5841.0013,5921.6681,5188.3346,4077.3344,4066.3341,4070.001,3923.3341,3894.0009,4466.0008,5665.0011,6288.3349,6248.0015,6673.3351,5998.6678,4700.6676,3813.3343,3468.6677,3366.0009,101779.358
341,2018-12-08,1866.3335,1004.6671,942.3339,935.0003,1840.6673,2981.0009,3127.6676,2955.3339,3193.6674,3406.3341,3300.0008,3509.0011,3644.6676,3545.6679,3685.0008,3611.6674,3674.0008,3850.0008,4440.3344,4095.6675,3941.6676,3868.3341,3208.3342,1998.3336,72625.6846
342,2018-12-09,887.3335,876.3335,887.3335,861.667,1771.0007,2665.6674,2962.6674,3025.0009,3010.3341,3289.0011,3589.6674,3600.6674,3674.0011,3476.0006,3505.3341,3575.001,3589.6678,3743.6675,4044.3343,4077.3343,3681.3344,3358.6677,2537.3341,1217.3336,67906.6844
343,2018-12-10,1041.3338,1012.0003,1004.6673,1232.0003,3567.6676,5753.0013,6482.6681,5980.3345,4909.6678,4073.6678,4026.0011,3857.3344,3905.001,4044.3344,4396.3343,5621.0014,6490.0017,6050.0016,6479.0017,5910.6678,4473.3346,3905.0011,3278.0006,2031.3336,99524.3581
344,2018-12-11,1001.0003,1012.0005,1037.6668,1184.3336,3754.6677,5734.6679,6772.3351,5987.6679,5100.3343,4220.3343,3982.0011,4059.0009,3956.3343,3758.3341,4304.6678,5624.6678,6255.3349,6596.3349,6655.0016,5870.3346,4594.3343,3875.6674,3402.6674,2291.6676,101031.3571
345,2018-12-12,986.3338,1034.0,1067.0005,1206.3338,3839.0009,5687.0011,6592.6682,5976.6684,5030.6676,4209.3341,4216.6676,3751.001,3974.6679,4040.6676,4279.001,5602.6678,6358.0019,5965.6681,6548.6683,6116.0016,4502.6678,3872.0011,3366.0008,2324.6674,100547.3583
346,2018-12-13,1276.0006,1045.0003,997.3338,1125.6668,3652.0008,5800.6681,6567.0016,5672.3346,5056.3346,4246.0011,4000.3343,4062.6673,4048.0011,4062.6678,4315.6681,5632.0013,6688.0018,6288.3346,6174.6678,6416.6683,4737.3346,3901.3344,3212.0009,2229.3339,101207.3585
347,2018-12-14,1052.3335,1056.0006,1037.6673,1136.6673,3930.6676,5866.668,6666.0018,6068.3346,5126.0009,4374.3346,4334.0013,4422.0013,4290.0011,4455.0014,4572.3344,5720.0014,6515.6683,6640.3351,6339.6685,5749.3346,4587.0009,3589.6674,3230.3341,3146.0007,103906.0267
348,2018-12-15,2123.0006,1059.6671,1023.0003,1199.0004,3281.6676,4770.3346,4906.0014,5144.3343,4550.3343,4103.0008,3989.3343,4422.0008,4924.3349,5199.3346,5287.3348,4946.3343,5063.6681,5232.3346,4869.3344,4649.3349,4433.0011,4128.6676,3630.0011,3204.6676,96140.0245
349,2018-12-16,1690.3335,1045.0004,953.3338,1012.0003,1782.0003,2687.6674,2739.0008,2878.3336,3003.0007,3230.3339,3549.3341,3520.0008,3773.0009,3721.6676,3762.0008,3861.0009,3729.0009,3776.6676,3963.6676,4051.6679,3710.6677,3454.0006,2750.0009,1122.0006,69765.6836
350,2018-12-17,946.0006,931.3338,909.334,1188.0003,3787.6676,5844.6678,6563.3351,6097.6681,4884.0014,4447.6679,4198.3344,4150.6676,4253.3343,4510.0014,4653.0011,5804.3349,6574.335,6475.3349,6823.6683,5969.3348,4557.6676,3652.0009,3278.0006,2203.6671,102703.3595
351,2018-12-18,1019.3336,971.6668,1037.6668,1228.3338,3868.3341,5936.3346,6493.6684,6200.3348,5067.3346,4264.3344,4044.3346,4161.6677,4110.3343,4242.334,4656.6679,5742.0017,6372.6681,7131.6681,6416.6681,6009.6681,4744.6676,3784.0006,3494.3344,2273.3336,103271.6907
352,2018-12-19,1081.6668,1056.0003,1085.3338,1265.0,3945.3341,5973.0013,6757.6686,6006.0012,5159.0014,4304.6678,4000.3343,4022.3346,4018.6676,4092.001,4524.6678,5885.0016,6431.3348,6361.6681,6666.0016,5679.6681,4891.3346,3817.0009,3278.0011,2086.3336,102388.025
353,2018-12-20,1056.0,1026.6668,1081.6668,1224.6668,3696.0008,5694.3348,6805.3351,5998.6681,5074.6681,4458.6676,4114.0008,4246.0009,4275.3341,4557.6676,4862.0009,6024.3351,6277.3346,6427.6681,6640.3349,5841.0016,4532.0013,4018.6676,3377.0009,2005.6674,103315.6907
354,2018-12-21,1085.3338,1070.667,1059.6668,1228.3338,3663.0008,5815.3347,6882.3354,6061.0016,5291.0014,4528.3344,4341.3341,4238.6676,4161.6676,4521.0011,5591.6679,6112.3349,7051.0016,6871.3349,6699.0018,5789.6678,4528.3341,3714.334,3344.0008,3157.0006,106806.3585
355,2018-12-22,2104.6671,1092.6671,1037.6668,1140.3338,3241.334,4660.3343,5192.0013,5133.3346,4400.0011,4110.3346,3930.6675,4356.0011,4924.3347,5005.0013,5126.0014,5584.3348,4990.3341,5030.6678,5030.6679,4664.0008,4103.0008,3930.6676,3633.6673,3113.0008,95535.0226
356,2018-12-23,1932.3339,1019.3338,953.3338,931.3335,1870.0006,2878.3341,2915.0009,2783.0006,3182.6676,3384.3341,3655.6673,3586.0009,3699.6676,3567.6676,3725.3343,3710.6676,3732.6676,3732.6677,3857.3343,3703.3341,3534.6674,3406.3344,2621.6671,1386.0006,69769.3514
357,2018-12-24,986.3338,964.3336,949.6673,1199.0003,3747.3342,5503.6681,5976.6684,5426.668,4429.3346,4015.0008,3736.3344,3754.6676,3751.0008,3960.0008,3894.0008,3754.6678,4022.3341,3919.6676,4110.3345,3963.6678,3923.3346,3608.0009,1939.6673,986.3339,82522.022
358,2018-12-25,960.6671,949.6673,942.3339,949.6673,1059.667,2332.0003,2676.6673,2449.3336,2922.3342,3468.6675,3487.0009,3597.0011,3714.3343,3850.0009,3879.3345,3839.0012,3960.0008,4121.3343,4132.3341,3751.0009,3362.3344,3208.3341,2526.3341,1059.6671,67199.0182
359,2018-12-26,913.0004,1023.0005,957.0003,1188.0006,3270.6676,4854.6675,5342.3349,4983.0011,4323.0008,4414.6676,4334.0011,4348.6675,4202.0012,4308.3344,4275.3343,4803.3343,5573.3348,5665.0016,6031.6683,5166.3343,4033.3345,3604.3344,3509.001,2042.3341,93166.3571
360,2018-12-27,1103.6668,1026.667,1180.6668,1459.3338,3633.6677,4946.3346,5397.3346,5324.001,4352.3343,4400.0014,4348.6676,4293.6676,4172.6676,4378.0009,4411.0011,4858.3343,5555.0014,6002.3351,5980.3348,5258.0011,4172.6675,3692.3345,3509.0009,2317.3341,95773.3565
361,2018-12-28,1081.6668,1129.3339,1158.6671,1316.3335,3611.6674,4920.6679,5514.6679,5166.3343,4667.6675,4429.3343,4396.3346,4411.0011,4334.0011,4374.3344,4539.3343,5071.0011,5764.0016,5584.3349,6031.6679,5052.6678,4000.3344,3545.6677,3600.6679,2119.334,95821.0234
362,2018-12-29,1070.6673,1162.3335,1173.3338,1224.6671,3318.3341,4913.3347,5258.0011,5412.0013,4616.3346,4062.6676,4015.001,4440.3344,5041.6679,5005.0011,4946.3346,5038.001,5577.0008,5272.6678,4917.0013,4609.0011,4143.3344,4088.3342,3512.6677,2291.6674,95109.6898
363,2018-12-30,1147.667,1122.0004,1041.3338,1030.3336,1914.0003,2669.3341,2808.6674,2724.3341,3006.6674,3329.3341,3446.6674,3501.6676,3743.6679,3505.3341,3556.6676,3597.0011,2981.0009,4374.3343,3993.0008,4026.0011,3666.6677,3501.6677,2827.0008,1085.3338,68599.685
364,2018-12-31,1052.3339,1063.334,1012.0,1169.6668,3553.0011,4829.0011,4979.3346,4968.3347,4447.6678,4150.6674,4081.0008,4209.3343,4165.3344,4187.3341,4235.0011,4378.0009,4253.3344,4282.6678,4664.0014,4348.6679,3853.6675,1972.667,1056.0003,1012.0,81924.3533
365,2019-01-01,990.0005,971.6668,975.3336,982.6671,1166.0003,2368.6668,2607.0006,2570.334,2618.0006,2742.6673,2647.3338,2698.6674,2878.3342,2878.3342,2786.6674,2812.3339,2808.6674,2973.6677,3164.3341,3230.3344,3230.3344,3164.3341,2658.3341,1122.0005,57046.0152
366,2019-01-02,953.3335,927.6673,953.3339,1246.6671,3604.3343,4920.6682,5426.6681,5052.6679,4598.001,4528.3343,4403.6678,4928.0011,4440.3342,4315.6675,4649.3345,4975.6681,5140.6678,5709.0011,5771.3348,4616.3346,3993.0012,3776.6675,3179.0009,2310.0008,94420.3575
367,2019-01-03,1067.0006,1059.667,1015.6673,1210.0004,3619.0009,4917.0011,5239.6678,5052.6681,4429.334,4572.334,4282.6676,4682.3343,4572.3343,3985.6679,4378.0011,4939.001,5276.3348,5514.6676,6079.3349,5111.3346,4238.6678,3597.001,3388.0011,2321.0006,94548.6898
368,2019-01-04,1213.6672,1114.6673,1067.0006,1279.6671,3633.6673,4990.3343,5518.3343,4994.0011,4440.3344,4554.0014,4594.334,4671.3346,4517.3343,4363.3345,4271.6676,4887.6679,5544.0014,5390.0016,5841.0013,5181.0013,4202.001,3619.0011,3362.3341,2295.334,95546.0237
369,2019-01-05,1199.0,1129.334,1144.0,1298.0,3237.6672,4513.668,5005.0012,5214.0012,4609.0012,4224.0012,4345.0012,4909.668,5067.3352,5162.668,5067.3352,4972.0012,4946.3352,5247.0012,4917.0012,4609.0012,4125.0012,3758.334,3270.668,2196.334,94167.3588
370,2019-01-06,1125.6673,1103.6671,1063.3338,1023.0005,1815.0006,2764.6674,2889.3342,2944.3341,3226.6674,3443.0009,3567.6676,3765.6676,3652.0006,3534.6675,3828.0011,3868.3343,3802.3344,3982.0008,4205.6676,3806.0011,3674.0009,3439.3342,2687.6673,1122.0006,70334.0189
371,2019-01-07,1070.6671,1114.6671,1107.3335,1074.3335,1921.3339,2911.3342,3113.0011,3102.0006,3168.0008,3556.6674,3644.6678,3626.3343,3703.3343,3637.3343,3545.6675,3905.0008,3743.6678,3817.001,3945.3344,3824.3341,3358.6679,3483.3343,2713.3341,1162.3339,70249.6857
372,2019-01-08,1067.0006,1140.3336,1063.3338,1261.3336,3604.3342,5071.0011,5419.3346,5386.3346,4924.3346,4873.0011,4290.0008,4587.0009,4440.3343,4433.0011,4532.0011,5148.0014,5529.3344,6006.0016,6185.6681,5353.3346,4209.3346,3168.0009,3318.3344,2189.0006,97199.6906
373,2019-01-09,1107.3338,1103.6671,1067.0003,1254.0005,3652.0006,5115.0011,5668.6678,5544.0008,4748.3345,4532.0011,4535.6678,4414.6674,4257.0009,4396.3343,4499.0013,4755.6678,5599.0016,5929.0014,6193.0016,4986.6679,3941.6676,3446.6676,3439.3341,2189.0006,96374.6895
374,2019-01-10,1232.0003,1059.6671,1158.6671,1360.3338,3589.6676,5184.6681,5782.3349,5459.6678,4774.0011,4499.001,4352.3344,4579.6678,4381.6676,4235.0011,4367.001,4781.3346,5738.3347,6127.0016,6398.3351,5316.6681,4015.0013,3608.0008,3446.6674,2090.0004,97537.0247
375,2019-01-11,1169.667,1202.6671,1063.3336,1221.0006,3655.6678,5045.3345,5463.3343,5503.6682,4656.6676,4418.3343,4499.0011,4451.3344,4249.6679,4194.6679,4469.6679,4777.6679,5500.0016,5874.0014,6200.3348,5375.3343,4062.6675,3560.3343,3406.3342,1954.3341,95975.0243
376,2019-01-12,1001.0005,1023.0004,1030.3338,1455.6671,3967.3343,6262.6684,7069.3354,7076.6682,5929.0014,5170.0013,5291.0014,6017.0016,6585.335,6908.0018,6820.0018,6911.6684,6728.3346,6853.0019,6237.0017,5624.6681,5056.3347,4693.3348,4191.0011,2390.6673,120292.365
377,2019-01-13,1015.6671,1202.6668,1151.3338,1169.667,2339.334,3545.6675,3641.0011,3780.3341,3927.0013,4092.0011,4356.0009,4517.3344,4682.3341,4609.001,4807.0011,4942.6678,4931.6679,4884.0011,5008.6679,4931.6678,4381.6675,4073.6676,3116.6673,1254.0006,86361.0208
378,2019-01-14,1191.6671,293.3334,25.6667,25.6667,25.6667,25.6667,29.3332,25.6667,25.6667,22.0002,0.0,0.0,0.0,0.0,3.6668,25.6667,29.3332,25.6667,3432.0009,4543.001,3853.6676,2893.0007,2750.0006,2101.0003,21347.3386
379,2019-01-15,946.0003,513.3336,700.3335,1221.0003,3894.0008,5734.6681,6893.3351,6255.3346,4920.6676,4898.6678,4040.6675,4026.0013,4007.6676,3982.0011,4297.3341,5617.3346,6083.0018,6101.3346,6244.3351,5866.6679,4774.0012,4099.3343,3380.6674,2332.0004,100829.6906
380,2019-01-16,1059.6671,1059.6671,1268.6673,1404.3336,3751.0008,5819.0014,6963.0015,5881.3345,5089.3346,4172.6676,3828.001,4026.0011,3985.6679,3681.3341,4216.6676,5690.6681,6460.6684,6182.0013,6897.0021,5870.3349,4634.6678,3622.6678,3322.001,2280.6674,101167.026
381,2019-01-17,1067.0006,990.0003,1114.6671,1411.6673,3890.3346,5855.668,6684.3351,5826.3349,5096.6681,4066.3343,3765.6677,3630.0008,3707.0009,3817.0006,4282.6676,5643.0014,6244.3351,6134.3352,6171.0016,5745.6684,4231.3343,3512.6676,3322.0009,2365.0008,98574.6932
382,2019-01-18,1100.0005,1067.0004,1166.0003,1151.3338,3894.0014,5683.3349,6515.6685,5833.6681,5133.3344,4143.3343,3879.3345,4004.0008,4018.6676,4051.6678,4407.3343,5617.3349,5841.0014,6317.6682,6266.3348,5459.6678,4367.0009,3674.0011,3322.0008,2416.3341,99330.0256
383,2019-01-19,535.3337,590.3339,623.3339,1129.3336,3263.3344,4678.6678,5272.6678,5456.0014,4447.6679,4125.0011,4275.3344,4411.0011,5074.6678,5096.668,5313.0014,5049.0013,4785.0011,4964.6679,4678.6676,4165.3346,3839.0008,3641.0011,3263.3343,2317.3341,90995.691
384,2019-01-20,1048.6671,1037.6673,1030.3335,990.0006,1877.3338,2658.3339,2830.6674,2676.6671,3006.6674,3281.6677,3325.6676,3446.6673,3674.0011,3424.6674,3538.3341,3600.6676,2691.3339,3630.0009,3835.3344,3795.0011,3505.3341,3380.6676,2662.0006,1162.3335,66110.017
385,2019-01-21,1107.3336,1052.3335,1052.3335,1217.3339,3784.0009,5346.0013,6211.3348,6259.0016,4950.0014,4260.6679,3952.6676,4103.0011,4169.0011,3912.3343,4268.0014,5632.0014,6270.0018,6490.0016,6589.0019,5789.6684,4484.3343,3666.6678,3377.0009,2141.3336,100085.3596
386,2019-01-22,1191.6668,1015.6671,1037.6673,1239.3336,3897.6674,5852.0013,6556.0016,6321.3348,5272.6681,4473.3346,4183.6678,4143.3344,3960.0008,4128.6678,4532.0011,5720.0014,6350.668,6559.6683,6589.0017,5870.3346,4378.0014,3633.6676,3424.6673,2229.3341,102560.3589
387,2019-01-23,1092.667,1129.3338,1188.0006,1382.3336,3890.3343,5888.6683,6574.3349,6237.0018,5082.0012,4209.3343,4249.6678,4348.6678,4286.3341,4238.6676,4631.0011,5940.0016,6567.0016,6310.3351,6988.6681,5925.3346,5016.001,3828.0011,3296.3344,2185.3338,104485.3595
388,2019-01-24,1056.0003,1048.667,1052.3335,1133.0003,3593.334,5976.668,6013.335,6339.6683,4953.6676,4389.0011,4275.3343,4238.6676,4271.6677,4227.6679,4521.0011,5657.6684,6211.3348,6636.6681,6453.3351,5588.0013,4799.6679,3732.6676,3127.6677,1983.6673,101280.6919
389,2019-01-25,1045.0003,986.3338,1089.0006,1250.3336,3637.3343,5569.6684,6526.6683,5771.3349,4957.3346,4297.3344,3952.6676,4084.6678,3945.3344,4037.0008,4462.3343,5753.0013,6380.0014,6009.6684,6519.3351,5621.0014,4275.3343,3366.0009,2929.6677,2167.0006,98633.3592
390,2019-01-26,1026.6671,1070.6668,1107.3339,1114.6671,3179.0008,4623.6678,5221.3348,5324.0011,4268.0009,3938.0011,3839.0011,4257.0008,5071.0013,4928.0011,5027.0011,5144.3345,4957.3344,4810.6681,4744.6678,4451.3341,4015.0008,3868.3343,3571.3343,2387.0006,91945.3557
391,2019-01-27,1206.3335,1081.667,1103.6673,1048.667,1899.3338,2966.3339,2574.0009,2368.6671,2962.6677,3193.6674,3377.0009,3322.0011,3377.0009,3443.0009,3549.3343,3564.0009,3428.3343,3707.0007,3743.6678,3886.6678,3384.3341,3146.0007,2684.0006,1459.3338,66476.6844
392,2019-01-28,1136.6673,1158.667,1063.3336,1155.0003,3549.334,5635.6678,6372.6684,5984.0013,4924.3344,4125.0011,4121.3346,4132.3341,3883.0011,3721.6676,4180.0011,5327.6682,6090.3349,6409.3349,6464.3349,5577.0014,4301.0008,3560.3342,3142.3344,1994.6674,98010.0248
393,2019-01-29,1224.6668,1169.667,1210.0003,1221.0,3736.3341,5797.0017,6772.3349,5672.3346,5133.3349,4334.0009,3879.3343,3949.001,4088.3341,3901.3343,4334.0011,5639.3346,6215.0016,6673.335,6603.6686,5232.3347,4719.0009,3677.6674,3080.0009,2104.6674,100367.6911
394,2019-01-30,1353.0004,1510.6671,1276.0004,1250.3336,3721.6673,5837.3352,6867.6684,6009.6681,5023.3343,4436.6679,3806.0009,4161.6676,4242.3346,4216.6678,4436.6676,5749.3347,6570.6681,6266.3349,6827.3352,5617.3346,4675.0011,3740.0006,3142.3342,2130.3335,102868.3581
395,2019-01-31,1184.3336,1210.0003,1114.6668,1199.0003,3696.0009,5833.6681,7065.6683,6277.3346,5199.3348,4576.0011,3919.6673,3879.3344,3930.6676,3989.3343,4510.0008,5749.3349,6856.6684,6163.6683,7047.3351,6028.0014,4766.6678,3586.0009,3351.3344,2082.6672,103216.6916
396,2019-02-01,1129.3336,1151.334,1114.6671,1334.6671,3864.6674,5764.0013,6600.0018,5815.3346,4836.3343,4106.6676,3949.0009,3905.0006,4084.6676,3974.6678,4396.3345,5804.3352,6592.6684,6332.335,6559.6681,5925.3349,4524.6681,3630.0008,3307.3341,2181.6671,100884.6919
397,2019-02-02,520.6669,29.3332,139.3334,1096.3336,3230.3342,4774.0009,5184.6684,5437.6682,4524.6678,4106.6676,4385.3343,4722.6678,4994.0013,5437.6681,5536.6678,5408.3343,5005.0011,5239.6679,4983.001,4418.3344,4143.3344,3732.6678,3443.0011,2130.3339,92623.6894
398,2019-02-03,1048.6671,1081.6673,1012.0005,1026.6668,1859.0006,2779.3341,3157.0009,2948.0008,2999.3344,3237.6674,3410.0011,3659.3342,3681.3343,3461.3342,3556.6676,3681.3346,3501.6677,3751.0009,3938.0011,3864.6677,3582.3341,3377.0009,2632.6674,1155.0003,68401.686
399,2019-02-04,1041.3339,1026.6671,1107.3339,1217.3336,3751.0009,6002.3346,6746.6683,5914.3346,5137.0014,4260.6675,4169.0008,4117.6676,4018.6675,4220.3344,4642.001,5874.0016,6629.335,6592.6685,6328.668,5507.3346,4488.0008,3626.3341,3417.3343,1983.6671,101819.6911
400,2019-02-05,1070.6671,1015.6671,1045.0003,1338.3338,3795.0011,5800.6679,6713.6683,5947.3347,5170.0011,4407.3343,4165.3346,4227.6676,4187.3339,4183.6678,4480.6678,5793.3349,6541.3351,6805.335,7051.0015,5723.6681,4491.6678,3655.6674,3340.3341,2079.0008,103029.6921
401,2019-02-06,1140.3338,777.3336,711.3336,1202.667,3817.0005,6042.668,6911.6683,6101.3343,5353.3348,4488.0011,4400.0011,4378.0011,4407.3343,4414.6675,4704.3343,6171.0019,6779.6686,6119.6684,6992.3351,6009.6684,4634.6678,3795.0011,3333.0008,2207.3339,104892.3593
402,2019-02-07,1107.3336,1026.6668,1085.3338,1202.6673,3791.3344,5848.3349,6992.3348,6079.3346,4983.0016,4348.6676,4059.001,4220.3343,4242.3343,4110.3341,4612.6678,5819.0013,6277.3349,6460.6681,6805.335,5965.6684,4638.3344,3886.6676,3303.6674,2145.0006,103011.3586
403,2019-02-08,1133.0006,1070.6668,1140.3339,1448.3338,3806.0011,5991.3349,6735.6683,6024.3348,5214.0014,4429.3343,4381.6679,4341.3346,4026.0011,4198.3341,4733.6678,5991.3349,6930.0016,6534.0016,6677.0016,5793.3344,4700.6679,3707.0009,3443.0011,2024.0005,104474.3599
404,2019-02-09,1052.3336,1070.6671,1210.0006,1283.3338,4088.3341,6369.0016,6933.6681,7018.0013,6028.0017,5283.6679,5481.6681,5877.6678,6413.0016,6585.335,6930.0019,6732.0016,6680.6686,6515.6681,6394.6682,5797.0013,5228.6679,4818.0013,4616.3345,2731.6673,121139.363
405,2019-02-10,1147.667,1096.3338,1030.3335,986.3338,1848.0003,2863.6677,2999.3341,2856.3341,2900.3342,3318.3341,3509.0011,3534.6677,3549.3344,3619.0009,3600.6677,3666.6675,3593.3343,3696.0011,3857.3341,4015.001,3556.6673,3347.6678,2596.0006,1188.0005,68376.0186
406,2019-02-11,1195.3335,1103.6673,1140.3335,1301.6671,3872.0011,5936.3346,6442.3348,6185.6683,5547.6681,4528.3344,4172.6676,4326.6675,4209.3346,4352.3343,4697.0011,5778.6682,6244.3349,6152.6681,6809.0018,6112.3351,4326.6678,3681.3344,3384.3341,2013.0003,103513.6925
407,2019-02-12,1206.3339,1151.3338,1096.3339,1294.3336,3644.6673,5764.0016,6534.0018,6053.6681,5360.668,4656.6679,4308.3343,4653.0014,4554.0011,4304.6678,4510.0011,5621.0013,6053.6684,6633.0017,6724.6684,5734.6682,4785.0011,3787.6673,3501.6678,2079.0004,104012.3602
408,2019-02-13,1188.0004,1114.6671,1202.667,1378.6668,3901.3344,5914.3347,6442.3349,5782.3346,5096.6679,4304.6676,4183.6675,4198.3344,4062.6676,4132.3344,4616.3346,5760.3348,6666.0016,6603.6686,6633.0014,6141.6681,4557.6678,3740.0012,3347.6674,1884.6671,102853.6919
409,2019-02-14,1008.3339,1140.3336,1162.3338,1228.3336,3699.6678,5544.0013,6354.3351,6618.3351,5001.3346,4627.3343,4389.0011,4143.3344,4264.3341,4469.6679,4664.0008,5969.3348,6556.0016,6772.3346,6988.6684,6035.3351,4528.3344,3813.3342,3263.3341,2005.6671,104247.0257
410,2019-02-15,1070.6668,993.6671,1030.3338,1213.6673,3791.3341,5852.0016,7161.0018,6083.0013,5507.3349,4444.0011,4132.3346,4818.0011,4906.0008,4711.6679,4950.0011,6083.0014,6068.3349,6666.0017,6611.0016,5789.6684,4678.6681,3850.0011,3432.0008,2233.0006,106076.6939
411,2019-02-16,1180.6671,1206.3338,1114.6673,1206.3338,3329.3338,4851.0011,5382.6676,5599.0016,4642.0011,4161.6678,4235.0008,4627.3344,5188.3343,5302.0014,5280.0014,4862.0011,5617.3347,5386.3346,4697.0013,4568.6678,4099.3343,3751.0011,3501.6674,2387.0006,96176.6902
412,2019-02-17,1111.0003,1103.6671,1045.0004,1023.0003,1917.6671,2867.3342,3120.3344,3142.3344,3336.6676,3582.3346,3443.0006,3754.6676,3729.0008,3586.001,3795.0009,3839.0011,3831.6676,3806.0009,4139.6676,3974.6678,3743.6673,3406.3344,2753.6673,1232.0,71283.6853
413,2019-02-18,993.6671,990.0003,997.3335,1210.0003,3842.6673,6086.6681,6981.335,6266.3349,5298.3344,4557.6678,4242.3345,4202.0011,4403.6679,4224.0011,4587.0011,5991.3348,6849.3351,6281.0015,6512.0015,5595.3346,4290.0009,3531.0009,3443.0009,2258.6673,103634.6919
414,2019-02-19,1067.0003,1074.3335,1085.3338,1133.0006,3754.6671,5771.3346,6328.6681,6108.6683,5067.3346,4246.0009,4249.6675,4169.0011,4103.0011,4033.3341,4561.3346,5837.3345,6625.6681,6398.3351,6710.0016,6251.6682,4711.6676,3971.0011,3410.0009,2178.0005,102846.3578
415,2019-02-20,1045.0005,1048.6671,1100.0006,1224.6671,3835.3344,5808.0013,6787.0016,6189.3351,5419.3343,4499.0011,4293.6677,4290.0011,4418.3345,4271.6678,4686.0014,5778.6684,6259.0016,6721.0016,6706.335,5679.6681,4671.3344,3648.3343,3314.6676,2060.6671,103755.6937
416,2019-02-21,1169.6671,1100.0005,1290.6668,1426.3336,3743.6673,5753.0015,6402.0016,6105.0014,5199.3346,4367.0011,4154.3341,4125.0011,4106.6678,4077.3344,4403.6679,5687.0014,6479.0016,6772.3348,6145.3348,6006.0017,4730.0011,4073.6678,3553.0011,2145.0009,103015.026
417,2019-02-22,1074.3335,1129.3336,1166.0,1162.3338,4033.3343,5995.0013,6739.3351,5855.6681,5089.3343,4451.3341,4216.6676,4015.0011,4220.3341,4308.3343,4689.6678,5819.0016,6292.0016,6420.3351,6955.6684,5452.3346,3355.0009,3340.3341,3080.0009,1749.0004,100609.6906
418,2019-02-23,1070.6671,1012.0005,997.3338,1096.3339,3355.0008,5133.3346,5342.3343,5203.0011,4693.3344,4095.6678,4051.6679,4319.3344,5133.3343,5184.6681,5144.3343,5302.0011,5082.0011,5151.6678,4862.0011,4231.3341,4103.0011,3630.0008,3270.6672,2211.0006,93676.0222
419,2019-02-24,1177.0003,1111.0006,913.0001,971.667,1741.6671,2790.3338,3219.3343,3105.6674,3124.0009,3369.6676,3648.3341,3809.6676,3714.3342,3531.0011,3384.3341,3428.3342,3582.3344,3644.6678,3553.0008,3982.0011,3725.3343,3259.6674,2482.3339,1096.3338,68365.0179
420,2019-02-25,1107.3336,1023.0005,1067.0003,1290.6673,3989.3341,6057.3346,6145.3349,6823.6683,4829.0013,4972.0008,4565.0008,4436.6679,4433.0011,4150.6673,4678.6678,5921.6679,6603.6684,6647.6681,6798.0019,6237.0016,4821.6678,4011.3341,3336.6674,2145.0008,106091.3586
421,2019-02-26,1023.0003,1037.6671,1085.3336,1210.0006,3883.0008,5841.0016,6820.0014,6042.6681,5232.3349,4337.6679,4209.3346,4253.3341,4161.6679,4440.3345,4726.3346,5756.6681,6501.0017,5943.6679,5811.6681,5492.6678,4293.6676,3853.6678,3237.6672,2038.6671,101233.0253
422,2019-02-27,1111.0003,1041.3339,1118.3339,1228.3338,3809.6679,5918.0018,6336.0016,6024.3348,5129.6681,4557.6678,4271.6678,4238.6675,4264.3344,4172.6677,4590.6676,5852.0013,6644.0016,6402.0011,6688.0018,5951.0014,4741.0011,4022.3346,3300.0009,2163.3338,103576.0265
423,2019-02-28,1166.0005,1096.3336,1114.6671,1265.0005,3637.3341,5742.001,6398.3349,6064.6683,5265.3346,4326.6675,4385.3346,4403.6678,4293.6678,4246.0011,4711.6677,6079.3346,6449.6681,6460.6683,6358.0016,6160.0016,4836.3344,3897.6676,3439.3344,2174.3339,103972.0256
424,2019-03-01,1037.6671,1067.0005,1078.0003,1166.0004,3890.3341,5980.3349,6754.0017,6446.0014,5137.001,4216.6676,4099.3344,3930.6675,4048.0011,4271.6676,4660.3348,5914.3347,7315.002,6581.668,6992.3349,5976.6681,4799.6675,3894.0009,3204.6674,1972.6673,104434.0252
425,2019-03-02,1111.0005,1089.0005,1041.334,1228.3338,3417.3342,4825.3343,5503.6678,5397.3346,4741.0009,4290.0011,4158.0008,4598.0011,5038.0011,5320.3346,5430.3349,5349.6684,5148.0011,5265.3346,5181.0011,4513.668,4055.3343,3762.0008,3567.6673,2321.0009,96352.6907
426,2019-03-03,586.6669,25.6667,29.3332,25.6667,25.6667,25.6667,0.0,0.0,0.0,0.0,0.0,0.0,0.0,0.0,0.0,0.0,7.3333,25.6667,29.3332,25.6667,25.6667,29.3332,25.6667,51.3332,938.6666
427,2019-03-04,1096.3336,1059.6671,1015.6668,1133.0005,3820.6676,5848.3348,6515.6684,6123.3349,5151.6681,4447.6675,4352.3341,4227.6678,3802.3343,4440.3343,4645.6679,6031.6681,6677.0016,6812.6684,6860.3353,6079.3349,4620.0011,3692.3341,3476.0008,2035.0003,103964.6923
428,2019-03-05,1136.6668,1155.0006,1140.3338,1338.3338,3985.6676,5976.668,6889.6681,4928.0013,4246.0009,3465.0006,3083.6677,3270.6676,3028.6677,3087.3344,3296.3344,4315.6676,4792.3346,4726.3344,5159.0016,4279.0013,3300.0009,2691.3338,2412.6674,1650.0006,83354.3555
429,2019-03-06,1173.3338,1081.6671,1122.0003,1290.6671,2981.0006,4359.6679,4671.3346,4568.6673,3703.3343,3292.6674,3124.0006,3113.0009,3039.6677,3270.6673,3402.6674,4257.0008,4590.6677,4605.3342,4902.3347,4557.6679,3615.3344,3006.6674,2475.0008,1639.0006,77843.3528
430,2019-03-07,1092.667,1074.3338,1052.3338,1184.3338,3028.6673,4436.6679,5129.6681,4480.6679,3901.3341,3296.3341,3190.0009,3102.0008,3267.0007,3289.0009,3630.0006,4403.6675,4642.001,4928.0009,4906.0013,4374.3346,3303.6673,2757.3344,2354.0007,1584.0003,78408.0197
431,2019-03-08,1092.6671,1070.6668,1063.3338,1162.3335,2981.0008,4440.3343,5049.001,4612.6676,3905.0009,3465.0008,3127.6674,2984.6676,3131.3341,3289.0006,3325.6674,4495.3343,4642.0013,4854.6679,4939.001,4598.0011,3538.3341,2907.6674,2548.3341,1686.6672,78910.3521
432,2019-03-09,1063.3335,1166.0006,1184.3338,1136.6668,2632.6674,3681.3344,3974.6676,3949.0011,3373.3344,3138.6674,3417.3341,3476.0008,3853.6678,3762.0009,3369.6675,3960.0008,3861.0013,3454.0011,3831.6674,3355.0007,2970.0009,2724.3344,2508.0009,1782.0005,71624.6861
433,2019-03-10,1114.6671,1133.0005,1125.6671,1019.3336,1518.0005,2401.6674,2460.3341,2368.6674,2266.0003,2530.0007,2563.0008,2614.3339,2599.667,2684.0006,2603.3342,2739.0006,2695.0006,2643.6673,2702.3344,2720.6674,2607.0009,2390.6673,1921.3339,821.3336,52242.6812
434,2019-03-11,553.6672,1078.0003,1001.0003,1125.667,2951.6673,4447.6681,5155.3346,4623.6678,3853.6674,3234.0006,3080.0006,3168.0006,3149.6674,3204.6676,3575.0011,4396.3343,4781.3344,4865.6678,4840.0014,4026.001,3311.0009,2761.0006,2471.3338,1723.3336,77377.6857
435,2019-03-12,1158.6673,1041.3338,1001.0004,1092.667,2871.0006,4242.3346,4968.3346,4367.001,3868.3341,3384.3341,3102.0009,3058.0007,3292.6677,3149.6676,3542.0006,4528.3343,4898.6676,4480.6679,4851.0009,3930.6676,3362.3341,2845.3341,2563.0009,1642.6671,77242.0195
436,2019-03-13,894.6668,1129.3339,1155.0004,1331.0003,3608.0005,6090.3349,6710.0016,5987.6683,5093.0014,4271.6676,4084.668,4161.6673,4385.3343,4198.3344,4631.0011,6035.3346,6471.6683,7098.6683,6105.0015,5709.0014,4326.6676,3890.3343,3560.3341,2145.0006,103073.6915
437,2019-03-14,1272.3335,1224.667,1166.0003,1448.3338,3949.0009,6017.0016,6768.6686,6185.6681,5144.3346,4337.6676,4004.0011,3938.0008,4077.3344,4099.3343,4887.6679,5731.0014,6193.0016,6578.0018,6116.0015,5529.3345,4315.6675,3593.3342,3366.0008,2075.3336,102017.6914
438,2019-03-15,1246.6668,1250.334,1250.3338,1320.0006,3681.3341,5830.0014,6647.6686,6636.6683,5151.6678,4282.6676,4044.3344,4095.6678,4216.6679,4180.0008,4704.3341,5727.3346,6123.3346,6919.0018,6332.3348,5943.6681,4675.0011,3820.6676,3538.3341,2020.3341,103638.3588
439,2019-03-16,1180.667,1202.6668,1118.3336,1283.3335,3432.0006,4785.0012,5214.0011,5368.0013,4796.0008,4319.3341,4183.6677,4543.0007,5056.3343,4972.0011,5078.3344,5089.3346,4821.6678,4884.0013,4917.0011,4748.3344,4213.0011,3916.0011,3652.0011,2343.0003,95117.021
440,2019-03-17,1114.6673,1151.3338,1155.0004,1155.0,2335.6671,3941.6676,4011.3345,4029.6674,4114.0008,4403.6678,4579.6678,4884.001,4829.0008,4906.0013,5038.0014,4847.3346,5027.001,5247.0013,5371.6679,5371.6679,4796.0011,4433.0011,3190.0005,1232.0006,91164.355
441,2019-03-18,1129.334,1122.0005,1129.3338,1364.0006,3670.3341,6006.0011,6523.0013,6079.3349,5360.6681,4389.0008,4187.3346,4011.3344,4051.6678,4224.0009,4568.6676,5760.3346,6446.0017,7091.3351,6695.3354,6061.0016,4620.0011,3729.0008,3190.0009,2258.6671,103667.6928
442,2019-03-19,1070.6671,1118.3339,1107.3338,1199.0006,3890.3341,5830.0016,6728.3348,6064.6682,5001.3347,4462.3341,3927.0011,3901.3346,4007.6676,4194.6676,4605.3346,5558.6681,6570.6681,6904.3351,6860.3351,6453.3347,4664.001,3780.3341,3384.334,2002.0006,103286.3592
443,2019-03-20,1100.0006,1103.667,1136.6668,1349.3335,3795.0005,5848.3346,6988.6686,6112.3348,5346.0014,4521.0008,4051.6678,4158.0011,4066.3343,4154.3343,4671.3343,5819.0014,6794.3349,5885.0014,6314.0013,5951.0014,4675.0011,3809.6677,3428.3339,2152.3341,103231.3576
444,2019-03-21,1048.6672,1052.334,1074.334,1202.6672,3850.0012,5914.3352,6999.6692,5844.668,4887.668,4158.0012,3839.0012,3967.334,4004.0012,4092.0012,4356.0012,5566.002,5855.668,6020.668,5753.0012,5558.668,4594.3352,3663.0012,3336.668,2134.0012,98772.6968
445,2019-03-22,1070.667,1063.3339,1059.6668,1195.3335,3622.6674,5903.3343,6768.6684,5551.3348,4759.3343,4304.6675,4143.3343,4143.3344,4242.3346,4275.3343,4594.3341,5877.6684,6471.6679,5826.3346,6332.3351,5584.3345,4862.0011,3868.3344,3230.3341,2200.0006,100950.6903
446,2019-03-23,1089.0004,1056.0005,1078.0003,1206.3339,3289.0008,4587.0011,5357.0014,5144.3346,4466.0011,3978.3346,4081.001,4381.6676,4873.0014,4928.0008,5056.3343,5129.6678,5137.0013,5203.0014,4935.3347,4612.6679,4370.6677,3798.6678,3406.3341,2207.3339,93371.6904
447,2019-03-24,1191.6672,1202.6673,1030.3339,1070.6668,2332.0006,3875.6676,4004.0011,4011.3344,4022.3341,4176.3344,4689.6679,4755.6676,4686.0011,4634.6675,4689.6678,4711.6678,4895.0012,4711.6681,4777.6678,4744.6679,4469.6678,4040.6677,3142.334,1261.3335,87127.3551
448,2019-03-25,1114.6671,1078.0006,1067.0004,1081.6671,2005.6671,2720.6674,2900.3341,2761.0012,3043.334,3454.0008,3538.3346,3670.3343,3626.3341,3685.0008,3747.3344,3886.6679,3655.6674,3740.0011,3798.6675,3894.0009,3575.0009,3296.3339,2533.6674,1078.0004,68951.6854
449,2019-03-26,1063.3338,1111.0006,1059.6671,1290.6671,3813.3343,5855.6679,6933.6681,6402.0016,5287.3346,4638.3343,3817.0011,3883.001,4081.001,4224.0011,4422.0008,5580.6679,6398.3349,6446.0018,6545.0016,5756.6684,4172.6676,3670.3341,3098.3341,2200.0003,101750.0251
450,2019-03-27,1144.0003,1048.6671,1100.0004,1301.6671,3813.3343,5965.6683,6636.6683,6350.668,5206.6676,4077.3342,3963.6676,3978.3343,3824.3344,3993.0009,4334.0011,5481.6681,6328.6684,6387.3351,7043.6683,5918.0013,4671.3341,3868.3343,3292.6677,2288.0008,102017.692
451,2019-03-28,1224.6671,1180.6673,1133.0004,1364.0005,3908.6676,5701.6681,7018.0021,5518.3345,5045.3346,4330.3341,3945.3343,4216.6679,4092.0009,4051.6676,4301.0011,5764.0014,6017.0013,6460.6684,5756.6678,5870.3348,4488.001,3806.0011,3329.3341,2035.0003,100558.3583
452,2019-03-29,1162.334,1147.6668,1122.0005,1246.6673,3736.3338,5690.6679,6900.6684,5877.6681,5265.3349,4473.3346,3985.6674,3978.3344,4359.6679,4319.3344,4616.3343,5753.0013,6262.6679,6420.3348,6446.0016,5877.6681,4741.0012,3773.0011,3395.3343,2225.6674,102776.6924
453,2019-03-30,1041.3335,1158.6671,1052.3338,1250.3338,3468.6673,4821.6676,5423.0014,5500.0017,4814.3346,4363.3345,4103.0013,4466.0011,5140.6676,5008.6679,5049.001,5074.6679,4972.0014,4895.0011,4814.3346,4433.0011,3798.6676,3674.0011,3608.0009,2093.6673,94024.3572
454,2019-03-31,968.0006,949.6668,949.6673,1034.0003,1987.3338,2728.0009,3098.3341,2907.6674,3032.3341,3208.3342,3578.6676,3446.6678,3534.6673,3509.0006,3545.6674,3553.0009,3512.6677,3476.0008,3637.3343,3776.6676,3604.334,3256.0007,2665.6675,1063.3338,67023.0175
455,2019-04-01,1012.0003,1008.3338,986.3336,1114.6671,3714.3344,5551.3349,6424.0019,6501.0019,5753.0013,4359.6676,4051.6676,4158.0013,4165.3344,4128.6676,4638.3346,5694.3351,6424.0016,6970.3351,6361.6681,6108.6681,4543.001,3831.6676,3256.0011,2159.6673,102916.0273
456,2019-04-02,1081.6668,1059.6673,1081.6673,1155.0006,3630.0009,5265.3346,6365.3346,6589.0016,5452.3346,4719.001,4183.6678,4341.3341,4202.0009,4286.3342,4653.0009,5764.0013,6339.6683,6512.0014,7010.6684,6193.0013,4880.3346,4066.334,3450.3343,2343.0006,104624.6914
457,2019-04-03,1155.0006,1070.6671,1067.0006,1327.3338,3718.0008,5610.0014,6589.0016,6581.6683,5547.668,4645.6678,4348.6679,4352.3341,4568.6676,4561.3341,5122.3346,5958.3349,6347.0016,7029.0018,6805.3349,5976.6681,4697.001,4161.6677,3637.3342,2383.3339,107261.0264
458,2019-04-04,1213.6668,1133.0004,1103.6668,1261.3336,3725.3341,5533.0014,6339.6681,6306.6683,5547.6679,4719.0011,4227.6678,4205.6673,4044.3344,4180.0009,4675.0011,5822.6684,6471.6686,6515.6684,6556.0014,6149.0016,4543.0012,3883.0008,3413.6679,2016.6673,103587.0256
459,2019-04-05,1169.6671,1169.6671,1158.6671,1232.0003,3538.3343,5566.0014,6424.0018,6204.0016,5775.0011,4480.6673,4099.3343,4246.0008,4260.6676,4429.3343,4726.3343,5899.6678,6570.6681,6607.335,6295.6686,5947.3348,4429.3344,4022.3341,3424.6676,2178.0006,103854.6914
460,2019-04-06,1246.6668,1100.0004,1129.3338,1246.6673,3725.3344,5052.6681,5415.6678,5602.6681,4473.334,4044.3346,4165.3343,4667.6676,5100.3346,5346.0011,5305.6679,5166.3345,5085.6678,4880.3347,4986.6679,4392.6678,3879.3343,3835.3342,3586.0007,2049.6671,95483.6898
461,2019-04-07,1228.3336,1118.3338,1078.0003,1096.3338,2097.3341,3083.6674,3182.6673,3047.0006,3256.0008,3487.0009,3520.0011,3417.334,3531.0011,3578.6673,3498.0008,3633.6676,3633.6676,3641.0011,3696.0011,3894.0008,3809.6676,3556.6676,2464.0006,1085.3339,69633.6848
462,2019-04-08,1037.6673,1034.0006,1023.0003,1191.667,3490.6676,5269.0011,6497.3348,6592.6681,5632.0014,4891.3346,4257.0009,4458.6673,4235.001,4125.0011,4799.6678,5973.0013,6523.0016,6849.3348,6834.6686,5778.6681,4675.0008,4128.6676,3428.3343,2042.3336,104767.6916
463,2019-04-09,1067.0,1089.0005,1092.6671,1232.0003,3692.3343,5617.3348,6545.0018,6317.6681,5588.0013,4759.3346,4180.0011,4275.3343,4444.0013,4458.6674,4876.6679,6031.6681,6468.0016,6226.0016,7157.3351,6193.0014,4752.0013,4136.0011,3534.6676,1961.6673,105695.3599
464,2019-04-10,1081.667,1074.3338,1092.6668,1202.6668,3703.3342,5478.001,6523.0016,6636.6679,5624.6678,4880.3343,4238.6679,4275.3344,4308.3342,4363.3343,4675.0011,5654.0013,6369.0013,6680.6685,6706.3351,6325.0016,4865.6681,3886.6676,3406.3342,1976.3339,105028.0247
465,2019-04-11,1045.0003,1015.6673,964.3339,1107.3335,3692.3338,5492.6681,6537.6686,6072.0016,5463.3347,4638.3341,4385.3341,4051.6676,4220.3341,4176.3344,4550.3343,5793.3346,6629.3346,6398.3351,6662.3348,6226.0016,4884.0013,4132.3343,3699.6676,1928.6671,103766.6914
466,2019-04-12,1096.3335,1195.3335,1045.0004,1191.6672,3677.6678,5430.3349,6446.0016,5892.3348,5591.6683,4557.6676,4128.6678,4378.0011,4686.0008,4568.6675,5118.668,6204.0016,6607.3351,7025.3351,7384.6686,6325.0014,4704.3343,3934.3343,3483.3344,2123.0008,106795.3604
467,2019-04-13,1030.3338,997.3335,1092.667,1210.0003,3659.3341,5159.0014,5632.0013,5529.3349,4781.3346,4466.0008,4117.6679,4466.0011,5027.0014,5320.3346,5441.3346,5232.3347,5434.0016,5302.001,5294.6681,4902.3343,4172.668,3765.6675,3659.3343,2079.0006,97771.6914
468,2019-04-14,1004.667,942.3336,935.0003,1045.0005,1917.667,2882.0008,3138.6676,3058.0009,3230.3342,3736.3344,3538.3344,3578.6675,3417.3341,3472.3344,3472.3341,3454.0008,3384.3341,3553.0009,3545.6677,3663.0011,3633.6676,3406.3344,2537.3338,1166.0003,67712.3515
469,2019-04-15,1052.3335,1026.6671,1100.0004,1162.3336,3395.3343,5177.3343,6266.3351,6361.6684,5261.6681,4304.6676,4194.6676,4411.0011,4297.334,4103.0011,4638.3346,5815.3346,6303.0017,6585.3349,6537.6683,5947.3348,4312.0011,3743.6675,3241.3341,2123.0006,101361.3584
470,2019-04-16,1078.0003,975.3335,1074.3338,1261.3336,3494.3341,5412.0014,6167.3348,6369.0016,5441.3347,4348.6676,4620.0009,4414.6679,4275.3344,4099.3343,4605.3344,5742.0014,6152.6681,6200.3349,6380.0016,6086.668,4227.6675,3835.3341,3347.6676,2104.6673,101713.3578
471,2019-04-17,979.0006,1012.0004,982.6673,1177.0006,3619.0008,5544.0014,6512.0015,6398.3348,5269.0012,4473.3344,4099.3346,4392.6678,4440.3343,4260.6678,4682.3344,5756.6681,6182.0016,6160.0018,6130.6679,5137.0014,4136.0012,4004.0008,3498.0011,2123.0006,100969.0264
472,2019-04-18,1140.3335,1122.0003,1089.0005,1103.6668,2002.0006,3025.0008,3050.6674,3006.6674,3105.6676,3468.6674,3520.0009,3410.001,3652.0013,3630.0011,3758.3344,3608.0012,3597.0011,3758.3345,3846.3343,3930.6676,3824.3343,3520.0008,2640.0009,1118.3339,69927.0196
473,2019-04-19,997.3338,975.3336,1023.0003,957.0004,1899.3335,2797.6673,3014.0009,2757.3341,3025.0004,3289.0009,3366.0008,3490.6676,3545.6676,3413.6672,3454.0009,3102.0009,2929.6674,3113.0008,3215.6674,3113.0006,3215.6674,3006.6672,2489.6674,1210.0003,63400.3487
474,2019-04-20,1023.0003,993.6672,979.0003,982.667,3406.3341,4517.3343,4678.6679,4697.0014,4095.6678,4132.3343,4183.6674,4150.6676,4378.001,4799.6675,4458.6679,4044.3343,3853.6678,3927.0008,3952.6678,3791.3341,3919.6678,3692.3343,3736.3341,2203.6674,84597.3544
475,2019-04-21,986.3338,957.0003,1048.667,990.0003,1983.6671,2746.3338,2838.0009,2673.0008,2937.0006,3025.0008,3179.0009,3248.6676,3406.3341,3285.3344,3171.6676,3355.0009,3373.3344,3428.3341,3718.0013,3674.0008,3630.0008,3190.0009,2449.3338,1089.0006,64383.0176
476,2019-04-22,1023.0003,990.0006,942.3339,1173.3339,3351.3338,5265.3346,6160.0016,6009.6681,5423.0013,4451.3343,4407.3342,4385.3343,4389.0008,4242.3343,4766.6678,5797.0014,6259.0013,6501.0014,6897.0016,5881.3346,4869.3343,4077.3341,3600.6679,2126.6671,102989.3575
477,2019-04-23,1114.6673,1015.6671,1081.6671,1433.6673,3560.3345,5830.0013,6922.6686,6372.6684,5778.6678,4590.6676,4433.0009,4378.0011,4627.3343,4279.0011,4939.0014,5650.3349,6464.3349,6827.3348,7091.3354,5958.3349,5265.3343,4143.3343,3501.6674,1958.0004,107217.0271
478,2019-04-24,1026.6671,938.6671,1012.0003,1177.0005,3740.0012,5547.6681,6618.3349,6372.6683,5287.3349,4642.0013,4557.6678,4546.6678,4550.3343,4436.6677,4898.6678,5808.0016,6347.0018,6420.3351,7065.6686,6083.0016,5107.6678,3978.3344,3644.6674,3219.3341,107026.3615
479,2019-04-25,1745.3335,1063.3338,1111.0003,1356.667,3703.3344,5518.3349,5184.6678,6471.6681,5452.3346,4832.6678,4286.3344,4348.6676,4649.3344,4425.6676,4807.0012,5991.3346,6424.0017,6611.0015,7172.0021,5624.6681,5001.3344,4077.3341,3545.6677,2368.6673,105772.3589
480,2019-04-26,1158.667,1158.667,1180.6673,1224.667,3707.0009,5401.0013,6622.0016,6145.3349,5305.6679,4532.0009,4007.6676,4224.0009,4290.0009,4345.0008,4829.0013,5918.0013,6651.3351,6801.6681,6765.0018,6039.0013,4843.6679,4059.0009,3509.0008,2218.3341,104936.3586
481,2019-04-27,1158.6671,1081.6673,1202.6671,1327.3339,3648.3343,4788.6678,5408.3346,5360.6678,4418.3341,4139.6676,3967.3346,4689.6676,4788.6678,5364.3347,5184.6679,5100.3349,5067.3349,5302.0011,5357.0014,4583.3344,3901.3343,3846.3343,3919.6676,2137.6674,95744.0245
482,2019-04-28,1166.0004,1041.3335,1107.3338,1048.6671,1866.334,2926.0006,3120.3339,2929.6674,3259.6674,3248.6673,3362.3339,3560.3344,3743.6678,3626.3343,3498.0012,3406.3341,3322.0012,3333.0009,3531.0009,3611.6677,3751.0008,3344.0006,2398.0006,1452.0004,67653.6842
483,2019-04-29,1015.6671,1034.0006,1107.3336,1177.0006,3622.6677,5643.0014,6644.0016,6193.0016,5353.3346,4601.6677,4381.6676,4554.0011,4356.0011,4271.6678,4748.3344,5775.0016,6607.3351,6735.6683,6079.3346,5848.3344,4836.3343,3938.0013,3479.6677,2200.0006,104203.0264
484,2019-04-30,975.3336,990.0003,905.667,1246.6671,3655.6673,5503.6681,6618.335,6783.3349,5305.6676,4906.0014,4517.3343,4440.3343,4653.0008,4616.3346,5144.3345,6031.6681,6563.3351,6702.6683,6490.0016,6134.3349,5151.6679,4169.0008,3659.3344,2350.334,107514.0259
485,2019-05-01,1015.667,1081.6671,1026.6672,1015.6673,1932.3339,2948.0009,3223.0008,3234.0008,3208.3341,3362.3344,3461.3342,3663.001,3773.0008,3545.6679,3787.6676,3670.3341,3597.0008,3901.3343,3927.0011,3743.6678,3633.6676,3483.3344,2706.0006,1085.3338,70026.0195
486,2019-05-02,876.3338,876.3339,902.0003,1045.0003,3637.3341,5489.0013,6273.6683,6526.6681,5459.6678,4535.6673,4088.3346,4440.3343,4495.3343,4499.0011,4792.3344,5595.3348,6563.3351,6618.335,6431.3351,5969.3348,4671.3345,3655.6674,2966.3341,1870.0005,102278.0252
487,2019-05-03,880.0006,997.3338,913.0005,1037.6673,3549.3343,5357.0011,6475.3349,6295.6681,5089.3341,4975.6679,4048.0008,4110.3342,4198.3343,4216.6676,4528.3348,6090.3349,6530.3348,6471.6682,6743.0018,5859.3348,4873.0011,3857.3344,3428.3342,2115.6671,102641.0256
488,2019-05-04,942.3336,953.3339,1041.3335,1107.3336,3663.0008,4994.001,5052.6678,5338.6682,4594.3343,3842.6675,3831.6675,4282.6678,4990.3346,4942.6678,5346.0011,5214.0014,4979.3346,5060.0011,4902.3346,4348.6678,3864.668,3644.6676,3641.0011,2093.6672,92671.3564
489,2019-05-05,924.0003,836.0003,880.0006,876.3335,2313.6673,3835.3346,4242.3341,3963.6678,4202.0009,4623.6675,4814.3341,4634.6679,4836.3345,4950.0011,4719.0011,4631.0009,4645.6676,4697.0013,5173.6681,5056.3341,4770.3346,4381.6678,3245.0006,689.3337,87941.3543
490,2019-05-06,29.3332,32.9999,234.6667,1184.3335,3564.0012,5533.0013,6567.0016,6372.6684,5672.3346,4961.0011,4682.3346,4722.6678,4741.0011,4697.0011,4990.3348,5830.0014,6952.0019,6666.0019,7036.3348,6009.6683,5063.6676,4165.3341,3553.0009,2299.0006,105559.6924
491,2019-05-07,916.6671,953.3338,931.3338,1092.6671,3439.3341,5379.0014,6563.3349,6633.0019,5192.0011,4554.0009,4480.6676,4389.0013,4400.0012,4279.0011,4847.3346,5789.6678,6691.6685,6468.0016,6592.6681,6409.3351,5082.0013,3930.6676,3311.0008,2090.0006,104415.6933
492,2019-05-08,986.3339,971.6671,1004.6671,1111.0006,3443.0008,5386.3346,6075.6681,6556.0016,5386.3346,4667.6674,4051.6676,3967.3343,4099.3344,4169.001,4590.6676,5676.0016,6141.6681,6438.6681,6398.3348,5723.6681,4598.0011,3846.3339,3201.0006,2038.6671,100529.0241
493,2019-05-09,953.3338,905.667,979.0003,1177.0005,3439.3344,5335.0013,6152.6683,6424.0016,5133.3343,4381.6676,4128.6676,4213.001,4209.3341,4147.001,4546.6681,5503.6681,6317.6679,6457.0018,6020.6683,5412.0014,4359.6676,3622.6673,3215.6674,1961.6673,98996.358
494,2019-05-10,894.6671,924.0003,1037.6668,1114.6671,3432.0008,5093.0011,6563.3348,5815.3346,5181.0013,4623.6676,4271.6678,4293.6678,4150.6676,4183.6676,4770.3343,5811.6681,6343.3349,6453.3348,5958.3343,5657.6678,4576.0011,3864.6676,3270.6675,2086.3338,100371.3565
495,2019-05-11,964.3336,957.0005,953.3335,1019.3338,3322.0008,4733.6678,5423.0013,5225.0014,3461.3338,3963.6676,4077.3345,4631.001,4939.0011,5404.668,5250.6675,5192.0014,5177.3345,5133.3343,5074.6679,4433.0011,3802.3346,3608.0009,3314.6676,1958.0005,92018.689
496,2019-05-12,579.3334,25.6667,168.6669,982.6671,1855.3336,2816.0009,2951.6677,2790.3341,3032.3344,3322.0008,3626.3343,3637.3343,3659.3343,3468.6677,3410.0009,3300.0006,3204.6679,3454.0006,3641.0009,3813.3341,3883.0009,3483.3343,2621.6674,1125.6671,64852.3509
497,2019-05-13,1151.334,1103.6668,1096.3335,1272.3339,3839.0008,5727.3346,6592.6684,6497.3351,5731.0014,4458.6676,4040.6676,4477.0008,4205.6678,4191.0013,4656.6678,5925.3348,6596.3351,6548.6686,6508.3351,5654.0011,4733.6679,3784.0008,3380.6674,2024.0006,104195.6928
498,2019-05-14,1063.3336,1041.3338,1019.3339,1180.6671,3377.0009,5320.3346,6152.6684,6336.0016,5012.3346,4480.6676,4183.6676,4312.0011,4400.0008,4216.6675,4697.001,5896.0016,6556.0013,6398.3349,6823.6684,5738.3348,4682.3346,3938.0011,3278.0007,2060.6674,102164.3589
499,2019-05-15,902.0003,924.0006,968.0003,1019.3338,3160.6676,5481.6681,6218.6681,6215.0013,5511.0011,4400.001,3974.6678,4154.3343,4304.6675,4169.0011,4455.0008,5786.0013,6402.0014,6746.6686,6611.0018,5903.3348,4627.3343,3776.6676,3340.3342,2075.3341,101126.6918
500,2019-05-16,960.6671,931.3338,1015.6671,1158.6668,3395.3341,5423.0011,6380.0018,6504.6683,5474.3346,4385.3344,4081.0013,4143.334,4260.6676,4290.0011,4946.3345,5837.3346,6123.3349,6391.0016,6215.0015,5789.6678,4719.0011,3718.0009,3197.3341,2027.6674,101368.6915
501,2019-05-17,902.0005,891.0003,880.0005,1155.0003,3329.3343,5280.0013,6277.3348,6310.3349,5375.3346,4557.6679,4400.001,4374.3341,4352.3344,4213.0011,4678.6681,5811.6681,6570.6684,6321.3349,6559.6684,5668.6682,4664.0008,3707.0009,3204.6676,2064.3339,101548.3593
502,2019-05-18,883.667,931.3339,883.6671,1096.3338,3446.6673,4818.0013,5126.0014,5302.001,4557.6678,4026.001,4033.3345,4433.0008,4994.0011,5316.6679,5225.0013,5107.6679,5100.3344,5148.0011,4898.6676,4282.6676,3853.6678,3542.001,3399.0008,2013.0006,92418.356
503,2019-05-19,960.667,861.667,832.3338,821.3338,1727.0006,2621.6673,2992.0012,2651.0007,2992.0007,3193.6674,3479.6676,3219.3341,3296.3341,3193.6674,3501.6676,3608.0011,3399.0009,3168.0009,3553.0009,3542.0008,3512.6674,3204.6673,2390.6673,968.0006,63690.0175
504,2019-05-20,1008.3338,909.3336,920.334,1100.0003,3373.3341,4975.6675,6259.0016,6105.0013,5511.0013,4796.0013,4337.6678,4458.6676,4425.6676,4330.3341,4660.3345,6204.0016,6244.3348,6911.6687,6134.3346,5727.3346,4620.0011,3861.0008,3259.6676,1965.3338,102098.358
505,2019-05-21,997.3338,1008.3335,968.0004,1177.0006,3410.0006,5228.6679,6281.0016,6596.3346,5584.3347,4539.3346,3938.0006,4407.3344,4447.6676,4455.0011,4994.001,5819.0011,6449.6683,6739.3348,6732.0017,5907.0014,4814.3346,3993.0012,3399.0008,2082.6671,103968.358
506,2019-05-22,975.3336,894.6668,916.6671,1067.0005,3773.0011,5360.6681,6409.3348,6277.3346,5258.0014,4440.3343,4018.6677,4158.0009,4348.6676,4341.3344,4766.6678,5786.0019,6259.0019,6589.0018,6108.6678,5610.0011,4473.3345,3663.0009,3219.3341,1921.3338,100635.3585
507,2019-05-23,594.0004,784.6671,1015.667,1081.667,3435.6674,5126.0013,6684.3351,6314.0019,5632.0016,4414.6679,4084.6676,4081.0012,3956.3341,3934.3345,4407.3341,5698.001,6394.6684,6405.6683,5969.3345,5672.3348,4466.0013,3890.334,3421.0008,1752.6671,99216.3584
508,2019-05-24,975.3338,872.667,960.6671,1114.667,3399.0008,5261.6678,6277.3351,6321.3348,5126.0008,4414.6678,4271.6677,4312.0011,4326.6678,4370.6674,4807.0011,5984.0014,6251.668,6336.0016,6310.3351,5023.3343,4634.6675,3879.3346,3358.6676,2119.3339,100708.6911
509,2019-05-25,953.3339,957.0006,931.3338,1147.6671,3421.0008,5074.6681,5474.3348,5353.3346,4660.3341,4022.3343,4106.6678,4334.0008,4836.3344,5027.0016,5129.6678,5129.6679,5001.3346,5052.6679,4990.3346,4539.3343,3864.6676,3593.3341,3351.3344,1826.0006,92777.6905
510,2019-05-26,1092.6671,1001.0004,861.667,1019.334,1719.6671,2713.3342,2746.3338,2805.0004,3087.3341,3259.6677,3531.0011,3388.0006,3384.3343,3593.3341,3604.3343,3560.334,3582.3344,3446.6676,3754.6679,3619.0008,3600.6677,3303.6676,2588.667,979.0003,66242.0175
511,2019-05-27,1070.6671,990.0003,931.3336,1059.6671,3461.3341,5335.0014,6152.6681,6174.6683,5316.6681,4337.6678,4106.6679,4213.0011,4128.6678,4062.6676,4664.0011,5613.6676,6446.0018,6691.6681,6328.6681,5826.3351,4550.3343,3736.3343,3564.0009,1958.0005,100719.6921
512,2019-05-28,872.6671,858.0003,924.0,1162.3335,3501.6676,5430.3346,6160.0013,6394.6684,5283.6679,4315.6678,4095.6676,4004.001,4279.0011,3993.0008,4594.3343,5606.3351,6647.6681,6255.3346,6138.0016,5727.3349,4667.6677,3663.0008,2874.6676,1851.6671,99300.6908
513,2019-05-29,993.667,982.6673,1030.3338,1217.3336,3454.0008,5551.3343,6383.6681,6108.6681,5221.3346,4502.6674,4092.0011,4154.3343,4154.3344,4055.3343,4389.0008,5610.0013,6116.0017,6306.6684,5976.6681,5258.0014,4649.3343,3619.0009,3171.6673,2123.0006,99121.0239
514,2019-05-30,1041.3338,1026.6673,1004.667,1199.0003,3542.0008,5203.001,6361.6684,6310.3351,5415.6679,4319.3342,4051.6675,4172.6675,4011.3344,4026.001,4436.6676,5063.6678,5529.3346,6251.668,6369.0014,5727.3346,4686.0011,3655.6676,3303.6674,1939.6671,98648.0234
515,2019-05-31,953.3335,949.6672,931.3336,1030.3338,3567.6674,5280.0011,6050.0015,6090.3349,5562.3346,4444.0011,4044.3343,4066.3343,4169.0008,4048.0009,4583.3345,5672.3346,6141.6681,6237.0016,6024.3349,5635.6681,4407.3346,3611.6679,3120.3341,1844.3338,98464.6912
516,2019-06-01,880.0005,887.3338,909.3338,1136.6671,3421.0008,4770.3344,5133.3343,5379.0014,4506.3347,3960.001,3908.6676,4154.3346,4876.6681,5232.3344,5210.3346,5107.6676,5005.0011,5089.3347,4825.3343,4172.6676,3622.6677,3395.3341,3102.0006,2038.6671,90724.3559
517,2019-06-02,979.0003,876.3336,836.0005,920.3336,1903.0006,2676.6673,2827.0009,2808.6674,2948.0009,3054.3342,3208.3344,3351.3342,3450.3341,3388.0009,3435.6676,3494.3344,3395.3341,3523.6676,3600.6674,3443.0006,3102.0006,3153.334,2431.0006,1111.0005,63917.3503
518,2019-06-03,949.6671,986.3338,997.3336,971.6671,1760.0008,2713.3339,2698.6674,2940.6673,3054.3341,2999.3341,3347.6676,3303.6674,3567.6676,3347.6673,3410.0011,3333.0009,3435.6677,3421.0012,3516.3344,3637.3343,3714.3344,3340.3344,2541.0006,1081.6671,65068.6852
519,2019-06-04,1100.0003,982.6671,957.0003,1235.6671,3307.334,5452.3349,6383.6683,6094.0013,5445.0014,4645.6676,4510.0014,4671.3346,4645.6679,4480.6675,5085.6679,5896.0011,6486.3351,6739.3351,6017.0013,5569.6679,4590.6674,3824.3345,3446.6676,2167.0006,103733.6922
520,2019-06-05,1052.3336,1056.0004,1012.0006,1444.667,3509.0008,5313.0011,6328.6682,6600.0016,5287.3346,4708.0011,4290.001,4418.3341,4378.0008,4088.3343,4660.3343,5852.0012,6431.3346,6306.6684,6207.6679,5602.6678,4565.0011,4040.6675,3472.3344,2240.3341,102864.6905
521,2019-06-06,960.6671,979.0003,946.0003,1276.0006,3564.0009,5236.0011,6380.0019,6101.335,5331.3349,4469.6678,4220.3341,4128.6679,4264.3344,4249.6676,4605.3344,5580.6681,6138.0013,6277.3346,6042.6684,5558.6681,4433.0011,3696.0009,3182.6674,2035.0006,99656.3588
522,2019-06-07,979.0003,927.6673,986.3338,1103.6671,3314.6671,5155.3348,6189.3351,5727.3349,5052.6675,4286.3348,4293.6674,4286.3343,4213.0011,4051.6676,4579.6678,5654.0011,5980.3349,6482.6685,6101.3346,5580.6681,4733.6679,3938.0008,3498.0009,2167.0006,99282.3583
523,2019-06-08,949.6671,872.6671,891.0006,1074.3338,3472.3341,4898.6679,5151.6681,5166.3343,4524.6675,3890.3344,3916.001,4293.6676,4917.001,4862.0013,5294.6678,5228.6679,5104.0008,5056.3347,4961.0013,4392.6678,3820.6679,3626.3344,3501.6678,1950.6671,91817.0233
524,2019-06-09,1056.0003,909.3339,1037.667,990.0005,1771.0003,2739.0006,2746.3339,3021.3342,3047.0008,3281.6674,3439.3342,3399.0008,3212.0008,3344.0009,3604.3344,3395.3342,3373.3343,3644.6677,3468.6676,3703.3344,3538.3339,3197.3344,2438.3339,1184.3335,65541.6839
525,2019-06-10,1067.0005,1015.6673,990.0003,1096.3338,3490.6673,5283.668,6556.0014,6138.0017,5199.3343,4543.0009,4095.6678,4077.3346,4220.3346,4095.6676,4726.3344,5705.3349,6427.6684,6299.3349,6321.3349,5903.3346,4539.3343,4044.3343,3355.0009,2013.0009,101203.6926
526,2019-06-11,1030.3338,902.0006,916.6673,1129.3338,3564.0009,5401.0013,6376.3348,6515.6684,5236.0014,4528.3345,4242.3343,4220.3341,4150.6678,4205.6676,4686.0013,5650.3346,6270.0014,6171.0014,6079.3344,5830.0016,4605.3344,3901.3343,3230.3342,2115.6674,100958.0256
527,2019-06-12,1008.3338,964.3338,975.3338,1052.3338,3384.3341,5063.6682,5760.3348,5852.0013,5338.6676,4216.6675,4165.3343,4147.0011,4099.3341,4132.3344,4543.0013,5283.6678,6152.6681,5727.3349,4803.3343,5357.0014,4191.0011,3663.0006,3303.6672,1851.6671,95036.3564
528,2019-06-13,1012.0003,1045.0005,1004.6673,1125.6673,3476.0008,5228.6678,5833.6679,6053.6683,4887.6679,4227.6676,3817.0008,3622.6675,3710.6676,3817.0011,4139.6674,5104.0013,5991.3346,5606.3344,5723.6678,5111.3343,4271.6678,3648.3342,3043.3339,1771.0006,93272.689
529,2019-06-14,953.3338,960.6671,964.3336,1217.3338,3274.3344,5206.6677,5951.0013,5859.3346,5019.6675,4268.0011,3707.0008,4022.3346,4037.0013,3963.6676,4455.0008,5353.3346,5907.0016,5734.6684,5503.6678,4840.0011,4158.001,3428.3344,2852.6676,1635.3339,93272.6904
530,2019-06-15,931.3338,942.3338,986.3336,964.3336,3087.3343,4396.3342,4759.3347,4895.0011,4352.3343,3659.3343,3608.0008,3941.6678,4345.0011,4568.6676,4913.3341,4832.6678,4671.3341,4568.6679,4356.0011,3886.6676,3523.6677,3256.0009,3186.3342,1782.0004,84414.0208
531,2019-06-16,968.0003,876.3338,792.0003,847.0003,1587.6671,2544.6674,2812.3341,2783.0005,2625.3341,2926.0006,3138.6673,2984.6673,3116.6676,3274.3341,2988.3344,3351.3341,3252.3341,3168.0009,3267.0009,3160.6674,3267.0006,2889.3341,2053.3338,909.3338,59583.3489
532,2019-06-17,847.0003,858.0006,887.3338,1092.6671,3168.0006,5096.6678,5903.3348,5991.3347,4917.0011,4004.0008,3853.6676,3956.3344,3945.3346,3857.3343,4213.0009,5393.6681,6072.0016,6035.3346,5401.0013,5122.3343,4106.6677,3483.3341,3080.0009,1782.0006,93067.3566
533,2019-06-18,1041.3338,902.0004,916.6673,1100.0004,3248.6676,5008.6678,5929.0015,5995.0014,4997.6679,4374.3346,4088.3344,4191.0009,3883.0008,3861.001,4319.3346,5034.3341,5932.6679,5577.0014,5925.3348,5118.6681,4400.0013,3369.6676,2871.0008,1950.667,94035.3574
534,2019-06-19,1144.0006,949.6673,927.6672,1111.0003,3366.0007,5140.6681,6112.3349,5899.6679,5012.3344,4198.3344,3978.3343,3930.6676,4004.0008,4488.0013,5023.3346,5566.0013,6013.3351,5624.6682,5650.3345,5408.3347,4165.3346,3377.001,2885.6677,1925.0,95901.6915
535,2019-06-20,935.0006,858.0003,997.3338,1030.3336,3399.0008,5170.0013,5786.0013,6281.0011,4741.0012,4264.334,3806.0008,3941.6678,3861.001,3868.3343,4521.0008,5056.3346,6193.0016,5888.6684,5672.3349,4909.6679,4323.0011,3619.001,2926.0006,1939.667,93987.6898
536,2019-06-21,920.3338,942.3336,968.0003,1166.0005,3366.0009,5089.3343,6031.6681,6178.3346,5195.6681,4293.6679,3875.6676,3894.0009,3857.3343,3941.6676,4323.0008,5401.0011,6163.6685,5951.0016,6237.0015,5371.6684,4231.334,3490.6674,3113.0008,1870.0006,95872.3572
537,2019-06-22,865.3336,905.6671,883.6671,1133.0003,3468.6673,4770.3346,4957.3349,5232.3346,4264.3343,3762.001,3732.6676,4268.0011,4532.001,4774.0009,5012.3343,4917.0011,4814.3343,4799.6677,4854.6679,4015.0008,3652.0006,3373.3341,3281.6674,1833.3339,88102.6875
538,2019-06-23,1074.3339,1004.6671,1096.3336,1019.3338,1983.6673,2790.3338,3014.0009,2940.6676,2753.6677,2948.0007,3234.0009,3182.6672,3223.0007,3091.0009,3032.3341,2926.0008,3076.3344,3248.6674,3248.6674,3270.6677,3483.3343,2860.0006,2148.667,1125.6671,61776.0169
539,2019-06-24,913.0003,924.0003,876.3339,1019.3336,1745.3338,2691.3339,2951.6674,2786.6671,3083.6677,3307.3343,3454.0008,3509.001,3432.0009,3204.6674,3406.3343,3549.3344,3483.3342,3531.0009,3553.0009,3509.0011,3604.3343,3208.3341,2332.0006,975.3339,65050.3511
540,2019-06-25,949.667,1004.6671,986.3336,1008.3339,3417.3343,5309.3346,5951.0015,5694.3346,5265.3346,4176.3343,3923.3346,4000.3343,3960.0009,3996.6676,4781.3346,5661.3347,6317.6684,6435.0018,6149.0014,5646.668,4385.3343,3109.3338,2856.3344,2016.6674,97001.6917
541,2019-06-26,920.3338,942.3335,1015.667,1118.3336,3545.6676,5170.0009,6185.6683,6453.3349,5221.3346,4535.6675,4158.0008,4150.6678,4440.3343,4242.3345,4667.6676,5683.3349,5980.3347,6350.6681,6343.3349,5511.0012,4433.0009,3663.0011,3314.6674,2137.6671,100184.357
542,2019-06-27,997.3339,924.0003,1052.3338,1257.6668,3435.6675,5060.0013,6248.0018,6123.3352,5338.6681,4440.3346,4528.3343,4180.0008,4081.001,4158.001,4587.0011,5456.001,6171.0016,6339.6681,6310.3349,5591.6682,4484.3346,3641.0008,3193.6674,2086.3341,99685.6922
543,2019-06-28,1041.3338,935.0003,1030.3335,1162.3338,3611.6674,5360.6678,6226.0014,6424.0016,5437.6676,4433.0013,4015.0008,4070.0011,4147.001,4033.3341,4433.0009,5767.6682,6449.6683,6464.3349,6090.3352,5309.3346,4539.3344,3795.0008,3399.0009,1994.667,100169.6907
544,2019-06-29,1056.0003,975.3338,993.6671,1100.0006,3531.0009,4708.0011,4968.3346,5166.3346,4675.0011,3978.3343,3846.3346,4513.6678,4979.3346,5052.6679,5082.0008,5162.6679,4858.3343,4825.3346,5027.0011,4414.668,3762.0011,3626.3341,3575.0011,1910.3336,91787.6899
545,2019-06-30,1122.0006,1015.667,960.6671,990.0003,1822.3339,2706.0008,2995.6677,3006.6674,3230.3343,3446.6674,3509.0006,3428.3339,3725.3343,3556.6676,3479.6676,3589.6678,3435.6673,3696.0006,3758.3344,3784.001,3421.0008,3175.3342,2570.3338,1136.6671,67562.0175
546,2019-07-01,990.0004,1030.3339,1052.3335,993.667,1796.6671,2750.0009,3072.6674,2805.0007,2926.0006,3208.3342,3443.0006,3410.0006,3479.6673,3446.6676,3329.3341,3600.6676,3509.001,3549.3343,3509.0012,3190.0007,3604.3341,3270.6674,2533.6676,1177.0003,65677.3501
547,2019-07-02,1085.3338,1048.6671,1041.3338,1180.667,3443.0008,5298.3346,6163.6683,5888.6681,5236.0014,4286.3344,4242.3342,4253.3344,4077.3341,4033.3344,4645.6678,5511.0017,6273.6681,6537.6681,6240.6682,5661.3346,4642.0011,3692.3341,3182.6676,2086.3341,99751.6918
548,2019-07-03,1067.0004,1133.0005,1012.0004,1133.0004,3406.3338,5291.0013,6064.6682,6050.0011,5540.3346,4532.0006,3989.3343,4084.6676,4143.3341,4117.6676,4671.3346,5727.3346,6152.6682,6501.0016,6317.6681,5621.0014,4693.3343,3677.6676,3281.6674,1950.6671,100158.6898
549,2019-07-04,982.667,880.0003,968.0004,1162.3338,3556.6676,5496.3346,6119.6678,6292.0014,4964.6679,4436.6676,4172.6678,4147.001,4059.0009,4231.3343,4711.6679,5749.3349,6354.3348,6251.6684,6006.0018,5452.3349,4422.0011,3648.3341,3237.6674,2020.3338,99322.6915
550,2019-07-05,1008.3338,971.6671,920.3339,1019.3339,3512.6674,5140.6678,6270.0014,6182.0016,5137.0011,4480.6675,3989.3343,4051.6678,4070.0011,4103.0011,4458.6679,5602.6679,6189.3349,6229.6681,6105.0019,5808.0014,4275.3341,3490.6676,3270.6674,1892.0006,98178.6916
551,2019-07-06,964.334,935.0,938.667,1103.667,3193.6676,4590.6678,4854.6678,4968.3343,4106.6678,3802.3341,3831.6675,4224.0011,4689.6678,5056.3346,4997.6676,5067.3344,5192.0011,4964.6681,4957.3344,4304.6678,3883.001,3622.6674,3560.3339,1840.6671,89650.0212
552,2019-07-07,931.3338,946.0006,821.3338,810.3335,1518.0006,2559.334,2801.3341,2852.6674,2995.6673,3256.0009,3391.6676,3498.0009,3527.3339,3578.6676,3604.3344,3600.6676,3659.3344,3443.0008,3670.3343,3696.0008,3626.3343,3267.0009,2533.6673,887.3338,65475.6846
553,2019-07-08,847.0006,883.667,795.6671,865.3339,3421.0011,5225.0013,6229.6681,5782.3348,5452.3347,4326.6673,4088.334,4132.3345,4114.0011,4224.0009,4917.001,5749.3346,5958.3349,6702.6684,6061.0014,5452.3348,4466.0011,3710.6675,3171.6677,1793.0003,98369.3581
554,2019-07-09,986.3338,891.0005,975.3339,1114.6671,3479.6674,5280.0011,6369.0016,6420.3351,5276.3346,4150.6676,3945.3344,4125.001,4029.6678,4209.3341,4642.0013,5533.0013,5925.3346,5023.3346,5771.3346,5456.0016,4513.6676,3743.6676,3483.3339,1855.3338,97199.6909
555,2019-07-10,1034.0003,971.6671,1026.6673,1089.0006,3472.3345,5210.3345,6431.3348,6233.3349,5060.001,4279.0011,3974.6677,4154.3341,4172.6676,4147.0009,4656.6676,5709.0012,6398.3349,6585.3351,6633.0013,5786.0011,4873.0013,3894.0009,3230.3344,1708.6673,100730.6915
556,2019-07-11,953.3338,938.667,935.0005,1045.0003,3479.6676,5151.6679,6226.0014,6519.3349,4851.0011,4510.0011,4121.3341,3989.3341,4334.0008,4363.3343,4752.001,5738.3349,6134.3349,6178.3349,6035.3348,5360.668,4693.3348,4411.001,3424.6676,2159.6672,100305.358
557,2019-07-12,909.3338,909.3336,968.0004,1114.667,3428.3341,5243.3346,6244.3348,6141.6681,5412.0011,4429.3344,4150.6678,4161.6676,4205.6676,4249.6679,4642.0011,5921.6681,6834.6681,6523.0014,6798.0016,5679.6679,4590.6675,3886.6676,3193.6673,1899.3338,101537.3572
558,2019-07-13,1081.6671,942.3338,913.0006,1114.6668,3443.0008,4535.6678,4920.6678,5419.3349,4260.6676,3919.6676,3974.6676,4194.6678,5071.0013,5445.0012,5287.3348,5456.0013,5357.0013,5316.6678,5100.3344,4605.3346,4117.6679,3743.6676,3776.6674,1950.6671,93947.3569
559,2019-07-14,960.6671,836.0003,821.334,880.0004,1833.3339,2838.0006,3058.0007,2882.0009,3138.6673,3300.0006,3681.3343,3542.0008,3604.3341,3644.6676,3593.3343,3685.0009,3575.0008,3747.3341,3923.3344,3930.6678,3685.0009,3384.3343,2555.6673,1052.3338,68152.3512
560,2019-07-15,990.0006,1118.3335,1019.3336,1166.0005,3553.0008,5437.6679,6365.3349,6141.668,5375.3346,4422.0011,4231.3341,4326.6679,4334.001,4469.6678,4935.3344,5841.0014,6519.3351,6332.3346,6468.0018,5467.0013,5063.6679,4073.6679,3505.3343,1888.3339,103044.3589
561,2019-07-16,880.0005,887.3338,931.3335,1169.6668,3501.6674,5379.0013,6336.0016,6391.0014,5283.6684,4546.6678,3905.0013,4029.668,4007.6678,4066.3341,4513.6673,5698.0011,6259.0016,6471.6684,6743.0016,5767.6676,4986.6679,3974.6675,3300.0009,1965.3336,100994.6912
562,2019-07-17,931.3338,905.6671,869.0003,1111.0003,3542.0008,5470.6679,6552.3346,5987.6681,5698.0013,4491.6676,4114.0006,4121.3344,4132.3341,4202.0008,4799.6679,5811.6678,6471.6684,6479.0016,6779.6682,5481.6681,4587.0011,3963.6676,3457.6677,1818.6673,101779.3574
563,2019-07-18,946.0006,935.0004,894.667,1272.3339,3450.3343,5419.3349,6339.6683,6464.3349,5327.6679,4719.0011,4312.0008,4312.0011,4286.3346,4257.0006,4744.6678,5892.3346,6215.0014,6640.3348,6765.0016,5727.3346,4554.0012,3927.0008,3340.3344,1932.3341,102674.0257
564,2019-07-19,1037.6671,946.0006,935.0003,1158.667,3571.3341,5423.0014,6398.3348,6343.3351,5272.6678,4246.0007,4066.3341,4004.0009,4055.3343,4191.0009,4550.3346,5602.6679,6471.6683,6116.0013,6493.6681,5687.0016,4455.0013,3831.6676,3307.3341,1485.0003,99649.0242
565,2019-07-20,891.0,792.0006,799.3338,788.3338,1782.0006,2691.3338,2999.3341,2970.0008,3281.6676,3454.0009,3666.6675,3663.0008,3663.0011,3560.3342,3674.0012,4015.0011,3868.3341,3498.0008,3934.3344,3784.0011,3604.3341,3391.6674,2621.6671,1312.667,68706.0179
566,2019-07-21,946.0004,927.6673,905.6671,821.3339,1540.0005,3124.0009,3186.3341,2962.6674,3164.3342,3362.3341,3644.6676,3457.6679,3545.6678,3571.3341,3608.0008,3685.0008,3652.0011,2544.6673,4011.3346,3908.6679,3806.0011,3366.0008,2669.3341,1169.667,67580.3528
567,2019-07-22,975.3338,909.3336,887.3336,1199.0004,3523.6673,5309.3346,6600.0016,6178.3346,5463.3349,4411.0011,4106.6679,4220.3344,3974.6678,3985.6677,4532.001,5811.6682,6134.3349,6372.6678,6860.3348,5910.6681,4744.6676,3787.6679,3296.3339,2145.0003,101339.3578
568,2019-07-23,887.3338,869.0004,832.3338,1085.3338,3615.3341,5342.3346,6457.0014,5995.0011,5324.001,4378.0011,4326.6678,4279.0009,4209.3341,4381.6676,4913.3341,5822.6681,6625.6683,6277.3351,6321.3348,5907.0016,4671.3343,3817.0008,3542.0011,1620.6674,101500.6911
569,2019-07-24,898.3338,858.0003,865.3338,1111.0003,3615.3341,5346.0011,6636.6684,6072.0015,5349.6679,4425.6679,3894.0008,3938.0008,4088.3343,4165.334,4638.3344,5566.0013,6251.6683,6453.3351,6310.3349,5701.6681,4444.0009,3956.3341,3399.0011,1723.3339,99707.6911
570,2019-07-25,949.6671,960.6671,1034.0003,1221.0003,3593.3341,5225.0013,6413.0018,6398.335,5441.3346,4381.6676,4121.3343,4187.3343,4165.3343,4216.6679,4799.6676,5705.3349,6468.0016,6633.0016,6376.3349,5760.3346,4796.0011,3762.0009,3281.6674,1925.0006,101816.0252
571,2019-07-26,968.0003,957.0006,986.3338,1092.6671,3725.3339,5555.0011,6277.3351,6717.3349,5408.3344,4510.0009,4161.6677,4191.0012,4191.0008,4227.6676,4726.3344,5782.3348,6592.6687,6163.6681,6743.0016,5885.0013,4917.0011,4029.6676,3248.6675,1844.3338,102901.3583
572,2019-07-27,909.3338,938.6671,971.6671,1169.6668,3637.3344,4704.3343,5060.001,5287.3346,4488.0008,3945.3344,3798.6675,4286.3343,4803.3343,5195.6684,5338.6681,5166.3346,5122.3346,5203.0013,5038.0014,4385.3343,3798.6678,3542.0008,3443.0011,1980.0004,92213.0232
573,2019-07-28,949.6671,905.667,975.3338,865.3338,1657.3336,2581.3341,2900.3341,2698.6674,3113.0007,3197.3339,3278.0008,3366.0009,3336.6674,3292.6676,3300.0009,3362.3343,3498.0009,3696.0011,3307.3341,3329.3344,3285.3344,2867.334,2229.3338,931.3338,62923.6839
574,2019-07-29,938.667,836.0006,817.6673,982.6671,3369.6676,5404.6681,6189.3349,6141.6683,5371.6684,4678.6676,4312.0011,4389.0013,4282.6678,4422.0011,4876.6678,5888.6681,6442.3347,6570.6682,6508.3349,5236.0014,4579.6679,4609.0011,3417.3341,1958.0006,102223.027
575,2019-07-30,1001.0005,898.3338,997.3336,1092.6671,3457.6677,5434.0011,6347.0016,6376.3349,5500.0013,4436.6676,4143.3345,4209.3345,4231.3341,4161.6676,4653.0011,5661.3346,6328.6683,6306.6681,6519.3349,5610.0011,4462.3344,3974.6679,3369.6679,1844.3341,101016.6923
576,2019-07-31,1111.0005,1133.0005,920.3338,964.3338,3769.3341,5412.0013,4077.3344,5078.3346,4964.6678,4667.6678,4326.6677,4092.0011,4191.0011,4117.6676,4741.0013,5536.6682,6218.6679,6185.6682,6380.0016,5804.3345,4601.668,3725.3342,3164.3344,1859.0003,97042.0247
577,2019-08-01,905.6668,935.0003,938.6671,1059.6671,3545.6677,5426.6679,6306.6683,6035.3349,5866.6678,4499.0011,4143.3344,4099.334,3960.0012,3982.0011,4627.3347,5613.6681,6277.3351,6446.0017,6240.6681,5617.3343,4491.6679,3974.6679,3454.001,1910.3341,100356.6926
578,2019-08-02,957.0006,964.3339,1008.3339,1246.6672,3549.3344,5386.3346,5456.0014,6226.0016,5470.6679,4579.6679,4029.6678,4198.3344,4007.6676,4073.6679,4660.3344,5514.6681,6240.6679,6321.3349,6182.0016,5551.3346,4491.6676,3732.6676,3300.0008,2856.3339,100004.6925
579,2019-08-03,2350.3339,1045.0006,982.6671,1056.0004,3336.6674,4660.3341,5166.3346,5089.3343,4440.3346,4015.0011,4044.3344,4422.0011,4620.001,5082.0013,5346.0011,5239.6678,4913.3345,5027.0011,4942.6681,4554.0008,3996.6676,3696.0013,3289.0009,2948.0009,94262.69
580,2019-08-04,2493.3341,1056.0003,993.667,1202.6668,1851.6671,2761.0012,2951.6672,2962.6677,3043.3339,3208.3342,3296.3341,3384.3341,3578.6676,3417.3341,3468.6679,3355.0009,3479.6676,3553.0009,3630.0008,3725.3343,3538.3341,3274.3342,2497.0007,1019.3335,67741.6843
581,2019-08-05,1012.0003,979.0003,1015.6671,1125.6671,3479.6676,5360.6676,6218.6684,6259.0016,5379.0011,4352.334,4169.0008,4011.3343,4172.6679,4099.3343,4653.0014,5698.0014,6365.3351,6442.3348,6471.6684,5951.0016,4818.0012,4136.0008,3483.3342,1994.6671,101647.3584
582,2019-08-06,916.6671,982.6671,949.6672,1147.667,3410.0005,5357.0012,6508.3351,6068.3349,5140.6679,4653.0011,4099.3343,4048.0011,4191.0008,4286.3343,4858.3343,5738.3349,6185.6683,5815.3348,6713.6684,5551.3346,5045.3346,4044.3344,3314.6676,3054.3341,102080.0256
583,2019-08-07,2313.6674,898.3338,920.3338,883.6671,1862.6673,2827.0009,3036.0007,2860.0006,3091.0009,3186.3339,3446.6676,3487.0008,3366.0009,3659.3343,3655.6675,4004.0009,3611.6675,3553.0011,3534.6673,3527.3341,3340.3341,2882.0006,2981.0009,2346.6671,69274.3511
584,2019-08-08,1092.6671,1041.3336,1103.667,1191.667,3531.0005,5397.3348,6431.3349,6167.3349,5261.6678,4275.3344,3956.3346,3879.3341,4026.0013,4348.6679,4891.3343,5804.3346,6306.6683,6570.6682,6431.3351,5742.0013,4741.001,3798.6678,3263.3341,1932.3338,101185.3584
585,2019-08-09,975.3335,1023.0004,1133.0003,1140.3335,3498.0006,5133.3346,6567.0014,6317.6684,5162.6679,4539.3345,4125.0008,4220.3341,4315.6674,4363.3343,4792.3344,5316.6679,6889.6684,6200.3349,6625.6683,5918.0014,4909.6681,3901.3341,3300.0009,3116.6674,103484.3575
586,2019-08-10,2467.6671,975.3339,938.667,1100.0003,3637.3341,4792.3346,5085.6679,5217.6681,4543.0013,3938.0008,3956.3343,4642.0013,4847.3346,5617.3346,5566.0013,5595.3346,4986.6678,4968.3346,4862.001,4697.0013,3908.6675,3582.3341,3421.0009,3065.3342,96411.3572
587,2019-08-11,2431.0004,880.0003,861.6668,854.334,1866.3339,2680.3341,3131.3339,2801.3339,2940.6674,3446.6676,3483.3344,3586.0012,3311.0006,3395.3343,3527.3341,3520.0009,3714.3345,3905.0011,4392.6675,3894.0006,3483.3344,3270.6674,2379.6671,1122.0006,68878.351
588,2019-08-12,894.667,872.6673,887.3336,1092.6671,3369.6676,5239.6679,6317.6682,6237.0015,5247.0013,4334.0011,4114.0008,4022.3341,4073.6676,4077.3345,4774.001,5470.6681,6519.3348,6207.6681,6508.3349,5610.0011,4598.0013,3960.0008,3303.6674,1921.3339,99652.691
589,2019-08-13,902.0003,931.3338,924.0003,1125.6671,3479.6674,5357.0014,6677.0018,6097.6678,5239.6682,4315.6676,4161.6676,4326.6679,4165.3344,4198.3345,4733.6676,5764.0013,6255.3349,6512.0016,6471.6681,5657.6678,4939.0011,3798.6679,3344.0009,1873.6671,101251.3584
590,2019-08-14,894.6671,971.6671,953.3339,1147.6671,3644.6678,5459.6683,6519.3352,6383.6681,5173.6681,4510.001,4026.0011,4088.3344,4092.0011,4176.3341,4799.6681,5547.668,6394.6681,6350.6681,6343.3349,5705.3346,4708.0009,4073.6678,3351.3341,1892.0006,101207.3596
591,2019-08-15,957.0003,1001.0003,1026.6673,1268.6671,3659.3344,5324.0014,6427.6681,6244.335,5096.6676,4315.6676,3967.3344,3989.3346,4132.3344,3927.0008,4546.6679,5529.3349,6486.3348,6427.6684,6578.0014,5830.0014,4675.0011,3974.668,3366.0011,1851.6672,100602.3595
592,2019-08-16,1151.334,997.334,1063.334,1144.0,3516.334,5500.0012,6515.6692,6189.3352,5441.3352,4425.668,3996.668,4011.334,4147.0012,4092.0012,4554.0012,5624.668,6383.668,6229.668,6933.668,5401.0012,4466.0012,3806.0012,3303.668,1686.6672,100580.3612
593,2019-08-17,894.6673,935.0005,946.0003,927.667,3329.3343,4612.6676,5276.3344,5327.6678,4403.6679,3850.0013,3919.6676,4418.3343,4799.6676,5056.3347,5309.3347,5272.668,5005.0011,4880.3348,4579.6676,4275.3341,3817.0011,3754.6676,3626.3344,1774.667,90992.023
594,2019-08-18,278.6667,25.6667,157.6667,891.0003,1774.6673,2691.3341,2757.3338,2687.6673,2959.0006,3142.3341,3483.3341,3237.6676,3472.3343,3311.0006,3285.3339,3322.0009,3325.6673,3483.3344,3509.0006,3457.6676,3439.3343,3259.6674,2427.3338,850.667,61229.6814
595,2019-08-19,762.6671,836.0004,781.0006,792.0003,1789.3338,2746.3341,2860.0004,2937.0007,2973.6673,3208.3341,3424.6676,3340.3344,3450.3343,3421.0009,3461.334,3329.3344,3560.3343,3402.6676,3615.3341,3813.3343,3428.3343,3131.3341,2302.6673,1136.6671,64504.0175
596,2019-08-20,953.3338,920.3338,832.3338,979.0005,3648.3346,5349.6679,4741.0013,5907.0016,5511.0011,4825.3347,4227.6676,4319.3344,4249.6679,4183.6677,4484.3343,5313.0011,6152.6684,6420.3348,5800.6679,5778.6684,4686.0013,3820.6676,3322.0009,1965.3335,98391.3589
597,2019-08-21,979.0003,957.0003,993.6671,1202.6671,3509.0008,5404.6679,6083.0013,6156.3346,5419.3347,4381.6679,4231.3343,4121.3343,4139.6676,4198.3341,4693.3344,5679.6681,5844.6679,6394.6683,6284.6683,5408.3349,4961.0008,3938.001,3303.6677,1980.0006,100265.0243
598,2019-08-22,766.3336,502.3332,667.3336,1078.0006,3571.334,5272.6678,6592.6684,5998.6681,5412.0013,4554.0013,4176.3343,4205.6677,4352.3345,4062.6676,4381.6678,5602.6678,6431.3348,6259.0013,5650.3345,5745.6678,4964.6676,4018.6674,3402.6675,1789.3338,99458.3563
599,2019-08-23,1008.3339,1078.0004,1034.0003,1188.0,3699.6676,5254.3346,6519.3351,5082.0014,5507.3347,4535.6679,4249.6679,4139.6676,4143.3344,4231.3343,4697.0014,5896.0016,6306.6681,6215.0017,6468.0015,5676.0011,4601.6676,3641.0008,3340.3342,1936.0006,100448.3587
600,2019-08-24,997.3339,1063.3336,1111.0003,1228.3339,3509.0011,4675.0011,5107.6678,5265.3345,4480.6678,3996.6678,3743.6676,4304.6676,4642.0011,5181.0011,5206.6681,5034.3346,5096.6676,5236.0011,4777.6676,4480.6676,3798.6679,3325.6674,3340.3342,2005.6671,91608.0224
601,2019-08-25,1111.0003,1004.667,979.0003,880.0,1800.3339,2819.6674,2973.6671,2838.0006,2966.3341,2992.0009,3410.0011,3274.3342,3369.6676,3292.6676,3556.6678,3531.0009,3824.3345,3729.0011,3861.0009,3732.6676,3795.0012,3450.3344,2559.3336,722.3336,66473.0177
602,2019-08-26,484.0001,520.6666,583.0004,1147.6672,3307.3338,5518.3346,4660.3346,4477.0008,5309.3346,4473.3341,4293.6678,4004.0008,4172.6676,4268.0009,4671.3346,5489.0014,6369.0016,6596.3351,6882.3349,5786.0016,4678.6676,3663.0011,3278.0008,1983.6673,96616.6899
603,2019-08-27,696.6669,480.3334,821.3336,1085.3336,3802.3344,5324.0014,6684.3351,6273.6681,5316.6679,4370.6676,4227.6675,4180.001,4378.0008,4326.6678,4715.3344,5800.6681,6442.3351,6332.3348,6431.3351,5639.3352,4517.3343,3963.668,3303.6674,1730.6671,100844.3586
604,2019-08-28,1026.6668,997.3339,1037.6673,1037.6671,3483.3343,5437.6676,6427.6684,6196.6681,5577.0016,4601.6678,4392.6678,4227.6677,4290.0011,4117.6677,4660.3346,5375.3344,5958.3348,6592.668,6028.0016,5885.0011,4678.6679,3868.3343,3428.3346,1826.0003,101152.3588
605,2019-08-29,1001.0003,1001.0003,931.3335,1136.667,3553.0008,5302.001,6530.3353,6237.0015,5573.3347,4466.0011,4257.0012,4224.0009,4455.0011,4143.3344,4484.3344,5643.0013,6383.6684,6464.3351,6479.0015,5995.0016,4964.6678,3916.001,3424.6674,1785.6671,102351.3587
606,2019-08-30,935.0006,975.3336,975.3336,1100.0005,3578.6675,5137.0013,6449.6681,6563.3349,5390.0014,4851.0008,4433.001,4308.3344,4429.3344,4359.6678,4730.0008,5694.3349,6347.0016,6376.3351,6152.6684,5987.6681,4425.6676,3707.0011,3377.0009,1804.0005,102087.3589
607,2019-08-31,836.0005,806.6668,1114.6671,1404.3338,3721.6676,4920.6678,5357.0014,5217.6678,4671.3346,4271.6678,4205.6678,4521.0014,5056.3344,5250.6678,5338.6678,5309.3346,5250.6679,5008.6678,5023.3343,4543.0011,4011.3343,3560.3344,3681.3343,2423.6671,95505.6902
608,2019-09-01,1719.6668,293.3334,25.6667,157.6666,1870.0004,2992.0006,2878.334,2742.6677,3138.6676,3498.0009,3659.3344,3318.3341,3538.3344,3527.3341,3611.6676,3692.3344,3795.0009,3857.3343,3941.6678,3846.3346,3835.3343,3369.6674,2761.0008,1569.3339,67639.0177
609,2019-09-02,858.0003,979.0006,927.667,1096.3335,3578.6673,5478.0014,6391.0016,5841.0013,5599.0014,4620.0011,4246.0009,4169.0011,4070.0011,4022.3344,4682.3346,5536.6681,6266.3347,6754.0016,6310.3348,5896.0016,4968.3349,4231.3346,3666.6676,1903.0006,102091.0261
610,2019-09-03,1037.6668,990.0006,1195.3338,1279.6671,3762.0008,5606.3348,6446.0017,5951.0016,5250.6681,4873.0008,4249.6678,4345.0009,4337.6676,4477.001,4972.0011,6167.3345,6189.3349,6372.6681,6585.3349,5910.6681,4876.668,4260.6676,3597.0008,1895.6671,104628.3585
611,2019-09-04,1019.3336,1030.3339,1034.0003,1228.3338,3776.6675,5569.6682,6409.3348,6105.0016,5778.6681,4796.0011,4367.0008,4524.6678,4367.0012,4235.001,4781.3346,5635.6681,5943.6684,6926.3353,6526.6684,5760.3347,4873.0008,4044.3343,3373.3341,1840.6671,103946.3595
612,2019-09-05,1136.667,1147.6671,1122.0006,1400.6671,3751.0008,5668.6681,6193.0019,6405.6684,5415.6678,4704.3345,4220.3346,4308.3343,4238.6674,4121.3341,4583.3347,5749.3349,6328.6681,6853.0019,6299.3346,5925.3349,4858.3346,4114.0011,3659.3341,1818.6673,104023.3599
613,2019-09-06,1103.6673,1096.3336,1045.0003,1173.3339,3842.6676,5511.0014,6387.3351,6020.6681,5353.3349,4480.6679,4304.6676,4576.0011,4370.6676,4374.3343,4524.6676,5859.3347,6673.3351,6347.0017,6460.6681,6193.0016,4660.3345,4191.0011,3875.6675,1925.0006,104349.6932
614,2019-09-07,1004.6668,960.667,953.3338,1232.0003,3831.6673,4979.3347,5375.3346,5404.6681,4506.3346,4081.0011,4066.3346,4550.3344,5107.6678,5434.0011,5349.6681,5412.0014,5324.0011,5188.3346,5265.3346,4579.6676,4026.0008,3916.0007,3773.0008,2680.3342,97001.6901
615,2019-09-08,1972.6673,1107.3336,1144.0003,1078.0006,1994.667,3054.3341,3124.0009,3135.0007,3204.6674,3314.6677,3490.6674,3597.0009,3549.3343,3652.0009,3795.0011,3545.6676,3633.6676,3648.3343,3586.0008,4011.3344,4099.3344,3461.3344,2662.0006,1213.6671,71074.6854
616,2019-09-09,1059.6671,1129.3338,1052.3338,1342.0005,3773.0009,5595.3345,6790.6683,6248.0016,5749.3346,4708.0011,4209.334,4147.0013,4297.3344,4363.3343,4708.0011,5646.668,6420.3351,6765.0015,6897.0016,5753.0011,4719.0009,4000.3341,3439.3343,2002.0007,104815.3586
617,2019-09-10,1026.6671,916.6671,1070.667,1298.0,3787.6677,5665.0013,5874.0016,6193.0014,5489.0013,4502.6676,4213.0011,4176.3343,4304.6678,4106.6673,4851.0011,5793.3348,6427.6684,6790.6683,6724.6683,5815.335,4722.6676,4165.3344,3564.0012,1903.0006,103381.6923
618,2019-09-11,1041.3338,1092.6671,1111.0004,1279.667,3883.0009,5602.6682,6757.6684,6339.6678,5613.6679,4950.0011,4238.6679,4370.6676,4341.3346,4282.6678,4935.3346,5676.0013,6200.3346,6944.6686,6229.6684,5775.0014,5056.3346,3578.6674,2266.0007,2522.6674,104089.3595
619,2019-09-12,1052.3336,1081.6668,1023.0003,1345.6672,3582.3341,5467.0011,6486.3351,6420.3348,5232.3346,4499.0011,4425.6676,4275.3343,4238.6678,4143.3343,4590.6676,5936.3349,6284.6681,6614.6686,6908.0017,5903.3346,4814.3343,3938.0008,3677.6675,1910.3338,103851.0246
620,2019-09-13,1019.3338,1004.6673,986.3336,1283.3336,3622.6679,5489.0013,6556.0015,6306.6686,5291.0013,4425.6677,4198.3346,4271.6676,4319.3343,4425.6676,4770.3346,5562.3346,6721.0019,6372.6684,6600.0015,6281.0014,4869.3346,4070.0009,3483.3344,2225.6674,104155.3604
621,2019-09-14,1092.667,1048.6671,1217.3336,1554.667,4458.6676,6636.6683,7461.6683,7161.0018,6255.3346,5397.3346,5298.3343,5918.0015,6790.6683,6812.6683,7322.3349,6985.0018,6933.6686,7102.3351,6669.6681,5529.3345,4744.6676,4686.0011,4587.0011,2137.6673,123801.3624
622,2019-09-15,1045.0003,971.6671,909.3338,1004.6671,2097.3339,3116.6672,3164.3341,3069.0009,3278.0009,3399.0008,3564.0009,3468.6673,3710.6679,3861.0008,3604.3343,3494.3344,3483.3343,3740.0008,4070.0011,3879.3343,3692.3341,3421.0008,2500.667,1096.334,69641.0181
623,2019-09-16,1030.3338,964.3338,979.0003,1250.3335,3670.3342,5580.6681,5943.6681,6207.6678,5250.6678,4722.6678,4293.6678,4293.6673,4337.6675,4374.3346,4818.0011,5738.3348,6578.0014,6592.6686,6838.3351,6204.0013,4755.6681,3919.6673,3501.6676,1943.3339,103788.6916
624,2019-09-17,1056.0004,916.6671,979.0006,1125.667,3589.6675,5712.6679,6416.6684,6006.0015,5595.3346,4561.3341,4216.6676,4293.6675,4246.0011,4268.0011,4807.0011,5881.3346,6468.0016,6754.0019,6743.0016,6017.0016,4950.0011,4040.6676,3523.6674,1958.0008,104126.0257
625,2019-09-18,1133.0005,1100.0006,1133.0003,1250.3338,3630.0009,5606.3349,6372.6683,5760.3349,5247.0013,4425.6678,4117.6675,4092.0011,3967.3343,4191.0008,4620.0009,5558.6681,6387.3351,6526.6684,6541.3351,5778.6684,4678.6678,3864.6676,3406.3344,1954.3338,101343.0266
626,2019-09-19,1151.3338,1026.6668,1114.6671,1283.3338,3685.0008,5379.0013,6666.0017,6365.3348,5511.0014,4565.0011,4026.0008,4125.0011,4176.3345,4187.3341,2955.3339,4752.0013,5441.3346,6724.6683,6248.0016,5753.0011,4763.0014,3883.0011,3454.0009,1936.0008,99172.3581
627,2019-09-20,975.3335,876.334,942.3336,1294.3338,3835.3344,5709.0016,6600.0014,6512.0014,5705.3349,4796.0014,4066.3343,4246.0006,4227.6676,4062.6676,4656.6678,5632.0014,6614.6681,6420.3349,5503.6684,5778.6681,4715.3343,3901.3343,3241.3341,1932.3336,102245.0251
628,2019-09-21,1213.6671,1081.667,1103.6668,1298.0003,3857.3343,4891.3346,5452.3347,5173.6678,4411.0009,4018.6678,3784.0011,4444.0011,4851.001,5228.6681,5155.3343,5364.3346,5166.3348,5250.6679,4997.6681,4719.0008,4070.0011,3740.001,3729.0011,1987.3338,94988.6901
629,2019-09-22,1030.3338,1030.3335,953.3338,905.6671,1976.3336,2933.3344,3138.6674,2995.6674,3153.3342,3204.6674,3472.3342,3692.3341,3512.6673,3527.3344,3516.3346,3597.001,3681.3342,3707.001,3945.3343,3949.0011,3773.0011,3457.6676,2563.0007,1224.6668,68940.685
630,2019-09-23,1096.3336,1195.3339,1004.667,1309.0006,3663.0009,5459.6678,6515.6684,6314.0014,5441.3346,4290.0011,3839.0011,3952.6678,4161.6676,4114.0009,4554.0011,5569.668,6123.3349,6270.0016,6090.3348,5269.0013,4920.6679,3604.3343,3340.3341,2046.0005,100144.0252
631,2019-09-24,1111.0004,946.0003,1023.0006,1213.6671,3692.3341,5650.3349,6306.6684,6519.3349,5148.0014,4429.3346,4121.3341,4095.6676,4290.0011,4084.6676,4418.3344,5712.6684,6453.3349,6570.6681,6343.3351,5437.6679,4766.6676,3853.6677,3476.0006,1818.6671,101482.3589
632,2019-09-25,953.3336,1144.0004,1026.667,1224.6671,3479.6673,5437.6679,6471.6683,6141.6683,5419.3344,4381.6678,4312.0011,4315.6678,4337.6675,4301.0008,4572.3343,5661.3348,5943.6678,6013.3346,6094.0016,5668.6679,5078.3346,3743.6674,3468.6674,1928.667,101119.3567
633,2019-09-26,1147.6671,1004.6673,1089.0003,1158.667,3355.0006,5309.3344,5940.0014,6152.6678,5522.0014,4620.0011,4257.0008,4125.0008,4301.0008,4279.0009,4726.3344,5617.3346,6347.0019,6677.0015,6068.3349,5881.3349,4788.6679,3861.0008,3417.3344,1976.3338,101621.6908
634,2019-09-27,894.6671,957.0003,1052.3339,1305.3336,3721.6676,5511.0014,6057.3346,6416.6684,5320.3343,4572.3344,4231.3343,4213.0008,4444.0009,4213.0009,4601.6673,5760.3346,6603.6683,6035.3348,6717.3348,5613.6679,4579.6675,3941.6673,3553.0006,1932.3339,102248.6895
635,2019-09-28,982.6668,986.3336,924.0006,1169.667,3490.6676,4664.0011,5470.6678,5661.3351,4565.0011,4348.6676,4018.6676,4719.0008,5096.6682,5408.3343,5793.3346,5305.6684,5371.6676,5404.6681,5239.6678,4814.3343,4077.3341,3699.6676,3468.6679,2064.3338,96745.0234
636,2019-09-29,1023.0,924.0003,982.6671,1074.3336,2027.6671,3021.3341,3069.0006,3032.3341,3113.0006,3256.0006,3450.3341,3626.3341,3747.3346,3622.6679,3630.0009,3685.0013,3703.3341,3674.0011,3791.3344,3666.6674,3710.6676,3399.0011,2643.6673,1100.0004,68973.6844
637,2019-09-30,942.3335,924.0004,1019.3338,1283.3336,3725.3344,5705.3349,6684.335,6200.3351,5390.0011,4609.0014,4132.3343,4356.0009,4444.0011,4301.001,4378.001,5650.3347,6189.3349,6387.335,6875.0016,5800.6683,4664.0011,4143.3343,3402.6674,2350.3339,103557.6927
638,2019-10-01,1052.3336,1015.6671,1070.6671,1221.0004,3729.0011,5555.0011,6526.6684,6321.3348,5155.3346,4744.6676,4227.6676,4326.6678,4433.0013,4381.6675,4759.3344,5940.0011,6424.0013,6534.0014,6669.6681,6105.0015,4785.0014,4011.3346,3578.6676,1943.3341,104511.0255
639,2019-10-02,1034.0003,1001.0006,1015.6671,1232.0004,3641.0008,5610.0016,6526.6683,5980.3351,5038.0011,4675.0008,4319.3341,4235.0011,4429.3341,4231.3342,4810.6678,5690.6681,6596.3349,6633.0016,6614.6679,5874.001,4726.3341,3941.6676,3644.6678,1899.3339,103400.0243
640,2019-10-03,1085.3336,1158.6673,1114.6671,1309.0003,3787.6676,5650.3348,6446.0016,6119.6681,5056.3346,4337.6676,4099.3343,4055.3343,4154.334,4231.3341,4689.6679,5742.0013,6508.3348,6303.0016,6471.6681,5918.0017,4730.0014,4114.0011,3501.6676,2101.0006,102685.0254
641,2019-10-04,1041.3338,1001.0004,1089.0005,1309.0003,3740.0009,5544.0013,6442.3348,6541.3351,5415.668,4414.6679,4176.3343,4051.6676,4451.3346,4381.6678,4752.0008,5833.6679,6688.0016,6636.6683,6273.6684,6031.6681,4777.6678,4158.0011,3542.0008,1965.3338,104258.0259
642,2019-10-05,1041.3338,1074.3336,1041.3338,1228.3335,3586.0008,5016.0012,5349.6678,5368.0016,4759.3346,4007.6676,3864.6676,4565.0012,4979.3344,5294.6679,5151.6678,5320.3346,5071.0017,5243.3343,5082.0011,4363.3344,3894.0011,3556.6676,3578.6676,1965.3338,94402.0234
643,2019-10-06,1078.0006,949.667,1008.3339,949.6671,1950.6671,2929.6674,3234.0006,3149.6676,3201.0008,3410.0008,3494.3341,3479.6676,3597.0008,3626.3341,3564.0009,3923.3343,3509.0008,3707.0008,3996.6674,3985.6676,3740.001,3534.6676,2581.3341,1147.6671,69747.3511
644,2019-10-07,990.0004,979.0006,986.3338,1250.3336,3663.0008,5580.6681,6717.3348,6211.3352,5287.3346,4440.3344,4396.3341,4330.3343,4235.001,4279.0013,4810.6676,5599.0014,6526.6683,6805.3352,6651.335,6042.6683,4748.3346,4033.3343,3520.0008,1756.3339,103840.0264
645,2019-10-08,1268.667,1030.3339,1045.0006,1136.6671,3498.0009,5657.6679,6849.3351,6277.3348,5819.0016,4352.3343,3996.6676,4312.0012,4231.3346,4312.0011,4726.334,5896.001,6574.3346,6640.3351,6471.6683,5756.6681,4565.0008,4066.3344,3461.3341,1998.3339,103942.692
646,2019-10-09,1107.3336,1048.6668,1096.3339,1180.667,3802.3344,5577.0014,6336.0014,6347.0016,5298.3346,4326.6675,4279.001,4290.0009,4242.3343,4286.3341,4917.0011,5731.0014,6735.668,6702.6683,6519.3349,5672.3345,4763.0011,4136.0011,3677.6678,1848.0006,103920.6913
647,2019-10-10,1089.0003,1067.0006,1147.6671,1353.0003,3817.0011,5386.3345,6691.668,6372.6684,5621.0011,4605.3341,4099.3346,4356.0009,4253.3344,4286.3343,4796.0013,6050.0016,6772.3348,6490.0014,6633.0015,5786.0015,4744.6676,4106.6678,3600.6675,1866.3338,104991.3585
648,2019-10-11,1085.3338,1133.0006,1023.0003,1188.0003,3644.6676,5269.0013,6354.3351,6097.6681,5294.6681,4407.3341,4238.6676,4279.0009,4088.3342,4125.0011,4550.3344,5437.6681,6457.0016,6310.3349,6284.6681,5657.6681,4825.3345,3864.6679,3472.3344,1851.6671,100939.6922
649,2019-10-12,1118.3335,1041.3338,993.6671,1184.3335,3571.3344,4906.0011,5272.6676,5074.6678,4367.0008,3949.0013,3941.6677,4275.3341,4851.0012,5008.6679,5368.0014,5206.6678,4986.6678,5096.6681,4975.6676,4466.0013,4147.0011,3575.0012,3571.3341,1888.3338,92836.356
650,2019-10-13,1089.0004,927.6668,1019.334,990.0003,2046.0006,3017.6674,3197.3344,2852.6676,2999.3342,3336.6677,3604.3343,3743.6676,3648.3344,3252.3343,4048.0011,3685.0011,3714.3343,3802.3343,3930.6676,3703.3341,3732.6675,3505.3344,2599.6676,1019.3336,69465.0196
651,2019-10-14,854.3336,836.0003,839.667,913.0003,2086.3336,3003.0007,3186.3342,2918.6676,3072.6676,3472.3344,3472.3341,3483.3344,3538.3344,3494.3343,3707.001,3443.0011,3699.6676,3630.0011,3740.0012,3655.6676,3608.0012,3377.0009,2548.3341,1001.0005,67580.3528
652,2019-10-15,894.6671,942.3336,957.0005,1111.0003,3556.6678,5555.0014,6523.0016,6009.6683,5621.0012,4616.3346,4161.6676,4147.0009,4029.6679,4136.0006,4858.3344,5753.0014,6508.3349,6640.3351,6662.335,6009.6684,4766.6679,4000.3341,3553.0008,2130.3338,103143.3592
653,2019-10-16,1129.3336,949.6668,957.0003,1250.3335,3765.6678,5485.3352,5859.3348,6398.3349,5390.0011,4598.0009,4198.3346,4161.6678,4484.3343,4521.0009,4843.6679,6017.0016,6761.335,6343.3346,6933.6685,5654.0013,4865.6678,4238.6675,3461.3344,1983.6671,104250.6922
654,2019-10-17,986.3339,964.3336,964.3339,1243.0,3633.6676,5551.3346,6387.3349,6123.3351,5500.001,4422.001,3905.0012,4066.3343,4169.0011,4088.3341,4557.6679,4983.0013,5566.0011,6658.6683,6185.668,5830.0016,4854.6674,3938.0009,3311.0006,1972.6673,99861.6907
655,2019-10-18,1122.0003,1122.0003,1136.6671,1345.6671,3641.0008,5639.3343,6471.6683,5448.6681,4403.6679,4227.6676,4066.3343,4231.3343,4235.0011,4253.3343,4381.6673,5503.6681,6009.6681,6094.0016,6152.6681,5467.0013,4832.6678,3758.3344,3377.0006,1910.3336,98831.3567
656,2019-10-19,1074.3336,916.6673,1045.0005,1217.3338,3531.0006,4935.3343,5599.0014,5335.0017,4777.6679,4238.6675,3842.6676,4323.0009,4983.0008,5382.6678,5195.6681,5258.001,5357.0013,5247.0011,5203.0011,4755.6678,3996.6675,3578.6676,3802.3343,1914.0003,95509.3558
657,2019-10-20,1140.3335,938.6668,836.0,847.0003,1866.3339,2728.0009,2944.3341,2647.3338,2819.6673,2948.0006,3314.6674,3413.6676,3483.3343,3494.3344,3457.6676,3369.6674,3531.001,3703.3341,3608.0012,3417.3344,3289.0006,3017.6673,2588.6677,828.6673,64232.6835
658,2019-10-21,847.0003,843.334,1004.6673,1224.6668,3736.3344,5540.3346,6435.0018,5874.0013,5742.0016,4697.0008,4066.3345,4268.0008,4154.3343,4187.3343,4554.0011,5665.0014,6486.3348,6149.0018,5954.6679,5558.6678,4895.0011,3875.6678,3384.3341,1932.3339,101075.3585
659,2019-10-22,1081.6673,1019.3336,979.0005,1133.0003,3740.0012,5342.3346,5870.3349,6134.3348,5492.6679,4645.6679,4238.6678,4026.0006,4194.6676,4224.0012,4642.0013,5584.3343,6567.0017,6845.6686,6460.6681,6229.668,4858.3344,4099.3346,3677.6676,1991.0006,103077.3594
660,2019-10-23,1114.6672,1103.6672,1037.6672,1228.334,3721.668,5503.668,6530.3352,5742.0012,5379.0012,4414.668,4238.668,4363.334,4246.0012,4282.668,4803.3352,5716.3352,6035.3352,7106.002,6046.3352,5749.3352,4796.0012,3982.0012,3377.0012,1859.0,102377.03
661,2019-10-24,1085.3335,1041.3339,1070.6671,1246.667,3564.0008,5111.3344,5837.3348,6083.0014,5459.6684,4345.0014,4279.0009,4282.6675,4246.0011,4370.6678,4579.6679,5694.3346,6240.6681,6284.6681,6735.6683,6182.0014,4700.6678,3923.3344,3494.3346,1785.6673,101643.6925
662,2019-10-25,971.6671,1015.6671,975.3339,1118.3336,3630.0006,5448.6681,6479.0016,5929.0016,5500.0015,4363.3343,4040.6676,4125.0011,4227.6678,4176.3344,4612.6676,5602.6679,6306.6682,6438.6684,6229.6681,5584.3346,4660.3343,3971.0011,3494.3343,1851.6671,100752.6919
663,2019-10-26,1067.0004,1074.3338,971.667,1144.0003,3571.3341,4744.6676,5104.0011,4924.3346,4499.0011,3956.3346,4088.3346,4554.0011,4851.0013,4950.0011,5309.3346,5071.0017,5269.0014,5239.6678,4858.3346,4543.0014,3846.3341,3472.3341,3622.6674,1837.0003,92568.6901
664,2019-10-27,1100.0005,1221.0006,1048.6671,1059.6671,2145.0005,2885.6674,3157.0007,3017.6676,3043.3341,3461.3341,3996.6676,4796.0013,4554.0013,4326.6676,4656.6676,4873.0013,4392.6678,4099.3345,3978.3344,4070.0011,3663.0008,3472.3343,2614.3341,1070.6673,76703.0207
665,2019-10-28,968.0003,1026.6668,1059.6671,1169.6668,3644.6676,5690.6678,6585.3348,6365.3351,5892.3349,4601.6678,4242.3346,4224.0009,4297.3343,4385.3343,4825.3343,5797.0017,6431.3348,6640.3348,6794.3351,5888.6683,4799.6681,4158.0011,3575.0009,1943.3335,105006.0257
666,2019-10-29,1052.3338,1166.0003,1045.0003,1210.0005,3567.6676,5511.0011,6398.3351,6068.3349,5265.3343,4268.0008,4059.0009,4187.3343,4598.0014,4275.3343,4759.3346,5808.0013,6391.0017,6893.335,6845.6684,6072.0013,4792.3344,4125.0011,3648.3342,1991.0005,103997.6921
667,2019-10-30,1026.667,1059.667,1125.6671,1210.0003,3743.6676,5720.0013,6908.0019,5973.0014,5558.6679,4616.3346,4290.001,3971.0006,4268.0008,4198.3341,4609.001,5657.6679,6398.3348,6435.0014,6402.0019,5863.0013,4763.0008,4066.3343,3604.3344,2016.667,103484.3574
668,2019-10-31,1034.0003,1136.6673,1140.3336,1169.6671,3740.0011,5602.6681,6281.0017,6310.3348,5547.6681,4304.6676,4040.6676,4143.3343,4378.0008,4304.6676,4979.3344,5932.6681,6684.3351,6772.3348,6992.3349,5976.6681,5001.3345,4011.3346,3443.0009,1888.3339,104815.3593
669,2019-11-01,1092.6671,1103.6671,1118.3336,1250.3336,3824.3344,5617.3348,6339.6681,6548.6683,5569.6678,4851.0013,4517.3349,4532.001,4488.0008,4488.0008,4928.0008,5881.3346,5386.3346,5980.3348,6288.3346,5800.6682,4664.0009,3725.3341,3424.6676,2035.0006,103455.0244
670,2019-11-02,1162.3339,1118.3338,1122.0006,1452.0003,4312.0008,6787.0016,7241.6686,6739.3349,6530.3351,5621.0011,5335.0012,5767.6681,6658.6681,6908.0018,7117.0016,7139.0013,7293.0021,7194.0019,6878.6683,6138.0014,5063.6678,4315.6676,2805.0004,1635.3338,122334.6961
671,2019-11-03,1015.6668,1045.0003,979.0003,1001.0006,2218.3339,3619.0011,3762.0009,3571.3343,3806.0011,4220.3342,4378.0008,4561.3341,4455.0008,4528.3343,4568.6676,4631.0011,4708.001,4616.3343,4572.3344,4594.3344,4411.0013,4330.3342,3157.0008,1118.3338,83867.6864
672,2019-11-04,935.0005,979.0004,935.0004,935.0003,2141.3338,3608.0011,3835.3343,3641.0007,3846.334,4099.3344,4150.6676,4367.0009,4590.6679,4557.6678,4502.6678,4733.6679,4601.6679,4609.0009,4913.3346,4862.0012,4499.0008,4059.0011,3223.0009,1041.3338,83666.021
673,2019-11-05,946.0006,924.0005,913.0003,1140.3338,3831.6677,5621.0014,6537.6681,6215.0014,5496.3346,4689.6676,4249.6678,4147.0011,4315.6678,4238.6677,4829.0013,5613.6681,6343.3349,6435.0016,6853.0016,6035.3348,4814.3343,3956.3344,3652.0008,1991.0005,103788.6927
674,2019-11-06,1118.3336,1089.0005,1162.3336,1441.0004,3908.6676,5500.0013,6578.0018,6611.0015,5459.6681,4517.3343,4429.3343,4205.6677,4381.6679,4491.6675,4788.6678,5742.0014,6281.0014,7227.0019,6270.0016,5984.0015,4843.6678,4066.3343,3586.0008,1859.0006,105541.3592
675,2019-11-07,1107.334,1063.334,1092.6672,1309.0,3820.668,5646.668,6688.002,6057.3352,5437.668,4440.334,4128.668,4227.668,4315.668,4513.668,5104.0012,5753.0012,6387.3352,6724.668,6471.668,6413.0012,4917.0012,4161.668,3582.334,2031.334,105394.6944
676,2019-11-08,1026.6671,1078.0005,1030.3338,1147.6673,3853.6675,5514.6679,6321.3348,5683.3348,5478.0013,4565.0011,4422.0013,4341.3345,4565.0009,4535.668,4755.6679,5980.3347,6611.0016,6464.3351,6882.3351,5683.3346,4209.3343,4084.6676,3351.3341,1851.6671,103436.6929
677,2019-11-09,1085.3339,1173.3338,1107.3335,1419.0003,4235.0008,6413.0016,7087.668,7010.6681,5947.3347,5188.3345,4975.6678,5621.0013,6592.6681,6985.0016,6941.0016,6515.6682,6431.3351,6501.0014,6255.3348,5393.6681,4433.001,4330.3344,4275.334,2948.0006,118866.0272
678,2019-11-10,1243.0006,1008.3335,1015.667,997.3338,2291.6673,3886.6677,4161.6677,3949.0008,3901.3345,4136.0008,4099.3341,4326.6678,4436.6676,4117.6675,4242.3344,4268.0008,4418.3346,4447.6678,4510.0009,4392.6678,4106.6676,3798.6674,3325.6677,1756.3338,82837.3535
679,2019-11-11,1096.3338,1015.6671,1037.667,1118.3338,2346.6673,3655.6676,3886.6676,4015.0008,3868.3344,4121.3343,4183.6673,4191.0008,4436.6678,4084.6674,4341.3343,4165.3344,4246.0011,4517.3341,4612.6676,4550.3348,4224.0008,3883.0011,3512.6679,1925.0003,83035.3534
680,2019-11-12,946.0005,946.0003,894.6671,920.3336,3666.6675,5624.6681,6281.0014,5775.0013,5569.6678,4660.3343,4235.0011,4213.0011,4301.0011,4216.6676,4682.3346,5595.3346,6108.6681,5166.3343,4836.3346,5045.3346,4939.0011,4073.6676,3358.6677,1767.3335,97823.0235
681,2019-11-13,1037.6673,1063.3339,1019.3339,1301.6671,3762.0009,5621.0014,6567.0014,6046.3348,5481.6679,4403.6673,4125.0008,4304.6676,4209.3343,4293.6678,4675.001,5558.6678,6270.0016,6266.3351,5778.6681,5899.6682,4770.3344,3861.0008,3461.3341,2002.0006,101779.3581
682,2019-11-14,997.3338,1052.3338,993.6671,1147.6671,3681.3341,5558.6678,6453.3349,6321.3349,5375.3349,4744.6676,4051.6676,3985.6676,4304.6679,4242.3341,4557.6679,5346.0014,6306.6681,6237.0019,6640.3348,5874.0014,4744.6678,3974.6678,3428.3344,2225.667,102245.0257
683,2019-11-15,1180.6672,1056.0,1026.6672,1191.6672,3670.334,5551.3352,6486.3352,6508.3352,5368.0012,4418.334,4092.0012,4213.0012,4103.0012,4169.0012,4576.0012,5646.668,6559.668,6387.3352,6684.3352,5980.3352,4675.0012,3864.668,3377.0012,2141.334,102927.0284
684,2019-11-16,517.0,0.0,0.0,0.0,0.0,0.0,0.0,0.0,0.0,0.0,0.0,0.0,0.0,0.0,0.0,0.0,0.0,0.0,0.0,0.0,0.0,0.0,0.0,0.0,517.0
685,2019-11-17,0.0,0.0,0.0,0.0,0.0,0.0,0.0,0.0,0.0,0.0,0.0,0.0,0.0,0.0,0.0,0.0,0.0,0.0,0.0,0.0,0.0,0.0,25.6672,29.3332,55.0004
686,2019-11-18,0.0,689.3336,935.0006,1166.0003,3549.3339,5621.0011,6515.6684,6321.3348,5379.001,4521.0011,4264.3344,4103.0008,4271.6676,4139.6676,4671.3343,5830.0016,6574.3348,6530.3346,6515.6681,6050.0016,4931.6676,4015.0011,3443.0008,2057.0006,102094.6903
687,2019-11-19,1114.6671,1074.3336,1034.0003,1173.3338,3747.3338,5327.6679,5258.0014,6350.6683,5221.3349,4330.3341,4249.6676,4161.6675,4194.6673,4198.3344,4568.6676,5162.6678,6537.6686,5984.0017,6380.0019,5760.3344,4638.3344,3883.0009,3388.0006,1859.0009,99597.6908
688,2019-11-20,1026.6671,1041.3338,1012.0006,1221.0003,3446.6674,5646.6678,6636.6681,6108.6682,5478.0014,4425.6678,4176.3344,4183.6674,4326.6676,4242.3339,4814.3343,5617.3348,6460.6684,6284.6685,6886.0016,5789.6681,5071.0013,4132.3343,3589.6673,1983.6674,103601.6918
689,2019-11-21,1081.6671,1056.0003,1045.0004,1331.0003,3890.3345,5679.6683,6519.3351,5694.3348,5126.0013,4286.3344,3846.3344,3798.6678,3714.3343,3633.6674,4411.0014,5855.6684,5657.6679,6226.0015,5698.0013,5232.3346,4543.0011,4106.6678,3336.6676,1965.3341,97735.0261
690,2019-11-22,1012.0003,971.6671,1008.3338,1114.6673,3769.3341,5613.6681,5467.0013,5921.668,5305.6676,4433.0012,3967.3343,3989.3343,4301.0009,4205.6676,4752.0011,4598.0012,5261.6678,6431.3348,5914.3346,5679.6679,4972.0013,3908.6674,3487.0011,1822.3338,97907.3569
691,2019-11-23,1081.6671,1074.3338,1063.3338,1294.3338,3611.6673,5118.6676,5206.6676,5324.0014,4583.3343,4004.0008,3875.6675,4473.3343,4939.0011,4994.0008,5309.3346,5690.6678,5115.0016,5085.6676,5041.6678,4440.3345,3809.6677,3703.3344,3567.6674,1793.0005,94200.3551
692,2019-11-24,1129.3335,982.6671,935.0006,902.0006,1899.3341,2860.0009,2959.0008,2889.3341,2992.0006,3083.6676,3439.3342,3358.6677,3501.6677,3443.0009,3637.334,3677.6678,3674.0008,3850.0009,3934.3343,4007.6676,3813.3343,3336.6674,2651.0006,1052.3338,68009.3519
693,2019-11-25,975.3338,1026.6673,931.3338,1144.0006,3699.6676,5518.3345,6765.0019,6244.3346,5393.6679,4744.6678,4370.6676,4315.6679,4491.6678,4407.3343,4730.0011,6064.6678,6163.6678,6009.6679,7524.0019,6035.3351,5280.0016,4044.3346,3468.6676,2024.0006,105372.6934
694,2019-11-26,883.6671,825.0003,898.3335,1147.6668,3758.3341,5569.6679,6446.0016,5888.6684,5830.0014,4469.6681,4370.6676,4238.6673,4176.3341,4381.6676,4667.6679,5628.3348,6402.0018,6394.6683,6548.6681,6215.0016,5250.6679,4425.6676,3725.3341,1903.0003,104045.3582
695,2019-11-27,1180.667,1180.667,1188.0006,1496.0,3743.6676,5639.3346,6471.6681,6097.6681,5635.6679,4741.001,4612.6678,4810.6679,4686.0008,4576.0011,4983.0011,6020.668,6702.6683,6666.0016,6556.0014,6061.0014,5452.3346,4246.0011,3468.6675,1914.0007,108130.0252
696,2019-11-28,913.0006,924.0003,997.3338,1250.3338,3604.3343,5474.3346,6174.6683,6259.0013,5364.3349,4840.0011,4363.3343,4444.0011,4411.0011,4319.3343,4682.3343,5635.6681,6347.0016,6662.3348,6820.0016,6020.6681,5060.0016,4000.3344,3377.0009,1895.667,103840.0262
697,2019-11-29,1096.3338,1063.3338,1089.0005,1268.6671,3824.3344,5643.0013,6350.6684,6427.6684,4213.001,4858.3344,4345.001,4370.6676,4319.3343,4143.3341,4642.0011,5701.6681,6398.3349,6812.6686,6677.0016,5687.0013,4763.0011,3853.6678,3402.6676,3113.0009,104063.6931
698,2019-11-30,2676.6673,1195.3338,1078.0005,1356.6671,3828.0008,5118.668,5478.0013,5507.3346,4719.0008,4253.334,4180.0011,4693.3344,5074.6679,5316.6679,5470.6681,5357.001,5379.0013,5467.0014,5511.0013,4972.0011,4249.6676,4022.334,3637.3344,3527.3343,102069.024
699,2019-12-01,1723.3339,1004.667,883.6668,887.3336,1877.3341,2911.3341,3230.3344,3006.6673,3402.6677,3487.0011,3663.001,3677.6676,3872.001,3989.3344,4128.6676,4000.3343,3930.6678,4007.6676,4161.6676,4059.0009,3916.0008,3637.3341,2658.334,1085.3335,73201.3522
700,2019-12-02,1067.0003,1067.0003,1070.6668,1364.0005,3593.3343,5613.6679,6721.0016,6068.3349,5863.0013,4777.6678,4466.0008,4612.6675,4345.0011,4282.6676,4854.6678,5665.0013,6171.0015,6310.3349,6292.0019,6240.6679,5122.3346,4117.6675,3520.0009,1807.6674,105013.3584
701,2019-12-03,1133.0006,1034.0006,964.3338,1239.3338,3688.6676,5360.6678,6592.6683,5936.3348,5650.3348,4873.0011,3384.3344,4187.3345,4378.0009,4414.6678,4737.3344,5789.6681,6240.6681,6695.3351,6325.0016,5940.0018,4891.3343,4308.3343,3809.6677,2013.0005,103587.0267
702,2019-12-04,1045.0004,935.0003,993.6671,1140.3336,3846.3344,5599.0015,6754.0016,6145.3349,5767.6678,4583.3347,4282.6678,4293.6675,4528.3347,4502.6676,4843.6676,4898.6675,5672.3349,6739.3351,6600.0016,5899.6684,4957.3347,4213.0008,3769.3344,1976.3338,103986.6927
703,2019-12-05,982.6672,990.0,993.6672,1243.0,3820.668,5551.3352,6567.002,6174.668,5635.668,4726.3352,4752.0012,4572.334,4447.668,4433.0012,4917.0012,5914.3352,6259.002,6864.002,6911.6692,6020.668,5188.3352,4224.0012,3567.668,2038.6672,106795.3644
704,2019-12-06,1030.334,920.334,949.6672,1107.334,3571.334,5712.668,6585.3352,6039.002,5698.0012,4803.3352,4275.334,4059.0012,4286.334,4308.334,4557.668,5877.668,6501.002,6578.002,6504.668,6020.668,4840.0012,4249.668,3725.334,3399.0012,105600.0284
705,2019-12-07,1936.0,964.334,909.334,1008.334,3652.0012,4700.668,5393.668,5162.668,4605.334,4081.0012,3868.334,4403.668,5016.0012,5118.668,5071.0012,5379.0012,5261.668,5386.3352,5166.3352,4741.0012,3897.668,3868.334,3754.668,2885.6672,96231.6928
706,2019-12-08,1877.3339,792.0006,755.3336,777.3338,1653.6671,2764.6674,2812.3342,2845.3341,2995.6674,3362.3341,3399.0009,3457.6674,3542.0009,3512.6676,3600.6674,3652.0006,3619.0009,3872.0012,4059.0008,3773.0009,3729.0007,3340.3343,2922.3341,1690.3336,68805.0175
707,2019-12-09,806.6669,656.3334,704.0004,1144.0003,3633.6673,5437.6679,6226.0014,6332.3352,5100.3346,4576.0011,4260.6678,4106.6676,4154.3344,4202.0008,4843.6679,5731.0016,6303.0014,6548.6684,6299.3348,6057.3346,4972.0011,4183.6676,3597.0011,1939.6673,101816.0249
708,2019-12-10,997.3339,1052.3336,1030.3338,1261.334,3784.0012,5456.0013,6644.0014,6369.0014,5672.3346,4711.6676,4341.334,4407.3344,4286.3344,4363.3343,4843.6678,5841.0013,6570.6683,6724.6684,6592.6683,6270.0016,5041.6678,4447.6679,3861.0012,1796.6671,106366.3596
709,2019-12-11,990.0003,971.6668,1052.3336,1210.0006,3828.0006,5331.3344,6596.3351,6446.0016,5683.3348,4693.3344,4271.6673,4330.3341,4352.3343,4356.0008,4799.6679,5852.0014,6552.3349,6490.0019,6424.0013,5786.0014,4741.0011,4088.3343,3626.3346,1950.6673,104423.0248
710,2019-12-12,1063.3336,1019.3338,1004.6671,1213.6671,3798.6676,5507.334,6369.0016,6090.3349,5551.3344,4495.3345,4345.0011,4183.6675,4297.3341,4315.6676,4814.3343,5628.3349,6479.0015,6416.6686,6501.0016,5914.3348,4682.3343,3758.3341,3410.0012,1862.6673,102721.6915
711,2019-12-13,1085.3335,1023.0004,1078.0003,1367.6668,3747.3346,5481.6681,6372.6686,6442.3348,5800.6681,4759.3346,4275.3343,4323.0009,4352.3344,4458.6676,4737.3343,5591.6678,6420.3349,6387.3353,6662.3353,6130.6683,4711.6678,4044.3344,3571.3341,3351.3339,106175.6931
712,2019-12-14,1906.6673,982.6671,986.3338,1144.0004,3688.6676,4829.0008,5144.3346,5852.0016,4594.3343,4455.0009,4117.6673,4510.0011,5188.3346,5206.6678,5412.0016,5320.3349,5162.6678,5313.0011,5346.0014,4689.6678,4084.6674,4132.3343,3703.3344,3395.3341,99165.024
713,2019-12-15,1782.0003,894.667,869.0004,806.6672,1741.6673,2753.6674,3259.6674,2772.0006,2885.6677,3212.0011,3432.0008,3428.3344,3388.0006,3410.0008,3732.6678,3685.0008,3380.6675,3648.334,3681.3343,3795.001,3435.6674,3366.0009,2665.6674,920.3338,66946.0179
714,2019-12-16,847.0,762.6672,799.334,938.6672,3377.0012,5287.3352,6314.002,6259.002,5349.668,4715.3352,4143.334,4253.334,4264.334,4315.668,4521.0012,5657.668,6563.3352,6002.3352,6460.668,5452.3352,4609.0012,3725.334,3223.0012,1756.334,99597.6952
715,2019-12-17,979.0006,964.3336,1092.6668,1301.667,3839.0011,5511.0012,6567.0014,6629.3349,5448.668,4755.6678,4246.0009,4183.6676,4356.0009,4341.3346,4785.0011,5881.3348,6248.0018,6413.0017,6248.0016,5797.0011,4851.0011,4275.3344,3659.3341,2082.6672,104456.0253
716,2019-12-18,1026.6671,1089.0006,1129.3338,1246.6671,3740.001,5324.0011,6541.3349,6207.6681,5364.3346,4528.3344,4466.0008,4158.0011,4191.0009,4231.3344,4627.3343,5364.3348,6321.3348,6515.6684,6479.0016,5918.0013,4928.0008,3846.3344,3402.6676,1910.3338,102556.6917
717,2019-12-19,1056.0005,1004.6671,1063.3338,1173.3335,3784.0008,5423.0013,6449.6683,6512.0016,5529.3346,4755.6679,4436.6678,4286.334,4319.3344,4235.0011,4715.3343,6039.0013,6361.6684,6512.0019,6475.3349,6453.3348,4895.0011,3952.6675,3329.3342,2123.0003,104885.0254
718,2019-12-20,1114.6671,990.0003,1067.0005,1287.0006,3780.3343,5489.0016,6504.6684,6501.0014,5382.668,4730.0011,4308.3343,4330.3341,4378.0011,4345.0011,4939.0011,5826.3346,6651.3349,6266.3349,6629.3351,5918.0014,4939.001,4128.6677,3637.3344,3219.3341,106362.6931
719,2019-12-21,1719.6673,1045.0003,1092.6671,1162.3335,3809.6671,4986.6681,5140.6679,5137.0013,4429.3346,4480.6675,4095.6674,4477.0011,4946.3346,5401.0008,5316.6676,5195.6675,5357.0013,5415.6678,5232.3344,4895.0008,4565.0012,4213.0008,3780.3344,3006.6674,98901.0218
720,2019-12-22,1866.3336,1030.3335,1100.0003,1048.6671,2075.3339,3087.3339,3061.6673,3003.0009,3098.3341,3413.6674,3512.6675,3578.6677,3553.0006,3619.0008,3549.3343,3747.3343,3659.3346,3835.3341,3963.6678,4051.6676,4004.001,3677.6678,2878.3341,1353.0003,71767.6845
721,2019-12-23,957.0003,1001.0004,1041.3336,1228.334,3659.3343,5390.0014,6273.6682,6152.6682,5459.6678,4957.3349,4821.6679,4788.6678,4986.668,5049.0011,5430.3346,5804.3349,6215.0014,5602.6679,6563.3351,5822.668,5019.6678,4048.001,3637.3341,2031.3339,105941.0266
722,2019-12-24,1096.3338,1081.6671,1199.0006,1312.6671,3729.0009,5206.6681,5903.3349,5756.6683,5192.0014,4407.3346,4396.3345,4634.6675,4803.3347,4693.3344,4781.3346,5316.6678,5716.3348,5753.0014,5049.0013,5049.0016,4495.3343,3677.6674,1947.0004,1015.6668,96213.3583
723,2019-12-25,913.0006,902.0006,909.3338,916.667,1045.0006,2222.0003,2988.3339,2783.0009,2944.3342,3006.6673,2926.0009,3336.6674,3630.0008,3670.3343,3875.6676,3949.0011,4037.0011,3956.3343,4070.0011,3791.3344,3406.3342,3384.3341,2570.3341,1008.3338,66242.0184
724,2019-12-26,924.0,905.6672,927.6672,1305.334,3487.0012,4939.0012,5558.668,5335.002,4620.0012,4150.668,4341.334,4345.0012,4279.0012,4297.334,4473.334,4964.668,5500.0012,6163.668,6127.002,5159.0012,4473.334,3784.0012,3406.334,1844.334,95311.358
725,2019-12-27,740.667,491.3336,590.3336,1045.0003,3721.6677,4895.0011,5401.001,5338.6681,4502.6678,4378.0008,4290.0011,4330.3341,4436.6678,4176.3341,4352.3343,4909.6681,5441.3346,5940.0017,6207.6683,4939.0011,4169.0008,3597.0011,3292.6676,1862.6673,93049.023
726,2019-12-28,1287.0006,1257.6671,1169.6668,1334.6673,3666.6676,4869.3346,5353.3346,5346.0011,4671.3341,4158.0008,4308.3344,4227.6675,4348.6679,4898.6676,5346.0013,4763.0013,4649.3346,5137.0013,4656.6673,4466.001,4396.3341,4194.6673,3846.3342,1906.6671,94259.0215
727,2019-12-29,1030.3339,1162.3338,1026.6671,1155.0005,2035.0003,2922.3339,3138.6672,3076.334,3237.6674,3534.6674,3648.3342,3366.0006,3490.6676,3534.6676,3498.0009,3553.0011,3549.3341,3516.3346,3648.3344,3527.3341,3648.3341,3465.0008,2629.0006,1169.6671,68563.0173
728,2019-12-30,949.6671,971.6671,1067.0005,1195.3339,3611.6676,4939.0014,5335.0011,5225.0014,4436.6678,4187.3344,4271.6677,4198.3344,4337.6675,4301.0013,4220.3343,4546.6676,5008.6681,6042.6683,5382.6681,4979.3345,4103.0008,3707.0009,3340.3341,1851.6673,92209.3572
729,2019-12-31,1001.0005,971.6671,1008.334,1206.3338,3652.0006,4763.0011,5360.6681,5012.3344,4158.0008,4136.0011,4092.0008,4235.0008,4264.3342,4271.6675,4136.0013,4183.6679,4323.0011,4345.0009,3861.0012,3531.0012,3622.6676,2053.3335,968.0006,916.6668,80072.6869
730,2020-01-01,858.0,854.334,854.334,902.0,1030.334,2060.6672,2959.0012,2625.334,2790.334,2742.6672,2779.334,2977.334,2948.0012,2944.334,2977.334,3021.334,2962.6672,3179.0012,2995.6672,3545.668,3131.334,3072.6672,2398.0012,880.0,57489.6828
731,2020-01-02,828.6672,821.334,887.334,1045.0,3564.0012,4708.0012,5342.3352,5258.0012,4458.668,4176.334,4359.668,4363.3352,4308.334,4231.334,4301.0012,4576.0012,5283.668,6145.3352,6017.002,4935.3352,4070.0012,3457.668,3351.334,1950.6672,92440.3604
732,2020-01-03,1012.0,1074.334,1023.0,1272.334,3589.668,4741.0012,5371.668,5236.0012,4524.668,4246.0012,4297.334,4341.334,4422.0012,4290.0012,4660.3352,4715.334,5137.0012,5481.668,5892.3352,5173.668,4367.0012,3688.668,3461.334,1928.6672,93947.358
733,2020-01-04,1026.6672,1041.334,982.6672,1155.0,3688.668,4895.0012,5214.0012,5368.0012,4554.0012,4150.668,3938.0012,4528.3352,4935.3352,5269.0012,5430.3352,5272.668,5023.3352,5324.0012,5430.3352,4682.3352,4345.0012,3692.334,3754.668,1972.6672,95674.3624
734,2020-01-05,935.0006,924.0006,902.0003,876.3338,1884.6671,2893.0008,2955.3344,2823.3339,3168.0009,3410.0008,3604.3343,3406.3342,3567.6677,3501.6676,3450.3341,3641.0011,3608.0008,3443.0008,3802.3343,3820.6676,3611.6673,3487.0008,2797.6674,1056.0003,67569.3515
735,2020-01-06,971.6668,946.0006,946.0003,847.0004,1980.0005,2805.0007,3043.334,2816.0009,3065.3341,3303.6674,3567.6676,3498.0009,3619.0008,3600.6676,3751.0008,3648.3341,3831.6675,3875.6676,3886.6675,3784.0011,3751.0009,3472.3344,2665.6674,1122.0006,68797.6845
736,2020-01-07,1015.6672,1023.0,946.0,1232.0,3498.0012,5463.3352,6365.3352,6431.3352,5408.3352,4455.0012,4275.334,4609.0012,4532.0012,4429.334,5016.0012,5881.3352,6563.3352,6622.002,6563.3352,5914.3352,4807.0012,3872.0012,3516.334,2090.0012,104529.3624
737,2020-01-08,1096.334,986.334,1045.0,1166.0,3828.0012,5126.0012,6204.002,5969.3352,5371.668,4286.334,4161.668,4304.668,4334.0012,4198.334,4583.334,5727.3352,6204.0012,6900.6692,6464.3352,5995.002,4803.3352,3864.668,3545.668,1914.0012,102080.03
738,2020-01-09,1026.6672,1070.6672,1045.0,1250.334,3666.668,5470.668,6273.668,5041.668,4605.3352,4385.334,4326.668,4253.334,4341.334,4345.0012,4953.668,6064.668,6746.668,6541.3352,5870.3352,5635.668,4858.3352,4220.3352,3439.334,1983.6672,101416.3608
739,2020-01-10,979.0,1034.0,1070.6672,1279.6672,3707.0012,5481.668,5195.668,6354.3352,5379.002,4436.668,4139.668,4473.334,4312.0012,4418.3352,4715.334,5830.0012,6504.668,6717.3352,6409.3352,5786.002,4755.668,3853.668,3549.334,2027.6672,102410.028
740,2020-01-11,1100.0003,1096.3336,1184.3336,1404.3339,3648.3342,5045.3346,5426.6682,5511.0013,4561.3343,4235.0011,4095.6677,4477.0011,4880.3344,5195.6678,5225.0013,5313.0014,5382.6684,5210.3348,5137.0013,4495.3345,4125.0013,3696.0006,3556.6676,2027.6671,96030.0244
741,2020-01-12,1052.334,957.0,909.334,1001.0,1862.6672,2838.0012,2882.0012,2691.334,2907.6672,3197.334,3325.668,3435.668,3439.334,3410.0012,3465.0012,3377.0012,3472.334,3754.668,3729.0012,3791.334,3912.334,3589.668,2684.0012,1125.6672,66810.354
742,2020-01-13,1092.6671,997.3338,1015.6673,1213.6671,3718.0011,5496.3344,6526.6684,6398.3348,5654.0013,4656.6678,4330.3343,4594.3346,4447.6673,4598.0013,5137.0008,5837.3349,6860.335,6816.3351,6552.3349,5599.0011,4942.6676,3996.6676,3806.0008,1807.6673,106095.0257
743,2020-01-14,1103.6671,990.0003,1067.0003,1305.3338,3828.0011,5613.6681,6820.0017,6655.0016,5529.3349,4601.6678,4348.6678,4436.6678,4609.0011,4502.6678,5023.3346,6097.6683,6655.0016,6743.0016,6508.3348,6046.3346,4854.6678,4000.3343,3670.3341,1884.6671,106894.36
744,2020-01-15,1096.3336,1122.0003,1118.3339,1276.0004,3831.6674,5474.3346,6545.0014,6717.3348,5078.3346,4664.0011,4345.0009,4499.0008,4502.6676,4330.3344,4832.6678,5881.3346,6013.3351,6834.6683,6218.6678,5962.0013,4627.3344,3809.6676,3351.3339,2024.0005,104155.3571
745,2020-01-16,1056.0006,1100.0003,1151.3336,1378.667,3450.3344,5540.3343,5881.3346,5778.6681,5155.3346,4403.6678,4253.3341,4458.6676,4392.6678,4348.6678,4803.3344,5932.6681,6765.0016,6196.6681,6424.0013,5525.6678,4631.0011,3879.3343,3421.0011,1936.0006,101863.691
746,2020-01-17,1063.3336,1081.6672,1067.0006,1221.0006,3589.6676,5430.3349,6768.6683,6449.6681,5397.3346,4524.6679,4048.0012,4143.3343,4293.6678,4286.334,4667.6676,5892.3346,6677.0016,6222.3348,6185.6681,6046.3348,4770.3343,4293.6678,3824.3341,1892.0005,103836.3589
747,2020-01-18,1048.6673,1089.0003,1048.6673,1290.6673,3754.6674,5067.3347,5606.3349,5287.3346,4491.6678,4183.6674,3978.3343,4590.6676,5170.0013,5349.6678,5386.3343,5459.6681,5324.0013,5401.0013,5276.3343,4620.0014,4000.3341,3780.3342,3619.0009,1994.6671,96818.357
748,2020-01-19,1184.3338,1023.0003,960.667,957.0006,2009.3338,2874.6674,3006.6676,3006.6676,3098.3339,3296.334,3494.3341,3399.0009,3586.0006,3626.3343,3806.001,3571.3344,3439.3343,3677.6676,3846.3343,3663.0008,3600.6674,3575.0011,2621.6673,1092.6671,68416.3512
749,2020-01-20,1114.667,979.0003,924.0,1081.6671,3751.0009,5390.0014,6655.0013,6339.668,5536.6679,4535.6679,4220.3341,4403.6676,4279.0009,4205.6674,4730.0011,5815.3349,6504.6684,6607.3349,6647.6681,5932.6678,4770.3343,3879.3341,3523.6679,1987.3338,103814.3571
750,2020-01-21,1063.3336,1048.667,1074.3338,1367.6668,3699.6679,5415.6681,6596.3349,6244.3348,5635.6679,4572.3343,4198.3343,4172.6673,4290.0011,4268.0011,4777.6678,5404.6679,5881.3345,5610.0014,6460.6684,5973.0011,4590.6678,3971.0012,3263.3339,1763.6671,101343.024
751,2020-01-22,1078.0,990.0,1059.6672,1210.0,3718.0012,5536.668,6336.002,6167.3352,5335.0012,4678.668,4224.0012,4059.0012,4224.0012,4158.0012,4565.0012,5687.002,6398.3352,6281.002,6471.668,5888.668,4719.0012,3978.334,3531.0012,1906.6672,102201.0276
752,2020-01-23,1004.6671,1103.667,1092.6673,1287.0004,3740.0011,5617.3346,6482.6683,6057.3348,5679.6678,4433.0011,4037.0011,4055.3346,4158.0011,4073.6678,4506.3343,5613.6678,6435.0013,6482.6684,6442.3346,5932.6684,4851.0013,4022.3344,3593.3341,1972.6671,102674.0258
753,2020-01-24,1103.6672,1012.0,1100.0,1422.6672,3677.668,5316.668,6284.668,6438.668,5573.3352,4682.3352,4180.0012,4260.668,4411.0012,4352.334,4759.334,5503.668,6277.3352,6460.668,6790.668,5914.3352,4781.334,4011.334,3538.334,1983.6672,103836.3588
754,2020-01-25,964.334,865.334,982.6672,1290.6672,3883.0012,4994.0012,5225.0012,5485.3352,4612.668,4235.0012,4081.0012,4656.668,5063.668,5551.3352,5595.3352,5441.3352,5217.668,5232.3352,5184.668,4554.0012,4150.668,3835.334,3688.668,1870.0,96660.6956
755,2020-01-26,271.3335,0.0,0.0,0.0,0.0,0.0,0.0,0.0,0.0,0.0,0.0,0.0,11.0001,25.6667,25.6667,29.3332,25.6667,25.6667,29.3332,25.6667,25.6667,25.6667,29.3332,29.3334,579.3335
756,2020-01-27,883.6672,1100.0,1133.0,1257.6672,3754.6672,5566.002,6706.3352,6303.0012,5628.3352,4466.0012,4187.3352,4370.668,4279.0012,4216.668,4759.3352,5624.668,6504.668,6658.668,6629.3352,6119.668,4920.668,4004.0012,3435.668,1925.0,104434.0284
757,2020-01-28,1213.6672,1063.334,1191.6672,1441.0,3725.334,5518.3352,6464.3352,6717.3352,5569.668,4601.668,4121.334,4117.668,4077.334,3996.668,4506.3352,5929.0012,6845.6692,6519.3352,6530.3352,5973.002,4807.0012,3993.0012,3457.668,1899.334,104280.0304
758,2020-01-29,1114.6672,1096.334,1177.0,1426.334,3861.0012,5573.3352,6563.3352,6548.668,5511.0012,4451.3352,4139.668,4264.334,4154.334,4205.668,4733.668,5723.668,6647.6692,6662.3352,6684.3352,6314.002,4880.3352,3927.0012,3597.0012,1976.334,105233.3644
759,2020-01-30,1173.3338,1213.667,1257.6668,1419.0006,3784.0009,5525.6681,6908.0016,6328.6681,5646.6681,4642.0011,4227.6676,4638.3346,4576.0011,4418.3344,4887.6678,5811.6681,6570.6681,6372.6683,6904.3348,5947.3348,4715.3344,3949.0006,3358.6674,1712.3335,105988.6916
760,2020-01-31,594.0,491.3332,784.6672,1133.0,3780.334,5632.0012,6849.3352,6548.668,5419.3352,4517.334,4348.668,4418.334,4257.0012,4499.0012,4946.3352,5991.3352,6684.3352,7036.3352,6944.668,5767.668,4979.3352,4048.0012,3578.668,1932.334,105182.0276
761,2020-02-01,1045.0,1034.0,1048.6672,1331.0,3505.334,4931.668,5331.3352,5349.668,4748.3352,4066.334,3872.0012,4521.0012,5100.334,5357.0012,5338.668,5063.668,5243.334,5206.668,5386.3352,4546.668,4029.668,3762.0012,3556.668,1899.334,95274.6916
762,2020-02-02,1202.6672,946.0,1001.0,1012.0,1873.6672,2962.6672,3120.334,3131.334,3267.0012,3534.668,3523.668,3586.0012,3589.668,3487.0012,3626.334,3663.0012,3604.334,3622.668,3765.668,3798.668,3692.334,3395.334,2640.0012,1133.0,69179.0196
763,2020-02-03,1037.6672,1045.0,1078.0,1276.0,3835.334,5481.668,6735.668,6075.668,5357.0012,4539.334,4158.0012,4447.668,4271.668,4286.334,4715.3352,5940.0012,6292.002,6728.3352,6530.3352,6189.3352,5177.3352,4007.668,3608.0012,1917.6672,104731.0272
764,2020-02-04,1052.3335,1015.6671,1041.3338,1518.0004,3853.6676,5646.6679,6589.0018,6354.3349,5393.6679,4488.0012,4374.3344,4209.3343,4308.3343,4290.0011,4788.6678,6009.6679,6640.3346,6636.6683,6453.3351,5511.0011,5159.0011,4121.3343,3527.3341,1936.0006,104918.0251
765,2020-02-05,1052.334,1118.334,1136.6672,1188.0,3754.668,5551.3352,6801.6692,6321.3352,5335.0012,4700.668,4345.0012,4348.668,4451.334,4315.668,4906.0012,5874.002,6684.3352,6871.3352,6937.3352,6244.3352,5239.668,4323.0012,3857.334,2071.6672,107429.6976
766,2020-02-06,1081.6673,1008.3339,1136.6673,1283.3336,3802.3346,5584.3346,6658.6683,6728.3351,5272.668,4561.334,4374.3343,4337.6676,4517.3343,4345.0011,4796.0008,5723.6681,6691.6681,6805.3346,6988.6683,6200.3349,5063.6679,4154.3346,3751.0011,2167.0006,107033.693
767,2020-02-07,1078.0,1191.6672,1114.6672,1364.0,3897.668,5599.002,6717.3352,6691.668,5756.668,4711.668,4191.0012,4290.0012,4334.0012,4407.3352,4737.3352,6039.002,6757.6692,6959.3352,6600.002,6013.3352,4785.0012,4073.668,3597.0012,1998.334,106905.3656
768,2020-02-08,1096.3338,1129.3339,1008.3339,1287.0003,3729.0009,5008.6676,5302.0016,5459.6679,4565.0011,4007.6676,4268.0011,4682.3345,4869.3346,5481.6679,5357.0014,5478.0011,5489.0014,5294.6679,5206.6678,4840.0013,4040.6679,3787.6677,3824.3346,2024.0004,97236.3582
769,2020-02-09,1023.0,990.0,1048.6672,1048.6672,2152.334,3223.0012,3406.334,3245.0012,3399.0012,3410.0012,3894.0012,3527.334,3622.668,3670.334,3732.668,3762.0012,3465.0012,3791.334,3743.668,3685.0012,3483.334,3630.0012,2673.0012,1191.6672,70818.0216
770,2020-02-10,1026.6672,1103.6672,990.0,1217.334,3641.0012,5731.002,6548.668,6035.3352,5166.3352,4528.3352,4352.334,4326.668,4374.334,4477.0012,4979.3352,5910.668,6974.002,6673.3352,6739.3352,6468.002,4777.668,4059.0012,3630.0012,2563.0012,106293.0316
771,2020-02-11,1235.6673,1136.6673,1122.0003,1488.6671,3916.0006,5800.6681,7040.0019,6790.6683,5914.3348,4726.3343,4301.001,4403.6678,4341.3343,4484.3346,4924.3348,5951.0014,6728.3348,6985.0018,6680.6684,6413.0016,5214.0013,4088.3343,3652.001,2005.667,109343.6941
772,2020-02-12,1151.3336,1188.0005,1118.3339,1327.3339,3765.6679,5588.0013,6820.0015,6061.0016,5709.0013,4843.6678,4136.0009,4381.6674,4601.6675,4363.3344,4935.3343,5976.6679,6644.0019,6710.0015,6629.3348,6112.3346,4942.6678,4004.0008,3637.3343,1965.3338,106612.0252
773,2020-02-13,1118.334,1136.6672,1177.0,1444.6672,3714.334,5778.668,6504.668,6746.668,5485.3352,4620.0012,4330.334,4330.334,4425.668,4348.668,4832.668,6123.3352,6072.002,7531.3352,6402.002,6332.3352,4917.0012,4128.668,3850.0012,2060.6672,107411.362
774,2020-02-14,1250.3339,1272.3338,1301.667,1485.0003,3659.3341,5584.3348,6534.0019,6222.3348,5562.3346,4579.6679,4407.3344,4227.6675,4356.0011,4440.3343,4766.6678,6020.6681,6900.6683,6347.0016,6578.0019,5844.668,5001.3344,3960.0011,3725.3343,2002.0003,106029.0262
775,2020-02-15,1133.0006,1151.3336,1081.667,1323.6671,3630.0009,4953.6678,5437.6684,5533.0014,4785.0009,4209.3344,3912.3341,4458.6678,4880.3343,5247.0013,5346.0013,5368.0016,5298.3346,5265.3348,5137.001,4895.001,4180.0013,3758.3342,3611.6679,2104.6671,96701.0244
776,2020-02-16,1224.6672,1114.6672,1001.0,1048.6672,2115.6672,3021.334,3069.0012,2970.0012,2995.6672,3263.334,3747.334,3655.668,3336.668,3787.668,3758.334,3666.668,3652.0012,3795.0012,3956.334,4077.334,3725.334,3721.668,2779.334,1243.0,70726.3528
777,2020-02-17,1041.3338,1056.0003,1030.3336,1228.3335,3765.6674,5720.0014,6838.3351,6519.3348,5723.6683,4759.3346,4308.3346,4235.0008,4612.6675,4326.6676,4737.3343,6101.3349,6765.0016,6680.6683,6955.6686,5980.3349,5261.6681,4304.6678,3725.3344,2134.0007,107811.0269
778,2020-02-18,645.3336,520.6666,1063.3338,1364.0006,4051.6676,5866.6681,6948.3351,6508.335,5668.6683,5008.6679,4396.3343,4363.334,4561.3346,4664.0012,4994.0016,5533.0016,6937.335,6299.3351,7208.6683,6178.3349,4986.6679,4015.0013,3655.6678,1965.3339,107404.0281
779,2020-02-19,564.6668,616.0001,1111.0006,1276.0005,3993.0011,5584.3346,5918.0013,5958.335,5478.0013,5100.3343,4414.6676,4590.6676,4554.0013,4627.3344,4719.0012,5943.6681,6801.6683,6482.6684,6930.0019,6350.6684,5269.0011,4308.3346,3890.3344,2005.6673,106487.3602
780,2020-02-20,946.0,1004.6672,1070.6672,1327.334,3945.334,5723.668,6937.3352,6413.002,5635.668,4799.668,4293.668,4436.668,4352.334,4356.0012,4854.668,5925.3352,6380.002,6633.002,6567.002,6226.002,5012.3352,4209.3352,3578.668,2079.0012,106707.3656
781,2020-02-21,982.6672,997.334,979.0,1221.0,3747.334,5738.3352,6563.3352,6277.3352,5826.3352,4546.668,4209.334,4708.0012,4447.668,4121.334,4832.668,5379.0012,6002.3352,5995.002,6420.3352,5544.0012,4777.668,3817.0012,3355.0012,1884.6672,102373.3616
782,2020-02-22,927.6673,964.3338,968.0003,1254.0006,3655.6676,5177.3349,5525.6681,5463.3346,4759.3344,4235.0008,3985.6676,4447.6674,5166.3346,5280.0012,5393.6678,5217.6676,5269.0011,5434.0014,5459.6681,4704.3346,4480.6676,3714.3344,3520.0009,2009.3339,97012.6906
783,2020-02-23,953.334,825.0,792.0,861.6672,1888.334,2728.0012,3094.6672,2918.6672,2940.668,3274.334,3586.0012,3410.0012,3413.668,3465.0012,3556.668,3454.0012,3538.334,3637.334,3670.334,3597.0012,3490.668,3322.0012,2662.0012,1162.334,66242.0212
784,2020-02-24,1008.334,1023.0,1015.6672,1166.0,3853.668,5672.3352,6919.002,6724.6692,5617.3352,4697.0012,4444.0012,4172.668,4194.668,4356.0012,4697.0012,5602.668,6416.668,6812.668,6757.668,6064.668,5078.3352,3967.334,3505.334,1855.334,105622.0288
785,2020-02-25,1034.0,1026.6672,1015.6672,1232.0,4011.334,5727.3352,6713.668,6387.3352,5720.0012,4726.3352,4686.0012,4715.334,4572.3352,4510.0012,4880.3352,5984.002,6493.668,6930.002,7084.002,6127.0012,4928.0012,4235.0012,3685.0012,2035.0012,108460.03
786,2020-02-26,1056.0,1034.0,1056.0,1345.6672,3923.334,5874.0012,6944.6692,6248.0012,5566.0012,4675.0012,4363.334,4484.3352,4315.668,4136.0012,4653.0012,5866.668,6460.668,6545.002,7197.668,6292.002,5067.3352,4136.0012,3494.334,1987.334,106722.0272
787,2020-02-27,960.667,1023.0004,1063.3335,1206.3338,3699.6673,5690.6682,6578.0016,6347.0015,5511.0011,4429.3344,4169.001,4418.3347,4319.3344,4136.0011,4730.0012,5661.3343,6321.3349,7135.3351,6317.668,6094.0014,5027.0011,3861.0007,3663.0011,1980.0005,104342.3583
788,2020-02-28,1136.6671,1067.0005,1107.3338,1298.0004,3696.0006,5899.668,6651.3348,5698.0017,5665.0011,4821.6676,4609.0011,4565.0012,4642.0011,4579.6675,4990.3346,5833.6676,6842.0018,6614.6683,6842.0016,6222.3348,5192.0014,4191.0011,3729.0011,2002.0003,107895.3591
789,2020-02-29,1133.0006,1155.0005,1228.3338,1327.3335,3828.0009,4895.0014,5456.0014,5434.0011,4620.0011,3864.6675,3813.3343,4502.6679,5239.6681,5584.3347,5463.3345,5294.6678,5430.3349,5294.6678,5415.6678,4785.0011,4191.0011,3820.6676,3626.3341,1936.0006,97339.0241
790,2020-03-01,366.0,366.0,366.0,366.6668,1833.334,2933.334,3300.0008,2933.334,3300.0008,3300.0008,3666.6668,3666.6668,3300.0008,3300.0008,4033.334,3300.0008,3666.6668,3666.6668,4033.334,4033.334,3666.6668,3666.6668,2566.6668,1100.0,66731.3432
791,2020-03-02,1466.6672,733.334,1100.0,1100.0,4033.334,5866.668,5133.334,3666.6672,4400.0012,4400.0012,4766.6672,4766.6672,4766.6672,4400.0012,5133.334,6233.3352,6233.3352,6966.668,6966.668,6600.002,5500.0012,4400.0012,4033.334,1833.334,104500.0224
792,2020-03-03,1100.0,1100.0,733.334,1466.6672,3666.6672,6233.3352,6600.002,5866.668,5866.668,4766.6672,4766.6672,4400.0012,4766.6672,4400.0012,5133.334,5866.668,6600.002,6966.668,7333.3352,6233.3352,5133.334,4033.334,4033.334,2200.0,109266.69
793,2020-03-04,733.3332,1100.0,1100.0,1100.0,4033.334,5866.6672,6600.0012,6600.0012,5500.0012,4766.6672,4033.334,4766.6672,4766.6672,4400.0,5133.334,5866.6672,6600.0012,6600.0012,7333.334,6233.334,5500.0012,4766.6672,3666.6672,1833.334,108900.0148
794,2020-03-05,1100.0,1100.0,1100.0,1100.0,4033.334,5866.6672,6966.668,6233.3352,5500.0012,4766.6672,4766.6672,4766.6672,4400.0012,4766.6672,4766.6672,6600.002,6966.668,6600.002,6966.668,6233.3352,5500.0012,4033.334,3666.6672,2200.0,110000.0204
795,2020-03-06,1100.0,733.334,1100.0,1100.0,4033.334,5866.668,6600.002,6233.3352,5500.0012,4766.6672,4400.0012,4400.0012,4400.0012,4400.0012,5500.0012,5866.668,6600.002,6966.668,6966.668,6233.3352,5133.334,4400.0012,3300.0012,2200.0,107800.0252
796,2020-03-07,1100.0,1100.0,733.334,1466.6672,3666.6672,5500.0012,5500.0012,5500.0012,5133.334,4033.334,4400.0012,4766.6672,5133.334,5500.0012,5866.668,5500.0012,5500.0012,5500.0012,5500.0012,4400.0012,4400.0012,3666.6672,3666.6672,2200.0,99733.3532
797,2020-03-08,1100.0,1100.0,1100.0,733.334,2200.0,2933.334,2933.334,2933.334,3300.0012,3300.0012,3666.6672,3666.6672,3666.6672,4033.334,3666.6672,3666.6672,3666.6672,3666.6672,4033.334,3666.6672,3300.0012,3666.6672,2566.6672,1466.6672,70033.3468
798,2020-03-09,1100.0,1100.0,1100.0,1100.0,3666.6672,5866.668,6233.3352,5500.0012,5500.0012,4400.0012,4766.6672,4400.0012,4400.0012,4400.0012,5133.334,5866.668,6600.002,6600.002,6233.3352,5866.668,5133.334,4033.334,3300.0012,2200.0,104500.0232
799,2020-03-10,1100.0,733.334,1100.0,1466.6672,3666.6672,5866.668,6600.002,6233.3352,5866.668,4766.6672,4033.334,4400.0012,3666.6672,3666.6672,4400.0012,6233.3352,6600.002,6966.668,6966.668,5500.0012,4400.0012,4033.334,3666.6672,2200.0,104133.3564
800,2020-03-11,1100.0,1100.0,733.334,1466.6672,3666.6672,5866.668,5866.668,6233.3352,5133.334,4766.6672,4400.0012,4400.0012,4400.0012,4033.334,5133.334,5866.668,6233.3352,6966.668,6600.002,6233.3352,4766.6672,3666.6672,3666.6672,2200.0,104500.0224
801,2020-03-12,1100.0,1100.0,1100.0,1100.0,4033.334,5866.668,6600.002,6233.3352,5866.668,4400.0012,4766.6672,4400.0012,4400.0012,4033.334,5133.334,5866.668,6600.002,6600.002,7333.3352,5866.668,5133.334,4033.334,3666.6672,2200.0,107433.3564
802,2020-03-13,1100.0,1100.0,1100.0,1100.0,3666.6672,5866.6672,6600.0012,6233.334,5866.6672,4766.6672,4400.0,4033.334,4400.0,4033.334,5133.334,5866.6672,5866.6672,7333.334,6600.0012,6233.334,4766.6672,4400.0,3300.0,2200.0,105966.6768
803,2020-03-14,1100.0,1100.0,1100.0,1100.0,3666.6672,5133.334,5500.0012,5500.0012,4766.6672,4400.0012,4033.334,4400.0012,5133.334,5133.334,5500.0012,5500.0012,5133.334,5500.0012,5500.0012,4766.6672,4400.0012,3666.6672,3666.6672,2200.0,97900.0168
804,2020-03-15,1100.0,1100.0,733.334,1100.0,2200.0,2933.334,3300.0012,2933.334,3300.0012,3300.0012,3666.6672,3300.0012,3666.6672,3300.0012,3666.6672,3666.6672,3666.6672,3666.6672,3666.6672,4033.334,3666.6672,3300.0012,2933.334,1100.0,69300.0148
805,2020-03-16,1466.6672,1100.0,1100.0,1100.0,4033.334,5500.0012,6600.002,6233.3352,5866.668,4400.0012,4033.334,4400.0012,4033.334,4400.0012,4766.6672,5866.668,6233.3352,7333.3352,6966.668,6233.3352,5133.334,3666.6672,3666.6672,1833.334,105966.6904
806,2020-03-17,1100.0,1100.0,1100.0,1466.6672,3666.6672,5866.668,6233.3352,6233.3352,5500.0012,4400.0012,4033.334,4033.334,4400.0012,4033.334,4766.6672,5500.0012,6233.3352,6600.002,6600.002,5866.668,4766.6672,3666.6672,3666.6672,2200.0,103033.3556
807,2020-03-18,1100.0,1100.0,1100.0,1100.0,2200.0,3666.6672,5500.0012,5866.668,5133.334,4766.6672,4033.334,4033.334,4033.334,4400.0012,4400.0012,5866.668,6233.3352,6600.002,6600.002,5866.668,5133.334,3666.6672,3666.6672,1833.334,97900.0196
808,2020-03-19,1100.0,1100.0,1100.0,1100.0,3666.6672,5500.0012,6233.3352,6233.3352,5133.334,4033.334,4033.334,3666.6672,4033.334,4033.334,4400.0012,5133.334,5500.0012,5866.668,5500.0012,4766.6672,4766.6672,3666.6672,3300.0012,2200.0,96066.6844
809,2020-03-20,1100.0,1100.0,733.334,1466.6672,4033.334,5133.334,5866.668,5133.334,4766.6672,4033.334,4033.334,4400.0012,4766.6672,4766.6672,5500.0012,5500.0012,5133.334,5500.0012,5133.334,3666.6672,2200.0,2566.6672,2566.6672,1833.334,90933.3492
810,2020-03-21,1100.0,1100.0,1100.0,1100.0,2200.0,3300.0,2566.6672,2933.334,2933.334,2200.0,2566.6672,2200.0,2200.0,2200.0,2200.0,2566.6672,2200.0,2566.6672,2566.6672,2566.6672,2200.0,2566.6672,2200.0,1833.334,53166.6724
811,2020-03-22,1100.0,1100.0,1100.0,1100.0,1466.6672,2566.6672,2566.6672,2200.0,2200.0,2200.0,1833.334,2200.0,2200.0,2200.0,2200.0,2200.0,2200.0,2566.6672,2933.334,2933.334,2933.334,2200.0,2200.0,1100.0,49500.0048
812,2020-03-23,733.334,1100.0,1100.0,733.334,1833.334,2566.6672,2566.6672,2200.0,2200.0,2200.0,2200.0,2200.0,2200.0,2566.6672,2566.6672,2566.6672,2566.6672,2566.6672,2566.6672,2200.0,2566.6672,2566.6672,2200.0,1100.0,49866.674
813,2020-03-24,1100.0,1100.0,1100.0,1466.6672,2933.334,3666.6672,3666.6672,3300.0012,2933.334,2933.334,2933.334,2566.6672,2933.334,3300.0012,4033.334,4400.0012,4766.6672,4766.6672,4400.0012,4033.334,2933.334,2933.334,2566.6672,1100.0,71866.6812
814,2020-03-25,1100.0,1100.0,1100.0,1466.6672,3300.0,4766.6672,4766.6672,4766.6672,4033.334,3300.0,2933.334,2933.334,2933.334,2933.334,2933.334,4400.0,4766.6672,5133.334,4400.0,3666.6672,3300.0,2933.334,2933.334,733.3332,76633.3424
815,2020-03-26,1100.0,1100.0,1100.0,1100.0,3666.6672,4400.0,5133.334,4766.6672,4033.334,3300.0,2933.334,2933.334,2933.334,2933.334,3666.6672,4766.6672,5133.334,5133.334,5133.334,4400.0,3300.0,2933.334,2933.334,1100.0,79933.3428
816,2020-03-27,1100.0,1100.0,1100.0,1100.0,3666.6672,4033.334,4400.0,4033.334,2933.334,2933.334,2933.334,2566.6672,2933.334,2933.334,2933.334,3300.0012,4033.334,4400.0012,4033.334,3666.668,2933.334,2566.6672,2566.6672,733.334,68933.3472
817,2020-03-28,931.334,1030.334,968.0,1239.334,3362.334,4279.0012,4418.334,3754.668,3164.334,2863.6672,2775.6672,2878.334,2904.0012,2948.0012,3116.6672,3714.334,3575.0012,3197.334,3179.0012,2805.0012,2753.6672,2640.0012,2324.6672,938.6672,65761.6856
818,2020-03-29,957.0,909.334,913.0,1001.0,1983.6672,2830.6672,2658.334,2607.0012,2577.6672,2401.6672,2207.334,2141.334,2181.6672,2299.0,2416.334,2306.334,2170.6672,2255.0012,2310.0012,2405.334,2203.6672,2332.0012,1917.6672,1030.334,49016.0144
819,2020-03-30,993.6672,1008.334,1056.0,1276.0,3175.334,4253.334,4257.0012,3879.334,3182.6672,2816.0012,2654.6672,2629.0012,2717.0012,2731.6672,3439.334,3923.334,3974.668,4004.0012,3538.334,3124.0012,2819.6672,2684.0012,2794.0012,1078.0,68009.3516
820,2020-03-31,997.334,990.0,1008.334,1206.334,3160.6672,3941.668,4015.0012,3685.0012,2988.334,2629.0012,2665.6672,2783.0012,2717.0012,2731.6672,3461.334,3806.0012,3945.334,3945.334,3523.6672,3010.334,2720.6672,2581.334,2596.0012,1140.334,66249.3524
821,2020-04-01,1070.6672,1004.6672,1034.0,1364.0,3010.334,3828.0012,3945.334,3578.668,2823.334,2588.6672,2665.6672,2724.334,2658.334,2834.334,3461.334,3641.0012,3864.668,4092.0012,3641.0012,3204.668,2838.0012,2489.6672,2511.6672,1243.0,66117.3512
822,2020-04-02,1067.0,1089.0,1012.0,1305.334,3003.0012,4011.334,3974.668,3611.668,2757.334,2786.6672,2548.334,2625.334,2665.6672,2662.0012,3446.668,3798.668,3798.668,3978.334,3549.334,3087.334,2845.334,2563.0012,2621.6672,1048.6672,65857.0184
823,2020-04-03,1045.0,942.334,920.334,1195.334,3149.668,3853.668,3952.668,3839.0012,3091.0012,2775.6672,2845.334,2823.334,2658.334,2698.6672,3564.0012,3908.668,4048.0012,3982.0012,3465.0012,3105.6672,2775.6672,2577.6672,2687.6672,1026.6672,66931.3536
824,2020-04-04,957.0,916.6672,920.334,1276.0,3102.0012,4099.334,4000.334,3747.334,2981.0012,2519.0012,2695.0012,2739.0012,2647.334,2662.0012,3380.668,3670.334,3934.334,3916.0012,3600.668,3043.334,2779.334,2548.334,2442.0012,975.334,65552.6868
825,2020-04-05,865.334,887.334,898.334,953.334,1936.0,2720.6672,2728.0012,2577.6672,2625.334,2614.334,2387.0012,2291.6672,2317.334,2214.6672,2321.0012,2357.6672,2335.6672,2500.6672,2526.334,2658.334,2387.0012,2555.6672,2306.334,1085.334,51051.0164
826,2020-04-06,905.6672,913.0,971.6672,1184.334,3175.334,3963.668,4022.334,3586.0012,2933.334,2709.6672,2603.334,2577.6672,2592.334,2640.0012,3498.0012,3758.334,3714.334,3802.334,3399.0012,3065.334,2731.6672,2427.334,2460.334,1004.6672,64639.684
827,2020-04-07,894.6672,938.6672,872.6672,1261.334,3113.0012,4110.334,4059.0012,3648.334,3083.668,2816.0012,2702.334,2753.6672,2676.6672,2761.0012,3388.0012,3644.668,3721.668,3879.334,3454.0012,2959.0012,2706.0012,2599.6672,2544.6672,986.334,65574.688
828,2020-04-08,938.6672,949.6672,865.334,1191.6672,3109.334,3963.668,4004.0012,3611.668,2918.6672,2684.0012,2709.6672,2764.6672,2713.334,2834.334,3424.668,3787.668,3773.0012,3696.0012,3406.334,2995.6672,2775.6672,2581.334,2405.334,1059.6672,65164.0196
829,2020-04-09,924.0,946.0,894.6672,982.6672,1851.6672,2599.6672,2489.6672,2137.6672,2409.0012,2548.334,2317.334,2046.0012,2115.6672,2218.334,2233.0012,2207.334,2222.0012,2453.0012,2717.0012,2442.0012,2317.334,2515.334,2181.6672,1078.0,48847.35
830,2020-04-10,1052.334,1136.6672,1100.0,982.6672,1778.334,2537.334,2339.334,2262.334,2339.334,2376.0012,2141.334,2060.6672,2130.334,2134.0012,2163.334,2328.334,2181.6672,2486.0012,2632.6672,2489.6672,2339.334,2478.6672,2214.6672,909.334,48594.3492
831,2020-04-11,953.334,902.0,902.0,1224.6672,2684.0012,3597.0012,3604.334,3424.668,2805.0012,2618.0012,2636.334,2515.334,2530.0012,2669.334,3146.0012,2889.334,2852.6672,3083.6672,2999.334,2676.6672,2570.334,2372.334,2350.334,957.0,58963.684
832,2020-04-12,865.334,858.0,854.334,869.0,1697.6672,2559.334,2427.334,2376.0012,2482.334,2361.334,2280.6672,2086.334,2027.6672,2156.0012,2233.0012,2130.334,2115.6672,2222.0012,2482.334,2456.6672,2280.6672,2416.334,2361.334,971.6672,47571.3492
833,2020-04-13,982.6671,942.3338,942.3339,1140.3335,3468.6676,4645.6676,5096.6681,4821.6678,4158.0011,3769.3341,3263.3342,3032.3341,3358.6674,4125.0009,4744.6676,4774.0011,4887.6676,5364.3349,5261.6681,4062.6675,3428.3341,3575.0012,2497.0006,1210.0003,83552.3542
834,2020-04-14,960.6672,935.0,942.334,1206.334,3512.668,4693.334,4975.668,4744.668,4183.668,3410.0012,2896.6672,2926.0012,2929.6672,2911.334,4268.0012,4488.0012,4594.334,4807.0012,4704.334,4147.0012,3685.0012,3443.0012,2669.334,993.6672,79027.6884
835,2020-04-15,854.334,920.334,1004.6672,1180.6672,3611.668,4851.0012,4847.334,4759.334,4117.668,3556.668,3124.0012,3160.668,3054.334,3149.6672,4216.668,4524.668,4964.668,5060.0012,4909.668,4169.0012,3564.0012,3608.0012,2786.6672,1026.6672,81022.3572
836,2020-04-16,935.0,938.6672,1052.334,1180.6672,3798.668,5016.0012,5148.0012,4997.668,4385.334,3732.668,3674.0012,3421.0012,3267.0012,3622.668,4616.334,4770.3352,4788.668,5005.0012,4774.0012,4088.334,3619.0012,3472.334,2709.6672,1092.6672,84106.0236
837,2020-04-17,880.0,1030.334,931.334,1122.0,3391.6672,4917.0012,5195.668,4748.3352,4026.0012,3575.0012,3219.334,3050.6672,3278.0012,3527.334,4649.334,5184.668,4825.3352,4777.668,4803.3352,4095.668,3681.334,3523.668,2852.6672,1052.334,82338.69
838,2020-04-18,946.0,938.6672,905.6672,1103.6672,3545.668,4814.3352,5030.668,4708.0012,4172.668,3622.668,3127.668,3003.0012,3017.668,3149.6672,3230.334,3487.0012,3267.0012,3157.0012,3201.0012,3336.668,3564.0012,3457.668,2497.0012,1404.334,72688.0256
839,2020-04-19,949.6672,850.6672,832.334,949.6672,1796.6672,2753.6672,2324.6672,2676.6672,3017.6672,3014.0012,2878.334,2838.0012,2929.6672,2889.334,2940.668,2713.334,2354.0012,2236.6672,2500.6672,3039.6672,2889.334,2731.6672,2299.0012,986.334,55392.3504
840,2020-04-20,1059.6672,968.0,968.0,1151.334,3472.334,5005.0012,5192.0012,4884.0012,4088.334,3670.334,3681.334,3663.0012,3439.334,4033.334,4561.3352,5078.3352,4825.334,4884.0012,4682.3352,4070.0012,3641.0012,3439.334,2504.334,1059.6672,84021.6884
841,2020-04-21,931.334,1001.0,1004.6672,1213.6672,3886.668,5613.668,6090.3352,5203.0012,4224.0012,3505.334,3670.334,3751.0012,3875.668,3908.668,4843.668,4781.3352,4752.0012,5027.0012,4847.3352,4352.334,3740.0012,3567.668,2706.0012,1136.6672,87633.3596
842,2020-04-22,1019.334,1041.334,1037.6672,1342.0,3985.668,5613.668,5987.668,5518.3352,4378.0012,3901.334,3630.0012,3351.334,3160.668,3685.0012,4880.3352,4818.0012,4895.0012,5063.668,5331.3352,4396.3352,3945.334,3619.0012,2845.334,1184.334,88630.6932
843,2020-04-23,1107.334,1136.6672,1100.0,1228.334,4059.0012,5298.3352,5863.0012,5951.002,4917.0012,3879.334,3842.668,3685.0012,3593.334,4422.0012,4983.0012,4887.668,5096.668,5177.3352,5386.3352,4389.0012,3718.0012,3597.0012,2742.6672,1210.0,91270.6928
844,2020-04-24,1074.334,1063.334,1155.0,1287.0,3971.0012,5613.668,6336.002,5214.0012,4315.668,3912.334,3721.668,3523.668,3461.334,3718.0012,4620.0012,5063.668,5104.0012,5661.3352,5507.3352,4198.334,3688.668,3564.0012,2728.0012,1166.0,89668.3588
845,2020-04-25,1001.0,975.334,1001.0,1309.0,3483.334,4711.668,5005.0012,4851.0012,4385.334,3857.334,3765.668,4337.668,4788.668,5100.3352,4557.668,4752.0012,4667.668,4719.0012,4777.668,4385.334,3776.668,3523.668,2713.334,1210.0,87655.356
846,2020-04-26,964.334,990.0,1034.0,997.334,2009.334,2827.0012,2728.0012,2750.0012,2951.6672,3050.6672,3296.334,2904.0012,2984.668,3087.334,3113.0012,3017.6672,2929.6672,3025.0012,3153.334,3014.0012,2856.334,2816.0012,2453.0012,1103.6672,60056.3528
847,2020-04-27,1012.0,979.0,1107.334,1122.0,3479.668,5236.0012,6031.668,5976.668,4913.334,4147.0012,3773.0012,4040.668,3923.334,3751.0012,4238.668,5441.3352,6105.0012,5668.668,5877.668,5430.3352,4378.0012,3696.0012,2907.6672,1184.334,94420.358
848,2020-04-28,1162.334,1114.6672,1023.0,1213.6672,3666.668,5214.0012,5980.3352,5848.3352,4931.668,4271.668,3597.0012,3696.0012,3853.668,3751.0012,4605.334,5518.3352,6387.3352,6581.668,6431.3352,5701.668,4587.0012,3795.0012,2885.6672,1290.6672,97108.028
849,2020-04-29,1070.6672,1015.6672,1048.6672,1235.6672,3905.0012,5412.0012,5892.3352,5936.3352,4818.0012,3908.668,3886.668,3809.668,3831.668,4004.0012,4532.0012,5250.668,6383.668,5456.0012,5870.3352,5511.0012,4425.668,3809.668,2849.0012,1199.0,95062.028
850,2020-04-30,1122.0,1008.334,1107.334,1235.6672,3886.668,5434.0012,5907.002,6149.002,5203.0012,4172.668,3670.334,3817.0012,3857.334,3945.334,4110.334,5085.668,5910.668,5727.3352,5859.3352,5206.668,4422.0012,3751.0012,2992.0012,1125.6672,94706.36
851,2020-05-01,1008.334,1015.6672,1008.334,1100.0,1994.6672,3289.0012,3476.0012,3237.6672,3006.6672,3146.0012,3157.0012,2867.334,2962.6672,3028.6672,3072.6672,3102.0012,2999.334,2981.0012,3549.334,3553.0012,3399.0012,3281.668,2434.6672,821.334,63492.0192
852,2020-05-02,605.0,601.3332,612.3332,1074.334,3619.0012,4909.668,4961.0012,4799.668,4345.0012,3894.0012,3718.0012,4128.668,4935.3352,4656.668,4594.3352,4730.0012,4711.668,4697.0012,4748.334,4422.0012,4062.668,3586.0012,2900.334,1261.334,86573.6916
853,2020-05-03,1012.0,913.0,924.0,1052.334,2247.6672,3549.334,3142.334,3003.0012,2896.6672,3054.334,3322.0012,3127.668,2896.668,2797.6672,2959.0012,2970.0012,3193.668,3245.0012,3388.0012,3358.668,3296.334,3234.0012,2379.6672,1056.0,63019.0192
854,2020-05-04,894.6672,891.0,894.6672,1173.334,3751.0012,5533.002,6024.3352,6196.668,5019.668,4147.0012,3879.334,3842.668,3758.334,3934.334,4418.334,5423.0012,6083.002,6310.3352,6248.002,5456.0012,4612.668,3758.334,2841.6672,1144.0,96235.3588
855,2020-05-05,1085.334,990.0,1048.6672,1272.334,4246.0012,5309.3352,6603.668,5727.3352,5034.3352,4139.668,3806.0012,3769.334,3784.0012,4011.334,4242.334,6035.3352,6288.3352,6453.3352,6127.002,5177.3352,4484.3352,3754.668,2962.6672,1217.334,97570.0296
856,2020-05-06,1063.334,1059.6672,1085.334,1213.6672,3692.334,6072.002,6413.0012,5756.668,4638.334,3846.334,3578.668,3835.334,3879.334,3967.334,4290.0012,5533.0012,5815.3352,6163.668,5848.3352,5419.3352,4579.668,3798.668,3025.0012,1184.334,95758.6928
857,2020-05-07,1004.6672,1030.334,968.0,1206.334,4411.0012,5870.3352,6442.3352,5749.3352,4832.668,3949.0012,3820.668,3809.668,3828.0012,4015.0012,4587.0012,5390.002,6031.668,6372.668,5826.3352,5115.0012,4532.0012,3666.668,2882.0012,1202.6672,96543.3628
858,2020-05-08,1026.6672,1067.0,979.0,1224.6672,4213.0012,6009.668,6875.002,5782.3352,4268.0012,3934.334,3534.668,3846.334,4095.668,4077.334,4499.0012,5771.3352,6130.668,6141.668,6061.002,5221.3352,4378.0012,4213.0012,2937.0012,759.0,97045.6932
859,2020-05-09,326.3332,289.6672,293.3332,843.3332,3699.6672,4594.334,5144.334,5093.0012,4062.6672,3468.6672,3215.6672,3626.334,4440.334,4411.0012,4238.6672,4583.334,4297.334,4565.0012,4286.334,3358.6672,2313.6672,2002.0,2108.334,363.0,75625.0128
860,2020-05-10,0.0,0.0,0.0,0.0,0.0,0.0,0.0,0.0,0.0,0.0,0.0,0.0,0.0,3.6672,22.0,14.6672,14.6672,14.6672,14.6672,14.6672,18.3332,14.6672,14.6672,14.6672,161.338
861,2020-05-11,454.6672,876.3332,894.6672,1250.334,4341.334,5137.0012,6387.3352,5756.668,5250.668,4253.334,3663.0012,3736.334,3831.668,3883.0012,4422.0012,5720.0012,5903.3352,6380.002,5595.3352,5654.0012,4920.668,3839.0012,2874.6672,1279.6672,96305.026
862,2020-05-12,1070.6672,1133.0,1074.334,1334.6672,4348.668,5324.0012,6460.668,5522.0012,4411.0012,4271.668,3875.668,3993.0012,4275.334,4117.668,4506.3352,5841.0012,5940.0012,6449.668,5610.002,5126.0012,4249.668,3707.0012,2687.6672,1151.334,96481.0264
863,2020-05-13,1103.6672,1056.0,1030.334,1254.0,4198.334,5797.002,6185.668,6031.668,5118.668,3897.668,3956.334,4106.668,3868.334,3952.668,4711.668,5709.002,6244.3352,6867.668,6438.668,5390.0012,4506.3352,3765.668,2900.334,1191.6672,99282.36
864,2020-05-14,1067.0,1140.334,1048.6672,1283.334,4330.3352,5705.3352,6369.002,5826.3352,5441.3352,4378.0012,4033.334,3952.668,4051.668,4139.668,4671.334,5698.0012,6328.668,6559.668,6354.3352,5382.668,4799.668,3967.334,2955.334,1026.6672,100510.6948
865,2020-05-15,1074.334,1034.0,957.0,1228.334,4084.668,5760.3352,6556.002,6090.3352,4924.334,4062.668,3938.0012,3941.668,3949.0012,3960.0012,4414.668,5533.0012,6438.668,6644.002,6343.3352,5624.668,4576.0012,3875.668,3010.334,1103.6672,99124.6948
866,2020-05-16,1019.334,1026.6672,1004.6672,1221.0,4103.0012,5188.3352,5544.0012,5364.3352,4205.668,3754.668,3820.668,4385.334,4686.0012,4953.668,4843.668,4909.668,4792.3352,4693.3352,4869.3352,4128.668,3263.334,2977.334,2592.334,1283.334,88630.694
867,2020-05-17,1056.0,1078.0,1133.0,1041.334,2559.334,4495.334,4568.668,4059.0012,3703.334,4077.334,3985.668,4015.0012,4165.334,4477.0012,4315.668,4062.668,4070.0012,4403.668,4554.0012,4506.334,4264.334,4004.0012,2797.6672,1232.0,82624.6864
868,2020-05-18,1279.6672,1243.0,1023.0,1279.6672,4180.0012,5804.3352,6138.0012,5749.3352,5122.3352,4271.668,3934.334,4051.668,3982.0012,4066.334,4499.0012,5584.3352,6068.3352,6460.668,6468.002,5646.668,4521.0012,3593.334,2790.334,1323.6672,99080.6936
869,2020-05-19,1437.334,1375.0,1290.6672,1316.334,4411.0012,6094.002,6358.002,5375.3352,4400.0012,3897.668,3714.334,3842.668,3842.668,3952.668,4532.0012,5837.3352,6358.002,6889.668,6068.3352,5485.3352,4440.3352,3597.0012,2863.6672,1224.6672,98604.0304
870,2020-05-20,1243.0,1052.334,1041.334,1290.6672,4319.3352,6145.3352,6878.668,5947.3352,4990.3352,3978.334,3934.334,3912.334,3934.334,4062.668,4524.668,5811.668,6222.3352,5918.002,6229.668,5467.0012,4396.334,3608.0012,2962.668,1103.6672,98974.3608
871,2020-05-21,1012.0,1056.0,1048.6672,1235.6672,4323.0012,5925.3352,6695.3352,5936.3352,4704.3352,4088.334,3908.668,3883.0012,3905.0012,3985.668,4433.0012,5797.0012,6328.668,6556.002,6273.668,5467.0012,4546.668,3622.668,2845.334,1331.0,98908.3604
872,2020-05-22,1023.0,1001.0,1041.334,1312.6672,4257.0012,5764.0012,6809.002,5973.0012,5045.3352,4143.334,3949.0012,4040.668,3993.0012,4224.0012,4638.3352,6035.3352,6350.668,6446.002,6354.3352,5573.3352,4488.0012,3894.0012,3076.334,1243.0,100675.6948
873,2020-05-23,1118.334,1111.0,1114.6672,1327.334,4319.334,5580.668,6119.668,5511.002,4297.3352,3949.0012,3868.334,4352.334,4810.668,4891.3352,5522.0012,5481.668,4990.3352,4840.0012,4825.3352,3831.668,3160.668,2944.334,2570.334,1122.0,91659.3596
874,2020-05-24,1177.0,1030.334,1012.0,1023.0,2680.334,5144.3352,4433.0012,3974.668,3897.668,4040.668,4238.668,4396.334,4403.668,4312.0012,4620.0012,3813.334,3516.334,3457.668,3688.668,3773.0012,3531.0012,3542.0012,2878.334,1096.334,79680.3564
875,2020-05-25,1100.0,946.0,781.0,806.6672,1903.0012,3413.668,3329.334,2728.0012,2757.334,3065.334,3094.668,3109.334,3285.334,3311.0012,3164.334,3274.334,2497.0012,2801.334,2860.0012,2841.6672,2720.6672,2684.0012,2236.6672,909.334,59620.018
876,2020-05-26,784.6672,828.6672,916.6672,1100.0,4480.668,6050.002,6310.3352,6446.002,5111.3352,4348.668,4070.0012,3886.668,4099.334,4044.334,4840.0012,5437.668,5562.3352,5866.668,6200.3352,5654.002,4741.0012,4029.668,2797.6672,1404.334,99011.0292
877,2020-05-27,1147.6672,1096.334,1085.334,1239.334,4268.0012,5855.668,6504.668,5940.002,5298.3352,4301.0012,3919.668,3699.668,3930.668,4059.0012,4561.3352,5247.0012,5650.3352,6343.3352,5965.668,5415.668,4499.0012,3941.668,2981.0012,1210.0,98160.3632
878,2020-05-28,1059.6672,1118.334,1111.0,1224.6672,4312.0012,5826.3352,6145.3352,6075.668,5503.668,4077.334,3883.0012,3751.0012,3890.334,3930.668,4719.0012,5261.668,6237.002,6493.668,6086.668,5679.668,4667.668,4004.0012,2885.6672,1243.0,99187.026
879,2020-05-29,1078.0,1078.0,1144.0,1338.334,4279.0012,5793.3352,6339.668,6009.668,5269.0012,4568.668,4345.0012,3956.334,3982.0012,4048.0012,4634.668,5723.668,6200.3352,6369.002,6321.3352,5368.0012,4477.0012,3978.334,2951.6672,1210.0,100463.0252
880,2020-05-30,1048.6672,1056.0,1188.0,1272.334,3413.668,4975.668,5368.0012,5107.668,4345.0012,3784.0012,3659.334,4004.0012,4260.668,4719.0012,4854.668,5214.0012,4359.668,4939.0012,4517.3352,3732.668,3237.6672,2940.6672,2750.0012,1125.6672,85873.3576
881,2020-05-31,942.334,905.6672,942.3332,968.0,2038.6672,3424.6672,3197.334,2893.0,2918.6672,3120.334,3417.334,3369.6672,3208.334,3369.6672,3329.334,3263.334,3300.0,3380.6672,3545.6672,3666.6672,3369.6672,3267.0,2665.6672,1195.334,65699.3444
882,2020-06-01,1092.6672,1089.0,1122.0,1294.3332,4202.0012,5566.0012,6310.334,6398.3352,5272.668,4535.668,4103.0012,4092.0012,4125.0012,4169.0012,4942.668,5907.0012,6383.668,6592.668,6413.002,5639.3352,4627.3352,3820.668,3017.668,1276.0,101992.0264
883,2020-06-02,1133.0,1122.0,1085.334,1213.6672,4425.668,5738.3352,6504.668,6288.3352,5338.668,4462.3352,3857.334,3652.0012,3879.334,4088.334,4524.668,5694.3352,5943.6692,6435.002,6215.002,5789.668,4737.3352,4062.668,3153.334,1312.6672,100657.3628
884,2020-06-03,1144.0,1125.6672,1151.334,1426.334,4216.668,5764.0012,6303.002,5859.3352,5247.0012,4257.0012,3828.0012,3648.334,3747.334,3751.0012,4429.334,5426.668,6196.668,4876.668,5448.668,5705.3352,5016.0012,4029.668,3054.334,1162.334,96814.6928
885,2020-06-04,1081.6672,1136.6672,1070.6672,1301.6672,4282.668,6009.668,6347.002,5973.002,4843.668,4088.334,3967.334,4000.334,3934.334,4103.0012,4546.668,5129.668,5668.668,5958.3352,5877.668,5767.668,4953.668,4319.334,3065.334,1246.6672,98673.6924
886,2020-06-05,1019.334,1045.0,982.6672,1147.6672,4315.668,6024.3352,6592.668,6497.3352,5540.3352,4033.334,3883.0012,3784.0012,3776.668,3813.334,4528.3352,5584.3352,5371.668,6457.002,5518.3352,5635.668,5104.0012,3956.334,2900.334,773.6672,98285.0284
887,2020-06-06,949.6672,902.0,814.0,14.6672,14.6672,14.6672,14.6672,14.6672,14.6672,14.6672,14.6672,14.6672,14.6672,14.6672,14.6672,14.6672,14.6672,14.6672,14.6672,14.6672,14.6672,14.6672,14.6672,14.6672,2973.6784
888,2020-06-07,366.6672,0.0,0.0,0.0,0.0,0.0,0.0,0.0,0.0,0.0,0.0,0.0,0.0,366.6672,0.0,0.0,0.0,0.0,0.0,0.0,0.0,0.0,0.0,733.334,1466.6684
889,2020-06-08,876.334,891.0,960.6672,1173.334,4334.0012,5804.3352,6559.668,6013.3352,5819.002,4499.0012,4341.3352,4092.0012,4022.334,3905.0012,4917.0012,5368.0012,5353.3352,6284.668,6050.0012,5474.3352,4568.668,3864.668,3065.334,1254.0,99491.3616
890,2020-06-09,1026.6672,1048.6672,1026.6672,1122.0,4183.668,5760.3352,6240.668,6090.3352,5368.0012,4502.668,3850.0012,3652.0012,3835.334,3769.334,4576.0012,5188.3352,5859.3352,6101.3352,6332.3352,5580.668,4554.0012,4051.668,2911.334,1342.0,97973.3608
891,2020-06-10,1144.0,1103.6672,1114.6672,1169.6672,4040.668,5903.3352,5969.3352,6266.3352,5430.3352,4741.0012,4077.334,3710.668,3916.0012,3813.334,4601.668,5635.668,5738.3352,6079.3352,6339.668,5668.668,4785.0012,3952.668,2783.0012,1224.6672,99209.0288
892,2020-06-11,1067.0,1184.334,1004.6672,1092.6672,4220.334,5866.668,6255.3352,6185.668,5357.0012,4418.334,4007.668,3868.334,3864.668,3941.668,4796.0012,5606.3352,5577.0012,6042.668,5078.3352,5485.3352,5012.3352,4092.0012,2691.334,1492.334,98208.0272
893,2020-06-12,1015.6672,1008.334,971.6672,1250.334,4099.334,5654.0012,6156.3352,5830.002,5404.668,4348.668,3993.0012,3780.334,3934.334,4084.668,4568.668,5382.668,5929.002,5819.0012,6108.668,5694.3352,4803.334,4117.668,2911.334,1129.334,97995.3604
894,2020-06-13,997.334,1063.334,1074.334,1188.0,4205.668,5412.0012,5705.3352,5562.3352,4539.334,3776.668,3824.334,4158.0012,4656.668,5151.668,5500.002,5067.3352,5060.0012,5041.668,4939.0012,4352.334,3256.0012,3094.6672,2687.6672,1158.6672,91472.3592
895,2020-06-14,931.334,913.0,913.0,1015.6672,2247.6672,3747.334,3758.334,3230.334,3006.6672,3336.668,3487.0012,3358.668,3355.0012,3490.668,3516.334,3377.0012,3589.668,3256.0012,3329.334,3157.0012,3116.6672,3069.0012,2456.6672,1162.334,66821.3532
896,2020-06-15,1030.334,1092.6672,1023.0,1026.6672,2233.0012,3930.668,3630.0012,2999.334,2922.334,3168.0012,3589.668,3505.334,3395.334,3707.0012,3586.0012,3465.0012,3336.668,2988.334,3164.334,3043.334,2940.6672,2830.6672,2372.334,1015.6672,65996.3532
897,2020-06-16,1063.334,982.6672,1045.0,1320.0,4059.0012,6134.3352,6303.002,6402.002,5485.3352,4367.0012,3949.0012,3736.334,4128.668,4216.668,4777.668,5397.3352,5852.002,5753.0012,6424.002,5782.3352,4766.668,4062.668,2970.0012,1378.6672,100356.6972
898,2020-06-17,1129.334,1147.6672,1078.0,1283.334,4066.334,5929.002,6427.668,6325.002,5437.668,4400.0012,3923.334,4026.0012,3956.334,3901.334,4741.0012,5481.668,5474.3352,6490.002,6537.668,5514.668,4726.3352,4018.668,2944.334,1323.6672,100283.3604
899,2020-06-18,1118.334,1085.334,1059.6672,1371.334,4169.0012,5797.0012,6405.668,6383.668,5500.0012,4686.0012,4088.334,4040.668,4169.0012,4007.668,4532.0012,5434.0012,5679.668,5749.3352,5753.0012,5265.3352,4605.3352,4026.0012,2940.668,1188.0,99055.0276
900,2020-06-19,1008.334,1045.0,1030.334,1118.334,4279.0012,5694.3352,6409.3352,6823.6692,5738.3352,5287.3352,4440.334,4011.334,4209.334,4073.668,5060.0012,5778.668,5969.3352,6097.668,6559.668,5797.002,4935.3352,4037.0012,3435.668,3127.6672,105966.6972
901,2020-06-20,1657.334,1151.334,1096.334,1283.334,4169.0012,5753.0012,5929.002,5342.3352,4444.0012,3890.334,3978.334,4444.0012,4792.3352,5126.0012,5170.0012,5107.668,4832.668,4983.0012,4730.0012,4411.0012,3406.334,3021.334,2779.334,1129.334,92627.3592
902,2020-06-21,1103.6672,1030.334,1041.334,1059.6672,2247.6672,3644.668,3868.334,3197.334,3153.334,3267.0012,3366.0012,3406.334,3439.334,3501.668,3443.0012,3377.0012,3424.668,3303.668,3083.6672,2874.6672,2988.334,2929.6672,2489.6672,1096.334,66337.3532
903,2020-06-22,986.334,982.6672,971.6672,1012.0,2211.0012,3589.668,3190.0012,2849.0012,3043.334,3263.334,3355.0012,3435.668,3494.334,3329.334,3410.0012,3366.0012,3116.6672,2856.334,3175.334,2962.6672,2849.0012,2878.334,2269.6672,1004.6672,63602.0196
904,2020-06-23,1012.0,982.6672,1056.0,1169.6672,4242.334,6163.668,6262.668,5984.0012,5437.6672,4458.6672,3982.0012,4044.334,4176.334,4011.334,4810.6672,5401.0012,5914.334,6413.0012,6530.334,5775.0012,4983.0012,4213.0012,3175.334,1217.3332,101416.3516
905,2020-06-24,1001.0,1001.0,1114.6672,1272.334,4385.334,5958.334,6526.668,6559.668,5404.668,4682.3352,4062.668,3923.334,4070.0012,4165.334,4741.0012,5514.668,5712.668,6405.668,6266.3352,5397.3352,4722.668,4029.668,3017.668,1353.0,101288.0252
906,2020-06-25,1096.334,1070.6672,993.6672,1331.0,4106.668,5965.668,6299.3352,6244.3352,5419.3352,4521.0012,4051.668,3978.334,4059.0012,3971.0012,4689.668,5540.3352,5745.668,6042.668,6237.0012,5716.3352,4733.668,3974.668,3061.6672,1232.0,100081.6944
907,2020-06-26,1114.6672,1162.334,1096.334,1184.334,4297.334,5892.3352,6413.002,6196.668,5492.668,4348.668,4015.0012,3857.334,3740.0012,3956.334,4535.668,5401.0012,5929.0012,6006.0012,6068.3352,5639.3352,4818.0012,4022.334,3065.334,1254.0,99506.026
908,2020-06-27,1063.334,1100.0,1063.334,1158.6672,3883.0012,5606.3352,5360.668,5877.668,4730.0012,4121.334,3967.334,4183.668,4733.668,5038.0012,5122.3352,5129.668,4997.668,4917.0012,5012.3352,4180.0012,3439.334,3102.0012,2691.334,1246.6672,91725.3592
909,2020-06-28,154.0,0.0,0.0,11.0,14.6672,14.6672,14.6672,14.6672,14.6672,14.6672,14.6672,14.6672,14.6672,14.6672,14.6672,14.6672,14.6672,14.6672,14.6672,14.6672,18.3332,14.6672,14.6672,14.6672,462.01
910,2020-06-29,3.6672,880.0,990.0,986.334,2181.6672,3769.334,3611.668,3036.0012,2937.0012,3179.0012,3373.334,3611.668,3201.0012,3395.334,3417.334,3417.334,3325.6672,3556.668,3549.334,3633.668,3593.334,3259.6672,2398.0012,1045.0,66352.0188
911,2020-06-30,920.334,982.6672,927.6672,1195.334,4055.334,6105.002,6501.002,6420.3352,5624.668,4418.3352,4103.0012,3971.0012,4004.0012,3908.668,4535.668,5382.668,5822.668,6079.3352,6460.668,5533.0012,4803.334,4084.668,2863.6672,1074.334,99777.362
912,2020-07-01,979.0006,1103.6671,1059.6668,1224.6673,4121.3344,6116.0016,6680.6681,6314.0014,5606.3349,4634.6676,4084.6676,3820.6679,3890.3343,3809.6676,4554.001,5254.3344,5749.3346,6270.0016,6405.6684,4169.0008,4722.6678,4286.3343,2816.0011,1323.6671,98996.3583
913,2020-07-02,1276.0,1155.0,1133.0,1371.334,4073.668,5929.0012,6853.002,6204.002,5580.668,4689.668,4279.0012,3930.668,3923.334,3912.334,4667.668,5500.002,5734.668,5848.3352,6174.668,5309.3352,5019.668,4062.668,2951.6672,1180.6672,100760.0272
914,2020-07-03,1037.6672,1081.6672,1067.0,1232.0,4154.334,5984.0012,6952.002,6028.002,5712.668,4865.668,4458.668,4018.668,4004.0012,3776.668,4422.0012,5236.0012,5701.668,6215.002,6556.002,5679.668,4829.0012,4103.0012,3248.668,3072.6672,103436.6948
915,2020-07-04,1606.0,1147.6672,1092.6672,1239.334,4396.334,5481.668,5896.002,5591.668,4407.3352,3773.0012,3688.668,4128.668,4711.668,4744.668,5221.3352,4990.3352,4913.3352,4906.0012,4843.668,4147.0012,3142.334,2680.334,2739.0012,1162.334,90651.028
916,2020-07-05,1030.334,1045.0,1048.6672,1056.0,2280.6672,3549.334,3791.334,3344.0012,3083.668,3212.0012,3369.668,3597.0012,3696.0012,3523.668,3637.334,3718.0012,3593.334,3553.0012,3597.0012,3743.668,3795.0012,3362.334,2464.0012,1122.0,70213.0212
917,2020-07-06,1015.6672,1100.0,1063.334,1180.6672,4235.0012,6134.3352,6332.3352,6178.3352,5650.3352,4777.668,4370.668,4128.668,4077.334,4114.0012,4840.0012,5364.3352,5701.668,6446.002,6226.002,5921.668,4858.3352,4213.0012,3160.668,1250.334,102340.3644
918,2020-07-07,1059.6672,1063.334,1048.6672,1151.334,4414.668,6178.3352,6732.002,6464.3352,5676.0012,4433.0012,4062.668,4128.668,4026.0012,3989.334,4667.668,5331.3352,5654.0012,6002.3352,5771.3352,5569.668,4612.668,4011.334,2992.0012,1316.334,100356.6964
919,2020-07-08,1195.334,1188.0,1173.334,1232.0,4176.334,6075.668,6438.668,6504.668,5511.0012,4491.668,4172.668,4007.668,3978.334,3982.0012,4700.668,5353.3352,5734.668,6149.002,6354.3352,5393.668,4598.0012,3923.334,2823.334,1265.0,100422.692
920,2020-07-09,1177.0,1199.0,1213.6672,1250.334,4253.334,6061.002,6812.668,6358.002,5822.668,4645.668,4209.334,4026.0012,4128.668,4081.0012,4645.668,5500.002,5782.3352,6127.002,6405.668,5716.3352,4704.334,3868.334,2841.6672,1199.0,102028.6932
921,2020-07-10,1052.334,1085.334,1100.0,1261.334,4473.334,5984.0012,6864.002,6504.6692,5544.0012,4425.668,3993.0012,3908.668,4136.0012,4004.0012,4873.0012,5635.668,6053.668,6684.3352,6658.668,5716.3352,4917.0012,4198.334,2797.6672,1239.334,103110.3612
922,2020-07-11,1081.6671,1100.0005,1133.0,1375.0003,3714.3343,5624.6681,5694.3349,5441.3349,4568.6681,3908.6678,3736.3341,4213.0008,4726.3346,5085.6681,5166.3344,5291.0011,5093.0011,5118.6678,4598.0009,4209.3344,3384.3342,2999.3341,2614.3341,1217.3338,91094.6895
923,2020-07-12,1041.3336,1023.0004,1001.0005,993.6673,2042.3338,3787.6678,3505.3341,2922.3342,3072.6673,3432.0006,3424.6676,3472.3342,3292.6675,3520.0011,3454.0008,3388.0009,3153.3342,3212.0007,3003.0006,3065.3344,2926.0009,2926.0007,2350.3339,1250.3336,65259.3507
924,2020-07-13,1030.3336,1012.0,1100.0003,1305.3338,4194.6676,6009.6684,6666.0016,6537.6684,5599.0013,4367.0009,3967.3343,4011.3343,3996.6675,3908.6675,4803.3341,5566.001,5932.6684,6343.3347,6482.6679,5360.6678,4686.0013,3963.6676,2926.0007,1199.0,100969.023
925,2020-07-14,1012.0006,1070.6671,1048.6668,1254.0006,4084.6673,6097.6684,6460.6682,6306.6681,5995.0017,4766.6679,4282.6678,4081.0008,4048.0009,4015.0013,4766.6679,5690.6681,6002.3346,6299.3349,6387.3348,5463.3348,4539.3344,4077.3344,2775.6674,1136.6671,101662.0259
926,2020-07-15,1048.6671,1100.0003,1026.6672,1316.3336,4011.3346,6119.6681,6141.6683,6171.0014,5254.3343,4733.6679,3956.3341,3798.6675,3894.0011,4073.6675,4752.0011,5415.6678,5826.3346,6013.3349,6402.0016,5830.0014,4997.6678,4044.3343,2966.3343,1158.6671,100052.3579
927,2020-07-16,1140.3339,1081.6671,1089.0003,1265.0003,4220.3343,6101.3349,6827.3351,6314.0012,5683.3348,4579.6676,4110.3343,4092.0011,4205.6676,4264.3346,4843.6676,5368.0011,5712.6679,6226.0015,6174.6681,5624.6681,4843.6679,4143.3346,2838.0008,1140.3336,101889.3583
928,2020-07-17,1012.0003,1118.3338,1067.0004,1250.3338,3938.0008,4840.0013,4884.0013,4293.6676,3875.6678,3362.3344,3237.6672,3182.6674,3127.6674,2951.6674,3061.6677,3857.3341,4301.001,4205.6679,4231.3343,3490.6676,3135.0009,2984.6677,2632.6676,1089.0003,75130.02
929,2020-07-18,1067.0003,1063.3335,1177.0003,1232.0004,3835.3341,4920.6678,5008.6679,4686.0014,4345.0009,3325.6676,2911.3342,2746.3341,2882.0007,2669.3341,2977.3341,3113.0006,2889.3342,3069.0009,2995.6672,2937.0009,2937.0007,2929.6674,2596.0005,1195.3338,69509.0176
930,2020-07-19,957.0004,949.6671,960.6673,953.334,1859.0006,2937.0009,2761.0009,2563.0008,2709.6674,2962.6673,2761.0012,2706.0008,2823.3341,2878.3341,2467.6671,2420.0006,2354.0004,2233.0006,2409.0004,2442.0005,2394.3339,2577.6673,2328.3341,1188.0005,53595.6823
931,2020-07-20,1015.667,1015.6671,971.6668,990.0005,1925.0006,2717.0009,2640.0009,2504.3341,2618.0006,2530.0006,2229.3335,2075.3336,2185.3338,2181.6673,2203.667,2244.0006,2137.667,2137.6671,2357.6676,2350.3341,2376.0009,2376.0009,2346.6671,1078.0003,49206.6799
932,2020-07-21,1034.0005,1023.0004,1045.0006,1217.3339,4048.001,6061.0011,6464.3348,6211.3349,5610.0011,4616.3343,4106.6676,3857.3343,3956.3341,4077.334,4781.3346,5412.0013,5951.0011,5925.3349,6475.3349,5672.3346,4825.3345,4077.3339,3006.6673,1147.6671,100602.3568
933,2020-07-22,997.3336,1041.3338,1136.6671,1144.0003,4117.6673,6138.0014,6772.3351,6475.3345,5467.0013,4473.3343,3982.0008,3875.6675,3956.3345,3927.0008,4803.3346,5375.3349,5808.0014,6185.668,6490.0016,5786.0014,4913.3346,4231.3343,2937.0006,1191.6668,101225.6905
934,2020-07-23,1063.3339,1059.6668,1015.667,1210.0,4271.6675,6039.0014,6486.3351,6160.0016,5280.0013,4330.3343,3868.3344,3586.0008,3740.0008,3813.3343,4722.6676,5210.3346,5745.6681,5954.6681,6321.3351,5496.3345,4792.3344,4180.0011,2838.0009,1184.3339,98369.3575
935,2020-07-24,1089.0003,1122.0003,1246.6668,1243.0005,3787.6673,4631.0011,4766.6678,4436.6678,3908.6679,3241.3344,3113.0006,3069.0008,2750.0006,2915.0006,3098.3342,3270.6676,3402.6677,4198.3343,4194.6676,3384.334,2959.0006,3028.6672,2361.3341,1543.667,72761.3511
936,2020-07-25,1019.3336,1140.3336,1023.0005,1180.6673,3589.6673,4568.6679,4906.0011,4521.0013,3828.001,3124.0006,2860.0009,2695.0009,2698.6671,3175.3342,3710.6676,3685.0008,3406.3344,3058.0007,3168.0008,2995.6673,2981.0006,2918.6674,2544.6674,1184.3336,69982.0179
937,2020-07-26,733.334,0.0,0.0,0.0,0.0,0.0,0.0,0.0,0.0,0.0,0.0,0.0,0.0,0.0,0.0,0.0,0.0,0.0,0.0,0.0,366.6672,0.0,0.0,0.0,1100.0012
938,2020-07-27,18.3332,1001.0,975.334,1078.0,4224.0012,6207.668,6537.668,6479.002,5588.0012,4796.0012,4051.668,3894.0012,4011.334,3967.334,4689.668,5577.0012,5921.668,6097.668,6497.3352,5742.0012,4656.668,3919.668,3010.334,1067.0,100008.3576
939,2020-07-28,927.6673,909.3336,953.3335,1246.6668,4216.6676,6075.6681,6486.3351,6251.6684,5533.0011,4323.0011,3985.6678,3765.6676,3762.0011,3883.0009,4642.0008,5247.0013,6097.6684,6215.0013,6614.6684,5676.0016,4924.3343,4011.3346,3234.0009,1210.0004,100191.692
940,2020-07-29,1030.3338,1026.6668,1004.6671,1136.6668,4264.3343,6402.0016,6992.3348,6233.3346,5705.3349,4491.6678,4132.3341,3982.0011,3949.0011,3982.0012,4576.0013,5261.6681,5899.6681,6424.0016,6266.3351,5892.3349,4898.668,4132.3341,3241.3342,1155.0003,102080.0257
941,2020-07-30,1096.3336,1096.3339,1092.6671,1221.0003,4279.0012,6211.3349,6673.3354,6596.3351,5511.0013,4407.3343,4018.6676,3890.3343,3839.0008,4015.0012,4609.0009,5529.3348,5694.3345,6317.6684,5646.6679,5995.0013,4865.6677,4169.0011,3329.3344,1048.6673,101152.3593
942,2020-07-31,1085.3338,1118.3336,1052.3335,1305.3336,3989.3343,5148.0011,5078.3345,4799.6678,4227.6676,3721.6674,3776.6677,3780.3343,3839.0011,4125.0011,5074.6678,5232.3344,5078.3346,5012.3346,5071.0014,4095.6678,3131.3342,2981.0007,2933.3341,1103.6671,86760.6881
943,2020-08-01,1041.3338,1074.3338,1158.6673,1191.6671,3692.3341,4697.0014,4935.3345,4990.3346,4187.3346,3520.0009,2720.6673,2797.6674,2750.0006,3164.3342,3879.3341,3710.6676,3457.6676,3072.6674,3245.0006,3153.3339,3032.3339,2977.334,2632.6674,1045.0004,72127.0185
944,2020-08-02,1056.0003,1019.3336,1023.0004,979.0004,2013.0006,2838.0009,2790.3341,2599.6674,2537.3339,2346.6673,2361.3339,2284.3338,2346.6672,2357.6673,2310.0008,2409.0008,2328.3338,2339.3341,2541.0006,2662.0006,2563.0006,2621.6674,2409.0006,1030.3335,51766.0139
945,2020-08-03,1122.0003,1052.3338,1030.3338,1169.6671,4246.0008,6325.0016,7014.3351,6479.0016,5749.3349,4543.0012,3938.0008,3831.6678,3989.3343,4033.3341,4957.3346,5459.6681,5745.668,6284.6683,6728.3354,5808.0013,4950.0013,4139.6676,2772.0006,1323.6672,102692.3596
946,2020-08-04,1056.0006,1122.0005,1298.0006,1334.667,4418.3343,6218.6684,6603.6682,6218.6684,5518.3343,4550.3344,4165.3341,3663.0008,4510.0011,4154.3343,4609.0013,5280.0014,5646.6681,6259.0016,6376.3351,5595.3345,4682.3341,3919.6675,2768.3343,1312.6671,101280.692
947,2020-08-05,1085.3336,1180.6671,1092.6671,1210.0003,4407.3344,6134.3346,6878.6686,6372.6681,5272.6678,3758.3346,4187.3347,3905.0011,4117.6677,4125.0011,4561.3341,5401.0014,5819.0012,6200.3348,6193.0018,5907.0014,5038.0011,4106.6676,3076.3344,1166.0006,101196.3592
948,2020-08-06,1059.6671,1081.6671,1081.667,1279.6673,4308.3344,5885.0014,6501.0016,6339.6683,5566.0014,4704.3344,4147.0008,3908.6676,4106.6676,3923.3343,4568.6681,5269.0013,5742.001,6218.668,6526.6681,6013.3346,4920.6678,4337.6676,2933.334,1243.0003,101665.6911
949,2020-08-07,1118.3338,1140.3338,1158.6671,1195.3335,2016.6673,2878.3342,3197.3342,2717.0006,2955.3341,2728.0009,2508.0005,2453.0006,2394.3338,2504.334,2508.0006,2684.0006,3091.0006,2753.6674,3047.0009,3153.334,2764.6674,2541.0003,2471.334,1147.6668,57126.681
950,2020-08-08,1140.3336,1100.0003,1085.3338,1202.6672,3501.6673,4796.0013,5261.6679,4576.0013,3919.6676,3593.3342,3318.3341,3322.0008,3318.3339,3329.3342,3358.6676,3256.0009,3237.6679,3351.3344,3512.6676,3278.0008,2988.3339,2977.3342,2515.3339,1195.3336,73135.3523
951,2020-08-09,990.0003,964.3338,1019.3339,1041.3339,1837.0003,2739.0007,2691.3338,2640.0009,2794.0009,2779.3341,2728.0006,2416.3341,2438.3338,2456.6673,2416.3339,2420.0009,2596.0006,2856.3339,3168.0009,3109.3339,2750.0007,2772.0009,2720.6673,1169.6671,55513.3485
952,2020-08-10,1147.667,1092.6668,1144.0005,1276.0003,4396.3344,6233.3348,6636.6684,6611.0016,5720.0016,4469.6676,4176.3343,3956.3344,4103.0008,4015.0008,4532.0012,5126.0012,5650.3347,5918.0016,6545.0016,5551.3349,4931.6679,3949.0011,3113.0008,1239.3335,101533.6918
953,2020-08-11,1074.3338,1136.667,1188.0003,1283.3335,4290.0011,6024.3351,6677.0016,6339.6682,5514.6681,4389.0009,4029.6676,3956.3346,4114.0011,4110.3346,4752.0012,5606.3348,5826.3349,6053.6684,6295.6681,5745.6682,4807.001,3993.0006,2878.3339,1287.0003,101372.3589
954,2020-08-12,1169.6673,1136.6671,1133.0003,1202.667,4224.0011,6281.0013,6424.0018,6299.3349,5588.0011,4444.001,4077.3343,3945.3343,4235.0008,4194.6676,4792.3346,5452.3343,5877.6678,5877.668,6449.6683,5793.3346,4832.6678,4051.6676,3105.6674,1323.667,101911.3573
955,2020-08-13,1089.0003,1122.0005,1125.667,1254.0,4191.0011,6123.3351,6603.6681,6438.6683,5665.0014,4425.6679,3956.3346,3923.334,4150.6673,4011.3344,4968.3346,5448.6681,5767.6678,6266.3351,6174.6681,5624.6681,4829.001,4059.0012,2926.0008,1452.0005,101596.0253
956,2020-08-14,1184.3338,1100.0005,1056.0003,1309.0005,4180.0008,5804.3349,7102.3349,6218.6684,5635.6678,4352.3343,4048.0008,4099.3343,4121.3343,4224.001,4763.0013,5368.0014,5837.3346,6189.3349,6123.335,5679.6684,4917.0014,4154.3346,2988.3341,1246.667,101702.3593
957,2020-08-15,1129.3339,1133.0006,1144.0004,1232.0003,3604.3343,4719.0014,5067.3346,5008.6679,4279.001,3776.6677,3703.3343,3659.3344,3696.0008,3853.6679,4011.3343,3985.6676,3457.6674,3890.3343,4051.6673,3428.3343,3080.0009,2973.6674,2416.3338,1217.3338,78518.0206
958,2020-08-16,1019.3338,997.334,1001.0005,1001.0005,1983.6673,2713.3342,2680.3339,2640.0009,2728.0006,2603.3341,2570.3341,2299.0009,2357.6674,2251.3338,2229.3338,2350.3341,2280.6676,2159.667,2555.6676,2442.0006,2416.3338,2409.0009,2214.6674,938.6668,50842.0156
959,2020-08-17,935.0003,924.0,920.3335,927.6671,1862.6671,2764.6673,2640.0007,2753.6674,2761.0006,2519.0006,2478.6676,2310.0006,2343.0006,2225.6671,2258.6672,2335.6673,2266.0005,2423.6671,2416.3339,2486.0009,2401.6676,2401.6673,2346.6671,1015.6668,50717.3462
960,2020-08-18,1059.6671,1100.0003,1100.0004,1272.3338,4246.0009,6240.6681,6732.0018,6666.0018,5540.3349,4532.0011,4161.6676,4022.3343,4183.6673,4224.0011,4851.0013,5566.0014,5745.6682,6354.3349,6347.0013,5690.6679,4953.6679,3996.6675,2845.3341,1188.0003,102619.0253
961,2020-08-19,1004.6673,1012.0003,1092.667,1188.0006,4070.001,5892.3346,6435.0016,6262.6681,5800.6681,4818.0013,4422.0008,4004.0011,4037.0011,3967.3343,4770.3345,5412.0013,5925.3349,6284.6683,6625.6685,5775.0016,4598.0009,3916.0008,2680.3341,1103.6671,101097.3592
962,2020-08-20,1030.334,1059.6672,1067.0,1265.0,4018.668,6064.668,6728.3352,6163.668,5613.668,4748.3352,3857.334,4011.334,4106.668,4099.334,4935.3352,5481.668,5694.3352,6031.668,6446.002,5533.002,4781.3352,4106.668,2772.0012,1169.6672,100785.6956
963,2020-08-21,1107.3338,1125.667,1107.3338,1224.667,4099.3346,6270.0013,6625.6683,6101.3349,5610.0016,4433.0011,3978.3341,3813.3343,3820.6676,3835.3344,4565.0011,5115.0014,5782.3349,6185.6678,6233.3351,5661.3345,4605.3343,4029.6676,2764.6671,1151.3339,99245.6915
964,2020-08-22,1008.3338,1107.3336,1063.3339,1221.0004,3883.0008,5074.6681,5782.3347,5423.0017,4821.6678,4136.0008,3846.3341,4238.6678,4711.6676,5034.3341,5045.3346,5096.6679,5118.6681,4928.0008,4997.6681,4224.0009,3516.3344,3072.6674,2772.0006,1217.3338,91340.3558
965,2020-08-23,454.6671,14.6672,14.6672,14.6672,14.6672,14.6672,14.6672,14.6672,7.3336,0.0,0.0,0.0,11.0004,18.3337,14.6672,14.6672,18.3337,14.6672,14.6672,14.6672,14.6672,14.6672,14.6672,14.6672,744.3437
966,2020-08-24,495.0004,1092.667,1059.6671,1195.3335,4110.3343,6248.0013,6446.0019,6559.6683,5720.0017,4462.3341,4029.6678,3949.0011,3945.3345,4103.0008,4744.6678,5280.0011,6009.6683,6600.0016,6372.6681,5727.3345,4411.0011,4066.3341,2801.3341,1265.0003,100694.0248
967,2020-08-25,1114.6673,1111.0006,1158.6671,1221.0006,4099.3344,6086.6681,6636.6683,6508.3351,5529.3348,4202.0008,3905.0009,3879.3341,3861.0008,4073.6676,4796.0013,5386.3346,5855.6681,6578.0016,6383.6684,5522.0013,4631.0013,3993.0008,2922.3338,1389.6668,100844.3585
968,2020-08-26,1001.0003,1114.6671,1092.6668,1452.0004,4183.6676,6134.3349,6985.0015,6427.6684,5797.0011,4345.001,3901.3344,4033.334,4044.334,4106.6676,4686.0011,5291.0011,5870.3346,6024.3349,6570.6684,5756.6679,4829.0014,4037.0009,2922.3341,1122.0003,101728.0238
969,2020-08-27,1059.6671,1078.0005,1092.6668,1184.3336,4110.3341,6130.6684,6570.6686,6207.6682,5745.6678,4469.6679,3886.6679,3813.3344,4011.3343,3916.0013,4737.3346,5470.6678,5947.3348,6321.3348,6482.6684,5679.6681,5023.3346,4231.3346,2860.0006,1041.3336,101071.6928
970,2020-08-28,975.3339,1030.3338,993.6673,1235.6671,3897.6676,6372.6684,6519.3345,6119.6681,5815.3343,4957.3349,4015.0012,3813.3346,3996.6675,4114.0008,4693.3344,5459.6676,5694.3348,6339.6681,6394.6681,5731.0017,4774.0012,3923.3345,2933.3341,1213.6671,101013.0256
971,2020-08-29,1052.3339,1081.6671,1147.667,1195.3336,4011.334,5628.3347,5800.6684,5445.0014,4326.6679,3952.6676,3853.6678,3879.3343,3758.3344,3908.6676,4785.001,4810.6678,4891.3346,4865.6676,4865.6681,4084.6674,3424.6676,3223.0009,2761.0009,1147.6671,87901.0227
972,2020-08-30,1023.0004,993.6673,1030.3338,1111.0003,2376.0009,3897.6674,3696.0009,3047.0006,3175.3342,3204.6679,3483.3341,3274.3341,3501.6674,3534.6679,3483.3341,3157.0008,2966.3342,2940.6674,3340.3342,3186.3342,3102.0009,3131.3342,2449.3341,1180.6671,66286.0184
973,2020-08-31,1169.6673,1063.3336,1133.0006,1144.0005,4183.6676,6053.6684,7032.6684,6636.6684,4862.0014,4781.3344,4213.0006,3978.3341,4004.0011,3912.3344,4994.0014,5492.6681,5393.6681,5980.3349,5973.0014,5225.0013,5012.3346,4103.0011,2860.0009,1199.0006,100400.6932
974,2020-09-01,1059.667,924.0006,1059.6673,1224.667,4099.3343,5731.0016,5789.6681,7029.0018,5973.0016,4686.0013,4319.3346,3941.6674,4293.6679,4150.6676,4704.3344,5533.0013,6068.3351,6156.3351,6515.6684,5709.0014,4609.0011,3457.6676,2647.3339,1485.0,101167.0264
975,2020-09-02,1107.3339,1085.3338,1228.3336,1507.0005,4755.6681,6900.6683,7370.0019,6721.0014,6156.3347,5133.3346,4502.6681,4352.3344,4612.6676,4620.0009,5430.3349,6185.6683,6783.3349,6915.3353,7318.6683,6446.0018,5525.6684,4550.3346,3234.0009,1602.3336,114044.3628
976,2020-09-03,1254.0003,1177.0004,1144.0003,1309.0006,4466.0011,6160.0015,6882.3354,6486.3351,5569.6681,4601.6678,4194.6678,3765.6676,4033.3344,4114.0011,4469.6678,5661.3346,6262.6682,6174.6684,6519.3354,5870.3347,4887.6678,4341.3343,2940.6673,1547.3339,103832.6939
977,2020-09-04,1096.3338,1092.6671,1103.667,1191.667,3960.0011,6061.0016,6688.0016,6295.6682,5569.6678,5140.6676,4455.0011,4110.3344,4202.0011,4323.0008,4678.6678,5555.0013,5793.3347,6112.3347,6537.6683,5830.0014,4733.6675,3897.6676,2801.3341,1122.0004,102351.358
978,2020-09-05,990.0004,924.0003,971.6673,1265.0003,4378.0014,5995.0013,6303.0017,5236.0011,4455.0011,3886.6676,3879.3343,3989.3341,5291.0013,5947.3346,5874.0016,5797.0013,5918.0013,6006.0016,5320.3346,4264.3342,3718.0013,3633.6677,2889.3341,1294.3335,98226.358
979,2020-09-06,1045.0004,1048.6668,1012.0005,986.3339,1855.3336,3886.6679,3934.3343,3637.3344,3575.0009,3523.6674,3674.0012,3714.3344,3791.3343,3688.6674,3798.6678,3754.6679,3787.6678,3703.3342,3512.6676,3333.0009,3179.0007,3252.3341,2610.6676,1125.6673,71430.3533
980,2020-09-07,1045.0003,1067.0003,1070.6668,1191.6673,4048.0009,6402.0015,6915.3354,6567.0014,5705.3346,4576.0009,4220.3346,4150.6675,4246.0011,4257.0011,4913.3347,5408.3346,6002.3348,6237.0017,6336.0014,5375.3346,4675.0011,4033.3344,2918.6673,1254.0004,102615.3587
981,2020-09-08,612.3337,524.3334,935.0006,1151.3336,4121.3346,5797.0014,6233.3348,6145.3348,5562.3346,4968.3345,4249.6673,4040.6676,4143.3344,4117.6678,4741.0008,5489.0013,5723.6682,5305.6682,5441.3346,4829.0011,4506.3344,3824.3346,2860.0006,1309.0006,96631.3575
982,2020-09-09,1045.0005,1092.667,1140.3335,1199.0003,4092.001,6006.0016,6299.3349,6662.3351,5525.6678,4697.0013,4169.0011,4026.0008,4051.6676,4154.3344,4862.0013,5434.0014,6083.0015,6255.3349,6259.0017,5841.0011,4671.3343,4169.0009,3047.0009,1496.0003,102278.0252
983,2020-09-10,1136.6671,1129.3336,1100.0003,1191.6668,4062.6676,5837.3346,6908.0019,6251.6684,5976.6681,4741.0014,4106.6679,4037.0011,4356.0011,4249.6673,4818.0011,5602.6679,5914.3348,6321.3351,6156.3349,5544.0014,4664.0011,4092.0008,2999.3341,1169.6671,102366.0255
984,2020-09-11,931.3336,949.6671,997.3338,1232.0003,4066.3341,6053.6681,6743.0019,6347.0016,5584.3346,4543.0011,3927.0011,3795.0011,4037.0012,4121.3341,4678.6681,5353.3349,5830.0016,6116.0017,6369.0016,5635.6681,4770.3346,3912.3341,2966.3338,1195.334,100155.0262
985,2020-09-12,997.334,1012.0005,1063.334,1228.3339,4132.3344,5690.6681,6013.3348,5412.0012,4741.0011,3912.3344,3736.334,4077.3343,5250.6681,5661.3346,5943.6679,6061.0013,5789.6678,5756.6679,5287.3346,4733.6678,3879.3344,3930.6675,2951.6675,1089.0003,98351.0244
986,2020-09-13,891.0004,883.6671,880.0003,898.3336,1793.0006,3721.6673,3820.6673,3652.0009,3366.0011,3333.0011,3303.6677,3358.6676,3424.6677,3432.0006,3520.0011,3465.0008,3450.3344,3424.6676,3443.0009,3259.6674,3190.0008,3135.0006,2522.6671,1074.3338,67243.0178
987,2020-09-14,594.0002,678.3336,887.3336,1166.0005,4070.0009,6174.6681,6889.6686,6658.6682,5536.6679,4660.3343,4055.3344,3868.3344,4073.6678,4095.6676,4700.6678,5291.0011,5973.0014,6534.0016,6633.0014,5984.0016,4968.3348,4103.0012,3138.6675,1334.6668,102069.0253
988,2020-09-15,1129.3338,1100.0003,1063.3335,1309.0003,4378.0008,6226.0014,6948.3354,6552.3348,5833.6679,4378.0011,4202.0011,3945.3344,3993.0011,4132.3346,4799.6676,5536.6682,6171.0017,6376.3353,6427.6683,5837.3346,4869.3345,4216.6678,2907.6673,1217.3338,103550.3596
989,2020-09-16,1147.667,1195.3336,1147.667,1235.6672,4337.6676,5929.0014,6860.3349,6926.3349,5782.3346,4455.0011,4198.3344,3824.3341,3930.6673,3963.6676,4532.001,5397.3346,5676.0011,6189.3348,6416.6683,5892.3347,4609.0012,4194.6676,2992.0008,1202.667,102036.0238
990,2020-09-17,1004.667,1158.6673,1067.0003,1283.3335,4165.3344,6163.6681,6765.0016,6314.0014,5987.6681,4645.668,3978.3344,4114.0011,4103.001,4037.0008,4862.0013,5404.6676,5661.3346,6295.6681,6314.0016,5518.3346,4942.6679,3989.3343,2849.0006,1320.0005,101944.3581
991,2020-09-18,1074.3338,1059.6671,1136.6673,1246.6671,4037.0009,6127.0014,6633.0015,6827.3351,5789.6682,4814.3345,4150.6678,4103.0011,4227.6676,4224.0008,4642.001,5133.3347,6009.6683,6347.0016,6446.0016,5811.6678,4653.001,3831.6678,2794.0006,1426.3339,102545.6925
992,2020-09-19,1118.3338,1151.3339,1118.3338,1217.3338,4139.6678,5951.0014,6237.0014,5382.6678,4715.3343,4099.3343,3879.3344,4092.0011,5353.3343,5786.0017,5643.0013,5742.0014,6039.0013,5657.668,5126.0008,4484.3343,3699.6676,3542.0009,2911.3341,1191.6671,98277.6906
993,2020-09-20,982.6668,982.6671,990.0006,971.667,1914.0006,3802.3343,4095.6675,3604.3341,3300.0007,3402.6676,3362.3341,3509.0008,3593.3343,3501.6676,3439.3341,3391.6676,3534.6676,3619.0008,3479.6676,3454.0008,3344.0009,3274.3341,2541.0006,1144.0006,69234.0178
994,2020-09-21,924.0004,982.6668,876.3338,1147.6673,4169.0011,6108.6684,6603.6681,6482.6686,5591.6682,4605.3346,4165.3344,3974.6679,3960.0008,4015.0011,4700.6678,5419.3346,5672.3346,6380.0013,6204.0016,5364.3348,4865.6678,4176.3341,3465.0011,2225.6671,102080.0263
995,2020-09-22,1136.667,1074.3336,1092.6671,1188.0003,4187.3346,5962.0014,6688.0014,6420.3351,5456.0014,4378.0011,3945.3343,3806.0011,4059.0008,4103.0011,4792.3344,5250.6678,5727.3349,5947.3346,6204.0013,5808.0013,5258.0011,4169.0013,3410.0009,2031.3336,102094.6915
996,2020-09-23,1067.0004,1026.6671,656.3333,751.6672,3476.0009,5360.6679,6405.6678,5492.6678,5382.6678,4257.0011,3644.6676,3358.6676,3538.3341,3490.6676,4246.0011,4975.6678,5294.6681,5602.6681,5731.0014,5298.3344,4334.0013,3523.6676,2878.3342,1415.3336,91208.3558
997,2020-09-24,634.3339,546.3332,528.0002,678.3333,3413.6676,5430.3346,5910.6684,5881.3344,5379.0011,4253.3343,3879.3346,3472.3344,3483.3345,3637.3342,4297.3345,5063.6678,5280.0011,5712.6681,5797.0016,5074.6675,4312.0013,3406.3341,2823.3344,1404.3338,90299.0229
998,2020-09-25,502.3334,550.0001,509.6669,693.0001,3575.0009,5635.6679,6515.6678,5731.0017,5283.668,4455.0011,3817.0009,3545.6676,3630.0009,3545.6676,4389.0014,4873.0011,5624.6679,5749.3346,5712.6678,5093.001,4308.3343,3435.6677,2907.6676,1503.3338,91586.0221
999,2020-09-26,553.6666,601.3336,564.6669,814.0003,3652.0009,5247.0011,5991.3349,4631.0013,4660.3343,3791.3341,3549.3341,3813.334,4990.3345,5646.6679,5672.3343,5705.3346,5540.3347,5210.3344,4572.3343,3802.3341,3248.6674,3190.0008,2885.6676,1477.667,89811.3537
1000,2020-09-27,480.3333,465.6667,550.0004,454.6666,1364.0003,3274.3341,3369.6673,3468.6678,3303.6674,3131.3342,3142.3341,3160.6676,3314.6675,3186.3341,3248.6674,3362.3341,3219.3342,3208.3342,3105.6677,2805.0006,2695.0012,2658.3339,2082.6674,755.3336,59807.0157
1001,2020-09-28,645.3334,586.6669,608.6669,759.0003,3600.6678,5657.6681,6438.6681,5903.3349,5232.3346,4385.3344,4000.3343,3586.0011,3699.6676,3729.0011,4341.3344,5071.0011,5478.0016,5789.6681,5705.3346,4799.6679,4022.3344,3465.0011,2827.0009,1496.0003,91828.0239
1002,2020-09-29,513.3334,506.0001,517.0002,667.3336,3685.0006,5536.6682,5870.3346,6204.0013,5291.0011,4172.6676,3516.3344,3245.0006,2816.0007,2911.3342,4370.6675,4924.3346,5496.3346,5654.0013,5987.6681,4884.0011,4231.3346,3384.334,2863.6674,1367.6669,88616.0207
1003,2020-09-30,638.0004,535.3334,542.6669,718.6669,3479.6673,5470.6681,5738.3349,5764.0016,5137.0011,3696.0009,2845.3342,2801.3338,2948.0006,2926.0012,4128.6678,4873.0011,5492.6681,5804.3351,5679.6682,5019.6679,4429.3341,3619.0011,2885.6673,1452.0003,86625.0223
1004,2020-10-01,557.3334,561.0004,575.6666,667.3336,3512.6676,5503.6679,6002.3349,6101.3348,5500.0014,3927.0011,3263.3339,2929.6673,2937.0009,3142.3341,3872.0011,5192.001,5547.6681,5918.0016,5885.0013,5206.6678,4334.001,3435.6676,2713.3344,1276.0003,88561.0221
1005,2020-10-02,480.3334,414.3334,429.0001,645.3336,3589.6674,5448.668,5921.6679,6336.0016,5250.6679,3795.0011,3072.6674,3175.3341,3087.3342,3072.6676,4304.6678,4576.0013,5023.3349,6350.6684,5514.6682,5085.6678,4231.3344,3256.0009,2724.3339,1433.6668,87219.0221
1006,2020-10-03,546.3334,608.6669,579.3334,781.0001,3652.0008,5148.0013,6086.6678,4854.6681,4543.0011,3593.3344,3450.334,3890.3343,4979.3344,5313.0011,5573.3346,5742.0016,5170.0013,4473.3346,3725.3343,3674.0012,3245.0008,3105.6674,2687.6674,1576.6671,86999.0214
1007,2020-10-04,575.6668,583.0004,579.3336,597.6669,1444.6672,3340.3339,3688.6678,3538.3344,3208.3342,3234.0009,3256.0006,3333.0009,3391.6674,3219.3341,3333.0009,3278.0009,3380.6674,3201.0009,3083.6674,2933.3341,2951.6674,2790.3342,2057.0006,612.3334,61611.0163
1008,2020-10-05,564.6666,597.6668,601.3334,722.3336,3527.334,5485.3346,6097.6681,6024.3347,5309.3343,3765.6676,3047.0007,3003.0007,3384.3343,3296.3341,4257.001,4939.0013,5610.0013,5665.0013,5613.6681,5243.3346,4381.6675,3461.3341,2856.3341,1437.3338,88891.0206
1009,2020-10-06,597.6669,553.6667,535.3334,674.6669,3527.334,5529.3343,5991.3349,6050.0013,5247.0011,3747.3343,2896.6673,2772.0006,2922.3342,3021.3341,4092.0011,5074.6678,5448.6679,5665.0016,6050.0016,5408.3346,4165.3341,3622.6676,2860.0006,1503.3338,87956.0207
1010,2020-10-07,612.3332,608.6672,612.3332,777.334,3714.334,5555.0012,6057.3352,6145.3352,5375.3352,3963.668,3113.0012,3021.334,2995.6672,3131.334,4308.3352,5199.3352,5745.668,5672.3352,5804.3352,5133.3352,4260.668,3659.334,3135.0012,1382.334,89983.694
1011,2020-10-08,480.3332,557.3332,557.3332,674.6672,3718.0012,5540.3352,6064.668,5775.0012,5298.3352,3747.334,3351.334,3186.334,3083.6672,3380.668,4033.334,5250.668,5569.668,5841.002,5976.668,5408.3352,4389.0012,3564.0012,2995.6672,1375.0,89818.6896
1012,2020-10-09,513.3332,652.6672,583.0,773.6672,3615.334,5397.3352,6013.3352,5998.668,5100.3352,3549.334,3032.334,2962.6672,3127.6672,3259.668,4147.0012,5012.3352,5665.0012,5709.0012,5588.0012,5408.3352,4227.668,3410.0012,2981.0012,1441.0,88168.6912
1013,2020-10-10,458.3332,484.0,506.0,781.0,3670.334,5514.668,6094.002,5049.0012,4374.334,3861.0012,3699.668,3908.668,5217.668,5760.3352,5694.3352,5892.3352,5067.3352,4862.0012,4073.668,3879.334,3274.334,3168.0012,2907.6672,1529.0,89727.024
1014,2020-10-11,502.3337,509.6667,535.3334,605.0001,1609.6673,3395.334,3626.3346,3556.6673,3289.0008,3138.6673,3135.0009,3219.3339,3344.0009,3373.3339,3256.0009,3549.3341,3391.6677,3190.0009,3036.0008,2973.6677,2808.6674,2816.0006,1969.0003,572.0001,61402.0153
1015,2020-10-12,484.0,561.0,586.6668,586.6669,1547.3338,3457.6676,3531.0008,3575.0006,3175.3341,3171.6677,3259.6676,3204.6672,3296.3344,3443.0006,3303.6677,3219.3341,3615.3344,2992.0006,2885.6676,2273.3338,2665.6673,2728.0009,2203.6674,634.3336,60401.0155
1016,2020-10-13,572.0002,509.6669,535.3334,711.3334,3292.6676,5456.0013,6028.0013,5569.6678,4957.3343,3971.0011,3413.6676,3358.6677,3300.0008,3285.3341,4007.6678,5023.3346,5430.3346,5749.3346,5841.0013,5214.0013,4172.6676,3461.3344,2911.3341,1532.6671,88304.3549
1017,2020-10-14,612.3334,579.3333,564.6669,704.0004,3457.6676,5588.0013,5980.3348,5756.6681,4994.0011,3567.6676,3109.3339,3065.3339,3219.3339,3153.3339,4125.0011,5019.6679,5503.6681,5804.3349,5866.6679,5214.0011,4510.0009,3707.0011,3047.0009,1547.3338,88696.6878
1018,2020-10-15,473.0001,480.3334,502.3334,619.6669,3578.6676,5679.6681,5558.668,5958.3348,5331.3346,3582.3344,3039.6674,2907.6674,3054.3339,2977.3338,4099.3343,5371.6681,5496.3349,5734.6681,6251.6683,5122.3346,4367.001,3795.0011,2867.3341,1404.3338,88253.0221
1019,2020-10-16,476.6669,491.3333,571.9999,682.0004,3534.6676,5397.3348,5925.3346,5973.0013,4755.6678,3912.3341,3164.3339,2834.3341,3153.3341,2977.3342,4194.6678,4777.6679,5547.6681,5804.3346,5628.3346,5529.3343,4334.0009,3347.6674,2775.6673,1617.0004,87406.0203
1020,2020-10-17,550.0002,564.6668,605.0001,693.0001,3725.3343,5613.6681,6017.0016,5056.3346,4139.6673,3725.3342,3571.3343,3765.6676,5104.0011,5639.3345,5848.3349,4957.3346,5716.3348,4715.3346,4007.6674,3795.0011,3329.3344,3080.0006,2896.6673,1466.6671,88583.0216
1021,2020-10-18,443.6667,432.6666,557.3334,539.0,1415.3338,3278.0011,3663.0009,3395.334,3479.6676,3366.0009,3336.6676,3234.0008,3325.6673,3340.334,3153.3342,3256.0009,3241.3341,3234.0006,3138.6676,2948.0006,2827.0008,2676.6673,2167.0007,891.0006,61339.6821
1022,2020-10-19,975.3338,946.0006,755.3336,689.3334,3677.6673,5162.6678,6101.335,5393.6681,5591.6679,4018.6678,3175.3341,3241.3339,3219.3342,3278.0006,4319.3341,5067.3343,5529.3349,5859.3349,5892.3349,5346.0014,4271.6678,3615.3342,3102.0007,1562.0006,90790.3559
1023,2020-10-20,953.3339,843.3336,520.6669,674.6669,3527.3341,5734.6681,6160.0014,6009.6684,5188.3345,3831.6676,3252.3341,3076.3341,3168.0012,3006.6674,4260.6676,4913.3346,5390.001,5701.6681,5800.6681,5382.6678,4473.3344,3710.6676,3039.6677,1397.0006,90016.6897
1024,2020-10-21,513.3336,535.3333,506.0004,671.0003,3666.6676,5423.0011,5903.3343,5881.3349,5184.6678,3802.334,3193.6674,3307.3339,3292.6677,3696.0011,4579.6678,5093.0011,5606.3347,5797.0014,5885.0016,5331.3346,4293.6679,3468.6677,3138.6675,1518.0,90288.0217
1025,2020-10-22,876.3336,990.0001,561.0,660.0001,3479.6675,5254.3345,6391.0013,5797.0013,5346.0011,3828.0009,3289.0009,3318.3344,3259.6673,3428.3341,4403.6674,5192.0014,5690.6681,5720.0011,5646.6684,5159.0013,4502.6678,3619.0011,2966.3341,1463.0004,90841.6882
1026,2020-10-23,582.9999,506.0001,502.3337,704.0001,3615.3338,5467.0013,6259.0019,5767.6682,5547.6678,4033.3343,3567.6677,3267.0009,3146.0006,3582.3341,4480.6676,5118.6678,5690.6681,5940.0013,5965.6679,5346.0016,4117.6678,3736.3341,2962.6671,1459.3336,91366.0213
1027,2020-10-24,817.6671,905.6673,876.3335,1059.6668,3967.3342,5936.3348,6295.6682,5236.0013,4726.3347,4095.6676,3685.0009,3989.3343,5313.0013,6145.3349,6090.3346,5833.668,5701.6681,5203.0011,4524.6674,4070.001,3578.6675,3362.3344,3245.0008,1804.0003,96462.6901
1028,2020-10-25,946.0003,931.3336,935.0004,935.0003,1767.3338,3791.3346,3923.3343,3971.0008,3787.6679,3575.0009,3549.3343,3589.6678,3567.6674,3611.6673,3626.3343,3655.6675,3699.6676,3633.6674,3879.3341,3443.0009,3391.6674,3322.0008,2530.0006,1246.667,71309.3513
1029,2020-10-26,997.3335,561.0001,586.6672,755.3335,3498.001,5533.0014,5907.0016,5683.3349,4510.001,3655.6676,3531.0008,3421.0009,3377.0008,3487.0011,3798.6679,4550.3343,5665.0014,6270.0016,5639.3347,4697.0011,3787.6679,3289.0007,3311.0009,1609.6671,88121.023
1030,2020-10-27,509.6669,495.0001,495.0001,729.6669,3560.3343,5591.6678,6222.3351,5815.3346,4539.3343,3619.0008,3619.0011,3589.6676,3446.6674,3560.3343,3798.6676,4484.3344,5533.001,5430.3344,5052.6678,4403.6678,3549.3344,3127.6674,2882.0009,1510.6668,85565.3538
1031,2020-10-28,451.0,473.0002,410.6672,649.0003,3476.0007,5613.6681,5866.6679,5962.0019,4455.001,3916.0011,3516.3344,3380.6676,3325.6674,3600.6678,4018.6676,4594.3343,5558.668,5797.0013,5225.0014,4385.3346,3787.6675,3080.0009,2893.0009,1580.3338,86016.3559
1032,2020-10-29,524.3334,535.3336,520.6666,671.0003,3619.0005,5459.6679,5848.3348,6178.3348,4418.3343,3729.0012,3703.3341,3395.3342,3553.0009,3520.0009,3952.6676,4645.6676,5577.0014,5536.6681,5302.0013,4609.001,3677.6673,3061.6676,2845.3341,1521.6671,86405.0206
1033,2020-10-30,550.0002,531.6668,605.0001,542.6671,3545.6674,5390.0014,6141.6683,5837.3349,4447.6676,3655.6674,3450.3341,3300.0009,3270.6676,3428.3341,3802.3341,4649.3344,5621.0012,6211.3348,5485.3349,4579.6678,3894.0009,3259.6676,2676.6673,685.6671,85561.688
1034,2020-10-31,715.0001,568.3334,539.0001,737.0001,3692.3338,5489.0011,4125.001,4825.3349,4132.3343,3600.6678,3512.6675,3707.0011,4785.0011,5727.3345,5749.335,5430.3347,5305.6678,4873.0008,4062.6676,3597.0011,3362.3341,3087.3339,2200.0006,667.3338,84491.0202
1035,2020-11-01,550.0001,594.0002,495.0001,480.3333,1206.3339,3300.0009,3740.0008,3318.3344,3054.3341,3219.3339,3193.6674,3223.0011,3318.3343,3296.3341,3384.334,3278.0009,2882.0009,2797.6674,2783.0009,2640.0004,2669.3339,2515.3336,2181.6673,660.0,58780.3479
1036,2020-11-02,498.6669,524.3337,484.0002,454.6668,1261.3335,3355.0008,3633.6676,3648.3342,3241.3341,3010.3341,3135.0009,2970.0006,3076.3342,3175.3342,3322.0009,3006.6674,2900.3344,2929.6671,2856.3341,2805.0007,2728.0007,2508.0006,2170.6671,630.6668,58325.6816
1037,2020-11-03,469.3337,513.3334,469.3334,674.6666,3512.6673,5613.6676,6127.0014,5767.6681,4414.668,3648.3341,3296.3339,3296.3342,3553.0011,3641.0011,3971.0011,4763.0013,5749.3346,5921.6676,5606.3346,4528.3343,3674.0008,3006.6673,2775.6673,1573.0003,86566.3531
1038,2020-11-04,535.3336,506.0001,535.3337,663.6669,3545.6678,5602.6679,6020.6679,6046.3346,4660.3346,3582.3343,3307.3341,3193.6676,3274.3342,3432.0007,3923.3345,4675.0011,5742.0014,5819.0014,5511.0014,4693.3345,3622.6676,3025.0009,2761.0008,1466.6673,86144.6889
1039,2020-11-05,483.9999,546.3333,641.6671,693.0,3428.3338,5613.6681,6328.668,5855.6681,4469.6676,3652.0008,3212.0008,3098.3339,3237.6677,3395.3339,3754.6676,4466.0007,5676.0016,5976.6681,5478.0014,4689.6678,3659.334,3105.6676,2834.3339,1521.6671,85818.3528
1040,2020-11-06,454.6672,425.3333,469.3334,605.0001,3578.6674,5437.6681,6178.3349,5855.6681,4744.6679,3681.3343,3267.0011,3406.3342,3380.6676,3578.6676,3956.3344,4634.6677,5577.0014,5657.6681,5760.3346,4917.0013,3688.6675,3182.6676,2944.3341,1756.3338,87138.3557
1041,2020-11-07,498.6669,447.3334,634.3336,704.0001,3516.3344,5401.0011,6273.6684,5063.6681,4220.3346,3571.3342,3556.6676,3743.6679,5063.6682,5841.0016,5738.3349,5456.0017,5841.0015,4502.6678,4000.3343,3542.0008,3065.3339,3109.3341,3039.6673,1521.6671,88352.0235
1042,2020-11-08,465.6669,557.3333,440.0001,399.6669,1437.3338,3578.6678,3853.6676,3516.3341,3256.0006,3285.3341,3204.6673,3263.3339,3435.6676,3307.3344,3278.0009,3292.6673,3201.0006,2962.6674,3153.3341,2992.0007,2973.6676,2812.3339,2163.3341,773.6666,61603.6816
1043,2020-11-09,616.0002,755.3336,601.3334,682.0001,3278.0008,5401.0012,6017.0019,5496.3349,4378.0011,3553.0009,3457.6676,3296.3341,3300.0009,3428.3344,3725.3343,4557.6678,5291.0014,5643.0013,4796.0014,3908.6676,3688.6676,2772.0007,2306.3342,1558.3338,82507.3552
1044,2020-11-10,612.3337,612.3336,550.0001,704.0004,3175.3341,4590.6676,5467.0014,6039.0016,4414.6678,3549.3342,3193.6674,3153.3341,3289.0006,3461.3346,3824.3343,4532.0013,5324.0014,5665.0013,5221.3346,4110.3344,3190.0009,2687.6671,2471.3339,1345.667,81183.6874
1045,2020-11-11,590.3334,751.6671,692.9999,696.6669,3215.6673,5294.6679,5562.3346,5393.6678,4194.6679,3241.3341,3322.0008,3230.3339,3281.6674,3197.3343,3732.6677,4319.3343,4917.0013,5346.0013,5210.3343,4231.3341,3307.3342,2852.6673,2596.0007,1444.6671,80622.6856
1046,2020-11-12,590.3336,579.3334,612.3334,718.6668,3160.6673,5331.3346,5650.3349,5390.0013,4246.0013,3358.6676,3197.3341,2948.0005,3098.3339,2992.0007,3626.3343,4165.3346,5181.001,5353.3348,5181.0014,4110.3343,3472.3341,2896.6671,2530.0007,1470.3338,79860.0195
1047,2020-11-13,546.3336,586.6667,630.6669,678.3334,3201.0008,5151.6682,5672.3346,5522.0016,4414.6676,3314.6673,3234.0012,3237.6674,3215.6676,4202.0008,4843.6678,5214.0014,5474.3348,5811.6681,5041.6679,3927.0008,3237.6674,2750.0005,2687.6674,1485.0006,84080.3544
1048,2020-11-14,616.0001,560.9999,634.3334,645.3334,3300.0008,4865.6678,5690.6683,4502.6678,4051.6677,3138.6677,3043.3339,3245.0009,4495.3341,5144.3344,5250.6679,5401.0014,5019.6676,4407.3341,3428.3343,3153.3342,3039.6676,2731.6674,2874.6674,1488.6673,80729.0194
1049,2020-11-15,656.3339,616.0001,586.6672,597.6672,1455.6674,3278.0012,3413.6674,2544.6677,2629.0006,2636.3339,2614.3341,2614.334,2577.6674,2511.6674,2537.3338,2533.6673,2412.6673,2368.6673,2585.0004,2273.3338,2405.3339,2273.3341,1730.6673,755.3336,50607.3483
1050,2020-11-16,770.0006,773.6673,656.3339,619.6669,1349.3341,3241.3341,3127.6676,2669.3341,2504.3342,2471.3338,2416.3339,2456.6676,2467.6674,2486.0009,2632.6673,2772.0008,2775.6677,2750.0009,2643.6674,2500.6673,2431.0006,2368.6671,1664.6673,718.6671,51267.3499
1051,2020-11-17,583.0001,795.6671,1166.0005,1257.6671,3853.6679,5764.0016,6695.3349,5936.3348,4832.6676,4066.3344,3780.3346,3681.3343,3703.3343,3619.0009,4117.6676,4796.001,5569.6679,5690.6678,4539.3347,4913.3346,3776.6676,3468.6673,3182.6674,1774.6673,91564.0233
1052,2020-11-18,1125.6673,1078.0003,1103.6671,1235.6673,3982.0006,5936.3348,6413.0018,5687.0013,4711.6679,3681.334,3450.3344,3351.3341,3593.3343,3604.3343,4136.0008,4803.3343,5485.3348,6174.6686,5822.6681,4836.3344,4158.0011,3597.0011,3329.3344,1950.6671,93247.0242
1053,2020-11-19,1081.6668,1136.6672,1107.3336,905.6671,3311.0008,5324.0011,5859.3346,5547.6681,4198.3343,3318.3343,2948.0009,3025.0008,3017.6674,3105.6674,3479.6674,4183.6676,5140.6681,5613.6683,4194.6676,3571.3339,3520.0009,3186.3343,2786.6677,1521.6668,81084.687
1054,2020-11-20,601.3333,586.6669,652.6666,674.6668,3391.6676,5496.3346,5863.0013,5650.3348,4444.0013,3417.3343,3175.3342,3102.0008,3065.3341,3289.0008,3754.6676,4466.0011,5181.0014,5525.6679,5265.334,4158.0011,3300.0009,2896.6674,2526.3341,1455.6668,81939.0197
1055,2020-11-21,645.3333,762.6671,748.0003,792.0003,3208.3344,5140.6678,5837.3348,5126.0017,4198.3346,3740.0011,3619.0011,3883.0008,4898.6679,5166.3343,5027.0012,5386.3346,5100.3346,5078.3347,4957.3348,3817.001,3168.0006,2746.3338,2427.3341,1591.3338,87065.0227
1056,2020-11-22,612.3337,575.6669,546.3337,630.6666,1437.3338,3226.6674,3124.0006,2918.6674,2878.3341,2412.6674,2742.6676,2702.3339,2742.6677,2691.3338,2603.3339,2632.6673,2643.6674,2695.0009,2742.6674,2467.6674,2515.3336,2394.3339,1661.0006,744.3338,52341.6808
1057,2020-11-23,652.6666,524.3333,506.0004,652.6668,3608.0009,5459.6682,6229.6683,5888.6679,4854.6678,3578.6679,3589.6676,3549.3343,3498.0008,3593.3339,4132.3344,4737.3344,5731.0011,5965.6681,5529.3346,4389.0008,3743.6675,3190.0007,2834.3342,1628.0006,88066.0211
1058,2020-11-24,586.6669,645.3334,685.6671,660.0001,3487.0009,5423.0017,6079.3348,5844.6678,4495.3346,3457.6674,3263.3344,3182.6673,3303.6676,3468.6674,4000.3346,4561.3343,5665.0014,5606.3346,5404.6681,4495.3346,3685.0008,3237.6674,2904.0006,1536.3339,85679.0217
1059,2020-11-25,663.6668,634.3333,645.3336,740.6666,3182.6675,5511.0014,5951.0014,5654.0013,4257.0011,3824.3344,3318.334,3395.3344,3351.3339,3344.0008,4007.6676,4623.6676,5591.6681,6028.0016,5745.6681,4642.001,3780.3341,3131.3341,2896.6674,1540.0003,86460.0204
1060,2020-11-26,564.6668,535.3334,553.6669,671.0001,3435.6674,5514.6681,6013.3346,5954.668,4550.3346,3483.3343,3241.3344,3432.0007,3329.3343,3446.6679,3820.6678,4425.6676,5573.3349,5672.3347,5573.3346,4726.3344,3758.3344,3157.0006,3061.6676,1386.0005,85880.6886
1061,2020-11-27,410.6669,480.3334,498.6666,572.0004,3696.0009,5617.3346,6061.0011,5738.3349,4660.3343,3571.3341,3501.6677,3263.3341,3575.0011,3505.3339,3919.6674,4568.6674,5448.6678,5954.6683,5217.6681,4664.0011,3659.3344,3186.3341,2753.6672,1569.3338,86093.3536
1062,2020-11-28,737.0006,1030.3338,1052.3338,1235.6671,5144.3346,8125.3357,7480.0018,7384.6685,6042.6681,5302.0011,5060.0011,5313.0011,7230.6684,8118.0021,7920.002,5382.668,4242.3346,5360.6681,5830.0014,6090.3348,4799.6679,4730.0011,4121.3344,2555.6674,120288.6975
1063,2020-11-29,1114.6668,1140.3338,1092.6668,1034.0006,1939.6672,4187.3344,3993.0008,3553.001,3446.6673,3212.0011,3307.3344,3076.3339,3164.3341,3289.0009,3226.6677,3743.6679,3824.3343,3857.3346,3861.0009,3582.3342,3509.0008,3446.6674,2746.3344,1202.6671,70550.3524
1064,2020-11-30,1041.3338,990.0006,1023.0003,1151.3338,3894.0011,6185.6681,6589.0016,6167.3349,5184.6676,4246.001,4095.6678,4150.6678,4033.3343,4055.3343,4319.3343,4983.0014,5789.6681,6178.3347,6314.0018,5228.6678,4264.3343,3802.3343,3439.3341,2251.3338,99377.6916
1065,2020-12-01,1001.0003,1063.3338,1070.6668,1290.6673,3864.6676,6039.0014,6449.6683,6046.3346,5214.0013,3985.6676,3743.6673,3971.0009,3949.0011,4029.6678,4612.6676,5195.6676,6090.335,6666.0013,5866.6681,5276.3343,4396.3343,3703.3341,3388.0006,2222.0006,99135.6896
1066,2020-12-02,1026.6672,1012.0,1052.334,1250.334,4227.668,5914.3352,5987.668,6424.002,5049.0012,4106.668,4099.334,4059.0012,3978.334,3923.334,4480.668,5023.3352,6031.668,6270.002,5723.668,5536.668,4513.668,3773.0012,3542.0012,2005.6672,99011.0276
1067,2020-12-03,1001.0006,1063.3338,1063.334,1162.3339,3846.3347,6281.0016,6607.3348,6314.0016,5089.3347,3963.6676,3736.3344,3762.0008,3758.3343,3578.6676,4429.3343,5100.3344,5998.6685,6746.6683,6310.3349,5324.0015,4477.0011,3861.0012,3615.3343,2115.6674,99205.3603
1068,2020-12-04,1015.6671,990.0,1030.3338,1213.6671,4293.6673,6174.6684,6530.3346,5771.3349,5008.6681,4323.0008,4040.6675,3857.3344,3776.6675,4154.3342,4480.6678,5228.6681,6163.6684,6398.3351,5863.0013,5676.0014,4755.6679,3945.3346,3432.0006,2335.6674,100459.3583
1069,2020-12-05,1107.334,1114.6671,1100.0006,1188.0006,4304.6679,6046.3348,6314.0016,5305.6681,4840.0014,3982.0011,3850.001,4257.0008,5291.0014,5496.3346,6061.0014,5925.3349,6006.0016,5910.6678,5540.3346,4664.0013,4059.0011,3875.6678,3718.0008,2269.6674,102226.6937
1070,2020-12-06,1096.3338,1103.6673,1147.6671,1059.6673,1998.3339,4161.6679,4216.6676,3897.6676,3619.0011,3633.6677,3776.6679,3776.6678,3600.6676,3765.6676,3824.3343,3652.0008,3743.6677,3813.3344,3780.3343,3619.0011,3534.6675,3424.6677,2834.3339,1155.0006,74235.3545
1071,2020-12-07,1118.3335,1089.0001,1081.6667,1151.3334,4066.3339,6123.3339,6552.3342,5973.0009,5016.0006,4117.6671,3941.6668,3879.3338,3930.667,4015.0006,4444.0006,4961.0005,6090.3338,6350.6674,6317.6673,5122.334,4312.0004,3751.0006,3402.6671,2255.0003,99062.3445
1072,2020-12-08,1085.3336,1162.3334,1096.3334,1063.3334,1932.3335,3824.3338,4103.0003,3542.0008,3164.3344,3127.6674,3102.0012,3120.3344,3274.3344,3201.0006,3259.6674,3589.6678,3644.6676,4275.3346,3820.6678,3520.0009,3622.6676,3494.3341,2841.6674,1320.0005,70187.3503
1073,2020-12-09,1059.6672,1001.0004,1026.6672,1155.0,4132.3343,6039.0014,6739.3348,6900.6683,5386.3346,4187.3343,4029.6676,3879.3343,3930.6676,3923.3344,4363.3344,4942.6676,6028.0018,6431.3348,6266.3346,5346.0014,4444.0011,3868.3343,3512.6674,2178.0006,100771.0244
1074,2020-12-10,1125.6671,1078.0004,1144.0003,1199.0006,4095.6678,5830.0014,7285.6686,6475.3352,5287.3348,4044.3341,3897.6676,3908.6678,3989.3346,3938.0011,4451.3346,5100.3348,6167.3349,6666.0013,6204.0015,5654.0014,4374.3343,3927.0011,3659.3344,2108.3339,101610.6936
1075,2020-12-11,1320.0003,1180.6671,1180.6673,1210.0003,4048.0011,6064.6684,7062.0018,6145.3349,5199.3346,4319.3346,4077.3346,3773.0011,4136.0011,4150.6676,4477.001,5360.6679,6361.6681,6182.0012,6581.6681,5522.0013,4414.6678,3993.0013,3586.0008,2141.3339,102487.0262
1076,2020-12-12,1188.0004,1122.0006,1111.0003,1195.3338,4433.0014,5980.3346,5335.0011,5276.3349,5192.0014,4326.6676,4143.3343,4290.0009,5401.0013,5918.0012,6057.3346,6057.3349,6050.0017,6079.3349,5668.6682,4689.6676,4055.3344,3846.3341,3564.0011,2222.0003,103202.0256
1077,2020-12-13,407.0003,14.6672,14.6672,40.3337,1859.0004,4084.6676,4165.3346,3820.6676,3692.334,3633.6679,3542.0008,3538.3343,3564.0009,3685.0011,3747.3341,3736.3344,3637.3346,3780.3341,3927.0011,3666.6676,3553.0009,3380.6673,2662.0006,363.0004,68515.3527
1078,2020-12-14,14.6672,14.6672,14.6672,1063.3338,4040.6679,6057.3351,7179.3352,6310.3347,5162.6678,4238.6678,4341.3343,4055.3342,4048.0009,4187.3341,4499.0011,5236.0011,6306.6679,6658.6686,6475.3352,5606.3349,4506.3346,3886.6674,3553.0008,2251.3338,99707.6928
1079,2020-12-15,1180.6671,1118.3338,1100.0005,1276.0003,4062.6676,6101.3346,7241.6684,6251.6681,5467.0017,4220.3343,4007.6676,4018.6678,3971.0011,4220.3346,4704.3343,5151.6678,6160.0016,6915.3348,6251.6684,5456.0011,4517.3346,3820.6676,3688.6676,2306.3339,103209.3592
1080,2020-12-16,1199.0003,1184.3336,1188.0003,1276.0003,4051.6678,5232.3347,6746.6684,5639.3346,5767.6678,4330.3344,3795.0013,3967.334,4073.6673,3912.3343,4495.3343,5019.6679,6244.3348,6658.6683,6574.3351,5701.6679,4711.6681,4066.3344,3732.6676,2211.0006,101779.3581
1081,2020-12-17,1188.0003,1085.334,1078.0006,1202.6673,4095.6677,6211.3349,7216.0015,6328.6684,5115.001,4235.0008,4114.0009,3831.6676,3894.0011,3985.6678,4458.6678,5181.0011,6273.6683,6490.0016,6468.0016,5610.0014,4664.0008,4081.0008,3681.3341,2365.0005,102853.6919
1082,2020-12-18,1210.0006,1298.0004,1136.667,1334.667,4209.3346,6193.0015,7186.6689,6174.6684,5122.3344,4136.0011,3699.6676,3802.3343,3839.0012,3861.0011,4312.0011,5232.3346,6053.6684,6600.0016,6233.3349,5698.0016,4385.3343,3952.6676,3681.3343,2412.6673,101764.6938
1083,2020-12-19,1206.3339,1217.3338,1151.3338,1232.0004,4161.6676,6200.3348,6721.0015,5654.0013,4825.3345,4161.6675,4037.0008,4213.0012,5547.6678,6277.3351,6372.6681,6171.0017,6171.0013,6138.0016,5514.6676,4682.3343,4103.0011,3820.6676,3655.6677,2240.3341,105475.3591
1084,2020-12-20,803.0003,685.6669,641.6667,601.3332,1393.3336,1998.3339,3699.6676,3696.0013,3197.3344,3355.0009,3505.3344,3582.3341,3516.3343,3608.0011,3333.0007,3435.6676,3468.6674,3443.0008,3182.6674,3010.3344,2973.6676,2753.6671,2258.6671,825.0,62967.6828
1085,2020-12-21,638.0002,612.3334,627.0004,773.6668,3138.6676,5082.0014,6314.0016,6119.6678,5577.0011,4007.6675,3721.6676,3864.6679,3663.0012,3659.3343,4154.3341,5269.0011,6002.3349,5855.6682,5657.6678,5375.3344,4381.6678,3564.0009,2893.0012,1485.0006,92436.6898
1086,2020-12-22,637.9999,678.3335,590.3336,715.0004,3087.3341,4895.0011,6119.6681,5745.6681,5335.0014,4103.0009,3622.6676,3802.3341,3787.6675,3600.6674,4143.3344,5247.0014,5903.3344,5632.0016,5665.0013,5104.0013,4220.3341,3248.6674,2871.0009,1437.3339,90192.6884
1087,2020-12-23,641.6671,601.3332,608.6666,821.3338,2940.6676,4788.6681,6119.6683,5756.6681,5056.3346,4246.0011,3894.0011,3769.3343,3795.0008,3985.6675,4499.0011,5536.6679,6127.0014,6031.6679,5980.3347,5192.0014,4642.001,3421.0008,3098.3339,1481.3341,93034.3564
1088,2020-12-24,597.6667,612.3336,630.6668,744.3336,3186.3342,4752.0013,5492.6678,5742.0014,4752.001,3795.0008,3432.0006,3659.3344,3736.3341,3773.0009,4370.6676,5239.6681,5852.0016,5984.0016,4902.3343,4425.6678,3160.6676,1448.3338,608.6669,623.3337,81521.0202
1089,2020-12-25,590.3336,553.6667,560.9999,560.9999,737.0,1496.0004,2288.0004,2236.667,2115.667,1895.6671,2049.6674,1972.6668,1914.0006,1954.334,1925.0006,1983.6668,2064.3339,1991.0006,1961.6673,1961.6668,1987.3335,1576.6668,689.3333,707.6668,37774.0072
1090,2020-12-26,638.0001,685.6669,557.3334,729.6669,3274.3343,5287.3346,5646.6676,5001.3346,4110.3343,3725.3341,3707.0008,3751.001,4840.0011,5401.001,5404.6678,4587.0008,4048.0011,4059.0008,3993.0011,3824.3346,3281.6674,3050.6677,2486.0004,1554.6671,83644.0195
1091,2020-12-27,682.0003,550.0002,539.0001,513.3334,1320.0004,3263.3341,3553.0008,3479.6675,2955.3341,2966.3339,3069.0006,2984.6674,2940.6677,3003.0009,2995.6676,2882.0009,2563.0007,2574.0006,2519.0006,2610.6674,2530.0006,2486.0006,2038.6674,531.6669,55550.0147
1092,2020-12-28,506.0002,487.6668,572.0004,656.3334,2860.0008,4246.0008,4660.3344,4902.3344,4381.6678,3553.0008,3351.3342,3674.0011,3853.6678,3736.3341,3828.0009,4436.6678,5060.0011,5536.6684,5129.6681,4249.6674,3644.6676,2926.0006,2676.6674,1477.6671,80406.3534
1093,2020-12-29,542.6669,495.0001,502.3337,663.6671,2948.0006,4337.6677,4873.0014,4832.6679,3930.6678,4037.0008,3894.001,3982.0011,3912.3346,3905.0013,3978.3343,4565.0011,5027.0011,5324.0014,5335.0014,4400.0011,3472.3344,2962.6674,2643.6671,1459.3338,82023.3551
1094,2020-12-30,660.0004,660.0004,612.3337,671.0001,2922.3341,4271.6676,4810.6676,4814.3349,3875.6675,3549.3343,3718.0008,3274.3344,3080.0007,3061.6676,3292.6674,3751.0008,5056.3343,5247.0014,5107.6679,4466.0012,3322.0009,2863.6674,2662.0009,1628.0006,77377.6869
1095,2020-12-31,520.6666,502.3334,465.6666,550.0001,2827.0009,3996.6676,4451.3341,3974.6676,3490.6677,3157.0006,3175.3344,3366.0011,3487.0009,3743.6676,3846.3341,3927.0009,3527.3341,3219.3341,3296.3341,3153.334,2794.0005,1151.3336,484.0001,476.6666,63583.6813
1096,2021-01-01,484.0001,469.3332,472.9999,472.9999,594.0001,1558.3335,2134.0003,2332.0005,2412.6674,2156.0006,1961.6671,1921.3339,1954.3338,1840.6673,1921.3336,1892.0003,1833.3339,1895.667,1881.0003,1840.6672,1947.0003,1133.0004,795.6671,663.6666,36567.6743
1097,2021-01-02,696.6668,638.0001,608.6667,590.3336,682.0004,1881.0006,2431.0003,2409.0006,2742.6673,2427.3341,2302.6674,2203.667,2394.3341,2519.0006,2698.6671,2280.6671,2086.3338,2082.6671,2053.3338,2082.6671,2170.6674,1389.6673,583.0001,572.0001,42526.0105
1098,2021-01-03,568.3334,627.0003,546.3336,502.3337,1316.3339,2783.0009,2764.6671,2431.0006,2350.3338,2302.667,2449.3341,2614.3339,2500.6671,2574.0009,2625.3342,2555.6674,2647.3339,2940.6674,3010.334,3113.0009,3061.6676,2680.3338,2137.6673,704.0001,51806.3469
1099,2021-01-04,656.3334,616.0001,619.6669,682.0001,2937.0006,4612.6678,5052.6678,5049.0014,4073.6678,3758.3344,3718.0011,3714.3341,3776.6676,3710.6676,3736.3343,4356.0011,4814.3346,5331.3346,5159.0011,4136.0008,3457.6675,2728.0008,2614.3342,1459.3339,80769.3536
1100,2021-01-05,564.6666,627.0001,656.3337,678.3335,2735.3342,4359.6678,4994.0012,4700.6678,3971.0011,3820.6679,3659.3343,3729.0008,3707.0008,3758.3342,3553.0009,4524.6679,5192.0013,5518.3349,5456.0016,4411.001,3534.6677,2863.6674,2816.0006,1525.3338,81356.0211
1101,2021-01-06,788.3336,905.6671,880.0003,770.0003,3149.6676,4539.3346,4873.001,4979.3345,4048.0011,4249.6676,3894.0008,4099.3345,3967.3346,3886.6678,3974.6678,4539.3346,5313.0014,4865.6682,4715.3343,4099.3346,3454.0006,2940.667,2753.6673,1470.3336,83156.3548
1102,2021-01-07,843.3338,858.0003,836.0003,685.6668,2951.6676,4389.0011,4957.3343,4748.3346,3864.6679,3696.0008,3538.3344,3769.3343,3919.6678,3688.6677,3798.6676,4462.3345,4843.6676,5250.6678,5305.6681,4154.3348,3428.3341,2918.6676,2676.6671,1723.3338,81308.3547
1103,2021-01-08,817.667,887.3338,924.0004,1096.3338,3347.6673,4935.3346,5140.6678,5177.3346,4381.6673,3985.6679,3960.0011,4297.3341,3996.6677,3967.3346,4275.3343,4730.0013,5346.0013,6116.0016,6215.0017,4979.3345,3725.3343,3080.0006,2625.3339,1133.0003,89140.3558
1104,2021-01-09,902.0003,641.6668,660.0001,894.6671,2742.6674,3784.0008,4048.0009,3718.0008,2918.6676,2618.0009,2625.3341,2387.0004,2515.3338,2651.0008,3329.3343,3113.0009,2867.3342,2684.0008,2647.3341,2717.0009,2376.0006,2181.6673,2086.3339,909.3336,58017.6824
1105,2021-01-10,927.667,909.3339,894.667,898.3338,1668.3336,2442.0009,2599.6674,2357.6673,2101.0003,1939.6671,1943.3336,2097.3336,1958.0004,1851.6671,1899.3336,1859.0005,1969.0006,1994.6673,1998.3339,1914.0003,1906.6671,2031.3336,2027.6671,656.3336,42845.0106
1106,2021-01-11,513.3334,553.6668,616.0002,586.6666,1448.3336,2233.0004,2280.6668,2060.6671,1991.0005,1906.6671,2148.6673,1972.6668,1936.0004,1994.6671,2064.3338,2306.3336,1976.3338,2119.334,2035.0006,2086.3338,2016.667,2101.0003,2038.6668,641.6668,41627.6746
1107,2021-01-12,663.6669,678.3337,689.3337,832.3336,3512.6676,5481.6679,6277.3349,5833.6682,4297.3344,3593.3343,3549.3346,3322.0008,3597.0008,3652.0011,3916.0009,4660.3344,5551.3349,6006.0013,5698.0013,4715.3344,3714.3344,3347.6676,3069.0006,1829.6671,88487.6894
1108,2021-01-13,579.3333,535.3333,594.0002,821.3335,3520.0009,5474.3346,6196.6681,5067.3344,4535.6676,3883.0009,3245.0006,3318.3341,3608.0011,3593.3346,4213.0008,4744.6678,4752.0011,5390.0017,5364.3347,4583.3344,4092.0008,3428.3342,3083.6674,1551.0003,86174.0204
1109,2021-01-14,557.3333,553.6667,572.0001,722.3336,3347.6676,5236.0014,6020.668,5987.6681,4524.6676,3604.3342,3549.3344,3479.6672,3479.6676,3608.0009,3985.6677,4513.6676,5679.6681,6075.668,5657.6681,4675.0013,3710.6679,3208.3344,2852.6674,1606.0006,87208.0218
1110,2021-01-15,583.0001,586.6669,740.6669,894.667,3120.3343,5892.3349,5342.3346,6101.3349,4836.3347,3762.0008,3388.0008,3186.3342,3373.3341,3314.6674,3710.6675,4370.6679,5573.3346,6149.0014,5327.6679,4752.0009,3769.3343,3135.0006,2955.3341,1606.0003,86471.0211
1111,2021-01-16,656.3333,645.3336,722.3336,891.0004,2801.3339,3886.6678,4128.6674,4198.3343,3054.3339,2669.3344,2515.3339,2621.6673,2841.6674,3340.3339,3575.0011,3949.0011,3567.6674,3186.3339,2841.6671,2522.6674,2159.667,2258.6673,2299.0006,1587.6671,62920.0151
1112,2021-01-17,656.3339,619.6669,575.6668,590.3336,1551.0003,2383.3338,2493.3341,2471.3339,2486.0006,2343.0009,2115.6673,2068.0004,1910.3338,2159.6671,2137.6673,2101.0006,2240.3338,2222.0003,2211.0008,2266.0003,2229.3338,2357.6674,1994.667,671.0004,44854.3451
1113,2021-01-18,546.3337,583.0001,700.3336,707.6668,3391.6674,5441.3349,6233.3346,5643.0013,4315.6673,3820.6676,3380.6673,3263.3341,3402.6676,3325.6676,3633.6675,4532.0011,5771.3346,5976.6678,5577.0013,4851.0011,3751.0009,3259.6674,2896.6674,1694.0006,86698.3536
1114,2021-01-19,564.6669,630.6668,579.3337,696.6671,3171.6676,5434.0012,5701.6678,6039.0013,4436.6676,3754.6675,3300.0006,3498.0009,3443.0013,3556.6676,3938.0011,4730.0008,5701.6681,5786.001,5800.6684,4902.3346,3732.6676,3186.3341,2709.6676,1426.3338,86720.355
1115,2021-01-20,623.3333,715.0001,693.0002,836.0003,3615.3341,5346.0011,5907.0016,5661.3346,4367.0011,3648.3341,3395.3341,3523.6674,3439.3344,3443.0008,3927.0011,4517.3343,5569.6681,6072.0012,5555.0014,4693.3343,3637.334,3263.3344,2962.6674,1569.3341,86980.6875
1116,2021-01-21,601.3333,652.6667,744.3336,960.6671,3296.3339,5584.3346,6039.0016,5386.3346,4620.001,3787.6674,3611.6676,3483.3342,3413.6676,3545.6676,4088.3342,4656.6673,5866.6681,6035.3348,5551.3346,4968.3343,3886.6678,3611.6678,3087.3341,1752.6673,89232.0211
1117,2021-01-22,722.3337,795.667,755.3339,913.0003,3593.3344,5525.6679,6248.0014,5866.6683,4444.0013,3611.6679,3380.6674,3399.0009,3538.3344,3483.3343,3769.3341,4466.0008,5650.3349,5958.3351,5690.6678,4675.001,3652.0009,3270.6677,2827.0006,1437.3339,87673.6899
1118,2021-01-23,616.0,693.0003,733.3335,803.0003,3505.3344,5415.6679,6006.0016,5159.0011,4348.6679,3648.3341,3483.3341,3626.3346,4884.0014,5331.3345,5639.3346,5705.3346,5474.3346,5371.6681,4436.6678,3949.0008,3065.3341,2911.3341,2834.3339,1514.3338,89155.0221
1119,2021-01-24,671.0003,696.6668,667.3336,663.6668,1356.6668,3303.6673,3432.0008,3666.6677,3476.0011,3241.3341,3278.0009,3417.3341,3208.3341,3318.334,3402.6676,3318.3344,3003.0006,2900.3338,3021.3342,2896.6674,2845.3338,2684.0009,2097.3339,751.6666,61317.6816
1120,2021-01-25,516.9999,542.6668,509.6667,645.3333,3358.6676,5019.6678,6618.3349,6196.6684,4774.0011,3927.0008,3560.3341,3226.6676,3688.6679,3619.0011,4114.0011,4689.6675,5679.6681,5841.0014,5753.0017,4660.3345,3806.0011,3124.0007,2988.3341,1628.0006,88487.6888
1121,2021-01-26,469.3334,513.3334,513.3334,718.6668,3292.6674,5331.3345,5929.0016,5624.6678,4499.0009,3567.6677,3369.6674,3267.0009,3175.3342,3454.001,3919.6676,4506.3345,5496.3346,5789.6681,5566.0011,4649.3343,3575.0008,3054.3341,2962.6674,1510.6671,84755.02
1122,2021-01-27,726.0004,792.0005,605.0,751.6668,3428.3343,5522.0011,5995.0017,5723.668,4631.0008,3527.3341,3124.0012,3237.6674,3259.6674,3446.6676,3974.6678,4579.6677,5569.6681,6083.0014,5826.3346,4781.3344,3619.0009,3355.0009,2955.3341,1518.0005,87032.0217
1123,2021-01-28,645.3335,616.0002,619.6669,832.3336,3322.0009,5489.0014,6295.6684,5698.0011,4697.001,3666.6676,3285.3341,3142.3342,3241.3344,3406.3343,3820.6676,4546.6678,5470.6679,5973.0014,5621.0014,4711.6679,3567.6676,3153.3339,2863.6677,1672.0003,86357.3551
1124,2021-01-29,454.6668,469.3333,487.6669,649.0001,3201.0009,5437.6684,6149.0014,5819.0011,4433.0013,3472.3341,3157.0009,3311.0006,3534.6676,3494.3346,4092.0011,4620.0011,5646.6681,6237.0014,5588.0013,4686.0011,3586.0011,3237.6674,2951.6674,1653.6671,86368.3551
1125,2021-01-30,594.0004,627.0,627.0,696.6671,3593.3344,5456.0014,6163.6683,5085.6682,4231.3343,3615.3343,3417.3341,3872.0012,4968.3344,5749.3348,5749.3346,6024.3348,5547.6681,4972.001,4125.0008,3784.0008,3490.6676,3157.0008,2720.6672,1664.6671,89932.3557
1126,2021-01-31,1118.3335,1133.0003,861.667,711.3336,1389.6671,3358.6676,3681.3343,3534.6676,3014.0008,2827.0009,2852.6676,2783.0006,2277.0006,2757.3341,3028.6673,2922.3341,2966.3342,2984.6677,2933.3344,2706.0006,2849.0009,2768.3339,2145.0003,630.6667,58234.0157
1127,2021-02-01,535.3334,535.3333,550.0001,649.0003,3351.3341,5401.0014,6229.6681,5657.6678,4528.3344,3564.0009,3450.3341,3322.0009,3461.3341,3399.0009,3824.3339,4693.3343,5701.6682,6057.3348,5591.6683,4660.3343,3600.6677,3241.3341,3025.0006,1697.6671,86727.6871
1128,2021-02-02,579.3334,597.6669,674.6671,645.3336,3186.334,5628.3346,6145.3349,5848.3348,4638.3346,3864.6679,3516.3341,3399.0009,3479.6673,3432.0008,3879.3343,4627.3343,5921.6681,5998.6682,5672.3349,4752.0011,3490.6676,3314.6676,2992.0009,1609.6668,87893.6887
1129,2021-02-03,1026.6671,935.0003,916.6668,1184.3338,3762.0011,5914.3346,6372.6684,6248.0014,5074.6679,4029.6678,3769.3345,3593.3343,3762.0008,4070.0013,4502.668,5115.0011,6292.0013,6464.3351,6207.668,5731.0016,4370.6675,3842.6675,3619.0008,1983.6671,98787.3581
1130,2021-02-04,953.3338,975.3338,924.0004,1114.6671,3996.6676,5929.001,6504.6681,6105.0013,4880.3343,4066.3343,3604.3342,3556.6673,3692.3343,3747.3341,4132.3341,4902.3345,5639.3343,6281.0014,5738.3348,5364.3346,4081.001,3751.0008,3435.6675,2104.6674,95480.022
1131,2021-02-05,938.6673,1008.3338,1041.3335,1283.3338,3751.0009,5973.0011,6490.0016,6182.0014,4884.0013,4209.3343,3824.3343,3600.6676,3813.3344,3784.0008,4440.3344,5148.0011,6009.6681,6431.3348,6350.6686,5272.6679,4315.6679,3714.3343,3454.0006,2079.0006,97999.0244
1132,2021-02-06,883.6671,891.0006,869.0004,1114.6668,3934.3343,5720.0016,6578.0018,5445.0011,4539.334,3949.0011,3736.3341,3978.3343,5192.0013,5808.0012,5720.0016,5819.0013,6402.0016,5830.0017,5584.3346,4348.6676,3670.3341,3556.6677,3157.0007,2170.667,98897.3576
1133,2021-02-07,924.0003,931.334,858.0006,891.0006,1906.6671,3806.0009,3956.3343,3828.0009,3149.6679,3358.6677,3446.6674,3292.6674,3127.6674,3102.0007,3245.0008,3406.3343,3237.6674,3256.0006,3369.6675,3289.0006,3179.0006,3091.0009,2629.0007,836.0003,66117.3509
1134,2021-02-08,788.3335,799.3336,825.0006,1070.6668,3828.001,5639.3346,6677.0016,6391.0014,5360.6676,4389.0011,3905.0012,4139.6679,3912.3341,4004.0008,4495.3344,5181.0011,6050.0019,6424.0016,6259.0016,5078.3346,4070.0006,3494.3341,3358.6674,1888.334,98028.3571
1135,2021-02-09,902.0004,872.6668,883.667,1019.3336,3659.3342,5885.0013,6402.0013,6112.3346,5056.3349,4103.0009,3630.0008,3714.3346,3718.0012,3963.6676,4363.3346,4832.6679,5998.6679,6185.6681,5910.6681,5082.0013,4095.6676,3545.6676,3256.0009,1771.0006,94963.0238
1136,2021-02-10,1507.0003,1008.3338,1096.3335,1191.6668,3659.3341,5808.0013,6548.6681,5995.0014,4898.6679,3912.3346,3630.0011,3721.6674,3820.6678,4018.6676,4436.6676,5052.6679,6061.0013,6545.0014,6013.335,5104.0011,4070.0006,3674.0011,3336.6676,2207.3341,97317.0234
1137,2021-02-11,1008.3336,1089.0,1037.6671,1074.3335,3531.0008,6031.6681,6666.0013,5826.3346,4854.6678,3868.3344,3531.0009,3498.0009,3582.3341,3754.6676,4095.6679,4876.6678,5859.3345,6251.6683,6200.3348,5115.0014,4121.3343,3758.3341,3373.3344,1921.3336,94926.3558
1138,2021-02-12,568.3334,887.3335,858.0003,1147.667,3828.0006,5921.6684,6567.0016,6046.3348,4829.0014,3930.6678,3527.3344,3520.0009,3677.6676,3802.3344,4154.3346,4825.3343,5848.3345,6277.3349,6171.0015,5067.3343,4026.0013,3611.6677,3116.6673,1954.3339,94163.6904
1139,2021-02-13,854.3336,894.6668,902.0005,1129.3338,3883.0008,5778.6681,6207.6681,5324.0014,4704.3343,3960.0008,3754.6678,4051.6676,5192.0008,5551.3346,5973.001,5797.0011,5503.6679,5228.6679,4513.6676,3912.3344,3655.6676,3600.6676,3270.6676,2071.6674,95714.6891
1140,2021-02-14,854.3338,832.3338,718.667,788.3336,1749.0008,3534.6676,3912.3343,3743.6679,3146.0009,2915.0012,2999.3342,2841.6674,2929.6674,2962.6676,2951.6676,3050.6677,3113.0007,3058.0005,3047.0006,3043.3339,2951.6674,2904.0009,2405.3338,1078.0006,61530.3512
1141,2021-02-15,990.0003,1012.0003,1030.3335,1070.667,3707.0011,5892.3346,6508.3349,6097.6681,4873.001,3879.3343,3699.6677,3644.6676,3864.6676,3916.0008,4425.6679,4990.3344,6068.3347,6372.6683,5998.6679,5049.0013,4231.3343,3736.3341,3391.6676,1954.3338,96404.0231
1142,2021-02-16,920.3335,872.6671,836.0003,1085.3338,3795.0009,5958.3349,6409.3351,6196.6682,5005.0011,4062.6679,3802.3343,3688.6678,3743.6676,3879.3343,4381.6673,4961.0011,6072.0016,6369.0017,6427.6683,5232.334,4286.3344,3732.6677,3373.3344,2038.6676,97130.0249
1143,2021-02-17,887.3339,836.0006,883.6671,1162.3338,3776.6677,6211.3349,6376.3348,6706.3349,5122.3346,3978.3343,3699.6675,3780.3343,3916.001,4044.3346,4484.3343,5089.3346,6013.3346,6468.0014,6299.3352,5155.3347,4139.6676,3681.3344,3391.6674,1910.3335,98013.6917
1144,2021-02-18,986.3338,1034.0006,979.0006,1059.6671,3927.0009,5859.3349,6141.6683,6559.6683,4792.3346,4055.3343,3806.0009,3578.6678,3872.0008,3916.0008,4304.6675,4928.001,5771.3347,6438.6681,6094.0017,5133.3346,4066.3343,3641.0008,3241.3341,2115.667,96301.3575
1145,2021-02-19,964.3335,927.6671,935.0004,1070.6671,3553.0008,5661.3347,6310.3348,6229.668,4909.6676,4040.6676,3747.334,3553.0006,3692.3344,3644.6676,4040.6678,4788.6678,5925.3348,6486.3349,5965.6681,5305.6676,4147.0011,3721.6673,3413.6673,2005.6673,95040.0222
1146,2021-02-20,898.3335,843.3338,872.6673,1107.3338,4077.334,5877.6679,6581.6681,5632.0013,4682.3348,4121.3343,3971.0011,4242.3341,5430.3346,6149.0018,6295.6684,6149.0016,6358.0016,5144.3346,4345.0009,4297.3346,3839.0008,3688.6678,3333.0009,1936.0003,99872.6919
1147,2021-02-21,931.3336,854.3338,843.3336,953.3335,1789.3336,3721.6679,4198.3341,3919.6676,3384.3341,3193.6674,3212.0009,3124.0006,3325.6676,3241.3339,3208.3342,3362.3343,3164.3344,3300.0009,3325.6676,3252.3344,3256.0009,3153.3339,2519.0008,1133.0003,66366.6839
1148,2021-02-22,1004.6671,975.3338,1250.334,1122.0006,3762.0008,5899.6681,6710.0019,6358.0019,5188.3347,3985.6676,3703.3346,3619.0008,3806.0008,3912.3342,4345.001,4961.001,6321.3351,6545.0017,6273.6679,5137.0014,4264.3341,3875.6674,3399.0006,2233.0006,98651.6917
1149,2021-02-23,957.0003,909.3335,924.0005,1081.6671,3795.0012,5903.3348,6812.6681,5925.3349,5071.0014,4018.6676,3534.6676,3542.0009,3791.3343,3798.6672,4147.001,4946.3348,5998.6681,6372.668,6288.3348,5206.6679,4132.3344,3714.3343,3428.3343,2134.0006,96433.3576
1150,2021-02-24,894.6671,880.0003,847.0003,1089.0006,3718.0006,6039.0017,6486.3349,6013.3348,5115.0013,4037.0008,3670.3343,3754.6676,3692.3343,4033.3344,4356.0011,5074.6676,5947.3349,6372.6682,6493.6684,5349.6678,4370.6676,3747.3343,3446.6676,2123.0007,97551.6912
1151,2021-02-25,979.0003,1026.6671,938.6671,1085.3336,3967.3343,5863.0016,6567.0016,6501.0021,4748.3341,3996.6677,3681.3341,3835.3341,3934.3345,3919.6679,4370.6676,5096.6679,5910.6683,6559.6683,6145.335,5060.0011,4099.3343,3520.0012,3413.6676,2064.334,97284.0254
1152,2021-02-26,773.6666,652.6666,667.3334,1246.6668,3604.3341,5995.0016,6581.6681,6185.6681,5126.0011,4037.001,3685.0013,3707.0008,3787.6673,3912.3341,4407.3343,5151.6678,5940.0016,6677.0016,6365.3351,5093.0017,4165.334,3637.3343,3300.0009,1994.6671,96693.6893
1153,2021-02-27,971.6671,902.0005,880.0,1048.6671,3850.0011,5921.6683,6105.0014,5415.6681,4411.0013,3861.0011,3762.0011,3886.6677,5188.3346,5885.0013,5943.6681,6083.0016,6068.3348,4924.3346,4524.6678,4180.0008,3637.3344,3564.0009,3237.6674,1954.3338,96206.0249
1154,2021-02-28,993.6668,924.0003,949.6671,946.0006,1657.3338,3773.0011,3952.6676,3765.6679,3256.0009,3109.3342,3149.6674,3296.3343,3281.6676,3032.3341,3120.3344,3175.3344,3190.0009,3050.6672,3241.3343,3135.0006,3135.0009,3043.3341,2530.0008,876.3336,64584.6849
1155,2021-03-01,575.6669,751.6672,964.3338,1045.0006,3740.0009,5830.0013,6537.668,6061.0016,4975.6675,3956.3343,3659.3343,3597.0011,3912.3343,4180.0008,4462.3345,5118.6678,5943.6679,6530.3349,6171.0016,4708.0012,4051.6676,3553.0008,3314.6674,2042.3341,95681.6904
1156,2021-03-02,927.6671,872.667,847.0,1074.3338,3666.6673,5958.3349,6449.6683,6442.3348,5023.3346,3806.0009,3582.3341,3696.0011,3784.0006,3930.6676,4436.6679,5012.3346,6006.0016,6662.3353,6127.0014,5437.6679,4158.0012,3872.0011,3432.0009,2240.3339,97445.3579
1157,2021-03-03,924.0004,938.6671,905.667,1096.3338,3857.3343,5863.0014,6713.6684,6343.3349,5001.3346,4011.3343,3710.6674,3428.3343,3622.6679,3655.6677,4161.6674,4722.6677,6090.3351,6361.6683,6394.6681,5375.3346,4275.3344,3798.6678,3494.3344,1976.3339,96723.0252
1158,2021-03-04,905.6671,869.0006,872.6671,1067.0006,4004.0009,5764.0014,6618.3348,6438.6681,4986.6678,4194.6676,3732.6676,3556.6676,3831.6678,3802.3341,4158.0011,4898.6677,5727.3348,6585.3351,6167.3348,5089.3343,3967.3344,3703.3344,3446.6677,1921.3339,96308.6913
1159,2021-03-05,744.3336,546.3334,476.6667,678.3339,3424.6673,5401.0014,6475.3351,5767.6681,4594.3346,3285.3339,3721.6679,3593.3341,3248.6677,3223.0008,3718.0008,4271.6676,5577.0014,6211.3348,6156.3346,4920.6679,3740.0011,3402.6673,3182.6676,1950.667,88311.6886
1160,2021-03-06,550.0004,539.0002,546.3334,678.3338,3494.3338,5558.668,5951.0016,5045.3345,4422.0011,3611.6676,3428.3341,3707.0011,4997.6681,5756.6681,5771.3346,5694.3348,5562.3346,4788.6679,3861.0011,3578.6676,3138.6676,3237.6674,2783.0004,1734.334,88436.3558
1161,2021-03-07,502.3334,458.3336,473.0001,491.3337,1096.3336,2658.3339,2475.0006,2423.6673,2159.6668,1895.6671,2035.0003,1954.3336,2189.0004,2075.3338,2046.0,2097.3339,1928.667,2049.6671,2086.3338,2071.6668,1943.3338,1833.3338,1415.3335,506.0002,40865.0081
1162,2021-03-08,421.6669,619.6667,513.3333,861.6672,2464.0005,3791.3341,4172.6676,4422.0008,3399.0009,2779.3338,2438.3339,2427.3341,2438.3339,2742.6674,3054.3341,3633.6677,4081.0009,4455.0011,4224.0011,3776.6678,2922.3344,2695.0007,2302.6673,1411.667,66047.6832
1163,2021-03-09,693.0004,528.0002,473.0002,605.0004,2893.0005,4268.0009,4235.001,3934.3342,3615.3342,2460.3338,2497.0008,2596.0006,2427.3336,2442.0006,2764.6677,3336.6676,3945.3341,4502.6678,4007.6678,3670.3344,2867.3341,2471.3338,2225.667,1441.0003,64900.016
1164,2021-03-10,520.6669,494.9999,502.3336,645.3333,3710.6674,5276.3346,6321.3349,5896.0011,5115.0011,4169.0008,3644.6676,3483.3341,3476.0009,3787.6679,4363.3344,4653.0011,5489.001,6024.3351,5727.3346,4983.0011,3941.6678,3468.6676,2977.3342,1606.0004,90277.0214
1165,2021-03-11,847.0003,854.3336,872.6671,1151.3336,3993.0011,6391.0016,6475.3349,5903.3346,5635.6681,4686.0012,3985.6677,3842.6676,3773.0011,4011.3342,4425.6678,4895.0011,5859.3349,6662.3351,6578.0016,5496.3346,4766.6676,4000.3341,3567.6676,2024.0007,100697.6918
1166,2021-03-12,828.6671,872.667,854.3335,1136.6668,4231.3343,6134.3349,6541.3351,6361.668,5151.6681,4004.0008,3710.6676,3630.0011,3707.0011,3835.3343,4095.6676,3417.3338,5188.3344,6416.6684,6424.0016,5287.3348,4275.3343,4081.0011,3531.0011,1976.3338,95692.6906
1167,2021-03-13,902.0003,909.3336,869.0004,1114.6671,4150.6678,5093.0014,6358.0018,5485.3349,4667.6676,3901.334,4004.0012,4018.6678,5140.6679,5984.0017,6134.3349,6039.001,5621.0014,5276.3346,4649.3344,4693.3343,4356.0011,3864.6676,3395.3344,2156.0008,98783.692
1168,2021-03-14,957.0003,905.6671,916.6668,1023.0004,2214.6673,5173.6678,5382.6679,5371.6678,4752.0008,4282.6673,4165.3341,4224.001,4180.0008,4220.3341,4484.3343,4466.0009,4367.0008,4535.6678,4748.3346,4392.6679,4403.6675,4095.6676,3153.3341,993.667,87409.686
1169,2021-03-15,883.6668,880.0,894.667,1118.3335,4392.6677,6112.3346,6831.0018,6732.0017,5034.3346,4235.0011,3974.6678,3872.001,3905.0009,4004.0006,4238.6678,5074.6678,6031.6684,6255.3352,6464.335,5551.3348,4609.0013,3974.6676,3516.3343,2273.3336,100859.0249
1170,2021-03-16,1228.3338,1202.6673,1144.0,1279.667,4440.3344,5987.6681,6853.0017,6182.0013,5459.6681,4176.3343,3927.0013,3828.0008,3758.3343,4161.6675,4385.3343,5115.0011,6156.3346,6185.6681,6424.0013,5808.0016,5258.0011,3971.0011,3615.3339,2222.0004,102769.3574
1171,2021-03-17,1052.3338,1118.3338,1092.6671,1338.3336,4400.0011,6174.6683,6996.0019,6156.3348,5485.3346,4297.3346,4132.3341,4297.3346,4022.3341,4011.3343,4396.3341,5104.0013,6380.0018,6757.6683,6867.6683,6156.3351,4616.3343,3806.0011,3619.0008,2317.3341,104595.3599
1172,2021-03-18,990.0,825.0005,880.0004,1217.3339,4297.3346,5969.3345,6578.0018,5943.6681,6193.0016,4524.6676,4176.3345,4040.6675,4275.3343,4172.6679,4517.3343,5085.6676,5991.3346,6996.0019,6266.3351,5544.0014,4719.0011,3809.6676,3637.334,2170.6671,102820.6919
1173,2021-03-19,1155.0003,1125.6668,993.6668,1235.6671,4458.6679,6138.0014,6798.0016,6347.0016,5485.3346,4180.0008,4121.3343,4022.3343,3916.0011,4040.6675,4330.3343,5309.3346,6519.3351,6728.3351,6629.3351,6020.6681,4781.3344,4037.0009,3487.001,2152.334,104012.3587
1174,2021-03-20,1023.0005,524.3337,421.6667,616.0004,3545.6673,5632.0011,5973.0013,5507.3343,4348.6678,3820.6679,3886.6678,4227.6679,5023.3349,5866.6678,5261.6679,4609.0009,4858.3343,4381.6678,4150.6674,3666.6676,3223.0008,3131.3342,3021.3344,1558.3338,88278.6885
1175,2021-03-21,645.3336,660.0001,509.6668,531.6667,1474.0004,3388.0009,3421.0012,3336.6676,3340.3344,2977.3339,2768.3342,2284.3335,2486.0009,2207.3339,2244.0003,2310.0004,2346.6674,2207.3338,2258.6671,2104.6671,2112.0003,2071.6671,1800.3338,942.3339,50427.6793
1176,2021-03-22,671.0004,641.6668,590.3336,601.3334,938.6671,2464.0009,2640.0009,2361.3341,2489.6674,2467.6671,1518.0004,1672.0004,1609.6671,1444.667,1400.6668,1349.3338,1334.6671,1411.6671,1408.0006,1474.0006,1411.667,1386.0003,1224.6671,645.3334,35156.0104
1177,2021-03-23,520.6672,597.6669,605.0001,594.0004,1485.0004,1961.667,2379.6673,2526.3341,2706.0007,3127.6673,2959.0009,2863.6674,2750.0009,2757.3338,2878.3341,3069.0006,3245.0009,3531.0006,3153.3341,2621.6673,2625.3339,2280.6674,2159.6671,1422.6672,54820.3476
1178,2021-03-24,762.6668,550.0004,520.6666,590.3337,1719.667,3674.0009,3472.334,3380.6677,2999.3342,2706.0007,3054.3344,3234.0009,3274.3344,3131.3341,3160.6677,3072.6676,3230.3343,2819.6673,3252.3342,3362.334,2874.6671,2585.0003,2563.0008,1492.3338,61482.6829
1179,2021-03-25,447.3333,854.3335,762.667,905.6671,2772.0008,3707.0011,3582.3343,3688.6678,3395.3341,2871.0007,3366.0006,3300.0006,3281.6674,3168.0006,3593.3343,3358.6674,3604.3346,3688.6674,3967.3341,3487.0006,3439.3343,2966.3338,2823.3341,2068.0006,69098.3501
1180,2021-03-26,935.0004,781.0003,773.6668,1078.0004,2849.0006,4095.6676,3945.3343,3824.3345,3281.6676,3406.3344,3340.3343,3281.6674,3292.6676,3318.3342,3545.6677,3564.0009,3494.3339,3534.6676,3578.6673,3281.6676,2981.0009,2816.0006,2662.0008,1760.0004,69421.0181
1181,2021-03-27,1030.3338,946.0003,993.6668,1067.0006,2764.6671,3556.6676,3534.6676,3322.0009,3237.6676,2940.6674,3138.6674,3014.0009,3003.0009,3446.6676,3479.6674,3534.6679,3490.6674,3362.3341,3512.6676,3355.0008,3127.6674,3043.3339,2911.3341,1983.6674,67796.6845
1182,2021-03-28,1056.0,957.0,942.334,858.0,1708.6672,3039.6672,3010.334,2856.334,2871.0012,2739.0012,2676.6672,2852.6672,2948.0012,2695.0012,2834.334,2731.6672,2812.334,2944.334,2966.334,2823.334,2893.0012,2929.6672,2343.0012,1246.6672,57735.3496
1183,2021-03-29,993.6672,964.3339,1015.6673,1155.0006,2995.6675,3930.6676,3919.6678,3721.6676,3333.0009,2951.6674,2856.3341,3054.3344,3164.3341,3138.6674,3380.6674,3303.6676,3494.3344,3773.0009,3883.0009,3388.0012,3388.0007,2845.334,2863.6673,1950.6671,69465.0193
1184,2021-03-30,825.0,880.0,861.6672,1162.334,2926.0012,3923.334,3806.0012,3791.334,3688.668,2981.0012,3135.0012,3050.6672,3358.668,3164.334,3300.0012,3494.334,3380.668,3666.668,3589.668,3674.0012,3215.668,2900.334,2944.334,2148.6672,69868.3548
1185,2021-03-31,1070.6673,1019.3338,1004.6671,1074.3339,2797.6673,3784.0008,3934.3342,3780.3344,3362.3341,3424.6674,3230.3341,2955.3338,3105.6677,3168.0008,3204.6676,3446.6676,3670.3344,3549.3341,3817.0013,3259.6673,2863.6674,2797.6674,2900.3344,1727.0006,68948.0188
1186,2021-04-01,1158.6671,990.0006,1074.334,1019.3336,1554.667,3028.6674,2797.6674,2871.0009,2651.0009,2768.3341,2698.6673,2691.3339,2713.3341,2794.0008,2640.0006,2709.6674,2706.0006,2739.0009,2893.0009,2702.3342,2680.3341,2596.0006,2137.667,1023.0006,55638.016
1187,2021-04-02,968.0004,938.667,949.6671,935.0004,1371.3336,2849.0009,2585.0003,2405.3339,2662.0008,2717.0009,2830.6671,2830.6674,2871.0009,2676.6672,2698.6674,2629.0008,2541.0006,2673.0006,2544.6674,2438.3338,2262.3338,2277.0005,2163.3338,1012.0003,52829.3469
1188,2021-04-03,971.6671,1019.3335,1004.6673,1111.0006,2665.6673,3644.6676,3454.0009,3076.3342,3083.6674,2819.6676,2746.3341,2728.0009,2797.6676,2680.3341,2764.6671,3080.0009,3311.0008,3164.3344,2937.0007,2761.0009,2515.3339,2442.0006,2379.6673,1569.3335,60727.3503
1189,2021-04-04,946.0006,964.3339,894.6671,843.3338,1122.0003,2328.3338,2508.0006,2526.3341,2724.3341,2504.3341,2588.6674,2764.6671,2662.0009,2830.6676,3028.6674,3197.3341,3399.0009,3762.0012,3413.6676,3296.3341,3322.0009,3219.3341,2629.0003,1026.6671,58501.6831
1190,2021-04-05,993.6671,957.0003,942.3339,1019.3338,3916.001,5654.0013,6013.3349,4862.0011,5320.3345,4359.6676,3912.3343,3751.0011,3934.3343,4411.0008,4906.001,5610.0014,4983.0011,4557.6677,4473.3345,4352.3344,3725.3344,3318.3344,3263.3341,2049.6671,91285.3561
1191,2021-04-06,847.0005,828.6671,869.0004,1100.0006,3681.3344,5305.6682,4799.6679,5305.6678,4444.001,3754.6674,3835.3344,3740.0009,3974.6679,4015.0009,4334.0011,4972.0014,4862.0011,4884.0011,4326.6675,4026.0008,3542.0009,3131.3341,2691.3341,1892.0004,85162.0219
1192,2021-04-07,872.6671,850.6671,905.6668,1173.3338,3850.0008,5478.0008,5100.3343,5228.6678,4532.0011,3648.3343,3974.6678,3652.0011,3619.0009,3839.0011,4275.334,5096.6679,5595.3346,5324.0013,4939.0011,3952.6676,3281.6674,2966.3339,2856.3342,1749.0006,86760.6874
1193,2021-04-08,865.3338,828.6668,880.0006,1144.0003,3879.3343,5500.0014,5144.3347,5107.6678,3850.001,3967.3345,3872.0011,3729.0009,3773.0011,4092.0011,4334.0008,4774.0008,5815.3346,5393.6679,5390.0013,4678.6679,3828.0011,3102.0008,2662.0008,1796.667,88407.0224
1194,2021-04-09,887.3336,850.667,784.667,1191.667,2790.3339,3872.0011,4227.6679,3296.3342,2966.3344,3160.6674,2867.334,2515.334,2757.3341,2728.0007,3531.0007,3597.0011,4411.0009,4502.6676,4235.001,3479.6674,2973.6673,2467.6673,2361.3339,1741.6673,68196.3508
1195,2021-04-10,1030.3339,1015.667,997.3336,1059.6671,3248.6673,4213.0011,4055.334,3655.6675,3054.3341,2662.0006,2511.6674,2449.3341,2849.0006,3751.0009,4048.0011,4055.3343,3428.3344,3116.6674,3146.0012,2937.0005,2486.0009,2229.3338,2328.3338,1884.6671,66212.6837
1196,2021-04-11,920.3336,957.0004,869.0005,883.6673,1558.3335,2621.6671,2680.3341,2427.3339,2295.3338,2526.3338,2346.6671,2288.0005,2236.6671,2222.0006,2339.3339,2339.3339,2475.0004,2196.3335,2343.0006,2368.6674,2288.0006,2302.6672,2229.3339,1001.0003,48715.345
1197,2021-04-12,968.0004,1074.3334,1015.6669,1180.6666,3604.3335,5291.0009,5258.0007,5038.0006,4235.0008,3718.0006,3985.6671,3780.3336,3732.6673,3828.0007,4348.667,5195.6676,5236.0003,5005.0006,5162.6674,4561.3335,3831.6673,3476.0,3087.3339,1745.3336,88359.3443
1198,2021-04-13,869.0003,887.3338,850.6673,1096.3339,3890.3344,5320.3346,5375.3348,5151.6678,4187.3346,3861.0008,3626.3344,3853.6676,3809.6678,4059.001,4323.0011,5203.0013,5129.6681,5071.0011,5261.6682,4708.0012,3765.6676,3366.0009,3021.3339,1991.0003,88678.3568
1199,2021-04-14,836.0006,810.3336,795.667,997.3339,3773.0009,5346.0014,5382.6679,5140.6681,4055.3343,3795.0006,4066.3343,3938.0011,4059.0008,4081.0008,4543.0011,5419.3349,5320.3345,5258.0011,5008.6678,4513.6678,3817.0008,3454.0008,3083.6676,1782.0007,89276.0224
1200,2021-04-15,964.3338,828.667,883.6673,1045.0006,3630.0008,5426.6681,4964.6679,5023.3343,4136.0011,3971.0011,3949.0011,3846.3341,3743.6676,3883.0008,4356.0013,4950.0013,5672.3349,5166.3344,5118.6676,4462.3343,3516.3343,2973.6674,2724.3339,1932.3338,87167.6888
1201,2021-04-16,1041.3336,1001.0003,968.0003,1074.3336,3065.3343,4055.3341,4524.6675,3908.6673,3153.3344,2940.6674,3094.6677,3230.3344,3402.6676,3146.0008,3674.0008,4642.0012,4293.6676,4550.3344,4381.6676,3857.3344,3186.3344,2673.0006,2632.6671,1932.3339,74429.6853
1202,2021-04-17,946.0006,1074.3338,902.0003,1100.0003,3164.334,4257.001,3894.0008,3839.001,3465.0012,2702.3344,2526.3342,2563.0006,3325.6674,4066.3341,4381.6678,3681.3341,3223.0009,2860.0006,2937.0006,2709.6673,2497.0006,2211.0006,2387.0009,1851.6668,66564.6839
1203,2021-04-18,968.0004,920.3335,902.0006,927.6671,1613.3338,2680.3341,2585.0004,2636.3341,2805.0007,2563.0006,2515.3344,2200.0006,2306.3341,2214.6671,2240.3341,2530.0009,2372.3338,2277.0006,2489.6674,2420.0006,2295.3339,2449.3338,2482.3339,1078.0003,50471.6808
1204,2021-04-19,1004.6672,1026.6672,1030.334,1122.0,3674.0012,5283.668,5199.3352,5357.0012,4814.3352,4348.668,3769.334,3982.0012,3798.668,4018.668,4499.0012,5287.3352,5067.3352,5507.3352,5188.3352,5188.3352,4330.334,3468.6672,2885.6672,1903.0012,91754.6952
1205,2021-04-20,957.0,828.6672,927.6672,1100.0,3941.668,5309.3352,5199.3352,5181.0012,4161.668,3879.334,3934.334,3828.0012,3666.668,3982.0012,4315.668,5217.668,5100.3352,5181.0012,4961.0012,4869.3352,3941.668,3454.0012,3003.0012,1888.334,88828.6936
1206,2021-04-21,1191.6673,1107.3338,1045.0003,1166.0005,3872.0006,5452.3346,5346.0014,5074.6679,4103.0008,3916.0006,4066.3341,3978.3346,3747.3341,4070.0011,4202.001,5045.3346,5423.0011,5041.6678,5045.3346,4440.3344,3791.3344,3193.6674,2761.0006,1837.0004,88916.688
1207,2021-04-22,825.0003,803.0003,784.667,1180.6673,3791.3341,5547.6681,5467.0013,5144.3346,4400.0008,3780.3342,3934.3343,3916.001,4169.0011,4026.0011,4341.3346,5404.6682,5214.0011,5239.6676,5115.0013,4825.3344,4110.3343,3215.6677,3102.0009,1866.3338,90203.6894
1208,2021-04-23,946.0006,788.3338,751.6671,1111.0005,3142.3343,4414.6679,4422.0008,4165.3344,3703.3342,3171.6674,3259.6677,2944.3341,3102.0009,2959.0006,3402.6676,4484.3343,4601.6676,4528.3341,4308.3343,3674.0009,3252.3344,2680.3341,2665.6676,2126.6671,74605.6863
1209,2021-04-24,1034.0004,1217.3338,960.6671,997.3336,3226.6674,4268.0008,4095.6673,4110.3344,3083.6674,2423.6672,2277.0003,2544.6672,3131.3341,3956.3343,4165.3346,4356.0008,3696.0008,3553.0008,3168.0009,2889.3339,2541.0006,2280.667,2332.0006,1903.0006,68211.0159
1210,2021-04-25,1030.3338,990.0003,1063.3336,1320.0005,1734.3335,2962.6674,3036.0009,2676.6674,2764.6674,2387.0006,2302.6673,2207.3339,2332.0006,1983.6672,2324.6671,2618.0007,2548.3339,2434.6673,2695.0008,2871.0007,2456.6673,2379.6673,2416.334,1118.3339,52653.3474
1211,2021-04-26,1081.6672,1052.3338,1199.0006,1353.0003,4084.6674,5566.0014,5591.6679,5408.3349,4777.6676,4216.6676,4081.0008,3894.0011,3996.6676,4095.6676,4843.6676,5203.0011,5016.0011,4697.0011,5360.6678,4557.6678,4260.6678,3692.3341,3003.0006,1932.3341,92964.6889
1212,2021-04-27,1111.0003,1118.3336,1147.6673,1320.0004,3905.0009,5599.0013,5577.0019,5078.3343,4546.6678,3740.0009,4048.0011,3571.3341,3696.0011,4088.3343,4722.6676,5291.0011,5316.6678,5613.6679,5533.0013,4942.6678,3894.0009,3054.3341,2959.0009,1921.3338,91795.0225
1213,2021-04-28,927.6671,843.3338,990.0006,1250.3338,3853.6676,5342.3346,5188.3346,4884.0011,3923.3343,3501.6677,3930.6674,3670.3344,3611.6678,3927.0011,4612.6678,5305.6678,3578.6677,3663.0011,4744.6681,4484.3346,3820.6676,3047.0007,2673.0006,2035.0008,83809.0227
1214,2021-04-29,1261.3335,843.3338,869.0005,1092.6668,3663.0008,5302.0011,5555.0013,4964.6679,4312.0011,3692.3343,3776.6679,3597.0011,3494.3341,3989.3341,4645.6679,4891.3344,4928.0012,4594.3341,4803.3343,4623.6676,3652.001,3270.6673,2794.0009,1939.6673,86555.3543
1215,2021-04-30,935.0,821.334,1096.334,1140.334,3307.334,4308.334,4755.668,4623.668,3824.334,3450.334,3501.668,3248.668,2871.0012,2746.334,3644.668,3820.668,4121.334,3622.668,3014.0012,2786.6672,2750.0012,2592.334,2445.6672,2086.334,71514.688
1216,2021-05-01,1067.0003,1023.0006,1015.6673,1078.0004,2053.3341,2702.3341,2970.0009,2687.6676,2702.3342,2610.6671,2636.3338,2335.6668,2427.3341,2566.6674,2361.3342,1943.3336,2020.3338,2093.667,1683.0005,1261.3336,1184.3338,1265.0006,1023.0003,982.6671,45694.0132
1217,2021-05-02,1001.0,990.0003,960.667,964.334,1705.0003,2717.0008,2354.0006,2027.6672,2130.3341,2035.0006,2178.0003,2093.6671,2002.0003,2280.6671,2295.3339,2192.6671,2313.6668,2178.0006,2090.0006,2361.3339,2427.334,2368.6674,2346.6671,1312.667,47325.6781
1218,2021-05-03,979.0005,1078.0004,1015.6671,1103.6668,3787.6674,5386.3349,4898.6679,4785.0011,4865.6679,4066.3343,4315.6676,3703.3346,3582.3343,4000.3343,4653.0011,5357.0014,5529.3346,4374.3345,5034.3346,4213.0009,2937.0007,2904.0008,2680.3338,2005.667,87255.6885
1219,2021-05-04,1012.0006,891.0006,887.3338,1184.3338,3978.3344,5485.3343,5408.3346,5302.0013,4642.0013,3916.0007,3927.0011,3985.6678,4114.0011,4257.0011,4480.6675,4913.3346,5199.3343,5712.6678,4777.6676,4491.6678,3300.0008,2845.3341,2621.6673,1855.3339,89188.0222
1220,2021-05-05,942.3339,979.0003,916.6668,1177.0003,4161.6676,5320.3346,5206.6681,4715.3346,4257.0009,3758.3343,3655.6676,3472.3341,3692.3344,4125.0008,4876.6678,5346.0011,5397.3344,4807.0011,4220.334,2885.6674,2218.3341,1177.0003,1437.3338,1081.6671,79827.0194
1221,2021-05-06,1015.6672,1059.6672,1085.3338,1224.6673,4099.3341,5430.3344,5309.3346,5045.3346,4594.3344,4106.6676,4033.3343,4132.3343,4062.6676,4169.0011,4631.001,5159.0011,4755.6676,5078.3347,4774.0013,4275.3344,3538.3344,2720.6674,2588.6674,1771.0006,88660.0224
1222,2021-05-07,1074.3336,883.6671,891.0004,1195.334,4136.0009,5452.3343,5151.6679,5063.6678,4920.6681,4029.6678,4000.334,4029.6676,3971.0008,4279.0011,4543.0011,5437.6679,5217.6678,5228.6678,4711.6681,3751.0011,3204.6676,2537.3344,2467.6671,1730.6673,87908.3556
1223,2021-05-08,1078.0003,1052.3335,1004.6671,1074.3339,3325.6671,4389.0008,4521.0011,4143.3343,3160.6676,2929.6671,2838.0007,2728.0006,3131.3343,4022.3341,4444.0008,4220.3343,4048.0011,3905.0008,3457.6674,3076.3339,2739.0006,2581.3341,2453.0006,1895.6671,72218.6832
1224,2021-05-09,1162.3338,1034.0005,1041.3339,971.6671,1958.0006,3109.3341,3014.0006,2332.0007,2493.3338,2405.3336,2027.6671,1965.3336,1987.3339,2346.6673,2885.6674,2680.3341,2948.0009,2764.6671,2959.0009,2614.3339,2636.3338,2680.3338,2511.6673,1349.3335,53878.0133
1225,2021-05-10,1078.0,1034.0,1026.6672,1151.334,3820.668,5320.3352,5485.3352,5217.668,4092.0012,3853.668,4235.0012,3872.0012,4158.0012,4260.668,4491.668,4876.668,5628.3352,4851.0012,5034.3352,4656.668,3446.668,2838.0012,2596.0012,2002.0012,89026.6956
1226,2021-05-11,1023.0006,905.6671,913.0003,1188.0003,4084.6673,5434.0013,4715.3343,3160.6676,4568.6676,3872.0009,3982.0011,3945.3345,3864.6676,4165.3343,4686.0013,5415.6681,5313.0013,5324.0014,4788.6679,4055.3344,3450.3342,2830.6672,2596.0007,1976.3338,86258.3551
1227,2021-05-12,1213.6671,1074.3338,1092.6671,1111.0006,4128.6679,5529.3346,5313.0013,4942.6678,3905.0009,3828.0008,3905.0011,3476.0008,3355.0011,4033.3345,4488.0009,5148.0014,5137.0014,5430.3345,4374.3343,3872.0011,3157.0006,2728.0007,2555.6674,2042.3338,85840.3555
1228,2021-05-13,1026.6668,1045.0002,931.3333,1202.6669,3828.0006,5456.0006,5555.0008,5122.3339,4326.6671,3692.3336,3751.0003,3714.3336,3736.3338,4202.0003,4667.6672,4953.6673,5349.6674,5313.0007,5019.6671,4568.6668,3366.0004,2702.3336,2819.667,2266.0003,88616.0096
1229,2021-05-14,1188.0001,1019.3338,1041.3338,1056.0004,3769.3341,5393.6678,5441.3346,5393.6679,4763.0011,4165.3343,3901.3344,3996.6676,3714.3344,4059.0011,4913.3347,5500.0011,5936.3349,5555.0011,5181.0011,4436.668,3454.0009,2797.6672,2585.0006,2064.3338,91325.6888
1230,2021-05-15,942.3338,861.6673,971.6671,1136.6668,3916.0011,5569.6681,5452.3343,4715.3343,4007.6678,4037.0011,3905.0008,4260.6679,4744.6678,5188.3346,5177.3345,4565.0008,4499.0011,4601.6679,4334.0011,4491.6675,3714.3343,3091.0007,2973.6674,2053.3338,89210.0219
1231,2021-05-16,1037.6673,946.0006,997.3335,964.3335,1859.0006,3802.3346,3780.3341,3468.6676,3050.6676,2849.0008,2610.6677,2522.6673,2783.0006,2882.0007,2977.3344,2871.0006,2984.6676,2911.3341,3087.3339,3014.0006,2599.667,2775.6674,2511.6674,1228.3335,60514.683
1232,2021-05-17,1019.3336,1030.3338,1019.3338,982.6673,1686.6671,3696.0008,3725.3344,3303.6674,3047.0012,2882.0009,2805.0009,2772.0004,2951.6676,3043.3339,3003.0008,3366.0006,3083.6674,3179.0009,3157.0007,3094.6674,2849.0009,3149.6677,2464.0004,1147.667,62458.0169
1233,2021-05-18,1001.0006,1023.0003,953.3335,1133.0005,3890.3344,5580.6679,5228.6679,5173.6681,4480.6678,3886.6679,3839.0009,3839.0011,3644.6676,4125.0013,4528.3343,4810.6681,5280.0008,5030.6679,5617.3346,4418.3347,3520.0008,2933.3339,2717.0007,2119.3339,88773.6895
1234,2021-05-19,946.0006,880.0006,869.0003,1085.3339,3835.3344,5254.3346,5250.6681,4931.6681,4092.0011,3692.3346,3688.6673,3655.6676,3813.3343,3916.0008,4590.6676,5467.0014,4946.3343,5063.6681,4634.6679,4290.0009,3322.0008,2691.3341,2621.6671,1965.3338,85503.0223
1235,2021-05-20,1012.0006,1122.0004,1041.3336,1144.0005,3784.0009,5500.0011,5335.001,5144.3345,4282.6676,4088.3343,4315.6676,4165.3344,4015.0008,4282.6678,4755.6676,5181.0011,5342.3346,5518.3344,5093.0013,4422.0011,3399.0009,2823.3338,2588.6677,2046.0005,90401.6881
1236,2021-05-21,971.6673,920.3336,898.3338,1232.0006,4007.6676,5467.0013,4675.0009,5456.0014,4330.3346,3886.6673,3729.0008,3721.6679,3549.3344,3945.3346,4781.3344,5206.668,5247.0013,5287.3344,4634.6678,4143.3341,3237.6674,2863.6676,2555.6673,1991.0006,86738.689
1237,2021-05-22,872.667,795.6671,938.6668,1023.0003,2926.0009,3956.3344,4363.3344,4110.3346,3285.3344,3171.6674,2959.0008,3153.3344,3846.3341,4352.3343,4018.6675,4268.001,4231.3343,3725.3344,3589.6675,3542.0011,3164.3342,3032.3339,2863.6674,2068.0006,74257.3528
1238,2021-05-23,1144.0005,1045.0004,1092.6671,1034.0004,1635.3335,2885.6673,3069.0006,3087.3344,2849.0009,2834.3344,2728.0006,2720.6671,2731.6677,2933.3341,3223.0006,3193.6674,3333.0009,3531.0011,3175.3344,3105.6674,2728.0006,2614.3342,2438.3341,399.6668,59532.0165
1239,2021-05-24,242.0001,1030.3336,986.3339,1081.6672,3982.0009,5386.3347,5210.3346,5456.0014,4565.0011,4158.0011,3835.3343,3967.3344,3993.0009,4040.6678,4788.6678,5276.3343,5980.3346,5617.3346,5276.3346,4660.3344,3655.6679,2849.0006,2735.3339,2306.3338,91080.0225
1240,2021-05-25,905.6673,869.0003,898.3336,1056.0006,3956.3341,5269.0011,5456.0011,4843.6678,4051.6679,3824.3343,4004.0009,3674.0006,3769.3341,3956.3343,4634.6676,5074.6676,5298.3343,5577.0011,4788.6679,4466.0011,3373.3344,2819.6674,2647.3338,2203.6671,87417.0203
1241,2021-05-26,1125.6673,1210.0003,1114.6672,1151.3336,3828.0011,5474.3346,5452.3347,5217.6679,4785.0012,4154.3341,3945.3343,3809.6678,3886.6679,4301.0011,4788.6682,5459.6678,5804.3349,5606.3348,5115.0014,4238.6676,3336.6676,2812.3339,2640.0007,2240.3338,91498.0238
1242,2021-05-27,924.0003,843.3339,887.3338,1166.0006,3842.6678,5349.6678,5247.0011,5151.6678,4154.3341,3688.6678,3791.3343,3820.6676,3685.0009,4268.0008,4825.3343,5522.0016,5577.0016,5448.6679,5012.3346,4334.0011,3274.3344,2775.6674,2750.0009,1998.3339,88337.3563
1243,2021-05-28,1059.6668,1074.334,1067.0003,1173.3336,3817.0011,5393.6679,5360.6681,5210.3349,4407.3343,4073.6679,4106.6677,4110.3341,3960.0011,4205.6673,4601.6676,4920.6676,4847.3346,4961.0011,4550.3346,4345.0012,3278.0008,2863.6673,2816.0006,2119.334,88322.6885
1244,2021-05-29,1078.0003,1041.3336,1067.0,1041.3336,4011.3344,5107.6681,4777.6679,4535.6676,4018.6678,3842.6676,3674.0008,4147.0009,4385.3344,4517.3343,5071.001,4854.6678,4418.3344,4532.0012,4524.6678,4180.0013,3828.0011,3483.3343,3245.0009,2090.0006,87472.0217
1245,2021-05-30,1125.667,1122.0006,1015.6671,979.0004,1782.0004,3883.0006,3721.6676,2984.6676,2838.0006,3047.0012,3102.0006,3296.3339,3230.3341,3215.6674,3047.0009,2940.6677,3069.0009,3091.0008,3234.0009,3307.3344,2999.3344,2871.0008,2438.3338,1070.667,63411.3507
1246,2021-05-31,1030.3336,1019.3338,982.6671,1070.6671,3608.0011,5272.6678,5258.001,5276.3346,4260.6676,3688.6676,3923.334,3846.3346,3813.3343,3930.6676,4363.3343,5177.3346,5159.0011,5632.0014,5071.0011,4484.3346,3197.3342,2456.6673,2643.6672,2156.0006,87321.6882
1247,2021-06-01,1213.6671,1048.667,1026.6671,1103.6668,3512.6675,5349.6679,4994.0014,5008.6678,4268.0008,4051.6676,3780.3344,3707.0008,3842.6675,3758.3344,4084.6676,4810.6678,5390.0013,5298.3346,4895.0008,4488.0011,3615.3341,2808.6671,2695.0009,2203.6673,86955.0207
1248,2021-06-02,1272.3338,1331.0003,1107.3338,1070.667,3809.6676,5558.6681,5566.0014,5155.3343,4264.3343,4165.3341,4066.334,3824.3344,3831.6676,4026.001,4433.0011,5133.3346,5115.0013,4114.0013,3659.334,4700.6679,4081.0008,3146.0007,2944.3341,2119.3339,88495.0214
1249,2021-06-03,920.3338,880.0003,854.3335,1056.0004,3754.6676,5518.3346,5368.0011,4997.6675,4191.001,3703.3344,3813.3341,3652.0011,3809.6676,3941.6678,4473.3343,5016.0011,5309.3344,5489.0014,4367.0009,4268.0008,3828.0009,3065.3341,2676.6674,1811.3336,86764.3537
1250,2021-06-04,938.6672,865.3334,806.6672,1001.0002,3762.0003,5492.6671,5250.6673,5089.3341,4308.3339,3630.0,4084.6673,3908.6671,3652.0005,4048.0005,4484.3341,4887.6673,5159.0005,5056.334,4832.6671,4587.0003,3652.0003,3105.6671,2592.3338,2046.0003,87241.0109
1251,2021-06-05,993.6672,982.6672,1012.0,1096.334,3963.668,4895.0012,5170.0012,4931.668,4616.334,4367.0012,4425.668,4455.0012,5118.668,5390.0012,5206.668,5162.668,5214.0012,4726.3352,4411.0012,3945.334,3512.668,3490.668,3435.668,1925.0,92447.692
1252,2021-06-06,234.6671,0.0,0.0,0.0,0.0,0.0,0.0,0.0,0.0,0.0,0.0,0.0,0.0,11.0004,14.6672,18.3337,18.3337,14.6672,14.6672,14.6672,14.6672,14.6672,14.6672,128.3337,513.339
1253,2021-06-07,1118.3335,1056.0003,1041.3338,1008.3338,2247.6672,5104.0014,4821.6679,4436.6676,3824.3343,3575.0009,3703.3343,3498.0006,3204.6673,3692.3342,3619.0009,3608.0009,3696.0009,3809.6676,3850.0011,3523.6678,3498.0009,3369.6677,2735.3338,1089.0003,75130.019
1254,2021-06-08,586.6668,528.0001,469.3334,546.3337,2882.0008,4502.6676,4422.0011,4660.3343,3674.0011,3652.0008,3619.0006,3204.6676,3523.6673,3542.0006,3985.6676,4363.3341,4242.3343,4323.0011,3806.0009,3171.6676,2379.6671,1976.3336,2093.667,1298.0004,71452.3495
1255,2021-06-09,462.0001,480.3336,513.3337,575.6667,2992.0008,4550.3343,4726.3347,4554.0013,4147.0011,3505.3344,3784.0011,3347.6677,3307.334,3692.3341,4029.6675,4422.0011,4139.6678,4231.3344,4216.6679,3399.0009,2863.6673,2174.3338,2119.3335,1294.3338,73527.6856
1256,2021-06-10,597.6666,531.6669,630.6669,667.3334,3241.3339,5041.6678,4667.6676,4759.3343,4202.0008,3523.6673,3890.3344,3424.6674,3248.6677,3586.0009,3795.0011,4180.001,4381.6678,4829.0011,4359.6676,3754.6676,2687.6674,2405.3338,2709.6674,1408.0003,76523.351
1257,2021-06-11,564.6669,583.0001,575.6666,722.3336,3358.6675,5107.6678,5269.0014,5023.3346,4033.3343,3714.3341,3828.0012,3696.0008,3490.6676,3754.6675,4004.0011,4836.3346,4961.0013,4488.0011,4312.0013,3872.001,2948.0006,2434.6671,2412.6673,1573.0003,79563.0197
1258,2021-06-12,770.0003,938.6668,924.0003,700.3335,3281.6676,5375.3346,4605.3343,4539.3344,3747.3343,3472.3341,3135.0007,3714.3344,3916.0011,4213.0011,4180.0009,3846.3343,3762.0011,4242.3346,3593.3343,3516.3344,3201.0008,2621.6676,2376.0006,1371.3339,76043.02
1259,2021-06-13,472.9999,641.6667,1096.3338,1059.6668,2365.0006,5082.0013,5496.3343,4656.6678,4484.3341,4139.6678,4070.0009,4073.6674,3952.6676,4015.0011,4345.0008,4033.334,4224.0009,4451.3345,4554.0011,4092.0012,3637.3343,3384.3341,3058.0006,766.3338,82151.6854
1260,2021-06-14,29.3332,29.3332,25.6667,76.9999,2049.6676,3710.6674,3842.6678,3358.6676,3259.6673,2944.3339,2911.3342,3098.3344,3028.6674,2937.0006,3197.3341,3373.3344,3179.0009,3798.6674,3824.3346,3131.3342,3054.3342,2669.3341,2691.3341,1378.6671,61600.0163
1261,2021-06-15,1158.6668,1067.0003,1111.0004,1415.3338,3813.3341,5734.6682,5496.3348,5463.3343,4554.001,4172.6676,3927.0009,3791.3343,4077.334,4224.0011,4447.6676,5247.0014,5254.3346,5148.0014,5181.001,4381.6678,3681.3341,3076.3339,3245.0011,2262.3338,91930.6883
1262,2021-06-16,968.0003,1180.6671,979.0003,1096.3336,3868.3341,5683.3346,5617.3347,5485.3345,4447.6675,4106.6674,4066.3341,3835.3343,4106.6678,4169.0008,4733.6676,5272.6679,5338.6681,5342.3349,5236.0011,4634.6675,3582.3342,3179.0006,3039.6677,2244.0008,92213.0215
1263,2021-06-17,1158.6671,1136.6671,1118.3338,1147.6671,3938.0009,5870.3349,5874.0013,3890.3344,3457.6674,3186.3344,3076.3339,3223.0004,3817.0011,3597.0011,3388.0011,4887.6679,5320.3346,5496.3346,5111.3344,4634.6678,3527.3341,2970.0009,3076.3339,2537.3341,85440.6883
1264,2021-06-18,1023.0005,1085.334,1059.6671,1158.6673,3795.0006,5577.0014,5419.3344,5426.6678,4653.0013,4194.6676,4136.0009,3839.0009,3967.3344,4004.0012,4565.0011,4968.3346,5624.6678,5778.6679,5155.3347,4737.3343,3802.334,3402.6676,3351.3339,2453.0006,93177.3559
1265,2021-06-19,997.3339,1045.0005,993.6671,1118.3336,4051.6676,5665.0016,5489.0014,5027.0011,4458.6676,4286.3343,3828.0008,4238.6674,4785.0011,5008.6678,5016.0011,5261.6679,5151.6678,4796.0013,4671.3344,4337.6676,3751.0008,3538.3343,3333.0009,2896.6677,93745.6896
1266,2021-06-20,2845.3342,1459.3339,957.0003,924.0005,1859.0003,4143.3343,4114.001,3919.6676,3457.6675,3380.6673,3252.3341,3362.3339,3421.0009,3424.6676,3439.3344,3461.3339,3428.3341,3740.0009,3934.3343,3553.0011,3032.3341,2904.0004,2838.0008,1228.3338,72079.3512
1267,2021-06-21,1136.6668,1026.6673,1063.3336,1107.3339,3901.3343,5628.3346,5991.3349,5646.6678,4469.6675,4202.0013,4315.6676,4106.6676,4051.6676,4271.6678,4689.6679,5305.6682,5544.0014,5819.0014,5918.0014,5507.3346,3941.6676,3138.6676,3175.3344,2555.6671,96514.0242
1268,2021-06-22,1008.3338,858.0006,894.6671,1004.6671,3861.0009,5778.6681,5789.6684,5676.0011,4766.6677,4326.6673,4257.0008,3813.3341,3754.6674,4022.3343,4656.6679,5324.0012,5041.6679,5437.6681,5507.3349,5096.6678,4092.0006,3138.6673,3014.0009,2288.0006,93408.3559
1269,2021-06-23,1008.3338,986.3336,1012.0003,1078.0003,3934.3338,5859.3351,5885.0013,5261.6679,4517.3343,4458.6675,4238.6673,4187.3343,4180.0009,4480.668,4741.0012,5386.3345,5544.0013,4821.6681,5287.3346,4664.0013,3835.3341,2922.3341,3204.6674,2438.334,93932.689
1270,2021-06-24,1074.3338,1151.3338,1111.0005,1202.6671,3993.0011,5555.001,5976.6681,5291.0014,4407.3346,4356.0011,4231.3346,4099.3346,4092.0008,4187.3343,4876.6676,5518.3348,5423.0011,5401.0016,5511.0014,5375.3346,4209.3343,3457.6674,3263.3341,2299.0006,96063.0243
1271,2021-06-25,1085.3338,1158.6673,1144.0005,1268.6672,3897.6676,5775.0016,6053.6681,5848.3346,4484.3344,4213.0008,4242.3343,4033.3341,3930.6678,4092.0008,4755.6678,5243.3346,5430.3346,5943.6681,5126.0014,4983.0011,3960.0009,3446.6676,3259.6673,2475.0006,95850.3569
1272,2021-06-26,1103.6668,1034.0003,1019.3335,1133.0003,4128.6677,5980.3351,5657.6679,4810.6679,4187.3343,3927.001,3564.0011,4286.3343,4579.6679,4766.6679,4770.3346,4847.3344,4752.0011,4884.0009,4524.6674,4224.0008,3677.6676,3446.6676,3197.3341,2445.6671,90948.0216
1273,2021-06-27,953.3338,839.6671,744.3335,847.0003,1628.0003,3641.0009,3615.3342,3204.6676,3028.6674,3179.0006,3102.0012,2995.6674,3168.0012,3237.6676,3278.0008,3292.6675,3347.6676,3413.6674,3476.0009,3399.0008,3131.3344,2926.0009,2856.3341,1008.334,64313.3515
1274,2021-06-28,1008.3338,1015.667,1063.3336,1008.3335,3688.6679,5382.6678,5503.6679,5544.0014,4601.6679,4433.001,4293.6678,3897.6676,4062.6676,4301.0011,4645.6679,5302.0011,5177.3346,5661.3347,5236.0014,4770.3344,3923.3343,3388.0008,3116.6673,2434.6671,93459.6895
1275,2021-06-29,1048.6673,883.667,957.0004,1158.667,3923.3344,5888.6683,5753.0016,5595.3346,4583.3346,4352.3343,4253.3341,4088.3343,4216.6678,4462.3343,4832.6679,5247.0013,5525.6682,5775.0011,5390.0013,4909.6679,3721.6674,3039.6674,2937.0006,2401.6671,94944.6902
1276,2021-06-30,1136.6671,1103.6668,1243.0006,1224.6668,3912.3341,5804.3349,5874.0016,5833.6681,4752.0011,4242.3343,4154.3341,3938.0011,4048.0011,4469.6676,4653.001,5375.3346,5445.0013,5646.6681,5298.3348,4807.0008,3798.6676,3050.6672,2918.6674,2493.3341,95223.3562
1277,2021-07-01,1030.3338,883.6673,960.667,1037.6671,3831.6677,5866.6684,5881.3348,5562.3346,4513.6675,4194.6676,4081.0013,3952.6678,3952.6676,4110.3345,4532.0011,5225.0014,5287.3343,5588.0014,5276.3347,4697.0011,3831.6676,3248.6677,3160.6674,2390.6673,93096.691
1278,2021-07-02,1202.6671,1122.0,1118.3338,1180.6671,4106.6676,5903.3349,5500.0014,5060.0011,4554.0013,3974.6676,4015.0011,3868.3344,3787.6679,3938.0008,4546.6678,5221.3343,5954.6678,5866.6683,5562.3346,4968.3344,3784.0012,3061.6677,3054.3341,2412.6674,93764.0237
1279,2021-07-03,1107.3336,1067.0005,1034.0003,1191.6668,4004.0012,5679.6681,5375.3343,5060.0014,4601.6678,3974.6676,3648.3343,4180.001,4642.0011,4825.3343,5155.3346,4862.0008,4931.6679,4667.6679,4458.6678,4081.0009,3780.3341,3428.3341,3135.0006,2273.3341,91164.3551
1280,2021-07-04,1305.3338,1155.0003,1136.667,1070.6671,1763.6674,3875.6676,3850.0009,3179.0006,3124.0006,3292.6673,3318.3341,3274.3344,3267.0009,3219.3341,3307.3341,3505.3339,3333.0009,3303.6677,3872.0011,3989.334,3263.3344,2922.3341,2808.6676,953.3335,68090.0174
1281,2021-07-05,990.0005,861.6673,927.6671,942.3339,1653.6674,3743.6676,3732.6674,3446.6676,3164.3341,3296.3341,3127.6676,3215.6674,3127.6673,2995.6674,2852.6674,2911.3341,3105.6676,3259.6674,3703.3341,3542.0009,3080.0009,2955.3341,2746.3338,1136.6668,64518.6838
1282,2021-07-06,1074.3338,1004.6668,1004.6673,1085.3338,3912.3344,5657.6679,5591.6681,5672.3349,4719.0009,4271.6676,4253.3344,4117.6676,4194.6676,4462.3343,4953.6678,5577.001,5672.3347,5496.3349,5012.3346,4664.0011,3787.6675,3116.6677,3281.6674,2383.3339,94966.69
1283,2021-07-07,1224.6673,1070.6668,1012.0005,1089.0004,4000.3341,5811.6679,5683.3346,5595.3346,4495.3344,4172.6678,3982.0011,4048.0006,4161.6676,4436.6676,4858.3344,5283.668,5467.0013,5602.6678,5650.3347,4759.3344,3564.0009,3003.0009,2999.3341,2405.3336,94376.3554
1284,2021-07-08,1166.0003,1151.334,990.0003,1166.0003,3791.3341,5720.0016,5811.6682,5672.3349,4645.6678,4403.6676,4066.3343,4084.6676,4209.3341,4352.3343,4807.0013,5393.6682,5415.6676,5390.0011,5151.6676,4627.3343,3901.3343,3149.6674,3333.0008,2266.0008,94666.0228
1285,2021-07-09,986.3336,1070.667,993.6671,1243.0005,3813.3341,5690.6679,5753.001,5606.3348,4594.3343,4004.0008,3875.6676,3919.6676,3916.0011,4022.3344,4664.0013,5302.0017,5621.0013,5716.3349,5247.0014,4638.3343,3564.0011,2962.6674,3157.0006,2324.6671,92686.0229
1286,2021-07-10,1078.0004,1041.334,1078.0003,1114.6671,4018.6676,5544.0013,5236.0013,5030.6679,4378.0008,3886.6676,3553.0008,4172.6674,4627.3344,4774.001,4495.3345,4796.0008,4704.3343,3938.001,3157.0006,4018.6679,3674.0011,3311.0009,3157.0009,2302.6674,87087.0213
1287,2021-07-11,1103.667,1078.0003,1250.334,1166.0003,1895.6671,3696.0008,3718.0007,3377.0008,3278.0009,3314.6674,3340.3344,3498.0008,3340.3341,3483.3344,3553.0009,3439.3346,3527.3343,3520.0009,3776.6676,3641.0012,3193.6676,3223.0009,2882.0009,1136.667,69432.0189
1288,2021-07-12,990.0005,1100.0003,1045.0003,1122.0003,3842.6676,5599.0014,5643.0014,5470.6679,4719.0014,4359.6675,4055.3343,3941.6676,4018.6678,4257.0006,4693.3344,5478.0011,5738.3346,5591.6681,5368.0014,4689.6676,4015.0008,3274.3342,3256.0009,2251.3338,94519.3558
1289,2021-07-13,924.0005,905.6668,887.3338,1004.6672,3608.0011,5866.6682,5760.3351,5382.668,4605.3343,4253.3346,4279.0008,3934.3344,3985.6679,4011.3344,4444.0011,5247.0013,5547.6679,5837.3347,5635.6679,4957.3346,4007.6676,3190.0008,3391.6675,2489.6674,94156.3579
1290,2021-07-14,1004.6668,986.334,916.6671,1056.0005,3556.6673,5859.3349,5452.3346,5236.0011,4073.6676,4370.6678,4026.001,3974.6678,3963.6676,4169.0011,4700.6676,5225.0011,5698.0014,5470.6681,5342.3348,4576.0008,4070.0009,3263.3341,3347.6676,2244.0006,92583.3562
1291,2021-07-15,1114.667,1070.6671,1001.0005,1250.3338,3916.0009,5668.6678,5819.0014,5738.3346,4708.0009,4176.3344,4022.3343,3952.6678,4143.3344,4502.6676,4847.3341,5529.3346,5918.0016,5914.3349,5808.0013,4942.6676,3949.001,3043.3341,3432.0008,2288.0005,96756.023
1292,2021-07-16,1166.0003,1334.6673,1155.0003,1147.6671,3919.6678,5844.6681,5595.3349,5705.3348,4686.0011,4235.0008,3989.3344,4279.0011,4062.6676,4334.0011,4803.3346,5507.3349,5643.0014,5247.0011,5426.6682,4821.6679,3901.3344,3113.0006,3230.3341,2181.6674,95329.6913
1293,2021-07-17,931.3338,949.6673,935.0006,1048.667,4029.6676,5720.0017,5445.0014,5316.6678,4400.0009,4092.0008,3864.6679,4374.3343,4895.0011,5166.3348,4854.6679,4994.001,4935.3345,4887.6676,4726.3343,4334.0008,3927.0009,3406.3344,3149.6676,2383.3342,92766.6902
1294,2021-07-18,1202.6668,971.6668,916.6671,898.3338,1716.0008,3765.6679,4260.6678,3501.6678,3395.3339,3179.0009,3303.6673,3314.6675,3256.0009,3322.0006,3410.0008,3468.6677,3490.6677,3432.0011,3520.0011,3391.6674,3113.0008,2918.6676,2669.3339,1166.0003,67584.0183
1295,2021-07-19,1177.0002,905.6669,913.0002,1034.0001,3839.0004,5870.3338,5907.0005,5738.3338,4873.0006,4370.6671,4308.3339,4084.6668,4169.0003,4451.3336,4792.3339,5492.6674,5320.3339,5588.0007,5573.3341,4572.3338,3710.6668,3366.0005,3446.667,2379.6668,95883.3431
1296,2021-07-20,839.6668,14.6668,14.6668,14.6668,14.6668,14.6668,14.6668,14.6668,14.6668,14.6668,14.6668,14.6668,14.6668,14.6668,14.6668,14.6668,14.6668,14.6668,14.6668,14.6668,14.6668,14.6668,14.6668,14.6668,1177.0032
1297,2021-07-21,3.6672,3.6672,1004.6672,1188.0,3960.0012,6039.002,6061.002,5683.3352,4752.0012,4451.334,4110.334,4143.334,4187.334,4484.334,4931.668,5368.002,6042.668,5885.0012,5910.668,5067.3352,4257.0012,3479.668,3483.334,2640.0012,97137.36
1298,2021-07-22,1008.3336,891.0005,920.3336,1111.0006,3857.3344,6006.0014,5947.3351,5470.6682,4781.3343,4308.3344,4037.0008,3846.3343,4341.3343,4392.6673,4763.0008,5353.3347,5613.6678,6035.3346,5393.6679,5005.0013,3956.3344,3263.3341,3355.0009,2570.3339,96228.0232
1299,2021-07-23,1015.6672,924.0,887.334,1158.6672,3927.0012,5507.3352,5811.668,5562.3352,4656.668,4158.0012,4128.668,4029.668,4022.334,4176.334,4924.3352,5547.668,5976.668,5676.0012,5250.668,4972.0012,4238.668,3325.668,3292.668,2379.6672,95549.694
1300,2021-07-24,924.0005,909.3339,971.6671,1118.3335,3919.6677,5870.3349,5511.0016,4891.3346,4583.3344,3685.0009,3538.3342,4040.6679,4543.0011,4719.0013,4961.0011,4763.0011,4884.0014,4792.3347,4653.0008,4238.6678,3608.0011,3303.6676,3105.6677,2071.6671,89606.024
1301,2021-07-25,971.667,1059.667,1074.3336,1008.3335,2082.6673,4810.6678,4704.3344,3795.001,3512.6674,3663.0011,3688.6678,3688.6673,3824.3344,3776.6677,3927.001,4073.6679,4110.3343,4106.6676,3996.6676,3894.0011,3703.3343,3531.0008,3197.3341,1224.6671,77425.3531
1302,2021-07-26,1125.6672,1111.0004,1169.667,1107.3339,3901.3344,6251.6681,5811.6684,5866.6681,4733.6679,4125.0011,3963.6678,4026.0012,4026.0013,4198.3344,4832.6678,5294.6678,5346.001,5936.3351,5687.0014,5085.6681,3769.3345,3439.3344,3450.3341,2423.6674,96682.6928
1303,2021-07-27,1408.0003,1103.6672,1052.3339,1331.0005,4000.3341,5969.3346,6317.6684,5951.0013,4642.0009,4224.0007,4095.6676,4088.3341,3934.334,4154.3343,4594.334,5250.6678,5580.6679,5793.3351,5782.3346,5166.3346,4062.6679,3413.6674,3358.6674,2431.0006,97705.6892
1304,2021-07-28,1173.3338,1056.0006,1100.0006,1279.667,3978.3344,6046.3348,5734.6681,5173.6679,4070.0011,3787.6676,4059.0011,4136.0008,4040.6675,4220.334,4788.6681,5463.3347,5437.6681,5507.3346,5481.6679,4876.6677,4213.0008,3490.6676,3593.3344,2398.0006,95106.0238
1305,2021-07-29,1155.0003,1169.6671,1140.3338,1239.3336,4015.0008,5885.0016,5797.0013,5621.0011,4220.3346,4216.6675,4246.001,4040.6678,4297.3344,4235.0009,4605.3343,5529.3346,5679.6681,5731.0011,5511.0014,4920.6681,4073.6676,3520.0008,3501.6676,2577.667,96928.3564
1306,2021-07-30,1298.0003,1254.0006,1228.3338,1287.0006,3960.0008,5921.6681,5925.3347,5705.3348,4425.6676,4161.6676,4378.0008,3894.0011,4191.0008,4271.6678,4550.3346,5298.3346,5375.3349,5709.0016,5507.3345,4818.001,4004.0009,3278.0008,3604.3344,2350.3339,96396.6906
1307,2021-07-31,1151.3338,1202.667,1103.6671,1272.3338,3311.0008,5122.3346,5401.0014,4843.6678,4279.0011,3974.6678,3897.6678,4466.0011,4645.6678,5041.6679,4854.6681,5089.3346,4689.6676,4568.6678,4242.3343,2959.0007,2427.3342,2189.0004,2541.0003,2273.3338,85547.0216
1308,2021-08-01,1305.3338,1232.0003,1246.6673,1180.6671,1547.3338,2801.3339,2277.0006,2130.3338,2269.667,2585.0006,2596.0008,2544.6673,2442.0006,2365.0006,3201.0009,3520.0008,3373.3344,3439.3344,3652.001,3644.6679,3245.0009,3193.6673,2988.3344,1162.3336,59942.6831
1309,2021-08-02,1195.3338,1059.6673,1118.3335,1188.0003,4033.3346,5943.6679,6548.6681,6226.0019,5155.3346,4165.3341,4088.3343,4114.0009,4172.6678,4293.6678,4862.001,5646.6681,6211.3351,6677.0016,6350.6678,5569.6681,4198.3345,3703.3341,3622.6675,2574.0006,102718.0253
1310,2021-08-03,927.6671,858.0003,828.6671,1026.6671,3553.0012,6112.3346,6339.6683,6504.6683,5162.6676,4249.6676,4029.6674,4073.6676,4040.6676,4022.3343,3776.6676,5148.0014,6075.6681,6171.0014,4869.3344,5353.3346,4070.0012,3538.3344,3413.6676,2467.6673,96613.0241
1311,2021-08-04,931.334,850.667,869.0003,964.3338,2009.3338,2625.3342,2808.6671,2555.6674,2335.6673,2152.334,2005.6671,2009.3338,2075.3336,2079.0006,2211.0006,2647.3339,2552.0006,2874.6671,2959.0009,2515.3342,2053.3339,1789.3335,1910.3336,1360.3336,49144.3459
1312,2021-08-05,883.6671,876.3338,880.0003,1067.0005,3982.0006,6149.0013,6493.6681,6306.6678,5199.3344,4304.6681,4422.0008,4264.3343,4444.0011,4510.0008,5096.6678,5947.3346,6666.0016,7040.0016,6578.0018,6024.3345,4631.0009,3725.3343,3666.6677,2706.0006,105864.0244
1313,2021-08-06,1301.667,1206.3339,1250.3339,1268.6671,4172.6676,6193.0013,6724.6681,6295.6685,5217.6678,4759.3343,4260.6676,4136.0013,4356.0011,4598.0011,4913.3344,5727.3349,6523.0016,6647.6684,6728.3351,5731.001,4506.3343,3864.6675,3586.0008,2581.3341,106549.6927
1314,2021-08-07,1334.6672,1221.0004,1250.3338,1184.3338,2225.6674,5093.0013,5181.0013,4249.6676,4216.6678,4392.6678,4392.6678,4191.0009,4323.001,4352.3343,4535.6676,4983.0011,4535.6678,4612.6679,4755.6677,4425.6676,4084.6676,3831.6676,3465.0011,1235.667,88073.3554
1315,2021-08-08,1202.6671,1210.0003,1180.6668,1162.3336,2060.6671,4744.6678,4627.3346,4044.3344,3945.3343,4154.3344,4191.0011,4227.6679,4114.001,4363.3346,4279.001,4220.3344,4359.6676,4429.3344,4807.0011,4627.3344,4070.0008,3776.6673,3428.3341,1323.6671,84549.6872
1316,2021-08-09,1166.0003,1173.3335,1092.6673,1169.6671,4150.6676,6482.6681,6640.3353,6512.0016,5430.3346,4205.6679,4154.3343,3978.3341,4150.6676,4227.6679,4909.6679,5591.6681,6567.0016,6926.3351,6570.668,5632.0017,4436.6679,3740.0008,3615.3344,2607.0006,105130.6933
1317,2021-08-10,1001.0005,836.0006,858.0004,1111.0004,3831.6673,6075.6685,6636.6684,5936.3349,5419.3346,4774.0011,4213.0008,4363.3343,4231.3344,4403.6676,5111.3343,5309.3343,6207.6681,7069.3352,6387.3349,5423.0016,4257.001,3487.0008,3443.0009,2412.6673,102798.6922
1318,2021-08-11,1067.0003,946.0003,990.0003,1239.3338,3776.6674,6251.6678,6409.3351,6295.6679,4862.0011,4213.0011,4000.3344,4044.3343,4125.0006,4194.6677,4858.3344,5540.3346,6075.6681,6922.6683,6757.6684,5346.0013,4216.6678,3626.3343,3432.0009,2335.6673,101526.3575
1319,2021-08-12,1004.6671,1162.3338,1078.0004,1118.3339,3945.3344,6229.6684,6849.3349,6453.3348,5481.6681,4462.3343,4066.3343,4139.6678,4158.0009,4095.6676,4744.6675,5503.6678,6171.0014,6768.6683,6339.668,5947.3348,4407.3346,3685.0009,3439.3341,2222.0006,103473.3587
1320,2021-08-13,964.3338,887.3338,898.3338,979.0003,3699.6674,5771.3346,6427.6684,6339.6681,5448.6679,4726.3344,4297.3343,3960.0011,4143.3342,4260.6679,4590.6675,5470.6681,6281.0013,6567.0015,6585.3352,5536.6681,4150.6675,3648.3341,3204.6673,2343.0006,101181.6912
1321,2021-08-14,847.0005,898.3338,964.3336,1100.0006,3824.3344,5639.3345,6160.0016,5137.0013,4176.3344,3839.001,3593.3345,4015.0008,4631.0008,4693.3344,4722.6679,4964.6679,4858.3343,4645.6678,4422.0011,4275.3343,3641.0011,3285.3339,3226.6674,2255.0006,89815.0225
1322,2021-08-15,267.6667,0.0,0.0,0.0,0.0,0.0,0.0,0.0,0.0,0.0,0.0,0.0,0.0,0.0,14.6672,14.6672,14.6672,14.6672,14.6672,14.6672,18.3337,18.3337,14.6672,14.6672,421.6717
1323,2021-08-16,300.6669,1004.6671,979.0004,986.3339,1822.3338,3278.0008,3395.3341,3402.6677,3384.3341,3377.0008,3314.6677,3355.0009,3402.6674,3461.3341,3362.3344,3428.3341,3516.3341,3784.0011,3747.3345,3861.0009,3633.6679,3465.0006,2966.3341,1103.6671,68332.0185
1324,2021-08-17,1100.0005,1074.3336,1045.0006,1202.6671,3974.6676,5936.3348,6292.0013,5694.3349,5342.3344,4730.0008,4539.3343,4183.6673,4297.3345,4638.3344,4979.3344,5533.0014,6523.0017,6867.6686,7076.6684,5478.0012,4594.3343,3784.0009,3696.0011,2442.0006,105024.3587
1325,2021-08-18,1089.0005,1037.667,993.6673,1140.3338,4103.0006,6068.3346,6248.0014,5855.6675,5001.3344,4271.6678,3945.3343,4378.0011,4154.3344,4308.3342,4785.001,5529.3344,6699.0016,7179.3349,5965.6682,5624.6679,4565.0011,3809.6676,3476.0009,2423.6674,102652.0239
1326,2021-08-19,1048.6673,1129.3338,1063.3336,1243.0003,4202.0011,5738.3349,3677.6676,5921.6684,5177.3344,4469.6676,4216.6678,4092.0008,4455.0009,4407.3343,4671.3346,5492.6684,6435.0013,7051.0016,6915.3352,5778.6681,4422.0008,3714.3344,3600.6676,2475.0006,101398.0254
1327,2021-08-20,1107.3338,1107.3336,1147.6673,1224.6668,3901.3343,6149.0016,6130.6681,6017.0016,5151.6676,4286.3342,4110.3343,4279.0008,4198.3343,4227.6679,4627.3343,5243.3346,6442.3348,6834.6683,6545.0016,5665.0013,4268.0013,3659.3341,3505.3344,2361.3338,102190.0247
1328,2021-08-21,1092.6671,1096.3339,1103.6671,1188.0003,4103.0008,5965.6681,6537.6684,5434.0014,4546.6675,3780.3346,3641.0008,4161.6677,4781.3349,5217.6678,5309.3346,5309.3343,4975.6678,5060.0013,4873.0008,4367.0008,4158.0009,3685.0011,3461.3343,2665.6674,96514.0237
1329,2021-08-22,1048.6671,1015.6668,1092.6673,1008.3338,1712.3338,3215.6676,3487.0009,3413.6674,3512.6679,3380.6677,3439.3341,3285.3339,3366.0006,3358.6674,3366.0008,3325.6672,3450.3344,3443.0011,3857.3343,3890.3344,3666.6676,3465.0011,2988.3338,1195.3336,68984.6846
1330,2021-08-23,1089.0,1085.3336,1122.0003,1246.6668,4037.0009,5896.0017,6600.0016,6673.3349,5797.0013,4642.0011,4246.0011,4352.3344,4356.0009,4510.0008,5041.6678,5595.3348,6446.0019,6996.0018,6710.0016,5621.0014,4359.6675,3663.0009,3589.6674,2511.6671,106186.6916
1331,2021-08-24,1030.3335,1037.6671,1012.0006,1144.0003,3993.0009,6116.0016,6988.6684,6677.0015,5573.3343,4605.3344,4286.3343,4367.0009,4389.0008,4598.0013,4950.0013,5822.6681,6717.3351,6581.6684,6677.0016,5962.0014,4565.0011,3795.0011,3769.3343,2552.0008,107209.6931
1332,2021-08-25,1129.3338,1089.0006,1067.0003,1301.6673,4205.6676,6328.6683,7183.0021,6618.3351,5283.6681,4579.6679,4367.0011,4198.3344,4341.3344,4491.6679,4715.3344,5430.3346,6585.3348,6944.6684,6790.6683,5690.6681,4451.3344,3641.0008,3806.0009,2471.3338,106711.0274
1333,2021-08-26,1019.3338,1081.6668,1118.3335,1228.3338,4106.6676,6310.3349,7256.3354,6325.0018,5573.3347,4319.3343,4242.3343,4422.0011,4444.0009,4708.0011,4847.3346,5639.3348,6490.0016,7131.6683,6948.3351,5654.0014,4312.0008,3762.0012,3604.3344,2544.6673,107088.6935
1334,2021-08-27,1217.3339,1338.3336,1147.667,1239.3338,4128.6679,6398.3348,7102.3351,6354.3349,5481.6681,4330.3344,4132.3343,4253.3344,4147.001,4455.0008,4997.6677,5727.3346,6574.3349,6952.0018,6860.3349,5819.0016,4268.001,3699.6673,3446.6674,2442.0004,106513.0256
1335,2021-08-28,1158.6673,1107.3336,1034.0003,1122.0003,4055.3343,6050.0013,6717.3351,5298.3346,4341.3341,3916.0008,3593.3341,4348.6673,4642.0011,5195.6682,5269.0011,4994.0011,4950.0014,5159.0013,4755.6679,4524.6679,3971.0008,3619.0011,3406.3341,2383.3338,95612.0229
1336,2021-08-29,975.3335,942.334,898.3336,920.3338,1763.6668,3259.6674,3611.6676,3663.0009,3597.001,3289.0009,3333.0006,3340.3341,3461.3343,3450.3341,3534.6675,3479.6676,3674.0008,3498.0011,3758.3344,3553.0009,3399.0006,3362.3344,2805.0007,1188.0003,68757.3509
1337,2021-08-30,1015.667,1081.6671,1026.6671,1107.3338,3897.6676,6075.668,5896.0014,5771.3346,5181.0012,4323.0008,4227.6675,4253.3343,4367.0012,4304.6679,4810.6678,5478.0014,6504.6683,7018.0016,6794.3348,5606.3351,4407.3346,3626.3344,3674.0007,2482.3341,102930.6923
1338,2021-08-31,1074.3335,968.0,997.3338,1140.3336,4158.0009,6006.0013,6475.3349,6794.3348,4814.3346,4561.3344,4143.3343,4293.6676,4209.3344,4363.3343,4865.6679,5595.3345,6523.0017,6864.0019,6416.6678,6013.3349,4535.6679,3806.0008,3644.6676,2409.0006,104672.358
1339,2021-09-01,942.3336,572.0001,634.3336,766.3334,3626.3344,5628.3348,6226.0014,6229.6681,4972.0014,4110.3343,4077.3343,3743.6675,3828.0011,3839.0009,4363.3343,5236.0011,6160.0016,6864.0017,6189.3351,5298.3346,3927.0011,3278.0008,3204.6677,1932.3338,95648.6907
1340,2021-09-02,517.0001,528.0002,619.6668,1136.667,3938.0008,6416.6681,7058.3353,6724.6684,5764.0017,4539.3344,4341.3341,4169.0009,4407.3343,4425.6678,4895.0012,5896.0011,6893.3351,7263.6682,6812.6684,5833.6681,4616.3343,3923.3343,3714.3343,2797.6673,107231.6922
1341,2021-09-03,1078.0003,960.6671,1004.6668,1100.0005,4062.6673,5918.0017,7355.3351,6541.3348,5536.6684,4513.6676,4513.6676,4136.0011,4425.6676,4517.3344,4748.3343,5492.668,6079.3348,7183.0016,6812.6681,5947.3348,4733.668,4073.6674,3604.3344,2610.6673,106949.359
1342,2021-09-04,1089.0005,1074.3339,1012.0006,1173.3336,4026.001,6347.0014,6453.3351,5694.3346,4172.6679,3846.3344,3439.3344,4110.3343,4678.6676,5056.3344,4942.6681,5327.6681,4997.6679,5111.3346,4964.6676,4700.6678,3963.6678,3333.0008,3120.3341,2563.0006,95197.6911
1343,2021-09-05,971.6671,986.3338,1041.3336,1074.334,1697.6668,3318.3341,3516.3344,3564.0006,3762.0011,3336.6674,3215.6677,3267.0009,3292.6676,3472.3341,3501.6678,3461.334,3593.3341,3446.6676,3622.6676,3589.6676,3553.0009,3443.0006,2706.0006,1173.3336,68607.0176
1344,2021-09-06,1081.667,1103.6668,1133.0003,1228.3336,4026.0009,6057.3349,6779.6684,6603.6683,5309.3346,4099.3346,4436.6676,4341.3344,4348.6676,4458.6675,4829.0011,5632.0017,6464.3349,7289.3351,6589.0015,5474.3346,4216.6673,3776.6674,3798.6677,2687.6674,105765.0252
1345,2021-09-07,1034.0003,1008.3338,990.0003,1162.3338,3875.6676,6211.3349,6655.0019,6537.6683,5441.3346,4378.0008,4271.6676,4253.3341,4293.6678,4081.0008,4814.3341,5588.0016,6420.3351,7208.6684,6944.6683,5606.3344,4499.0012,4018.6677,3714.3341,2526.3341,105534.0256
1346,2021-09-08,1056.0003,1023.0006,982.6671,1169.667,4271.6676,6336.0014,7179.3348,5833.6678,5232.3345,4502.6678,4290.0012,4216.6675,4345.0008,4117.6678,4623.6679,5415.6678,6383.6682,6966.6683,7073.002,5940.0017,4616.3344,3751.0006,3765.6676,2471.3338,105563.3585
1347,2021-09-09,1136.6671,1048.667,982.6673,1133.0006,4000.3344,6299.3348,6842.0015,6919.0017,5338.6679,4649.3347,4587.001,4172.6673,4319.3343,4396.3343,4726.3343,5577.0013,6482.6686,7454.3353,6871.3351,5650.3349,4447.6676,3725.3346,3556.6679,2761.0009,107077.6944
1348,2021-09-10,1184.334,1136.6673,1056.0003,1089.0004,3736.3343,6156.3351,7054.6683,6453.3349,5265.3345,4293.6678,4268.0011,4216.6678,4378.0011,4392.6676,4785.0014,5632.0013,6574.3348,7062.0019,6292.0013,5778.6684,4517.3344,3897.6676,3512.6674,2471.3339,105204.0269
1349,2021-09-11,997.3339,1045.0006,979.0003,1155.0005,3967.3344,6002.3346,6574.3351,5276.3346,4510.0011,4015.0011,3677.6676,4293.6677,4906.0014,5437.6679,5368.0011,5243.3346,5148.0013,5126.0017,4777.6681,4645.6675,3934.3343,3593.3339,3281.6676,2706.0006,96660.6915
1350,2021-09-12,1287.0006,982.6671,1004.6673,1180.6671,2247.6668,4176.3343,4319.3343,3982.0011,3905.0009,3740.0009,3773.001,3732.6676,3861.0011,3897.6676,3846.3343,3850.0013,3872.0011,4169.0009,4726.3341,4594.3344,4491.6678,4315.6675,3637.3344,1334.667,80927.0205
1351,2021-09-13,1257.6668,990.0006,1037.6673,1034.0006,4033.3341,6050.0016,7157.3349,6160.0016,5492.6681,4598.0008,4499.001,4400.0008,4198.3345,4400.0011,5012.3343,5841.0011,6574.3351,7392.0016,7230.6684,6094.0013,4645.6676,3740.0009,3465.0009,2522.6671,107825.6921
1352,2021-09-14,997.3336,1001.0003,1052.3338,1180.667,3963.6673,6145.3349,6933.6683,6552.3351,5533.0014,4598.0008,4392.6679,4301.001,4565.0013,4524.6676,5001.3343,5672.3349,6618.3346,7373.6686,7322.3351,5657.6678,4627.3343,3894.0009,3424.6674,2596.0004,107928.3586
1353,2021-09-15,942.3336,465.6669,843.3336,1048.6671,3831.6679,5947.3348,6750.3349,6416.6684,5690.6678,4414.6678,4499.0011,4385.334,4440.3344,4260.6676,4770.3346,5536.6684,6361.6682,7142.6681,6860.3351,6108.6683,4759.3344,3707.0009,3435.6674,2577.6671,105196.6924
1354,2021-09-16,946.0003,997.3334,1012.0001,1176.9999,4224.0004,6233.3341,7150.0007,6343.3341,5888.6673,4513.6672,4436.667,4469.6671,4528.3339,4598.0005,5151.6673,5764.0008,6721.0011,7315.0009,6919.0012,6079.3344,4825.3339,3872.0009,3505.3344,2698.6676,109369.3485
1355,2021-09-17,1173.3338,1100.0006,1067.0006,1188.0004,4183.6674,6372.6683,7131.6684,6640.3352,5690.6681,4447.6678,4385.3343,4543.0008,4700.6681,4671.3343,5302.0014,5980.3348,6585.3351,7278.3352,6735.6684,5859.3348,4737.3343,3901.3341,3589.6676,2548.3341,109813.0279
1356,2021-09-18,1118.3338,1019.3338,1078.0003,1188.0003,4246.0009,6178.3346,6537.668,5375.3348,4697.0013,3894.0008,3809.6678,4271.6675,4737.3344,5052.6678,5107.668,5254.3346,5005.0011,5027.0011,4686.0014,4326.6676,3967.3341,3593.3344,3329.3343,2728.0008,96228.0235
1357,2021-09-19,1023.0006,1034.0003,1045.0005,1067.0,1815.0,3237.6674,3395.3344,3061.6674,3065.334,2918.6677,2893.0008,3003.0009,3303.6674,3248.6676,3344.0008,3267.0008,3391.6672,3307.3341,3740.0009,3831.6676,3696.0009,3703.3341,3006.6675,1327.3336,66726.0165
1358,2021-09-20,1173.3336,1125.6671,986.3335,986.3339,4037.0009,6471.6682,7098.6684,7003.3351,5503.6684,4396.3345,4385.3343,4396.3344,4528.3343,4444.0011,5016.0011,5855.668,6871.3349,7322.3351,7036.3351,6061.0019,4671.3344,4033.3341,3633.6676,2500.6674,109538.0273
1359,2021-09-21,1081.6673,1089.0006,1026.6671,1235.6671,3960.0009,4572.3346,6636.6684,6277.3347,5533.0016,4161.6675,4268.0011,4246.0009,4521.001,4440.3344,4829.0011,5617.3349,6013.3349,7179.3348,6779.6686,5808.0014,4609.0011,3912.3343,3615.3342,2548.3338,103961.0263
1360,2021-09-22,1081.6673,1067.0004,1063.3338,1213.6668,4081.0008,6097.6681,7120.6684,6413.0016,5588.0013,4341.3343,4359.6676,4158.0011,4455.001,4444.0008,4902.3346,5800.6679,6446.0018,7106.0019,6185.6681,6017.0014,4744.6676,4048.0008,3630.0012,2618.0006,106982.3592
1361,2021-09-23,1089.0003,1177.0003,1103.667,1224.6668,4103.0009,6391.0014,7150.0016,6728.3348,5558.6681,4473.3346,4143.3341,4209.3344,4183.6676,4385.3345,4777.6679,5430.3344,6299.3349,7307.6686,6757.6683,5804.3348,4777.6678,3971.0008,3622.6677,2625.3341,107294.0257
1362,2021-09-24,1503.3336,1283.3338,1136.6671,1191.6671,4037.0009,6490.0016,6695.3349,6358.0017,5606.3346,4356.0008,4308.3343,4165.3346,4235.0011,4308.3343,4741.0011,5800.6678,4741.0013,6831.0016,6699.0018,6090.3349,4730.0011,4059.0011,3754.6679,2471.3341,105592.6931
1363,2021-09-25,1250.3335,1155.0004,1096.3336,1224.6673,4150.6679,6090.3348,6812.668,5595.3346,4697.0013,4143.3344,4040.6676,4579.6678,4979.3346,5221.3345,5225.0013,5111.3344,5027.0011,5144.3343,4950.001,4737.3343,4092.0011,3754.6677,3058.0006,1914.0006,98050.3567
1364,2021-09-26,788.3333,682.0002,678.3337,909.3336,1686.6671,3311.0011,3388.0006,3443.0009,3336.6673,3432.0009,3369.6676,3347.6677,3406.3342,3351.3341,3586.0011,3322.0011,3472.3341,3501.6676,3560.3344,3516.3341,3549.3342,3351.3341,3076.3341,1111.0005,67177.0176
1365,2021-09-27,1136.6671,1188.0004,1122.0003,1221.0006,4194.6674,6457.0016,7157.3348,6743.0017,5375.3346,4455.0012,4312.0008,4290.0009,4257.0008,4411.0008,5027.0013,5962.0016,6647.6682,7238.0018,6904.3351,6204.0016,4744.6678,3868.3343,3553.0009,2497.0004,108966.026
1366,2021-09-28,711.3334,491.3337,539.0002,660.0004,3494.3344,5760.3346,6801.6686,5720.0014,4997.6681,4011.3343,3630.001,3626.3344,3465.0012,3710.6676,4081.0008,5115.0014,5870.3348,6842.0014,6171.0015,5269.0013,3930.6676,3362.3341,3069.0006,1859.0003,93188.3571
1367,2021-09-29,535.3334,568.3334,590.3334,707.6671,3373.3343,4293.6679,5137.0012,5918.0016,4792.3343,4022.3344,4081.0011,3696.0008,3670.3343,3828.0012,4125.0008,4920.6679,5760.3351,5731.0014,6248.0013,5316.6681,4081.0009,3454.0009,2929.6674,1958.0005,89738.0227
1368,2021-09-30,535.3337,550.0001,601.3334,729.6668,3234.0006,5815.3346,6281.0016,6402.0012,5225.0014,3923.3343,3732.6676,3630.0008,3692.3344,3710.6673,4099.3341,4763.0011,5962.0014,6614.668,6024.3346,5247.0016,4000.3344,3157.0008,2852.6676,1991.0007,92774.0221
1369,2021-10-01,795.6671,975.3338,938.667,1199.0004,3773.0008,6240.6683,6801.6684,6757.6681,5408.3346,4062.6679,4117.6678,4132.3343,3963.6676,4297.3346,4667.6675,5452.3344,6226.0016,6790.6683,6387.3349,5606.3349,4363.3344,3553.0008,3259.6674,2431.0006,102201.0255
1370,2021-10-02,1008.3339,982.6673,968.0003,1019.3339,3751.0005,5932.6678,6501.0019,5463.3346,4649.3346,3901.3344,3721.6675,4007.6676,4913.3346,4935.3343,5151.6678,5074.6678,5162.6676,5005.0013,4612.6673,4546.6678,3945.3345,3553.0008,3443.0008,2423.6673,94673.3562
1371,2021-10-03,1085.3335,1111.0005,1118.3335,1199.0004,1617.0003,3296.3341,3663.0008,3483.3341,3556.6676,3549.3344,3446.6674,3582.3343,3637.3341,3355.0009,3578.6677,3703.3343,3751.0011,3597.0009,3802.3346,3762.0008,3608.0009,3432.0008,2878.3339,1180.667,70994.0179
1372,2021-10-04,1221.0005,1081.6668,1111.0003,1195.3335,4062.6678,6493.6683,6629.3349,6677.0015,5782.3346,4733.6676,4403.6678,4246.0008,4381.6675,4385.3346,5001.3343,5738.3346,6526.6682,7293.0019,6864.0016,5987.6679,4521.0009,3806.0011,3787.6676,2610.6673,108540.6919
1373,2021-10-05,1136.6671,1382.3338,1158.6668,1221.0003,4048.0009,6094.0014,6468.0016,6871.3353,5390.0016,4326.6678,4268.0008,4634.6676,4418.3343,4381.6673,4847.3346,5584.3346,6295.6683,7505.6686,6743.0016,5800.6684,4550.3346,3941.6677,3681.3341,2456.6674,107206.0265
1374,2021-10-06,1210.0006,1283.3335,1063.3336,1144.0006,4202.0009,6094.0015,6805.3348,6552.3351,5357.0009,4704.3343,4315.6679,4422.0008,4433.0008,4334.0011,5115.0014,5775.0017,6754.0019,6985.0016,6732.0016,5683.3349,4627.3344,3674.001,3476.0009,2504.3341,107246.3599
1375,2021-10-07,1023.0005,946.0003,960.6671,1034.0003,3930.6676,6266.3346,6493.6679,6717.3353,5386.3346,4774.0014,4345.0009,4411.0011,4183.6678,4378.0009,4799.6677,5800.6682,6394.6684,7315.0016,6930.0016,5639.3348,4697.0013,3751.0009,3468.6676,2423.6671,106069.3595
1376,2021-10-08,1298.0003,1514.3338,1437.3338,1386.0006,3883.0008,6075.6681,6974.0018,6636.6683,5467.0014,4539.3343,3941.6678,4495.3344,4363.334,4330.3342,4880.3346,5463.3349,6365.3346,7054.6683,6589.0012,5841.0016,4528.3343,3740.0009,3509.0008,2442.0003,106755.0251
1377,2021-10-09,953.3338,1177.0003,1338.3339,1331.0003,3890.3341,6006.0012,6501.0014,5371.6681,4572.3342,3839.0011,3659.3343,4238.6676,4605.3343,4942.6678,5045.3346,4887.6675,5045.3345,4825.3343,4598.0011,4165.3343,3828.001,3413.6673,3087.334,2288.0006,93610.0216
1378,2021-10-10,971.6671,1111.0005,1081.6668,1111.0006,1899.3338,4018.6678,4106.6678,4249.6679,4312.0013,4176.3343,4147.0011,3868.3346,4242.334,4165.3343,4297.3343,4348.6676,4271.6676,4172.6676,4370.6674,4323.0011,4308.3342,4202.0008,3498.0009,1364.0006,82617.354
1379,2021-10-11,1191.667,1254.0004,1206.3338,1144.0003,4059.0011,6248.0013,6948.335,6985.0019,5551.3344,4598.0011,4216.6676,4451.3343,4660.3346,4455.0008,4832.6678,5921.668,6387.3351,6981.3351,6211.3352,6009.6682,4601.6676,3747.3341,3560.3341,2464.0006,107686.3594
1380,2021-10-12,1294.3335,1052.3336,1103.6671,1081.6671,4004.0008,6262.6683,7238.0017,6581.6684,5511.0015,4744.6678,4323.0009,4315.6676,4484.3346,4440.3343,4891.3343,5650.3349,6493.6684,4385.3344,6827.3349,6325.0016,4847.3346,3916.0011,3479.6677,2588.667,105842.0261
1381,2021-10-13,1048.6668,1041.3338,1081.6673,1177.0005,3985.6675,6178.3349,6633.0017,6922.6684,5514.6683,4799.6676,4367.0011,4315.6678,4341.3346,4407.3344,4799.6675,5562.3346,6310.3348,7263.6686,6988.6684,6167.3348,4495.3343,3831.6676,3798.6678,2596.0003,107627.6934
1382,2021-10-14,1041.334,1041.334,1063.334,1272.334,3985.668,6229.668,7109.668,6728.3352,5452.3352,4656.668,4411.0012,4590.668,4403.668,4477.0012,4876.668,5709.0012,6658.668,6658.668,6706.3352,5738.3352,4550.3352,3941.668,3545.668,2504.334,107352.6976
1383,2021-10-15,1092.6671,1081.6671,1078.0003,1177.0004,3883.0009,6057.3349,6801.6684,6589.0018,5456.0016,4436.6676,4488.0009,4169.0011,4367.0011,4396.3343,4887.6682,5800.6681,6526.6685,6002.3346,6853.0016,5782.3352,4862.0008,3820.6674,3593.3341,2420.0006,105622.0266
1384,2021-10-16,1056.0004,1114.6668,1228.3338,1294.3338,4077.3341,6156.3349,6501.0016,5569.6684,4510.0013,3758.3343,3813.3346,4407.3344,4821.6678,5298.3344,5188.3346,5074.6675,5184.6679,5133.3344,5038.0011,4678.6676,4077.3341,3732.6676,3395.3341,3146.0009,98255.6904
1385,2021-10-17,1059.6671,1023.0004,982.6668,1030.3336,1782.0006,3256.0009,3432.0009,3545.6676,3835.3343,3457.6673,3575.0009,3560.3341,3589.6677,3560.3344,3718.0011,3648.3343,3652.0009,3659.3341,3732.6676,3619.0013,3465.0008,3472.3344,2951.6672,1173.3338,70781.3521
1386,2021-10-18,1045.0006,1037.6671,1045.0005,1081.6671,2016.6671,3362.3342,3608.0007,3472.3341,3762.001,3560.3344,3454.0009,3421.0008,3465.0011,3516.3346,3373.3341,3604.3341,3490.6673,3685.0011,3809.6676,3868.3343,3721.6676,3505.3341,3043.3341,1100.0003,71049.0188
1387,2021-10-19,1103.667,1114.6671,1122.0005,1140.3335,4220.3344,6039.0016,7201.3351,6596.3349,5617.3348,4539.3346,4565.0008,4631.0011,4447.6676,4792.3346,5221.3347,5987.6683,6860.3351,7601.0019,7384.6684,6222.3349,4821.6677,4022.3343,3655.6676,2486.0003,111393.3608
1388,2021-10-20,1162.3338,1213.667,1217.3338,1180.6671,4110.3341,6442.3348,6933.6681,6574.3351,5239.6681,4260.6676,4238.6676,4535.6676,4345.001,4367.0011,4737.3341,5632.0013,6636.6683,6878.6681,7007.0019,6570.6687,4777.6676,3945.3345,3696.0009,2508.0008,108210.693
1389,2021-10-21,1111.0004,1188.0,1173.3338,1144.0006,3985.6679,6446.0016,6655.0013,6911.6683,5496.3345,4568.6675,4451.3346,4385.3344,4594.3346,4433.0011,4935.3343,5709.0014,6680.6683,7205.0019,7175.6681,6321.3349,4748.3345,3978.3344,3545.6676,2676.6676,109519.6936
1390,2021-10-22,1217.3336,1400.6671,1290.6671,1250.3339,4081.0008,6116.0017,6838.3348,6548.6683,5291.0011,4682.3343,4345.0011,4785.001,4319.3341,4455.0011,4682.3344,5434.0016,6757.668,7381.0019,6937.3353,6167.3349,4942.6676,3890.3341,3490.6675,2577.6673,108881.6926
1391,2021-10-23,1129.3335,1221.0005,1195.3338,1191.6668,4088.3347,6442.3351,6706.3348,5606.3349,4627.3344,3769.3344,3666.6675,4150.6679,4759.3344,4964.6676,4953.6678,4942.6679,5074.6678,5188.3345,4843.6681,4462.3344,4070.0011,3703.3341,3531.0011,2511.6673,96800.0244
1392,2021-10-24,1155.0004,1331.0005,1111.0,1023.0,1789.3338,3311.0009,3729.0011,3465.0011,3432.0008,3226.6677,3138.6672,3281.6676,3303.6676,3289.0007,3578.6675,3604.3342,3333.0009,3696.0009,3894.0012,3674.0011,3703.3343,3538.3341,2988.3338,1338.3339,69934.3513
1393,2021-10-25,1261.3336,1294.3338,1312.6673,1276.0003,4128.6673,6515.6683,7179.3353,6581.6684,5536.6675,4741.0011,4400.0009,4392.6679,4638.3344,4590.6675,4895.0008,5745.6678,6688.0019,7095.0018,7289.335,5995.0011,4484.3341,3813.3344,3615.3344,2475.0003,109945.0252
1394,2021-10-26,1180.6673,1136.6671,1133.0003,1353.0003,4081.0009,6288.3348,7256.3351,6754.0018,5657.6681,4601.6676,4561.3344,4488.0011,4469.6679,4539.3343,5126.0013,5753.0013,6699.0015,7197.6684,6754.0016,5793.3349,4763.0012,4048.001,3754.6674,2412.6673,109802.0269
1395,2021-10-27,1202.6671,1129.3335,1129.3335,1294.334,4169.001,6325.0016,7234.3351,6897.0018,5657.6681,4693.3341,4356.0013,4176.3344,4341.3345,4400.0008,4814.3344,5335.0014,6552.3348,6658.6684,7414.0015,6130.6683,4719.0014,3978.3343,3655.6674,2229.3339,108493.0266
1396,2021-10-28,1327.3338,1272.3338,1316.3336,1177.0003,4337.6681,6347.0018,6922.6681,6867.6683,5437.668,4862.0011,4554.0013,4557.6672,4543.0011,4440.3344,4990.3344,5720.0013,6592.6681,6537.6684,6985.0018,5907.0013,4689.6675,3919.6678,3641.0009,2141.3336,109087.026
1397,2021-10-29,1206.3338,1144.0003,1301.667,1316.3336,4297.3343,5789.6678,4088.334,3138.6676,5940.0016,4953.6679,4414.6676,4480.6677,4528.334,4469.6676,4858.3343,6112.3351,6585.3351,6996.0016,6149.0017,5936.3349,4942.6679,4128.6677,3652.0012,2658.3339,103088.3582
1398,2021-10-30,1133.0,1202.667,1202.6671,1217.3335,4044.3344,6259.0016,6171.0016,5687.0016,4722.6676,3879.3343,3707.0008,4418.3344,4917.0006,5170.0013,5085.6676,5203.0014,5001.3346,5166.3346,4920.6679,4543.0011,4059.0011,3725.3344,3490.6678,2676.6671,97603.0234
1399,2021-10-31,1221.0006,1261.3338,1195.3338,1103.667,1646.3336,3406.3341,3699.6676,3435.6673,3692.3344,3384.3341,3560.3341,3622.6674,3641.0011,3615.3343,3597.0011,3637.3342,3626.3343,3747.3343,3846.3344,3930.6678,3641.0011,3487.0012,2992.0008,1089.0006,72079.353
1400,2021-11-01,861.6671,880.0005,1092.6668,1056.0004,1664.6671,3362.3341,3538.3343,3468.6676,3637.3343,3534.6674,3571.3344,3325.6676,3450.3341,3252.3341,3454.0009,3589.6676,3542.0011,3802.3343,3905.0008,3729.0008,3553.0008,3567.6676,2713.3341,1312.6673,69864.6851
1401,2021-11-02,1400.6668,1598.6671,1378.667,1287.0003,4293.6678,6405.6684,6765.0016,6717.3351,5687.0014,4341.3346,3465.0009,3285.3341,4070.0011,4323.0008,3721.6673,5657.6679,6211.3351,6768.6684,7604.6686,5987.6681,4605.3346,3974.6674,3637.3341,2387.0006,105574.3591
1402,2021-11-03,1037.667,1023.0006,1078.0005,1184.3338,4209.3343,6248.0013,6860.3348,6680.6683,5445.0011,4411.0008,4136.0011,3960.0011,4224.0009,4231.3344,4693.3346,5540.3346,6376.3352,7095.0021,6603.6682,5804.3348,4766.6676,4018.6676,3681.3343,2508.0006,105816.3596
1403,2021-11-04,1191.6668,1070.6668,1239.334,1276.0003,4103.0009,6105.0016,6820.0017,6493.6683,5452.3343,4546.6676,4502.6678,4315.6676,4513.6679,4480.6676,5012.3346,5584.3346,6424.0016,7227.0019,6589.0018,6068.3348,4642.0011,3945.3346,3567.6676,2713.3341,107884.3599
1404,2021-11-05,1100.0003,1048.6672,1052.3339,1180.6672,3989.3341,6336.0014,7018.0018,6933.6681,5419.3348,4495.334,4436.6676,4576.0009,4367.001,4444.0008,4902.3346,5577.0014,6248.0016,7047.3351,6607.3351,6013.3346,4517.3346,3916.0008,3641.0011,2482.3341,107349.0261
1405,2021-11-06,1309.0004,1312.6669,1353.0001,1312.6669,4216.6673,6310.3343,6273.6674,5265.3344,4356.0006,3930.6674,3721.6671,4227.667,4840.0006,5291.0007,5291.0006,5459.6674,5269.0006,5386.3339,5060.0003,4814.3338,4117.667,3795.0009,3872.0003,2856.3339,99641.6798
1406,2021-11-07,1100.0001,1041.3332,1111.0004,1144.0001,1584.0001,3344.0006,3718.0006,3560.3335,3846.3339,3615.3336,3384.3335,3358.6671,3564.0003,3509.0006,3457.6671,3637.3338,3608.0003,3817.0005,3853.6671,3725.3338,3611.6668,3545.667,2951.6668,1488.6671,71577.0079
1407,2021-11-08,1375.0002,1785.6668,1653.6671,1287.0004,4235.0009,6471.6684,7003.335,6831.0016,5547.6679,4535.6676,4506.3343,4517.3346,4433.0011,4433.0008,5155.3346,5998.6684,6776.0016,6017.0016,6842.0015,6097.6682,4499.0014,3828.0011,3630.0011,2497.0006,109956.0268
1408,2021-11-09,1353.0003,1243.0003,1279.667,1250.3339,3963.6676,6218.6683,6959.3351,6501.0013,5698.0014,4535.6678,4216.6675,4352.3343,4436.6676,4458.6678,4847.3344,5496.3349,6552.335,7076.6686,6699.0019,5672.3346,4748.3346,3857.3341,3600.6678,2764.6674,107781.6935
1409,2021-11-10,1221.0005,1210.0002,1195.3334,1195.3334,4007.6671,6380.0009,6941.0008,6926.3341,5775.0006,4660.3339,4444.0005,4257.0006,4392.6671,4378.0005,4858.3339,5485.3341,6398.3341,6548.6676,7150.0008,6116.0006,4851.0006,3985.6671,3655.6674,2808.6674,108841.3472
1410,2021-11-11,1206.3335,1213.6669,1375.0001,1221.0001,3901.3341,6438.6676,7095.0011,6809.0006,5694.3341,4664.0006,4499.0003,4554.0007,4491.6668,4513.6671,5386.3341,5969.3338,6332.3344,5976.6676,6567.0009,6097.6674,4869.3338,3908.6671,3659.3344,2548.3342,108991.6813
1411,2021-11-12,1400.6671,1312.667,1290.6671,1459.3339,4224.0009,6240.6681,6468.0018,6464.3349,5316.6678,4425.6676,3934.3346,4348.6678,4238.6674,4385.3344,4887.6678,5661.3349,6754.0016,7751.3353,6574.3349,5456.001,5247.0009,4161.6678,3743.6676,2508.0008,108254.693
1412,2021-11-13,1290.6668,1503.3338,1485.0004,1386.0003,3989.3344,5661.3349,6585.3352,5778.6681,4704.334,3967.3341,3714.3344,4301.0011,4792.3343,5173.6678,5192.0014,4546.6679,5254.3343,5243.3346,5030.6678,4543.0013,4103.001,3538.3344,3384.3341,2427.3339,97595.6903
1413,2021-11-14,1206.3339,1470.3339,1261.3338,1301.6671,2354.0005,4400.001,4627.3343,4202.001,4194.6676,4165.3343,4128.6678,4018.6675,4110.3343,4286.3344,4150.6676,4231.3344,4554.001,4869.3343,5016.0011,5100.3344,4554.0011,4081.0009,3912.3342,1576.6671,87772.6875
1414,2021-11-15,1551.0006,2449.3335,1782.0004,1404.3336,2200.0006,4367.0008,4528.3344,4418.3343,4062.6679,3846.3343,3952.6676,4260.6678,4396.3339,4264.3343,4429.3341,4418.3343,4348.6676,4587.0011,4605.3341,4598.001,4356.0011,4150.6676,3696.0013,1228.3336,87901.0198
1415,2021-11-16,1092.6671,1067.0003,1045.0003,1184.3336,4561.3344,6497.3348,5965.6681,7054.6686,5833.6681,4829.0011,4521.0011,4396.3343,4550.3344,4429.3346,5063.6679,5811.6681,6273.6682,7098.6684,6578.0014,6739.3348,4942.6678,4469.6678,3945.3344,2687.6674,110638.027
1416,2021-11-17,1404.3339,1400.6668,1268.6671,1587.6671,3952.6676,5837.3348,6673.3351,6585.3351,5650.3346,4748.3346,4576.0011,4649.3342,4950.0011,4620.0011,4935.3345,5793.3351,5701.6681,6684.3348,6992.3348,6860.3351,5375.3344,4535.6675,3699.6676,2852.6674,111334.6935
1417,2021-11-18,1147.6671,1217.3336,1378.6673,1485.0003,3798.6676,6053.6683,7051.0016,6746.6684,5529.3346,4513.6678,4590.6676,4499.0013,4667.6678,4601.6676,5027.0011,5731.0013,6541.3349,7197.6686,7271.0019,6790.6683,5404.6681,4524.6678,3875.6676,2823.3338,112467.6943
1418,2021-11-19,1525.3336,1569.3338,1558.3336,1279.6673,3941.6676,5918.0016,6435.0019,6853.0018,4396.3348,3443.0012,3457.6676,3377.0011,3344.0008,3329.3341,3608.0007,4158.0009,4638.3343,4832.6678,4477.0011,3831.6679,3380.6676,3146.0009,2544.6674,1910.3338,86955.0232
1419,2021-11-20,1206.3336,2511.6668,1686.6668,1382.3334,3927.0006,5426.6674,6787.0007,6240.6673,5272.6674,4194.6671,3846.3339,4037.0003,4711.6671,5507.3338,5276.3341,5122.3339,4986.6671,5485.3338,5089.3338,4876.6674,4191.0003,3542.0003,3318.3341,2680.3341,101306.3451
1420,2021-11-21,1114.6673,1070.6671,993.6668,1173.3338,1701.3338,3142.3343,3564.0008,3446.6676,3461.3341,3204.6676,3278.0009,3138.6676,3307.3341,3413.6674,3366.0008,3593.3341,3644.6673,3443.0009,3619.0009,3575.0011,3498.0009,3498.0009,2937.0008,1107.3336,68291.6845
1421,2021-11-22,781.0004,733.3335,1041.3336,1206.3338,4165.3342,6409.3351,6757.6683,6284.6683,5104.0011,4554.0011,4359.6679,4264.3346,4323.0008,3989.3343,4774.0014,5595.3347,6189.3348,6185.6681,6240.6684,6680.6683,5456.0016,4396.3341,3791.3341,2526.3338,105809.0263
1422,2021-11-23,1078.0004,1078.0003,1067.0003,1188.0003,3846.3343,5940.0015,7164.6686,6658.6683,5815.3346,4931.6679,4414.6678,4568.6675,4660.3344,4352.3343,4983.0011,5463.3345,6438.6679,7087.6683,6585.3351,6189.3349,5269.0013,4286.3343,3696.0008,2515.3339,109277.6926
1423,2021-11-24,1316.3338,1345.6671,1437.3336,1360.3338,3285.3343,5221.3346,6424.0016,6537.6684,5580.6679,4873.001,4634.6677,4583.3341,4469.6675,4356.001,4502.668,5621.0014,6427.6681,6955.6683,6871.3352,5936.3349,5665.0014,4546.6678,3912.3346,2566.6673,108430.6934
1424,2021-11-25,1433.667,1782.0003,1584.0003,1250.3338,4007.6676,6141.6681,7135.3351,6955.668,5481.6679,4997.6676,4818.0013,4550.3343,4821.6678,4491.6676,4766.6679,5599.0011,6647.6683,7087.6686,6380.0014,6614.6684,5643.0014,4803.3343,3806.0006,2750.0006,113549.3593
1425,2021-11-26,1719.6673,3182.6676,1606.0003,1334.6668,3798.6676,5980.3348,6292.0019,6490.0018,5588.0013,4726.3343,4693.3346,4227.6675,4147.0011,4242.3343,4576.0008,5712.6678,6512.0016,7344.3353,6922.6684,7128.0021,5683.3348,4913.3344,3762.0011,2739.0004,113322.0279
1426,2021-11-27,1100.0006,1155.0004,1085.3335,1147.6671,3949.0014,5547.6679,6471.6684,5749.3346,4873.0011,4158.0011,3868.3343,4433.0011,4759.3344,4990.3346,5547.6679,5511.0013,5327.6679,5239.6675,5155.3344,4887.6678,4334.0011,3916.0011,3549.3342,2533.6673,99289.691
1427,2021-11-28,1283.3339,2075.3338,2024.0003,1870.0003,2317.3339,2555.6671,3509.0009,3446.6676,3600.6679,3703.334,3861.0009,3795.0008,3813.3341,3688.6678,3879.3344,4110.3344,3901.3344,4081.0011,4224.0012,4231.3341,3993.0013,4015.0011,3399.0006,1312.667,78690.3529
1428,2021-11-29,1114.6671,1210.0004,1155.0003,1265.0003,4088.3344,5797.0016,7113.3351,7029.0018,6530.3348,4961.001,4297.3343,4477.0008,4634.6678,4488.0008,4818.0009,5976.6681,6589.0016,7498.3353,5819.0013,6138.0017,5489.0016,4462.3344,4671.3344,3149.6674,112772.0272
1429,2021-11-30,1345.667,1092.6668,1114.667,1224.667,3699.6675,6402.0013,6207.6681,7135.3354,6160.0014,5137.0011,4568.6678,4484.3346,4180.0009,4631.0011,5093.0011,5665.0011,6721.0019,7586.3348,7007.0016,6629.3348,6072.0014,5181.0013,4425.6678,3043.3341,114807.0269
1430,2021-12-01,1320.0003,1162.3336,1103.667,1367.667,3523.6675,5518.3346,6878.6684,6541.3349,5830.0016,5173.6678,4601.6681,4697.0011,4414.6682,4803.3349,4737.3344,5701.6683,6277.3349,6724.6684,7516.6683,6035.3349,5786.0014,5415.6681,4722.6676,2966.3341,112819.6954
1431,2021-12-02,1206.3338,1210.0002,1147.6672,1173.3336,3817.0004,5929.0008,7381.0011,6009.6677,5210.3339,4858.3338,4411.0003,4631.0006,4807.0003,4653.0003,4873.0006,5533.0006,6878.6673,7139.0009,7007.0011,5665.0008,5529.3342,5430.3336,4799.6674,3164.3338,112464.0143
1432,2021-12-03,1342.0003,1059.6671,1107.3336,1224.667,4070.0014,5665.0011,6273.6684,6303.0016,5309.3346,4396.3344,4510.001,4601.6678,4326.6679,4638.3343,4513.6678,5445.0014,6959.3351,6677.0016,7212.3351,6688.0013,5668.6678,4865.6679,4579.6675,2933.3343,110370.3603
1433,2021-12-04,1136.6673,1059.6671,1349.3338,1180.6673,3501.6674,5393.6681,6607.3348,6303.0014,5734.6684,4961.0011,4755.6681,4590.6678,4675.0011,5390.0011,5265.3345,5320.3343,5181.0014,5415.6682,5544.0014,5767.6681,4851.0009,4737.3346,4572.3341,3333.0009,106626.6932
1434,2021-12-05,1191.6671,1089.0003,1140.3339,1096.3336,1448.3338,3267.0009,3472.3344,3828.0009,3901.3343,3725.3344,3791.3343,3707.0008,3732.6673,3795.0009,3919.6679,3923.3343,3971.0011,3945.3346,4367.0012,4216.6673,4026.0009,3941.6678,3116.6676,1239.3338,75852.3534
1435,2021-12-06,1136.6673,1173.3338,1111.0006,1309.0004,4128.6676,5877.6683,7117.0016,6233.3346,5459.6684,5199.3343,4257.0011,4081.0008,4752.0012,4700.6676,5159.0012,5874.0014,6735.6684,7131.6681,6768.6682,6321.3351,5364.3346,5544.0014,4528.3344,3208.3342,113171.6946
1436,2021-12-07,1195.3338,1169.6671,1199.0005,1356.667,3897.6679,5756.6682,7080.3348,6270.0014,5500.0011,4979.3346,4979.3346,5038.0013,4810.6681,4796.0011,5331.3344,5786.0011,6116.0017,6240.6681,7076.6683,5973.0017,5595.3349,4928.0014,4594.3343,2907.6674,112577.6948
1437,2021-12-08,1206.3336,1188.0003,1092.6671,1243.0003,1470.3338,3285.3341,3446.6679,3886.6676,3652.0008,3575.0011,3707.0011,3791.3341,3883.0011,3784.0011,3817.0006,3905.0008,3897.6676,4099.3343,4073.6679,4191.0009,4194.6678,3718.0008,3358.6676,1290.6668,75757.0191
1438,2021-12-09,1125.6673,1133.0005,1129.3338,1177.0004,3971.0009,5910.6679,6750.3351,6856.6681,5360.6678,5104.0013,4634.6677,4814.3343,4865.6678,4836.3344,5082.0011,5599.0013,6629.3349,6790.6684,6446.0015,6339.6683,5364.3347,5041.6676,4403.6678,2823.3338,112189.0267
1439,2021-12-10,1349.3338,1228.3335,1349.3338,1338.3336,3861.0009,6277.3348,6508.3346,6790.6683,5452.3351,4931.6679,4341.3344,4532.0009,4708.0012,4715.3344,5085.6679,5522.0013,6735.6684,6878.6684,7124.3349,6812.6684,5687.0013,5126.0013,4737.3341,3336.6676,114429.3608
1440,2021-12-11,1433.6671,1408.0005,1298.0005,1389.6671,3743.6679,5852.0016,6127.0014,6152.6683,5126.0013,4829.0011,4818.0011,4792.3344,5214.0012,5371.6676,5401.0014,5679.6682,5434.0014,5786.0015,5228.6676,5126.0011,4986.6678,4708.0009,4774.0012,3278.0009,107957.6931
1441,2021-12-12,1276.0005,1210.0006,1129.3338,1162.3336,1870.0003,4220.3344,4664.0008,4818.0013,4920.6678,4865.6679,4583.3346,4587.0011,4759.3343,4953.6676,5122.3344,5199.3346,5133.3345,5415.6681,5342.3345,5203.0014,5144.3347,4444.0011,4260.6676,3003.0009,97287.6904
1442,2021-12-13,1547.3338,1455.6673,1580.3335,1822.3335,3769.3341,5720.001,6772.3351,6486.3349,5140.6678,4678.6677,4477.0011,4656.6676,4675.0013,4543.0011,4983.0014,5888.6681,6490.0016,7370.0018,6783.3353,6369.0016,5859.3347,4858.3343,4770.3344,3105.6676,113802.3606
1443,2021-12-14,1048.667,938.6671,1012.0003,1246.6671,3567.6676,5470.6681,6618.3348,6020.6681,5643.0014,4953.6678,4539.3346,4407.3345,4594.3346,4290.0013,5001.3344,5613.6681,6288.3351,6442.3352,6724.6681,5888.6684,5753.0013,4726.3349,4752.001,2995.6673,108537.0281
1444,2021-12-15,1437.3336,1316.3335,1283.3335,1430.0003,3835.3344,5628.3346,6284.6682,5551.3348,5404.6679,5140.6679,4656.6678,4620.0011,4730.0011,4711.6678,4994.0013,5797.0016,6640.3348,6222.3349,6515.6683,6193.0014,5698.0011,4803.3344,4733.6678,2717.0009,110344.693
1445,2021-12-16,1206.3335,1191.6671,1169.6671,1349.3335,4334.0008,6358.0016,6963.0019,6460.6684,5683.3346,4777.6678,4917.0011,4854.6678,4671.3344,4620.0008,4858.3343,6178.3346,6559.6681,6966.6682,7157.3351,6251.6684,5745.6678,5052.668,4862.0011,2805.0005,114994.0265
1446,2021-12-17,1338.3338,1265.0003,1213.667,1547.3338,4018.6678,6042.6683,6963.0016,6229.6686,5672.3348,4865.668,4770.3344,4957.3344,4660.3343,4337.6676,4689.6678,6266.3349,6427.6681,6317.6681,6464.3349,6017.0015,5437.6679,5008.668,4634.6676,2731.6673,111877.3608
1447,2021-12-18,1316.3339,1309.0006,1243.0006,1268.6673,3809.6674,5811.6681,6431.3346,6471.6681,5536.6681,5041.668,4807.0011,4810.6679,5184.6679,5056.3345,5423.0014,5232.3346,5349.6681,5470.6678,5085.6681,4781.3347,4524.6676,4957.3343,4396.3343,3622.6679,106942.0269
1448,2021-12-19,2922.3341,1327.3335,1166.0005,1235.6668,1624.3336,3465.0009,3553.0009,3556.6676,3490.6677,3729.0008,3575.0009,4004.001,3960.0008,4026.0011,3813.3344,4180.0008,4561.3343,4418.334,4495.3344,4389.0008,4293.6675,3938.0011,3307.3341,1320.0003,80351.3519
1449,2021-12-20,1221.0004,1239.3335,1147.6668,1224.6673,4044.3343,6354.3349,6259.0014,6273.6684,5423.0017,4777.6678,4656.6676,4550.334,4517.3345,4737.3346,5034.3344,6559.6681,6603.6682,5657.6679,6222.3348,6057.3351,5368.0013,4539.3341,4557.6678,2665.6674,109692.0263
1450,2021-12-21,1507.0006,1151.3338,1213.6673,1250.3338,4275.3343,6061.0017,6809.0019,6614.6683,5921.6679,5258.0012,4458.6676,4414.6676,4429.3343,4447.6678,4807.0012,6116.0016,6955.6686,6801.6683,7065.6686,6119.6683,5250.6678,4645.6679,4484.3343,2728.0009,112786.6956
1451,2021-12-22,1243.0004,1136.6671,1386.0003,1338.3336,4095.6677,6369.0016,6273.6683,6116.0014,5496.3346,4730.0011,4623.6678,5038.0011,4521.001,4704.3344,5126.0014,6233.3348,6655.0016,7106.0016,7010.6681,5734.6681,5144.3343,4649.3345,4638.3343,2709.6671,112079.0262
1452,2021-12-23,1419.0004,1433.6673,1334.6671,1444.6668,4092.0009,5866.6681,6581.6683,6350.6681,5683.3346,4931.6678,4550.3343,4517.3346,4304.6676,4539.3343,5115.0011,6530.3351,6493.6684,6035.3349,6409.3349,5991.335,5085.6679,4645.6679,4576.0011,2614.3341,110546.3606
1453,2021-12-24,1265.0003,1195.334,1180.6671,1254.0004,4165.3343,6009.6683,6453.3351,6196.6681,5280.0013,4477.0011,4396.334,4440.3344,4554.0011,4594.3344,5177.3346,5588.0014,5459.6678,5522.0013,5049.0013,4770.334,4088.3341,3344.0012,2698.6674,1224.6668,98384.0238
1454,2021-12-25,1129.3338,1114.6671,1122.0006,1103.6671,1459.3339,3160.6674,3406.3341,2970.0012,2911.3339,3219.3339,3314.6676,3355.0006,3432.0011,3259.6674,3575.0011,3472.3341,3644.6677,3806.0008,4066.3343,3908.6676,3762.0006,3740.0009,3204.6674,1540.0003,69677.6845
1455,2021-12-26,1188.0005,1056.0003,1191.6671,1092.667,1598.6673,3259.6674,3388.0009,3494.3344,3164.3339,3336.6676,3611.6678,3395.3341,3454.0011,3395.3342,3600.6675,3516.3341,3501.6676,3765.6678,4084.6676,4077.3341,4180.0011,3875.6675,3333.0008,1485.0004,72046.3521
1456,2021-12-27,1371.3338,1184.3335,1173.3338,1224.6671,3597.0009,5492.6681,5709.0014,6185.6684,5492.6681,4359.6678,4436.6678,4543.0008,4774.0011,4840.001,4847.3344,5753.0013,6435.0015,7040.0016,7051.0018,6251.6683,5016.0011,4312.0009,4139.6676,2629.0006,107858.6927
1457,2021-12-28,2295.3341,2288.0,1767.3339,1712.3339,3710.6679,5558.6678,6079.3346,5936.3349,5283.6679,4719.0009,4568.6673,4788.6679,4744.6678,4895.0014,5313.0011,6644.0014,6464.3348,7461.6687,7139.0016,5936.3346,5104.0009,4568.6676,4293.6679,2882.0009,114154.3598
1458,2021-12-29,2009.3338,1895.6671,2046.0006,2218.3339,4378.0011,6075.6684,6838.3348,6358.0013,5423.0011,4748.3344,4693.3346,4660.3343,4814.3345,4627.3346,4909.6678,5826.3346,6823.6683,6772.3349,6820.0019,6127.0014,5379.0013,4598.0011,3952.6676,2706.0008,114700.6942
1459,2021-12-30,1345.6673,1243.0003,1290.667,1382.3338,4125.0011,5965.6682,6574.3351,6493.6678,5815.3349,4821.6679,4752.0013,4733.6676,4689.6679,4862.0011,5140.6679,5954.6681,6574.3348,6600.0013,6534.0016,6009.6678,5258.0011,4572.3346,4136.0009,2559.3341,111433.6935
1460,2021-12-31,1199.0004,1144.0006,1224.6671,1257.6671,4213.0013,5874.0011,5830.0013,5225.0013,4473.3343,4260.6676,4095.6678,4392.6676,4620.0008,4568.6676,4620.001,4928.0014,4469.6678,4763.0012,4568.6677,4631.0008,4323.0012,3864.6678,2390.6673,1169.6673,92106.6894
1461,2022-01-01,1173.3338,1169.6673,1158.6671,1122.0003,1507.0003,3234.0009,3490.6676,3109.3341,3190.0006,3230.3341,3289.0006,3329.3339,3347.6676,3395.3341,3461.3341,3560.3343,3450.3344,3509.0007,3831.6679,3688.6675,3597.0009,3762.0008,3234.0011,1426.3338,69267.0178
1462,2022-01-02,1246.6668,1239.3335,1202.667,1136.667,1558.3336,3384.3341,3435.6676,3135.0006,3487.0009,3615.3341,3516.3341,3505.334,3611.6679,3487.0012,3842.6676,4018.6676,3927.0009,4029.6676,4220.3341,4249.6676,3934.3343,4044.3346,3314.6676,1265.0003,74407.6846
1463,2022-01-03,1074.3338,1074.3339,1169.667,1184.3338,3938.0008,6028.0017,6651.3349,6251.6679,5588.0016,4561.3343,4788.6677,4719.0014,4803.3346,4865.6679,5071.0014,6064.6681,5613.6681,6666.0016,7003.3351,6097.6682,5155.3347,4447.6676,4037.0008,2929.6673,109783.6942
1464,2022-01-04,1144.0003,1140.3335,1140.3338,1235.6671,3974.6677,6053.6681,6387.3351,5925.3348,5390.0014,4616.3344,4642.0011,4920.6681,4796.0011,4748.3343,5063.6678,5837.3346,6182.0014,7102.3349,7069.3353,5995.0016,4990.3343,4440.3343,4029.6676,2647.3341,109472.0267
1465,2022-01-05,1221.0005,1265.0003,1254.0,1448.3336,3820.6671,5606.3342,6295.6672,5914.3339,5324.0006,4781.3338,4818.0003,4774.0007,4568.667,4708.0009,5063.6671,5987.6671,6974.0011,6765.0005,7047.3341,6006.0005,4975.6674,4297.3338,3956.3336,2695.0003,109567.3456
1466,2022-01-06,1360.3338,1301.6669,1235.6669,1452.0004,3974.6673,6086.6677,6310.3339,5712.6676,4836.3341,4480.667,4568.6671,4667.6671,4572.3339,4682.3338,5005.0003,5811.6674,5313.0006,3809.6673,6460.6676,5654.0006,4840.0006,4275.3338,4132.3338,2706.0003,103249.6798
1467,2022-01-07,1287.0006,1257.6668,1243.0003,1470.3339,4070.0006,5668.6679,6090.3346,6101.3348,5569.6681,4814.3346,4810.6677,4777.6675,4898.6681,4704.3344,5052.6679,5907.0011,6226.0014,6721.0016,6823.6684,6501.0019,5162.6678,4502.6677,4209.3343,2662.0006,110531.6926
1468,2022-01-08,1166.0004,1107.3338,1107.3335,1536.3339,4128.6676,5738.3352,5012.3348,4880.3346,4488.0008,3413.6673,3820.6676,4136.0008,4693.3343,4942.6678,5408.3346,5918.0014,5690.6682,5005.0013,4396.3343,4293.6676,3963.6678,3677.6676,3736.3343,2680.3338,94941.0233
1469,2022-01-09,1173.3338,1221.0003,1125.6671,1100.0,1580.3338,3465.0008,3388.0009,3498.0012,3457.6676,3666.6675,3575.0009,3681.3343,3457.6676,3597.0006,3549.3343,3663.0011,3578.6673,3677.6676,3754.6673,3802.334,3589.6673,3597.0011,3380.6674,1235.6671,71815.3509
1470,2022-01-10,1298.0003,1056.0004,993.6673,1004.667,1470.3338,3564.0009,3747.3344,3512.6674,3710.6679,3300.0011,3413.6677,3377.0009,3413.6678,3435.6676,3300.0008,3494.3343,3659.3341,3729.0011,3945.3343,3941.6675,3824.3343,3626.3343,2911.3341,1246.6668,70975.6861
1471,2022-01-11,1081.6671,1096.3336,1092.667,1173.3335,3611.6674,6207.6681,6882.3352,6545.0017,6204.0016,5056.3346,4928.0012,4748.3341,4642.0008,4913.3344,5232.3343,6200.3346,6717.3348,7161.0019,6625.6684,6006.0013,4858.3343,4367.0011,3905.0011,2566.6673,111822.3594
1472,2022-01-12,1488.6671,2471.3336,2203.6673,1437.3338,4000.3341,6163.6683,7161.0018,6457.0016,5676.0013,4869.3343,4341.3344,4682.3343,4722.6674,4715.334,4810.6675,5896.0013,6475.3349,6702.6681,6787.0016,6207.6684,4873.0011,4451.3341,3901.3343,2555.6673,113050.6919
1473,2022-01-13,1580.3338,2042.3339,2167.0006,1525.3339,3941.6676,6119.6678,6897.0016,7062.0022,5896.0016,4972.0014,4550.3343,4546.6679,4521.001,4477.0009,4909.6679,5778.6681,6589.0016,6677.0016,6647.6684,4810.6676,5331.3344,4385.3342,3710.6674,2830.6676,111969.0273
1474,2022-01-14,1276.0005,1155.0003,1166.0006,1268.667,3956.3344,6317.6681,7062.0016,6944.6683,6119.6684,4433.0011,4689.6677,4737.3346,4473.3343,4576.0008,4917.0014,5855.6681,6981.3351,6860.3349,7454.3351,6119.668,5089.3346,4198.3344,3945.3343,2632.6674,112229.361
1475,2022-01-15,1235.6671,1375.0003,1239.3336,1210.0003,3883.0008,6013.3347,6860.3351,6259.0013,5555.0014,4612.6676,4576.0008,4667.6677,4785.0008,5184.668,5705.3349,6009.6678,6035.3344,5881.3349,5885.0013,5324.0014,4660.3343,4055.3344,3967.3346,2750.0008,107730.3583
1476,2022-01-16,1092.6671,1015.6671,1059.6671,1103.6672,1580.3335,3355.0012,3263.3342,3498.0006,3670.3343,3747.3345,3875.6676,3894.0009,4073.6678,3703.3344,3857.3341,4077.3345,3872.0011,3879.3344,4249.6677,4077.3344,4033.3343,3996.6677,3061.6677,1360.3338,75397.6872
1477,2022-01-17,1433.667,2185.3339,2225.6673,1408.0003,4326.6679,6105.0014,6750.3351,6519.3346,5371.6679,4763.0011,4781.3346,4576.0011,4638.3348,4532.001,5137.0011,6163.6681,6149.0014,6981.3351,6864.0016,6354.3348,5232.3348,4565.0011,4070.0008,2625.3338,113758.3606
1478,2022-01-18,1129.3335,1206.3339,1199.0006,1276.0003,3993.0014,6457.0016,6534.0016,6369.0014,5929.0013,4847.3346,4477.0011,4616.3345,4484.3343,4810.6678,4884.0013,5852.0012,6369.0013,7249.0021,6790.6684,6303.0014,5140.6679,4451.3343,3974.6676,2467.6671,110810.3605
1479,2022-01-19,1378.6673,1334.6673,1411.6671,1323.667,4209.3344,6442.3351,6699.0018,6757.6684,5595.3349,4755.6679,4620.0011,4561.3343,4777.6678,4851.0013,5012.3346,6259.0018,6677.0019,6655.0017,6900.6683,5811.6681,4843.6678,4396.3345,4117.6676,2651.0005,112042.3625
1480,2022-01-20,1298.0006,1188.0003,1235.6671,1331.0004,4154.3344,6072.0013,7168.3352,6420.335,5859.3349,4851.0011,4781.3342,4605.3343,4554.0008,4623.6678,5034.3346,6097.6678,7208.6684,6559.6681,5137.0013,6108.668,5170.0011,4429.3345,4062.6678,2471.3341,110421.6931
1481,2022-01-21,1287.0003,1268.6671,1261.3338,1364.0006,3978.3341,6391.0013,6699.0016,5650.3348,4693.3346,5159.0009,4554.0009,4400.0008,4620.0008,4429.3343,5085.6678,6365.3349,7344.3353,7300.3351,6600.0016,5892.3346,5089.3347,4689.6678,4084.6678,2442.0006,110649.0261
1482,2022-01-22,1338.3336,1353.0005,1316.3338,1441.0006,4147.0008,6288.3348,6882.3351,6618.3349,5811.668,4854.6681,4425.6676,4631.0009,4722.6678,4972.0013,5562.3346,6090.3349,5804.3346,6105.0018,5925.3349,5518.3348,4620.0008,4029.6675,3824.3343,2871.0006,109153.0266
1483,2022-01-23,1342.0003,1151.3338,1213.6673,1199.0005,1877.3339,4348.6676,4697.0011,4323.0011,4517.3346,4601.6676,4807.0014,4836.3344,4906.0011,4891.3341,4924.3344,4972.0008,4847.3346,4799.6675,5104.0013,4986.668,4766.6679,4796.0013,3857.3346,1653.6671,93419.3563
1484,2022-01-24,1224.667,1261.3338,1173.3338,1166.0005,4117.6676,6442.3346,7135.3351,7197.6686,5778.6679,4964.6678,4671.3341,4612.6676,4719.0008,4704.3345,5397.3343,6416.6681,6552.3348,7168.3352,6926.3353,5745.6679,4887.6678,4169.0011,3985.6676,2867.3339,113285.3597
1485,2022-01-25,1375.0003,1272.3338,1276.0005,1485.0006,4073.6673,6156.3348,6955.6684,6838.3351,5569.6676,5144.3346,4788.6679,4704.3346,4447.6673,4715.3341,5162.6676,6218.6681,6537.6679,7051.0017,7003.3351,5643.0011,4917.0013,4143.3341,3912.3341,2702.3341,112093.692
1486,2022-01-26,1265.0006,1232.0003,1228.3335,1496.0004,4018.6674,6475.3351,7084.0016,6585.3348,5404.6676,4535.6676,4385.3344,4202.0011,4286.3341,4381.6675,4942.6676,6383.6681,6636.6684,7465.3351,6889.6681,5907.0013,4920.6682,4213.0008,4029.6677,2885.6676,110854.3589
1487,2022-01-27,1397.0005,1338.3338,1331.0,1463.0003,4297.3343,6453.3351,7381.0019,6651.3353,5720.0014,4928.001,4576.0011,4561.3344,4557.6677,4656.6678,5093.0011,6281.0013,6853.0018,7205.0016,7414.0021,6270.0014,5159.0011,4194.6677,3930.6676,2753.6673,114466.0276
1488,2022-01-28,1180.6672,1191.667,1096.3338,1301.667,3967.3341,6251.6684,7348.0018,6141.6681,5518.3346,4792.3343,4766.6679,4700.6678,4785.0011,5232.3343,6255.3349,6842.0016,7047.3352,6933.6686,7164.6686,6237.0014,4909.6679,4389.0008,4103.0011,2753.6676,114909.6951
1489,2022-01-29,1166.0004,1140.3338,1125.667,1426.3338,4066.3343,6310.3349,6526.6682,6398.3349,5562.3347,4528.3342,4821.6678,4367.0011,4880.3344,4942.6681,5848.3344,6046.3348,5767.6678,5841.0014,6042.6684,5470.6681,4198.3343,3993.0011,4143.3341,2746.3339,107360.0259
1490,2022-01-30,1195.3338,1166.0006,1133.0005,1151.3335,1668.3335,3567.6676,3586.0006,3534.6675,3619.0008,3894.0008,4070.0011,3835.3341,3941.6676,4088.3346,3985.6679,4121.3341,3974.6675,4202.0008,4330.3341,4202.001,4121.3346,3868.3344,3446.6676,1265.0003,77968.0189
1491,2022-01-31,1180.6671,1140.3339,1085.3338,1342.0006,4092.0009,6174.6682,7245.3351,6383.6679,5008.668,4176.3343,4693.3346,4854.6679,4825.3347,4924.3343,5280.0013,6376.3346,6717.3349,7205.0017,7003.3351,6215.0016,5309.3346,4326.6679,4337.6673,2647.3341,112544.6944
1492,2022-02-01,1342.0006,1345.667,1334.667,1312.667,4132.3344,5991.3349,6592.6684,6464.3348,6009.6683,4876.6678,4645.6678,4730.0011,4620.0008,4774.0011,5379.0011,6420.3349,7029.0016,7304.0016,7348.0018,5925.3346,5155.3343,4616.3341,4257.0006,2845.3344,114451.36
1493,2022-02-02,1708.6671,1958.0006,1844.3338,1837.0004,4312.0011,6578.0016,7183.0021,6350.6682,5745.6678,4858.3343,4737.3343,4697.0008,5085.6681,5093.0014,5368.0013,6288.3348,6875.0016,6977.6684,7395.6683,6292.0016,5261.6679,4594.3343,4301.0011,2695.0008,118037.3617
1494,2022-02-03,1287.0004,1294.3338,1268.6671,1422.667,4257.0009,6592.6684,7212.335,6618.3352,5925.3349,4858.3343,4535.6678,4546.6678,4682.3343,4653.0011,5118.6682,6424.0017,6900.6686,7142.6686,5786.0014,6563.3351,5441.3346,4854.6675,4330.3344,2709.6675,114425.6956
1495,2022-02-04,1243.0004,1078.0006,1096.3335,1367.6671,4040.6673,6255.3349,7227.0018,6402.0016,5819.0013,4946.3343,4451.334,4821.6675,4708.0011,4770.3339,4986.6679,6405.6686,6248.0016,6849.3348,6442.3348,6075.6683,4924.3344,4466.0011,4106.6676,2621.667,111353.0254
1496,2022-02-05,1129.3336,1254.0006,1147.6673,1224.667,4143.3344,5903.3346,6460.6681,6596.335,5819.0012,5085.6678,5012.3346,4818.0013,4799.6678,5089.3346,6167.3345,6204.0013,5965.6681,6343.3348,6332.3349,5602.6681,4678.6676,4286.3343,4242.3341,2632.6674,110938.693
1497,2022-02-06,1576.6671,1657.3338,1382.3338,1118.3339,1855.334,3633.6676,3571.3341,3758.3344,3842.6679,4220.3343,3971.001,4062.6673,3967.3344,3776.6676,4048.0011,4051.6675,4073.6673,4378.0008,4576.0008,4587.0011,4084.6678,3938.0009,3054.3341,1309.0005,80494.3531
1498,2022-02-07,1375.0,1778.3336,1668.3336,1206.3336,4451.3346,6310.3349,7197.6683,6226.0015,5657.6678,4873.001,4865.6679,5221.3346,4887.6679,4539.334,5404.6682,6079.3351,6801.6683,7142.6689,7439.6683,6548.668,5492.6681,4374.3343,4213.0011,2808.6674,116563.361
1499,2022-02-08,1705.0004,1606.0006,1881.0003,1514.3338,4117.6676,5910.6681,6904.3349,6072.0013,5602.6679,4759.3345,4433.0011,4906.0013,4843.6679,4774.0011,5265.3346,6284.6684,6354.3348,7179.3353,7249.0016,6497.3351,5375.3348,4627.3343,4282.6676,2640.0004,114785.0277
1500,2022-02-09,1664.6668,1749.0,1785.6671,1433.667,4231.3346,6262.6681,7036.3348,6706.3349,5566.0016,4891.3345,4722.6679,4975.6678,4924.3346,4840.0013,5030.6679,5870.3349,7128.0019,7146.3351,7095.0019,6336.0016,5074.6681,4429.3343,4073.6676,2731.6676,115705.3619
1501,2022-02-10,1158.6671,1169.6671,1140.3336,1334.6668,4165.3344,6152.6684,6805.3351,6387.3348,5896.0013,5027.0013,4733.6678,4909.6678,5228.6676,5063.6678,5536.6681,6515.6686,6937.3352,7186.6684,7359.0018,6431.3351,4994.0011,4238.6676,3883.0011,2394.3338,114649.3617
1502,2022-02-11,1173.3336,1235.6673,1195.3339,1312.6668,4238.6679,6061.0013,6306.6681,6226.0016,5610.0009,5302.001,4755.6677,4726.3341,4865.6676,4664.0011,4561.3344,4458.6679,6563.3351,6497.3351,7014.3351,6086.6681,5232.3348,4359.6676,4396.3343,2794.0006,109637.0259
1503,2022-02-12,1298.0003,1210.0005,1272.3339,1232.0003,3890.3346,5778.6678,6706.3351,6468.0013,5485.3343,4961.0009,4488.0008,4587.0012,4818.0013,5030.6679,5580.6681,5954.6683,5569.6679,5654.0013,5723.6684,5133.3343,4466.0011,3934.3341,4092.001,2632.6675,105966.6922
1504,2022-02-13,990.0,964.334,924.0,935.0,1675.6672,3769.334,3769.334,3758.334,3828.0012,3875.668,3193.6672,3901.334,3916.0012,4044.334,4084.668,4110.334,3487.0012,2515.334,4220.334,4147.0012,4070.0012,3857.334,3413.668,1158.6672,74609.3516
1505,2022-02-14,986.3338,953.3338,960.6673,1034.0004,3791.3345,6284.6681,7186.6686,5643.0015,4051.6676,4946.3344,4598.0011,4455.0011,4598.0011,4686.0011,5093.0014,6064.6678,6541.3349,7172.0016,7505.6688,6211.3346,5093.0011,4477.0011,4070.0009,2603.3341,109006.3607
1506,2022-02-15,1158.6671,1045.0001,1089.0002,1235.6666,4011.3341,5976.6671,6625.6674,6255.3341,5397.3338,4400.0006,4664.0005,4528.3338,4799.6671,4832.6673,4950.0003,6306.6676,6750.3338,6864.0006,7311.3341,6189.3344,5060.0003,4172.6671,3912.3339,2607.0003,110143.0122
1507,2022-02-16,1184.3335,1202.6668,1199.0005,1408.0003,4029.6677,5892.3349,7227.0017,6479.0017,5173.6679,5060.0011,4381.6678,4807.0013,4598.0011,4799.6678,4759.3345,6090.3347,6468.0014,6515.6683,6321.3346,6310.3347,5327.6676,4473.3346,4051.6676,2764.6673,110524.3594
1508,2022-02-17,1239.3338,1404.334,1309.0003,1367.6671,4066.3344,6156.3346,6765.0016,6446.0014,5485.3346,4781.3343,4708.0009,4660.3344,4594.3341,4818.0008,5203.0014,6284.6683,7106.0018,6673.3354,7263.6686,6112.3348,4997.6678,4403.6679,4015.0011,2302.6671,112163.3605
1509,2022-02-18,1411.6672,1763.6671,1804.0003,1525.3338,3982.0009,6416.6684,6944.6683,6677.0018,6017.0015,4774.0011,4616.3346,4667.6679,4480.6679,4264.3341,4847.3344,5936.3346,6163.6682,6794.3348,6827.3348,5973.0013,4931.6678,4198.3343,3820.6679,2607.0006,111444.6936
1510,2022-02-19,1155.0005,1327.3338,1386.0003,1404.3338,3850.0006,5859.3346,6827.3354,6215.0018,5397.3346,4451.3343,4330.3346,4106.6673,4367.0011,5265.3346,5881.3346,6424.0017,5742.0014,5929.0015,5525.6683,5133.3346,4656.6679,3692.3342,3919.6678,2739.0005,105585.3598
1511,2022-02-20,1169.6673,1250.3338,1397.0003,1331.0003,2060.6673,3542.0006,3637.3343,3457.6673,3564.001,3857.3343,3945.3341,3923.3346,3795.0008,3872.0013,3967.3345,3908.6674,4048.0008,3927.0013,3982.0011,4092.001,3696.0008,3692.334,2918.6672,1239.3338,76274.0192
1512,2022-02-21,1155.0003,1078.0006,1078.0004,1111.0005,3971.0011,5232.3346,6592.6683,6262.6681,5441.3344,4961.0011,4275.3343,4077.3345,4319.3341,4851.0011,4953.6678,6237.0016,7212.3351,5936.3347,5745.6681,6222.3349,5232.3348,4187.3343,3993.001,2471.3338,106597.3595
1513,2022-02-22,1155.0003,1155.0003,1243.0003,1210.0003,4268.0008,6468.0014,7073.0016,7010.6685,5771.3348,4986.6675,4913.3343,4829.0012,4858.3346,4887.6678,5320.3346,6391.0016,6556.0014,7142.6681,7179.3351,6215.0016,5342.3343,4106.6676,3989.3346,2555.6671,114627.3597
1514,2022-02-23,696.6669,568.3336,1250.3336,1411.6672,4220.3343,6717.3351,6794.3348,6820.0016,5511.0013,5269.0014,4711.6679,4576.0011,4631.0008,4576.001,5247.0011,5918.0011,5767.6681,6746.6684,7245.3353,6090.3348,5320.3346,4458.6677,3817.0009,2416.3341,110781.0267
1515,2022-02-24,1177.0003,718.6672,902.0004,1037.6673,3699.6677,5980.3346,6127.0016,6237.0017,5305.6681,4583.3341,4286.3343,4308.3345,4029.6676,4033.3343,4726.3346,5566.0013,5984.0014,6746.6682,6673.3351,5665.0014,4583.3346,3707.001,3267.0012,1738.0007,101082.6932
1516,2022-02-25,1375.0006,1892.0003,1855.3338,1481.3339,4469.6676,6259.0017,6845.6684,6435.0016,5544.0014,4550.3344,4451.3341,4389.0011,4539.3341,4502.6676,5005.0011,5903.3348,5877.6678,6728.3349,6688.0016,6240.6684,5129.668,4345.0009,4040.6676,2632.6676,111180.6933
1517,2022-02-26,1243.0006,1224.667,1195.334,1188.0005,4095.6676,6171.0011,6295.6684,6614.6683,5210.3346,4579.6676,4319.3343,4491.6678,4726.3343,5569.6681,5690.6681,5940.0014,5734.6683,5452.3346,5855.6678,5063.6679,4092.0008,3989.3346,3655.6678,2427.3341,104826.3596
1518,2022-02-27,1184.3338,1096.3335,1078.0005,1096.3338,1873.6671,3267.0006,3611.6678,3512.6673,3762.0011,3875.6678,3553.0008,3630.0006,3666.6673,3710.6679,3747.3343,3908.6675,4007.6678,3769.3345,4022.3342,4040.6678,3864.6678,3897.6678,3190.0009,1111.0004,74477.3529
1519,2022-02-28,1030.3338,1004.6668,1001.0004,1067.0005,3776.6678,5804.3348,6376.3348,6409.3349,5756.6678,4726.3343,4425.6676,4583.3343,4678.6676,4583.3344,4891.3344,5929.0014,6897.0019,6772.335,7065.6683,6292.0014,5225.0011,4363.3345,3978.3343,2460.3338,109098.0259
1520,2022-03-01,1210.0006,1144.0003,1136.6673,1199.0005,4033.3345,6240.6681,7219.6684,6431.3347,5320.3345,4994.0013,4532.0008,4620.0013,4689.6678,4719.0014,5177.3346,6237.0016,6248.0014,6922.6684,6794.3351,6559.6684,5415.6681,4407.334,4092.0011,2489.6674,111833.3616
1521,2022-03-02,1356.6671,1129.3336,1191.6673,1107.3335,3718.0011,6053.6681,6512.0015,6420.3351,5595.3347,4660.3347,4455.001,4594.3343,4953.6682,4620.001,4961.0013,5951.0014,6871.3351,6570.6681,7278.3351,6259.0014,5034.3346,4403.6679,4059.0011,2310.0006,110066.0278
1522,2022-03-03,1257.667,1085.3339,1103.6668,1155.0006,4037.0011,6160.0018,7296.6686,6647.6683,5595.3349,4847.3348,4869.3346,4532.0013,4777.6676,4752.0013,5170.0014,6226.0013,6739.335,7157.3351,7300.3353,6416.6683,4975.6681,4125.0008,3886.6679,2614.3339,112728.0297
1523,2022-03-04,1136.6671,1158.6671,1213.6671,1290.6673,3883.0008,6537.6683,6413.0016,6765.0018,5346.0014,4748.3346,4451.3344,4601.6678,4744.6675,4557.6678,4906.0011,5969.3348,6405.6683,7142.6684,6834.6683,6101.3348,5228.6678,4370.6676,3927.0009,2434.6671,110168.6937
1524,2022-03-05,1173.3336,1078.0006,1144.0004,1419.0005,3773.0009,5327.6681,5558.6681,5808.0014,5419.3349,4535.6676,4473.3343,4513.6676,4711.6676,5423.0011,6042.6679,5423.001,5910.6681,5962.0016,5324.0017,4583.3343,4158.0011,3754.6676,3512.6678,2717.0006,101746.3584
1525,2022-03-06,1169.6673,1173.334,1166.0006,1107.3336,1624.3336,3523.6676,3633.6678,3633.6673,3523.6676,4011.3344,3890.3343,3842.6676,3828.0012,3806.0012,3707.0011,3919.6674,3938.0011,3978.3343,4022.3344,3982.0008,3776.6676,3600.6676,3186.3344,2596.0005,76640.6873
1526,2022-03-07,1191.667,1114.6671,1070.6668,1199.0003,4095.6676,5973.0013,6717.3349,6636.6682,5595.3349,4840.0013,4491.6678,4363.3346,4557.6678,4440.3343,4785.0011,5463.3344,6380.0016,5690.6681,3666.6676,5577.0016,5771.3349,4367.0011,4022.3343,2548.3341,104558.6927
1527,2022-03-08,1331.0003,1243.0006,1283.3338,1305.3338,4062.6676,6204.0017,6710.0016,6464.3349,5441.3348,4711.6681,4334.0011,4902.3344,4708.0011,4385.3344,4829.0011,5701.668,6215.0018,7003.3351,6878.6684,6079.3349,4957.3343,4414.6673,4081.0011,2757.3339,110003.6941
1528,2022-03-09,1290.6671,1210.0003,1261.3335,1290.6668,3798.6674,6618.3349,6856.6682,6673.3353,5404.6679,5078.3346,4719.0013,4436.6676,4715.3343,4392.6676,4605.3343,5753.0016,6640.335,6633.0018,7142.6684,6218.6681,5122.3346,4543.0008,4150.6673,2709.6676,111265.0263
1529,2022-03-10,1276.0003,1228.3338,1279.667,1268.667,4059.0011,6706.3348,6680.6683,7124.3353,5357.0014,5023.3349,4590.6678,4737.3343,4964.6679,4972.0014,4642.001,5910.6681,6523.0016,6706.3349,7164.6686,6438.6681,5019.6681,4385.3343,4117.6676,2262.3339,112438.3615
1530,2022-03-11,1598.6668,2181.6674,1404.3335,1254.0005,4165.3344,6064.6681,6622.0017,6534.0016,5863.0014,4986.6679,4873.0014,4634.6676,4964.6678,4748.3346,4891.3343,6156.3348,6772.3349,7219.6687,6618.3351,5808.0011,4730.001,4209.3343,3894.0008,2695.0009,112889.3606
1531,2022-03-12,1261.3339,1276.0003,1188.0003,1155.0003,3791.3343,5624.6681,6332.3351,6457.0015,5137.0013,4964.6676,4653.0008,4682.3344,4722.6678,5489.0016,5984.0013,5921.6684,5786.0014,5562.3346,5375.3344,4715.3344,4205.6679,3806.0008,3626.3344,2445.6673,104162.6922
1532,2022-03-13,1239.3338,1224.6671,1122.0006,1034.0004,1565.667,3270.6673,3369.6674,3945.3345,3670.3341,4059.0011,4176.3344,4455.0011,4440.334,4433.0011,4495.3341,5001.3343,4814.3346,4473.3346,4257.0009,4103.0009,4015.0013,3710.6678,3201.0008,1213.6671,81290.0203
1533,2022-03-14,1012.0003,1012.0003,1103.6673,1206.3336,3963.6676,6207.6679,7172.0016,6174.6682,6064.6681,4825.3345,4631.0012,4711.6676,5049.0011,4726.3344,5210.3347,5855.6682,6471.6681,7443.3348,6644.0013,6178.3349,4616.3346,3996.6674,3985.6678,2629.0007,110891.0262
1534,2022-03-15,1371.3338,1107.3338,1067.0003,1070.6671,3883.0008,6178.3346,6867.6683,5441.3349,5316.6679,4565.0011,4495.3341,4627.3346,4488.0013,4473.3341,5049.0013,6134.3349,6787.0018,6922.6686,7249.0016,6229.6684,5067.3345,4194.6678,3996.6676,2614.3338,109197.027
1535,2022-03-16,1180.667,1254.0003,1309.0004,1349.3338,3897.6678,6328.6678,6919.0018,6501.0015,5925.3349,4799.6676,4484.3346,4590.6677,4649.3344,4990.3344,5382.6684,5987.6678,6123.3346,7399.3353,6603.6683,6552.3348,4873.0009,4154.3344,3681.3346,2376.0006,111312.6937
1536,2022-03-17,1312.6671,1228.3336,1221.0003,1250.3338,4011.3343,5899.668,6321.3346,6248.0016,4975.6678,4891.3342,4422.0013,4484.3344,4667.6679,4693.3344,4957.3344,5998.6681,6438.6682,6735.6684,7098.668,6185.6685,4891.3346,4040.6676,3842.6678,2379.6671,108196.026
1537,2022-03-18,1129.3337,1147.6666,1279.6666,1415.3334,4004.0006,5932.6674,6820.0009,6405.6674,5401.0007,4880.3338,4645.667,4543.0003,4414.6671,4609.0006,4968.3341,6303.0009,6603.6673,6977.6674,7183.0008,6207.6673,5316.6673,3901.3341,3813.3343,2541.0004,110443.68
1538,2022-03-19,1243.0003,1250.3336,1221.0,1345.667,3996.6676,6138.0014,6391.0018,6288.3351,5445.0014,4660.3343,4506.3344,4609.0011,4748.3343,5386.3343,5932.6681,5976.6681,5859.3346,5921.6682,5298.3347,4374.3344,4004.0008,3703.3344,3732.6673,2841.6676,104874.0248
1539,2022-03-20,1213.6671,1254.0003,1180.6673,1191.6671,1525.3338,3318.3343,3630.0009,3487.0008,3765.6676,3795.0011,3677.6675,3696.0008,3784.0011,3718.0008,4004.0011,3641.0008,3791.3341,3831.6679,3952.6674,3861.0011,3901.3343,3619.0009,3010.3341,1210.0005,74059.3527
1540,2022-03-21,1129.3338,1034.0006,1030.3339,1004.667,1510.6672,3413.6677,3567.6678,3718.0008,3520.0009,3879.3343,3743.6678,3806.0009,3897.6675,3927.0011,3842.6674,3934.3344,3890.3343,4015.0011,4235.0009,4213.0008,4055.3344,3762.0008,3003.0009,1239.3336,75372.0199
1541,2022-03-22,634.3336,656.3337,663.6669,656.3334,3373.3341,5331.3346,5907.0014,5445.0011,4777.6678,4209.3345,4205.6676,3802.3343,3985.6678,4092.0008,4612.6676,5525.6678,5965.6681,6413.0018,6574.3348,5547.6681,4392.6679,3633.6676,3234.0009,1892.0005,95531.3567
1542,2022-03-23,795.6668,894.6671,1305.3338,1452.0006,4095.6678,6409.3349,6801.6683,6886.0016,5591.668,5100.3348,4755.6679,4554.0011,4466.0009,4550.3344,5122.3346,5602.6681,6339.6683,6640.3348,6024.3345,5877.6681,5162.6681,4330.3346,4044.334,2486.0005,109288.6936
1543,2022-03-24,880.0004,729.6668,1008.3338,1067.0003,3666.6676,6053.6681,6387.3349,6688.0017,5236.001,4979.3347,4576.0011,4561.3343,4550.3344,4543.0013,5313.0014,5778.6681,6695.3352,6805.3351,7197.6687,6002.3345,4568.6675,3721.6676,3336.6677,2299.0006,106645.0268
1544,2022-03-25,1015.6671,971.667,1012.0003,1056.0006,3732.6676,5980.3351,6515.6684,6651.3349,5522.0013,4722.6676,4466.0008,4293.6675,4517.3343,4411.001,4671.3346,5764.0014,6713.6684,6944.6686,7007.0016,5826.3348,4506.3344,3890.3344,3498.0009,2368.6672,106058.3598
1545,2022-03-26,1078.0003,1151.3337,766.3336,766.3336,3487.0009,5320.3346,6240.6683,5892.3349,5254.3346,3930.6675,4015.0012,3875.6676,4026.0011,5085.6679,5712.6684,5349.6681,5104.0014,5137.0011,5085.6678,4191.0011,3703.3344,3278.0009,2973.6673,2057.0006,93481.6909
1546,2022-03-27,1217.3338,1243.0005,1158.6671,1136.667,1675.6671,3329.3339,3413.6676,3325.6674,3421.0008,3461.3341,3366.0012,3476.0008,3340.3341,3296.3341,3259.6676,3575.0012,3901.3345,3776.6679,3974.6678,4029.6678,3666.6674,3644.6676,3443.0009,1426.3336,71558.6858
1547,2022-03-28,1144.0003,1173.3338,1158.6671,1180.6668,3802.3343,5976.6678,6853.0016,6314.0016,5357.0014,4906.0013,4821.6676,4491.6676,4532.0011,4708.0011,5008.6676,5731.0013,6413.0016,7183.0019,6548.6681,6145.3346,4983.0013,4051.6676,3864.6678,2504.3339,108852.3591
1548,2022-03-29,1180.6671,1191.6669,1287.0001,1342.0001,3710.6671,5896.0006,6776.0009,6163.6673,4807.0006,4411.0003,3523.6671,3439.3338,4576.0006,4521.0006,5188.3341,5485.3339,6277.3341,6732.0011,7047.3344,6420.3344,5082.0006,4073.6671,3780.3338,2379.6671,105292.0137
1549,2022-03-30,1224.6667,1118.3332,1114.6667,1320.0004,3806.0006,6024.3339,6908.0009,6292.0006,5558.6668,4297.3336,4389.0003,4623.6671,4521.0005,4686.0003,4550.3339,6196.6676,6658.6676,7113.3343,7146.3343,6094.0012,4876.6674,4224.0003,3787.6673,2482.3338,109013.6793
1550,2022-03-31,1290.6666,1195.3337,1246.6669,1356.6669,3934.3335,6310.3344,6871.3344,6391.0009,5786.0006,4576.0003,4260.6674,4664.0003,4572.3338,4975.6671,5210.3341,5907.0008,6937.3341,6728.3341,6831.001,5885.0008,4891.3338,4143.3336,3861.0003,2537.3338,110363.0132
1551,2022-04-01,1045.0001,1103.6668,1114.6671,1173.3338,3787.6675,5789.6681,6746.6681,6614.6683,5811.668,4693.3341,4488.0011,4627.3346,4726.3346,4719.001,5060.0013,5749.3346,6743.0019,6985.0016,7322.3352,6149.0016,4997.6678,4546.6676,4147.0012,2482.3339,110623.3599
1552,2022-04-02,1301.667,1180.6668,1129.3335,1162.3338,4040.6679,5848.3343,6365.3348,6119.6684,5676.0014,4686.0012,4686.001,4378.0008,4678.6679,5602.6681,6229.668,6006.0013,5591.6681,6200.3351,5511.0016,5107.6676,4260.6676,3835.3343,3820.6679,2596.0006,106014.359
1553,2022-04-03,1243.0004,1063.3336,1026.6668,979.0003,1569.3336,3435.6674,3538.3341,3362.3344,3688.6676,4044.3341,3835.3343,3699.6679,4066.3346,4088.3343,3883.0008,3850.0008,3842.6676,4033.3346,4158.0009,4088.3346,3846.3343,3637.3341,3245.0006,1213.667,75438.0187
1554,2022-04-04,1144.0004,1144.0003,1151.3339,1254.0003,4205.6676,6798.0016,7076.6686,6303.0014,6182.0014,4950.0013,4576.0009,4726.3346,4821.6678,4814.3344,4825.3343,6160.0014,6794.3349,7058.3348,7406.6686,5346.0013,5210.3346,4238.6676,3941.6678,2486.0006,112614.3604
1555,2022-04-05,1294.3338,1294.3338,1265.0003,1327.3338,4022.3342,6446.0016,6856.6684,6765.0016,5434.0014,4851.0013,4774.0011,4942.6679,4906.001,4939.0011,5151.6676,6501.0015,7054.6684,7095.0018,7219.6686,6156.3349,5397.3343,4605.3343,4000.3341,2640.0009,114939.0277
1556,2022-04-06,1320.0003,1298.0004,1298.0003,1397.0003,4352.3346,6779.6683,7073.0018,6757.6681,5947.3349,5324.0013,4972.001,5074.6676,5016.0008,4898.6678,5027.0014,6625.6684,6607.335,7392.0016,6849.3351,6207.6679,5203.0014,4026.0008,3516.334,2387.0008,115349.6939
1557,2022-04-07,1393.3338,1334.6673,1360.3335,1452.0003,4290.0011,6383.6679,6860.3351,6240.6683,5958.3347,4917.0011,4814.3347,4887.6678,4924.3346,4895.0011,4986.6679,6402.0016,6926.3348,7208.6686,7051.0016,6240.668,5170.001,4125.001,4103.0011,2570.334,114495.3609
1558,2022-04-08,1910.3336,2299.0004,2306.3336,1426.3339,4689.6673,6523.0008,6948.3341,6900.6673,5874.0007,5060.0006,4755.6671,4803.3341,4957.3338,4796.0006,5023.3339,6273.6674,7311.3343,6926.3344,7021.6674,6152.6674,4829.0003,4290.0003,3985.6668,2423.6669,117487.347
1559,2022-04-09,1356.6666,1419.0001,1305.3336,1276.0,3945.3335,5940.0008,6541.3341,6083.0003,5291.0006,4312.0003,4070.0005,4224.0003,4583.3338,5419.334,6009.6676,5965.6676,5808.0005,5764.0008,5507.3341,4909.667,4477.0003,3831.6671,3989.3338,2207.3336,104236.0109
1560,2022-04-10,799.3332,770.0002,975.3333,1078.0001,1628.0001,3479.6673,3391.6671,3333.0005,3410.0005,3652.0004,3498.0003,3714.3336,3534.6671,3688.6673,3824.334,3758.3338,4081.0003,3927.0005,4033.3339,3872.0006,3901.3341,3839.0004,3292.6671,1459.3334,72941.0091
1561,2022-04-11,1242.9999,1155.0,1184.3334,1177.0001,4015.0,6530.3344,6581.6674,6614.6676,5720.0009,5063.6674,4656.6673,4840.0006,4763.0006,4821.6673,4906.0006,6240.6673,6746.6674,7333.3344,6944.6674,6039.0006,4968.3341,4257.0005,3919.6673,2632.6671,112354.0136
1562,2022-04-12,1331.0001,1147.6671,1235.6671,1180.6673,4268.0014,6519.3353,7241.6683,6596.3353,5841.0017,5052.6679,4535.6674,5012.3346,4942.6679,5071.0013,5104.0014,6534.0016,6138.0017,6325.0016,6834.6684,6182.0016,5320.3346,4664.001,3971.0011,2500.6673,113549.363
1563,2022-04-13,1239.3335,1261.3335,1294.3335,1298.0003,4623.6681,6468.0019,6937.3352,6530.3349,5650.3346,5030.6676,5067.3343,5107.6676,4876.6678,4898.6679,4986.6678,6226.0016,6512.0014,6273.6681,6215.0016,5368.0011,4763.0011,4165.3341,3912.3342,2519.0006,111224.6923
1564,2022-04-14,1246.667,1173.3336,1155.0003,1129.3338,1631.6671,3428.3342,3472.3341,3197.3342,3340.3342,3483.3343,3446.6676,3725.3343,3740.0008,3883.001,3813.3341,3853.6675,3292.6674,3905.0009,4330.3346,4194.6676,3901.3343,3655.6676,3285.3341,1309.0003,73593.6849
1565,2022-04-15,1074.3338,1015.6671,1202.6671,1001.0006,1521.6668,3369.6676,3160.6673,3237.6674,3740.0008,3765.6678,3582.3341,3586.0009,3523.6676,3743.6676,3674.0009,3762.0013,3861.0011,4099.3341,4062.6676,4066.3344,3692.3343,3611.6679,3226.6676,1356.667,72937.3527
1566,2022-04-16,993.6671,1004.667,1188.0006,1345.6668,3747.3341,5621.0011,6017.0014,5558.6679,4689.6678,4612.6678,4356.0009,4015.001,4209.3343,4466.0011,4521.0013,4356.0008,4422.0009,4763.0013,4653.0011,4491.6678,4176.3341,3861.0008,3633.6676,2372.3338,93074.6884
1567,2022-04-17,1026.6671,1184.3336,1067.0004,1034.0003,1466.667,3274.3344,3333.0011,3311.0009,3373.3341,3641.0009,3641.0009,3806.0011,3835.3341,3795.0009,3692.3344,3813.3339,4048.0011,3971.0011,4077.3344,4191.0008,3787.6675,3736.3344,3138.6675,1158.6673,73403.0192
1568,2022-04-18,1081.6673,1114.667,1129.3339,1129.3338,4092.0008,6790.6681,6739.335,6691.6684,5844.6683,4942.6675,4766.6678,4843.6679,4770.3341,4744.6676,4755.6676,6039.0013,6996.0018,7201.3351,7058.3352,6193.0016,5023.3346,4216.6676,3868.334,2398.0006,112431.0269
1569,2022-04-19,1199.0004,1151.3337,1276.0001,1217.3334,4018.6668,6603.6676,6838.3341,6750.3342,6112.3343,4950.0006,4752.0006,4660.3339,3795.0003,4154.3341,5041.6671,6435.0006,6629.3342,6996.0009,6743.0009,6053.6674,4895.0006,4169.0006,3923.3338,2662.0001,111026.6803
1570,2022-04-20,1232.0001,1155.0001,1162.3337,1320.0,4128.6671,6347.0009,6251.6674,6354.3343,5364.3342,4961.0003,4803.3336,4722.6671,4733.6673,4829.0006,4777.6674,6405.6673,6486.3341,7040.0009,6530.3341,6002.3343,4876.6668,4290.0006,4125.0003,2588.6668,110487.6793
1571,2022-04-21,1202.6667,1136.6669,1239.3333,1364.0004,4330.3338,6823.6674,7051.0009,6607.3341,6020.6677,4638.3336,4711.6671,4763.0003,4737.3335,4667.6676,4579.6668,6277.3341,6823.6671,7439.6676,6680.6675,6006.0009,4649.3339,4282.667,3842.6671,2643.6671,112519.0124
1572,2022-04-22,1210.0003,982.6671,1056.0005,1404.3336,3501.6676,5624.6681,6160.0014,6504.6683,5866.6681,4678.6677,4737.3346,4700.6676,4990.3347,4832.6678,4869.3343,6119.6681,6567.0016,7040.0018,6845.6683,6061.0016,5261.6681,4315.6677,3985.6676,2405.3339,109721.3604
1573,2022-04-23,1111.0003,1287.0004,1184.3338,1191.6673,3945.3343,5665.0013,6160.0018,5984.0013,5082.0013,4689.6681,4433.0011,4458.6676,4675.0009,5137.0011,5514.6681,6244.3349,5514.6679,5584.3347,5555.0013,4902.3346,3912.3343,3868.3341,3578.6674,2416.3339,102094.6918
1574,2022-04-24,1349.3339,1147.6671,1158.6671,1250.3338,2409.0006,3769.334,3707.0009,3894.0011,3769.3341,3963.6678,4062.6674,3960.0009,4051.6676,4425.6678,4323.0008,4510.001,4088.3343,4011.3341,3846.3343,3809.6677,3670.3339,3853.6675,3652.0011,1320.0004,80003.0192
1575,2022-04-25,1162.3339,1217.3338,1155.0003,1199.0003,4062.6676,6273.6684,6636.6683,6149.0016,5899.6681,4561.3343,4774.0011,4785.001,4763.0016,4862.001,4946.3346,6281.0016,6886.0015,7436.0021,6966.6683,6559.6682,5049.0011,4403.6678,4044.3346,2790.3341,112863.6952
1576,2022-04-26,1265.0001,1118.3334,1143.9999,1217.3334,4136.0003,6662.3342,7047.3342,6548.6673,6134.3343,4631.0006,4499.0003,4590.667,4488.0005,4572.3335,4631.0006,6145.3341,6867.6673,7183.0008,6666.0008,6563.3344,5217.6671,4455.0005,3952.6673,2654.6668,112390.6787
1577,2022-04-27,1092.6667,1100.0001,1096.3339,1224.6668,4077.3341,6244.3349,6900.6682,6809.0014,5808.0016,5093.0011,4620.0011,4873.0013,5225.0011,5232.3346,4946.3344,5731.0013,6292.0014,7018.0016,7150.0018,6317.6684,5115.0014,4568.6678,4286.3341,2570.3341,113391.6932
1578,2022-04-28,1202.6673,1213.6671,1133.0003,1243.0006,4238.6679,6347.0018,6746.6683,6402.0016,5393.6681,4843.6679,4726.3344,4968.3344,5137.0012,4931.6675,5104.0014,6046.3348,6336.0016,6603.6682,6827.335,5951.0014,4884.0011,4117.6678,3934.3341,2412.6671,110744.3609
1579,2022-04-29,1217.3336,1125.6668,1140.3336,1309.0004,4682.3338,6570.6674,6952.001,6519.334,5980.334,5151.6671,4704.3339,4939.0008,5019.6673,4656.6671,5107.6672,6453.3341,6248.0008,7054.6674,6578.0006,6273.6676,5074.6674,4400.0005,3985.6674,2541.0005,113685.0143
1580,2022-04-30,1474.0,1631.6666,1349.3336,1202.6669,3956.3338,5954.6676,6383.6677,5965.6672,5580.6674,4689.6673,4444.0003,4359.6671,4891.3335,5474.3339,5511.0006,5877.6673,5602.6674,5654.0006,5232.3339,4649.3338,4216.6671,3930.6673,3828.0004,2581.3339,104441.3452
1581,2022-05-01,385.0001,14.6672,139.3337,832.3334,1529.0004,3259.667,3322.0003,3201.0003,3190.0005,3630.0003,3391.6668,3259.6668,3355.0005,3417.3338,3531.0003,3333.0003,3417.3338,4000.3338,3879.3338,4213.0004,3886.6671,3718.0004,3168.0003,828.6666,66902.0079
1582,2022-05-02,630.6666,678.3333,755.3334,656.3337,3637.3339,5980.3341,6255.3341,5709.0009,5140.6671,4898.6673,4114.0003,4246.0004,4462.3338,4029.6668,4227.667,5148.0006,5324.0006,6365.3343,6072.0008,5826.3341,4502.6671,3868.3341,3490.6673,2038.6666,98057.6782
1583,2022-05-03,1111.0004,1169.6673,1250.3335,1191.667,2379.6673,5800.6679,6145.3348,6369.0019,5335.0014,5104.0009,4902.3346,4785.0013,5159.0011,4975.6678,5067.3346,5833.6681,6523.0018,6603.6681,6680.6683,6152.6681,5261.6679,4543.0008,4334.0011,2816.0006,109494.0266
1584,2022-05-04,1367.6673,1180.6673,1136.6671,1243.0003,4216.6678,6493.6681,6750.3348,6105.0014,5390.0014,4671.3343,4667.6674,5118.6681,4825.3344,4953.6676,5126.0011,6229.668,6783.3348,7197.6684,7230.6686,5947.3349,4968.3344,4396.3341,4121.3346,2794.0006,112915.0268
1585,2022-05-05,1426.3335,1228.3338,1199.0003,1243.0006,4095.6676,6295.668,6394.6684,6251.6684,5859.3348,4898.6678,5016.0008,4759.3347,4803.3344,4950.001,5159.0013,6123.3349,6897.0019,7014.3349,6878.6686,6317.6684,4755.6676,4462.3344,4158.0011,2610.6671,112797.6943
1586,2022-05-06,1158.6668,1147.667,1232.0003,1243.0006,4260.6676,5687.0011,6211.3348,6420.3349,5569.6681,5148.0012,4814.3346,5104.0014,4843.6678,4825.3346,4990.3344,6009.6681,6156.3351,6625.6683,6563.3351,6189.3349,5346.0014,4513.6678,3908.6676,2684.0009,110652.6944
1587,2022-05-07,1268.6672,1294.334,1305.334,1228.334,4011.334,5192.0012,5892.3352,5958.3352,5294.668,4469.668,4466.0012,4400.0012,4517.3352,5426.668,5199.3352,4935.3352,5456.002,5232.3352,4869.3352,4983.0012,4312.0012,3938.0012,3930.668,2772.0012,100353.032
1588,2022-05-08,990.0003,990.0003,990.0006,949.6671,1609.6671,3318.3341,3329.3344,2922.3341,2772.0006,2783.0009,2885.6674,3157.0006,3116.6674,3135.0009,3626.3344,3527.3341,3344.0012,3413.6679,3267.0008,3501.6673,3347.6676,3351.3342,2970.0006,1147.667,64445.3509
1589,2022-05-09,990.0004,1059.6673,1092.6673,1151.3335,4169.0011,6383.6683,6020.6681,6215.0015,5555.0016,4869.3343,4752.0011,5078.3344,5254.3343,5016.0011,4990.3347,6189.3348,6475.3347,7032.6684,6669.668,5965.6681,4616.3344,4154.3346,3883.0009,2625.3338,110209.0267
1590,2022-05-10,1030.3338,1015.6671,1052.3335,1140.3336,4183.6678,6530.3349,5914.3346,6343.3351,5236.0013,4851.0011,4466.0009,4781.3343,5104.0008,4832.6676,4667.6678,6039.0017,6688.0013,7267.335,6735.6684,6475.3348,4884.0011,4161.6676,3993.0008,2449.3338,109842.3587
1591,2022-05-11,1103.6671,1125.667,1089.0003,1261.3338,4253.3344,6875.0021,7318.6681,6603.6683,5419.3348,4928.0011,4726.3346,4708.0009,4935.3346,4444.0011,4840.0013,6662.3349,6673.3353,7421.3348,6548.668,6457.0016,5203.0013,4730.0008,4088.3343,2618.0006,114033.3611
1592,2022-05-12,1125.6671,1166.0005,1081.6672,1290.6671,4433.0011,6779.6683,7054.6686,6556.0015,6009.6682,4898.6676,4524.6679,4755.6678,4620.0014,4660.3341,4557.6678,5727.3346,6765.0016,6750.3349,5764.0016,5096.6678,5892.3346,4638.3346,4275.3344,2566.6673,110990.0276
1593,2022-05-13,1235.6672,1210.0001,1290.6666,1338.3334,4260.6674,6794.3339,6673.334,6501.0006,5580.6672,5148.0005,4858.334,4939.0003,4920.6671,4906.0006,5038.0006,6647.6676,6930.0008,7513.0008,6999.6679,6526.6677,5397.3338,4466.0006,3883.0,2695.0001,115753.0128
1594,2022-05-14,1441.0003,1371.3336,1191.6668,1294.3337,3897.6671,6350.6679,6860.3338,6277.3338,5848.334,4924.3339,5008.6671,5177.3338,5947.3341,6383.6676,6413.0008,6732.0009,6552.3344,6336.0006,6042.6673,5595.3338,4814.3338,4337.667,4304.667,2662.0003,115764.0134
1595,2022-05-15,238.3337,0.0,0.0,0.0,0.0,0.0,0.0,0.0,0.0,0.0,0.0,0.0,0.0,0.0,0.0,3.6668,14.6672,14.6672,14.6672,14.6672,18.3337,14.6672,14.6672,14.6672,363.0046
1596,2022-05-16,7.3336,913.0001,1125.6668,1125.6666,4194.6671,6603.6676,7135.3342,6537.6673,5731.0003,4737.3339,5078.3339,4979.3339,5019.6673,5159.0006,5027.0003,6215.0008,6963.0011,7007.0009,6842.0011,6519.3344,4953.6674,4517.3336,4081.0003,2603.3337,113076.3468
1597,2022-05-17,1125.6671,1111.0003,1158.6668,1195.3339,4088.3343,6658.6683,5822.6681,6545.0014,5562.3345,5291.0014,5111.3346,5243.3343,5118.6678,5118.6681,5181.001,6295.6682,6772.3351,6420.3346,6966.6687,6688.0016,5111.3346,4634.6681,4150.6678,2607.0006,113978.3612
1598,2022-05-18,1155.0003,1173.3335,1096.3335,1147.6671,4143.3343,5976.6679,6493.6683,6589.0013,6464.3351,5419.3347,4979.3346,5063.6676,4968.3346,4964.6678,4928.0013,6427.6681,6519.3351,7443.3351,7252.6686,6438.6681,5254.3348,4598.0011,4029.6678,2625.3338,115151.6944
1599,2022-05-19,1166.0003,1136.6668,1089.0001,1331.0,4436.6674,7117.0006,6831.0009,6911.6676,5280.0003,5148.0007,5078.3338,4858.3338,5203.0004,5272.6673,5280.0006,6534.0009,4532.0003,4554.0006,6097.6674,6548.6673,5573.3341,4546.6673,4048.0006,2486.0003,111059.6794
1600,2022-05-20,1705.0004,1466.667,1378.6672,1287.0006,4638.3347,6743.0016,7179.3348,6966.6684,6090.3346,5331.3346,5188.3346,5096.6678,5283.6679,5192.0013,5261.6679,6625.6683,6853.0018,7366.3353,7179.3352,6413.0016,5342.3346,4656.6676,4143.3343,2896.6676,120285.0297
1601,2022-05-21,1312.6671,1239.334,1265.0004,1327.3335,4004.0008,6196.6681,6662.3351,6644.0014,5606.3346,4920.6678,4990.3346,5250.6679,6119.6684,7278.3349,7047.3348,6732.0016,6108.6683,6867.6683,5940.0015,5353.3347,5236.0012,4605.3341,4297.3341,2750.0006,117755.0278
1602,2022-05-22,1323.667,1309.0004,1243.0003,1290.6668,2152.3341,4708.0011,4741.0008,4645.6679,5063.6679,5012.3343,5232.3346,5012.3344,4950.0011,4975.6679,5243.3346,5426.6681,5221.3346,5206.6679,5841.0014,5727.3346,5188.3343,5239.6676,4260.6678,1375.0003,100389.6898
1603,2022-05-23,1235.6668,1213.6673,1257.6673,1331.0006,4198.3343,6919.0016,6611.0016,5437.6679,4495.3344,5232.3343,5236.0013,5052.6675,5019.6678,5144.3346,5067.3346,6358.0015,6823.6686,7575.3354,7267.335,6365.3351,5467.0013,4708.0013,4132.3343,2834.3341,114983.0285
1604,2022-05-24,1202.6666,1147.6667,1114.6669,1341.9999,4304.6672,6640.3343,6717.3343,6677.0009,5522.0006,5133.3341,5126.0006,5309.3342,5426.6674,5397.3335,5316.6674,6563.3341,6629.3339,7395.6674,6673.3341,6372.6673,5184.6671,4513.6674,4183.6668,2790.3336,116684.3463
1605,2022-05-25,1169.6669,1180.6667,1242.9999,1320.0001,4117.6674,6688.0006,6926.3344,7032.6674,5808.0,5261.6674,5126.0009,5606.3341,5551.3339,5415.6674,5408.3339,6809.0011,6757.6673,7546.001,6724.6674,6460.6677,5265.334,4792.3342,4381.6674,2988.3336,119581.0147
1606,2022-05-26,1408.0004,1312.6669,1320.0004,1385.9999,4103.0003,7197.6676,7102.3343,6937.3341,5980.3341,5166.3339,5140.6674,5188.3342,5038.0006,5107.6674,5166.3339,6306.6671,6783.3341,6937.3344,7282.0011,6541.3343,5514.6671,4829.0006,4407.334,2728.0006,118884.3487
1607,2022-05-27,1364.0,1257.667,1294.334,1481.3338,4385.3343,7091.3351,7296.6683,6996.0017,5870.3345,5078.3348,4983.0013,4865.6678,4924.3349,4950.001,5111.3346,6493.6681,6757.6684,7447.0019,6182.0011,6622.0016,5360.6681,4348.6673,4231.3345,2849.0009,117241.695
1608,2022-05-28,1250.3338,1301.6671,1265.0003,1331.0003,4048.0008,6240.6681,6908.0018,6270.0019,5962.0014,5111.3346,5041.6676,5309.3348,5877.6683,6372.6684,6798.0019,6882.3349,6658.6683,6724.6681,6288.3349,5910.6678,5423.0014,4777.6676,4337.6676,2893.0008,118983.3625
1609,2022-05-29,1195.3336,1279.6671,1136.6671,1107.3336,1712.3338,3483.3342,3604.3343,4066.3344,4139.6676,4429.3344,4763.0009,4642.0011,4858.3343,5041.6678,5093.0011,4913.3344,4979.3346,4942.6676,4660.3344,4480.6678,4205.6675,4106.6676,3424.6674,1166.0003,87431.6869
1610,2022-05-30,1180.6668,1177.0001,1199.0,1140.3334,1848.0004,4664.0004,5034.3339,5074.6671,5283.6674,5155.3341,5166.3338,5327.6673,5272.6674,5188.3339,5012.3339,5089.3336,5162.6674,5357.0004,5694.3339,5639.3344,5225.0006,4950.0007,4077.3338,1441.0004,100360.3451
1611,2022-05-31,1169.6669,1151.3336,1133.0003,1316.3335,4220.3344,5907.0014,6273.6683,6721.0016,5390.0015,5569.6681,4986.6679,5104.0013,5144.3346,4906.0013,5045.3347,6556.0013,6827.3348,7073.0021,7051.0019,6933.6684,5459.6679,4788.6678,4341.3346,3010.3343,116079.3625
1612,2022-06-01,1235.6668,1210.0002,1158.6668,1309.0004,4422.0006,6952.0011,6970.3341,6809.0011,5925.3341,5034.3335,5067.3341,5082.0003,5221.3344,5137.0004,4990.3336,6292.0008,6662.3341,7208.6679,6801.6674,6178.3341,5569.6668,4590.6673,4216.6671,2731.6671,116776.0141
1613,2022-06-02,1169.6668,1217.3334,1213.6667,1342.0001,4330.3336,6574.3344,7025.3343,6761.3342,5888.6671,5320.3338,5063.6671,4920.6671,5221.3339,5016.0006,5188.3341,6460.6678,6732.0009,7208.6675,6691.6676,6237.0009,5492.6674,4546.6668,4367.0003,2720.6673,116710.0137
1614,2022-06-03,1338.3336,1294.3336,1312.6669,1327.3334,4543.0003,6743.001,7113.3341,6523.0008,5848.3339,4942.6671,4869.3342,4913.3341,4851.0009,4876.6673,4968.3339,6306.6674,6948.3341,7109.6673,7095.0009,6545.0009,5437.6671,4906.0005,4191.0003,2592.3336,116596.3472
1615,2022-06-04,1257.6669,1217.3337,1411.6668,1316.3336,4132.3339,6314.0008,7040.0008,6486.3341,5859.3341,5368.0006,4950.0006,5052.6671,6017.0008,6589.0009,7095.0012,6743.0009,6721.0008,6537.6674,6149.0006,5551.3338,3930.6671,4455.0003,4356.0006,2918.6668,117469.0142
1616,2022-06-05,1228.3334,1199.0001,1184.3337,1144.0004,1675.6669,3527.3338,3916.0005,3857.3338,3901.3335,4070.0003,4007.6673,3949.0003,4015.0003,3747.3338,3215.6671,3681.3336,3461.3339,3813.3335,4583.3338,4312.0,4103.0003,4040.6672,3490.6673,1232.0004,77355.6752
1617,2022-06-06,1023.0002,1012.0001,1026.6669,1261.3336,4235.0006,6757.6676,7106.001,6486.3342,5819.0006,5206.6673,4986.6673,5034.3341,5067.3339,5001.3339,5078.3341,5789.6674,6039.0009,6365.3342,6713.6674,6398.3341,5115.0009,4433.0005,3993.0003,2588.667,112537.3481
1618,2022-06-07,1184.3337,1224.6668,1125.6669,1312.6671,4356.0006,6794.3341,6618.3341,6794.3343,5727.3336,5280.0006,5357.0012,5001.3338,5214.0005,5283.6674,5199.3338,6563.3344,7333.3341,7410.3344,7043.6676,6273.6674,5364.3339,4660.3338,4370.6671,2922.3336,118415.0148
1619,2022-06-08,1323.6669,1268.6668,1206.3333,1312.6669,4403.6671,7146.3341,6853.0006,6856.6673,6112.3341,5082.0005,4814.3338,5074.6671,5111.3342,5052.6674,5379.0008,6317.6673,6875.0008,7370.0007,6504.6676,6530.3344,4990.3338,4458.6671,4469.6673,2816.0003,117329.6802
1620,2022-06-09,1279.6669,1265.0001,1147.6667,1276.0002,4616.3336,6684.3344,6798.0006,7076.6675,5734.6674,5206.6673,4906.0003,4810.6671,4671.3338,4887.6673,5038.0006,6086.6675,6754.0008,6765.0008,6537.6674,6321.3339,5067.3341,4517.3338,4242.3339,2687.6671,114378.0131
1621,2022-06-10,1162.3336,634.3334,575.6669,678.3337,3890.3339,5881.3341,6152.6675,6358.0006,4363.334,4766.6671,4667.6673,4675.0003,4513.6668,4396.334,4546.6671,5423.0007,5265.3341,6024.3341,6200.3338,5419.3341,4752.0006,4253.3338,3784.0003,2075.3336,100459.3454
1622,2022-06-11,1305.3334,1404.3337,1272.3336,1228.3337,3740.0003,5503.6674,5947.3338,6196.6673,5503.6671,4865.667,5067.3341,5320.3338,5599.0006,6655.0006,6724.6673,6838.3341,6735.6674,6710.0009,6152.6676,5621.0006,4935.3341,4554.0004,4180.0003,2867.3333,114928.0124
1623,2022-06-12,1180.6669,1052.3332,1063.3336,1063.3336,1767.3339,3703.3338,3729.0003,3604.3336,3531.0003,3692.3339,3773.0006,3692.3336,4051.6674,4055.3339,3996.6673,4213.0006,4194.6671,4480.667,4609.0006,4205.6668,4213.0003,4150.6668,3377.0004,1862.6669,79262.3424
1624,2022-06-13,2284.3339,1939.6671,2082.667,1547.3337,4902.3338,7208.6676,7139.0009,6845.6674,5947.3338,5001.3341,5104.0003,5173.6673,5206.6673,5067.3339,5346.0006,6515.6673,7395.6678,7425.0009,7003.3344,6446.0008,5118.6673,4422.0006,4348.6673,2860.0005,122331.0156
1625,2022-06-14,1371.3336,1415.3334,1254.0002,1279.6666,4161.667,6750.3338,6911.6674,7021.6676,5976.6673,5232.334,5217.667,4829.0006,5089.3338,4939.0006,5056.3341,6358.0008,7142.6675,6662.3339,5951.0008,6306.6672,5155.3341,4378.0003,4290.0005,2904.0,115654.0121
1626,2022-06-15,1096.3334,1206.3333,1202.6669,1360.3333,4440.3338,6600.0008,6963.0009,7311.3341,6042.6679,5206.6674,5298.3336,5133.3338,5203.0009,5012.3339,4935.3338,6299.3339,6607.3344,7054.6674,6706.3344,6424.0009,5335.0009,4513.6674,4026.0006,2973.6668,116952.0145
1627,2022-06-16,1195.3334,1408.0,1290.6666,1224.6667,2214.6671,2559.3336,2163.3335,2163.3338,2042.3338,2284.3339,2574.0003,2442.0005,2515.3338,2599.6668,2695.0004,2768.3336,2651.0003,2500.6671,2746.3334,2775.6671,2500.6671,2203.6671,2295.3338,2079.0003,53892.674
1628,2022-06-17,1103.6668,968.0001,964.3333,1144.0004,1987.3336,2317.3336,2372.3339,2324.6671,2368.6673,2269.6669,2324.6671,2233.0005,2240.3339,2082.6671,2277.0,2559.3338,2427.3338,2317.3338,2390.6673,2548.3338,2449.3338,2229.3336,2119.3336,1998.3336,50017.0087
1629,2022-06-18,1279.6669,1045.0001,1125.6669,1092.6667,1840.6669,2258.6673,2244.0003,2328.3338,2218.3338,2240.3336,2027.6668,2082.6671,2071.6671,2152.3338,2236.6671,2016.6671,2222.0003,2240.3335,2295.3338,2222.0003,2097.3335,2207.3336,2240.3338,1892.0003,47677.6744
1630,2022-06-19,1430.0001,909.3334,898.3337,1052.3333,1232.0002,1734.3336,2013.0003,2082.6668,2141.3338,2060.6671,1947.0003,2071.6671,2115.6671,2101.0003,2119.3336,2222.0005,2185.3338,2181.6668,2126.6671,2141.3338,2112.0003,2090.0005,2053.3338,1466.6666,44487.6739
1631,2022-06-20,1177.0,1001.0002,982.6672,979.0004,1199.0001,1705.0004,1719.6671,1741.6671,1785.6669,1851.6669,1862.6668,1844.3336,1796.6671,1763.6671,1855.3338,1837.0001,1837.0003,1785.6671,1818.6668,1895.667,1925.0003,1895.6671,1917.6669,1162.3334,39339.6737
1632,2022-06-21,762.6669,744.3336,869.0006,935.0004,1771.0003,2042.3336,2145.0003,2203.6668,2057.0007,2068.0006,2163.3338,2112.0005,2016.667,1969.0003,2200.0003,2236.667,2101.0004,2247.6673,2181.667,2214.667,2068.0003,2042.3338,1998.3338,1738.0006,44887.3429
1633,2022-06-22,821.3336,814.0006,766.3339,927.6671,2794.0005,4447.6675,4799.6678,4539.3344,4051.6675,3619.0013,3747.3344,3659.3341,3575.0008,3626.3343,3758.3344,4587.0011,4741.0011,5041.6679,4803.3343,4598.001,3769.3341,3197.3342,3094.6675,2097.3339,81876.6873
1634,2022-06-23,979.0003,1001.0006,935.0003,1114.6673,3058.0006,4895.0008,4620.0013,5052.6681,4092.0011,3908.6676,3864.6673,3776.6676,3479.6676,3897.6679,3993.0009,4543.0013,5012.3348,4715.3348,4953.6681,4440.3343,4121.334,3421.0006,3102.0008,2185.3338,85162.0218
1635,2022-06-24,975.3335,942.3338,975.3334,1184.3333,3296.3336,4741.0004,4777.6673,4814.3338,4070.0004,3575.0005,3468.6673,3839.0004,3846.3339,3630.0005,3795.0004,4832.6671,5434.0003,5181.0007,5023.3342,4543.0003,3941.6668,3347.667,3256.0005,2163.3338,85653.3432
1636,2022-06-25,975.3334,1078.0001,1019.3333,1070.6669,3164.3338,4194.6673,4620.0004,4887.6676,4209.3335,3707.0006,3545.667,3578.6673,3523.6671,3842.6671,4304.6671,4480.6674,4216.6671,4209.3338,4403.6671,3798.6671,3391.6673,2988.3339,2885.6671,2214.6669,80311.0102
1637,2022-06-26,964.3334,927.6666,927.6666,1162.3334,1499.6668,2709.6668,2841.667,2970.0003,2955.3338,2929.6669,2911.3336,3098.3336,2999.3336,3190.0003,3014.0006,3006.6672,3003.0003,3047.0005,3274.3335,3362.3338,3171.6671,2918.6671,2522.6668,997.3332,60404.6728
1638,2022-06-27,894.6672,971.6669,938.6669,916.6666,1272.3334,2643.667,2695.0004,3120.3338,2900.3338,3010.3336,3182.6671,3340.3338,3182.6671,3461.3336,3534.6671,3036.0003,3124.0006,3058.0006,3102.0006,3065.3335,3065.3335,3054.3338,2493.3338,1133.0001,61196.6751
1639,2022-06-28,997.3337,1052.3334,1008.3334,1235.6667,3311.0003,4612.6672,4759.3338,4862.0009,4532.0004,3703.3338,4022.3336,3919.6671,3769.3339,3850.0006,3912.3335,4825.3339,5107.6676,5140.6674,5056.3339,4869.3338,4033.334,3362.3338,3226.6673,2145.0004,87314.3444
1640,2022-06-29,1041.3334,1162.3334,1272.3336,1338.3334,3292.6673,5100.334,4774.0003,4968.3339,4348.6674,3886.667,3747.3338,3644.6671,3780.3339,3802.3339,3952.6673,5023.3339,5111.334,4880.3338,5195.6673,4704.3338,3699.6674,3303.6671,3230.3338,2244.0001,87505.0109
1641,2022-06-30,1118.3334,1114.6667,1067.0004,1140.3334,3417.3336,4821.6673,4334.0004,5030.6674,4367.0003,3593.3336,3883.0003,3765.667,3798.6671,3681.3338,3828.0005,4748.3339,4928.0004,5236.0006,4719.0006,4623.6671,3842.667,3263.3338,3050.6668,2262.3338,85635.0092
1642,2022-07-01,1041.3334,1034.0001,1041.3334,1070.6666,3355.0004,4891.3339,5283.6671,5159.0006,4187.3336,4073.6668,3820.6668,3897.6671,3853.6671,3703.3338,3813.3336,4770.3342,4865.6671,5335.0006,4909.6671,4139.6671,3978.3338,3237.6671,3186.3338,2596.0003,87244.6754
1643,2022-07-02,1331.0004,1000.9999,993.6671,1085.3335,3149.6675,4411.0008,4759.3345,4275.3342,4400.0008,3817.0011,3549.3343,3545.6676,3670.3344,4147.0008,4183.6679,4422.0009,4495.3343,4502.6675,4506.3345,4161.6676,3439.3339,3219.3341,3028.6677,2152.3341,82247.0194
1644,2022-07-03,1081.6668,1048.6671,1004.6668,1166.0006,1602.3339,2779.3339,3017.6674,3153.3339,3061.6674,3138.6674,3098.3341,3142.3341,3050.6677,3072.6674,3116.6676,3215.6674,3120.3342,3204.6674,3329.3342,3322.0006,3069.0008,3058.0009,2698.6671,1059.6668,62612.0155
1645,2022-07-04,1012.0,953.334,938.6672,1092.6672,1580.334,2764.6672,2937.0,3061.6672,2940.6672,3186.334,3256.0,3285.334,2885.6672,3083.6672,3076.334,3032.334,3219.334,3193.6672,3186.334,3307.334,3091.0,3091.0,2838.0,1246.6672,62260.0108
1646,2022-07-05,1144.0,1081.6668,1081.6668,1140.3337,3417.3341,5067.3336,4931.6673,5005.0003,4495.3339,3751.0003,3967.3338,4169.0003,3952.6672,3817.0008,3974.667,4660.3338,5008.6677,5379.0005,4814.3341,4869.3339,3824.3335,3281.6671,3303.6673,2346.6671,88484.0109
1647,2022-07-06,982.6669,964.3336,1023.0004,1129.3334,3307.3338,4638.3336,4385.3341,4935.3339,4345.0006,4059.0006,3754.6671,3740.0006,3864.6673,4132.334,3971.0004,4807.0004,5283.6671,5140.667,4964.6674,4682.3336,3934.3339,3428.334,3098.3339,2383.3336,86955.0112
1648,2022-07-07,1756.3338,1811.3336,1686.6669,1349.3334,3908.6671,5005.0006,5184.6677,5137.0006,4572.3339,3960.0003,3857.3338,3941.667,3956.3338,3945.334,3875.6671,4902.3341,5005.0009,5357.0005,5034.3336,4825.3341,3721.6673,3479.667,3017.667,2255.0003,91545.6784
1649,2022-07-08,1158.6667,1026.6669,1048.6666,1188.0,3424.667,5067.3338,5012.3338,4946.3338,4330.3338,3758.3338,3798.6668,3919.6671,3919.6671,3806.0006,3835.3338,4810.6671,5056.3339,5584.3338,5386.3338,4565.0003,3820.6671,3362.3336,3116.6668,2035.0,87978.008
1650,2022-07-09,1129.3336,1088.9999,1074.3334,1129.3333,3193.667,4451.3338,5045.3338,4788.6673,4293.6671,3589.6668,3615.3338,3303.6671,3600.6674,4011.3338,4018.6671,4455.0003,4319.334,4319.3338,4264.3335,3864.6668,3362.3335,3135.0003,3292.667,2761.0006,82107.675
1651,2022-07-10,1866.3336,935.0004,920.3337,960.6669,1529.0004,2841.6668,3032.3338,2995.6668,3072.6671,3659.3338,3465.0003,3402.6671,3490.667,3718.0003,3406.3335,3413.6671,3252.3338,3314.6673,3351.3338,3402.6668,3406.3338,3472.3335,3212.0003,1268.6669,67389.6748
1652,2022-07-11,1015.6668,982.6669,1048.6666,1151.3334,3380.6671,5148.0005,5225.0007,5258.0006,4286.3336,3967.3339,4081.0003,3956.3338,3945.3336,4000.3339,4202.0003,5192.0008,5184.6671,5632.0009,5489.0006,5082.0006,4242.3338,3710.6671,3520.0,2453.0006,92154.3435
1653,2022-07-12,1539.9999,1705.0004,1771.0006,1323.6668,3784.0003,4920.6671,4715.3339,5100.3338,4315.667,4070.0006,3897.667,4026.0003,3824.3341,3795.0007,4055.3335,5144.3339,5617.3341,5584.3339,5588.0006,4950.0006,4165.3339,3509.0006,3468.6671,2456.6668,93327.6775
1654,2022-07-13,795.6669,604.9999,612.3337,1235.6669,3769.3336,5067.3338,5481.6673,4664.0005,4895.0006,4139.667,3751.0003,3787.6671,3663.0004,3941.6671,4220.3338,4799.6671,5166.3341,5481.6674,5606.3339,4759.3341,4367.0003,3787.667,3527.3336,2497.0004,90621.6768
1655,2022-07-14,971.6667,674.6666,696.6667,1290.6669,3622.6673,5052.6677,5133.3341,4913.3338,4634.6674,4264.3338,3883.0006,3578.6671,4022.3335,4059.0006,4139.6674,3615.3338,4275.334,5815.3338,5357.0006,4968.3338,3952.6673,3652.0003,3417.3336,2324.6671,88315.3445
1656,2022-07-15,997.3336,1037.6668,1081.6668,1213.6666,3578.6671,5324.0007,5188.334,5294.6676,4546.6671,4147.0003,3996.6673,4110.3336,4015.0004,4029.6671,4132.3338,4792.3339,5082.0006,4887.6671,5731.0006,5177.3341,4253.3339,3633.6668,3344.0,2251.3338,91846.3436
1657,2022-07-16,1078.0004,1169.6667,1169.6668,1250.3336,3362.3335,4403.667,4502.667,5203.0006,4502.6668,4242.3338,4048.0006,3989.3339,3890.3335,4583.3338,4744.6671,4590.667,4785.0009,4902.3338,4733.6671,4293.6673,3780.3339,3483.3339,3468.6671,2541.0004,88718.6765
1658,2022-07-17,1122.0001,979.0,971.6668,1034.0,1639.0006,2658.3338,2900.3336,2966.3336,2849.0006,3252.3338,3549.3339,3707.0008,3461.334,3259.6668,3362.3338,3292.6672,3428.3338,3476.0005,3652.0004,3366.0003,3531.0006,3483.3338,3190.0003,1184.3333,66315.3424
1659,2022-07-18,1166.0001,1019.3334,1077.9999,1250.3336,2951.6671,4425.6671,4722.6668,5291.0006,4546.6676,4125.0006,3934.3339,3982.0007,4062.667,3941.667,4154.3341,4843.667,4891.3341,5368.0003,4660.3336,4546.6673,3718.0009,3160.667,3347.6671,2255.0004,87442.6772
1660,2022-07-19,1558.3337,1719.6668,1569.3336,1312.6666,3483.3336,4524.6668,5008.6671,4961.0009,3813.3338,4114.0006,3934.3336,4187.3335,4165.3336,3930.667,4341.3336,4693.3338,5173.6674,5514.6673,5041.6674,4304.667,4491.6674,3549.3338,3479.6668,2728.0005,91600.6762
1661,2022-07-20,1158.6669,1074.3334,1052.3334,1026.6669,1496.0003,2823.3338,2904.0005,2973.6671,3234.0003,3292.6673,3391.6671,3215.6672,3399.0003,3402.6671,3505.3339,3410.0006,3501.6671,3443.0006,3589.6671,3468.667,3190.0,3193.6672,2915.0003,1294.3333,65956.0087
1662,2022-07-21,964.3336,883.6668,935.0004,1089.0005,2900.3343,4510.0008,4862.0016,5258.0013,4172.6673,3974.6676,4059.0011,4114.0013,3956.3346,3967.3344,3963.6676,4818.0009,4957.3346,5236.001,5569.6679,4961.0014,4517.3346,3817.0009,3487.0009,2431.0007,89404.3561
1663,2022-07-22,1067.0004,986.3334,986.3334,1111.0,3003.0003,4579.6671,4909.6673,5049.0006,4425.6671,4253.3341,3824.3338,3982.0006,3938.0004,3945.3339,4257.0004,4836.3336,5269.0008,5888.6671,5280.0005,5195.6674,4297.3339,3516.3338,3520.0003,2423.6669,90544.6771
1664,2022-07-23,1342.0001,1547.3339,1133.0003,1125.6668,3017.6673,4301.0011,4572.3344,4924.3346,4693.3344,4088.3341,3839.0013,3696.0013,4070.0011,4583.3343,5082.0011,5192.0013,5144.3346,5151.6679,4902.3343,4726.3342,4081.0011,3641.0009,3432.0009,2431.0006,90717.0219
1665,2022-07-24,1034.0006,968.0001,1019.3337,1158.6669,1492.3336,2819.6668,3003.0003,2882.0001,3039.667,3223.0003,3318.3335,3204.6671,3336.667,3171.667,3300.0003,3281.6671,3395.3338,3366.0003,3366.0005,3476.0004,3149.667,3215.6671,3021.3336,1257.6669,64500.341
1666,2022-07-25,1191.6666,1063.3334,1114.6666,1180.6669,2845.3338,4484.3338,5272.6673,4909.6671,4759.3339,4407.3336,3872.0006,3868.3339,3963.6673,3802.3336,4095.6671,4631.0003,4979.3341,5390.0007,5430.3341,5071.0009,4348.6671,3611.6673,3424.6673,2530.0003,90247.6776
1667,2022-07-26,942.3334,942.3337,982.6666,1129.3334,2977.3339,4506.334,3967.3333,4451.3336,4286.3338,4301.0003,3993.0007,3927.0004,4033.3336,3795.0005,4132.3339,4539.3338,4942.6674,5808.0006,5434.0006,4902.3341,4242.3336,3527.3338,3369.6671,2519.0004,87651.6765
1668,2022-07-27,1103.6669,883.6667,913.0,1089.0001,3039.6671,4733.6668,4935.3336,5195.6671,4539.334,4209.3336,4095.667,3960.0005,4040.6671,3864.6674,3985.6668,4568.667,5309.3339,5313.0006,6130.6674,5115.0008,4396.3338,3787.6668,3479.6673,2522.6673,91212.0096
1669,2022-07-28,1089.0001,993.6669,1041.3336,1202.6669,3105.6673,4407.3338,5023.3338,5008.6674,4565.0006,3956.3336,4070.0003,3916.0006,3949.0006,4238.6668,4323.0003,4693.3338,4891.3336,5668.6673,5441.3338,5151.6673,4271.667,3593.3336,3446.6671,2431.0001,90478.6762
1670,2022-07-29,1217.3336,1070.6668,1232.0004,1184.3333,2904.0001,4656.667,4884.0004,4851.0003,4638.3338,4077.3338,3949.0006,4055.3338,4150.6671,4081.0,4436.6673,4906.0005,4616.3336,5976.6673,5327.6673,5280.0008,4396.3338,3828.0003,3468.6668,2592.3336,91780.3423
1671,2022-07-30,1125.6669,1107.3336,1162.3333,1059.6668,3065.3338,4220.3338,4436.6671,4851.0004,4348.6674,3776.6673,3817.0004,4055.3341,4264.3338,4869.3339,4774.0006,4821.6673,5221.3338,4906.0006,4832.6674,4499.0003,3963.6671,3729.0003,3512.6671,2636.3336,89056.0107
1672,2022-07-31,1290.6669,1166.0001,1199.0,1151.3336,1624.3336,2896.6671,2911.3338,3054.3339,3043.3338,3226.6671,3237.6668,3219.3336,3201.0003,3168.0003,3336.6671,3226.6673,3245.0,3443.0003,3421.0006,3421.0003,3259.6671,3131.3336,2838.0003,1206.3334,64918.3409
1673,2022-08-01,1099.9999,986.3334,1081.6669,1180.6668,2988.3338,4425.6671,4623.6673,4986.6673,4180.0006,4235.0003,3758.3336,3806.0003,3890.3338,4150.6671,4271.667,4513.6673,5280.0005,5397.3339,5283.667,3864.6671,4444.0003,3699.6671,3549.3335,2464.0,88161.3419
1674,2022-08-02,1012.0001,975.3332,1004.6669,1136.6669,3193.6668,4202.0003,4939.0006,4799.6671,3641.0003,4279.0004,3853.6671,3864.667,4051.6674,3809.6673,3905.0006,4440.3338,4147.0003,4275.3338,5049.0004,4620.0005,4301.0004,3732.6671,3523.6671,2541.0006,85297.676
1675,2022-08-03,1136.6668,1059.6669,1103.6669,1224.6667,3325.6671,4660.3339,5283.6676,4840.0006,4334.0006,4132.3336,3985.6671,3736.3338,3751.0006,3751.0005,3941.6671,4818.0006,4862.0006,5555.0009,5742.0006,5206.6673,4286.3341,3754.6668,3553.0006,2423.6671,90467.6784
1676,2022-08-04,1232.0001,1067.0002,1045.0004,1254.0001,2926.0004,4704.334,5129.6671,4726.3339,4495.3339,3901.3336,3978.3338,4007.6671,3956.3335,3765.6668,4022.3338,4385.3339,5137.0005,5236.0004,5247.0005,5005.0005,4253.3335,3553.0003,3659.3339,2467.6671,89155.0093
1677,2022-08-05,1081.6668,1096.3336,1158.6667,1312.6666,3094.6668,4462.3338,4997.6671,4744.667,4491.6672,3974.667,3589.667,3674.0003,3824.3338,3784.0003,3883.0003,4730.0008,3637.3338,4176.3338,5936.3341,5016.0006,4150.6671,3487.0003,3355.0003,3047.0003,86705.6754
1678,2022-08-06,2284.3336,1144.0002,1217.3334,1400.6669,2959.0003,3952.6671,4062.6668,4528.3338,4444.0005,3787.667,3945.3338,4015.0003,4282.6673,4436.6668,5206.6674,5045.3338,4975.6673,5071.0006,4598.0003,4407.3335,4059.0005,3399.0004,3406.3338,3025.0006,89653.676
1679,2022-08-07,2071.6671,1114.6669,1048.6666,1059.6668,1734.3336,2907.6669,2797.6671,2896.6673,2992.0004,3215.667,3278.0003,3344.0003,3039.6671,3098.3338,3285.3339,3344.0003,3102.0004,3406.3336,3619.0006,3450.3336,3314.6671,3190.0004,3098.3336,1576.6667,65985.3414
1680,2022-08-08,1246.6666,1202.6668,1356.6666,1257.6666,3021.3336,4627.334,4953.6671,5162.6674,4748.3335,4286.3335,4304.6671,3883.0006,3996.6671,4128.6673,4081.0003,4224.0003,5203.0009,5492.6674,5764.0006,5210.3341,4359.6671,3765.6671,3685.0003,2834.3336,92796.0095
1681,2022-08-09,1345.6667,1151.3337,1111.0001,1283.3334,3010.3338,4418.3338,4616.3341,4906.0006,4660.3339,4510.0003,4180.0003,3971.0004,4202.0004,3798.667,4099.3341,4484.3338,5320.3336,5525.6672,5606.334,5206.6673,4440.3338,3776.6673,3501.667,2555.6669,91681.3435
1682,2022-08-10,1246.6669,1184.3334,1180.6669,1283.3334,3193.6668,4730.0004,5115.0006,4968.3338,4631.0003,3905.0003,4092.0004,4088.3341,3974.6671,3949.0003,4183.667,4785.0006,4869.3338,5456.0006,5478.0004,5082.0006,4312.0006,3762.0004,3549.3338,2805.0003,91824.3428
1683,2022-08-11,1400.6668,1345.6667,1356.6671,1496.0003,3164.3339,4469.6671,5133.3341,4939.0008,4880.3341,4436.6671,4176.3336,3861.0006,3802.334,3974.667,4059.0004,4741.0006,4825.3339,5492.6674,5393.6674,5272.6676,4576.0005,4033.3338,3571.3338,2805.0006,93206.6792
1684,2022-08-12,1400.6669,1180.6667,1228.3334,1353.0002,3201.0004,4770.3338,5118.6671,5107.6671,4693.3341,4117.6671,4297.3338,4238.6671,4165.3338,4106.6673,3971.0003,4722.6671,5210.3339,5544.0004,5525.6672,5166.3335,4458.6674,3839.0006,3597.0003,2746.3336,93760.3431
1685,2022-08-13,1510.6671,1331.0001,1235.6672,1309.0001,3083.6673,4271.6671,4620.0004,4748.3338,4403.6674,3600.667,3615.3338,3586.0004,4356.0004,4781.3335,5327.6676,5265.3338,5115.0005,5096.6671,4840.0007,4649.3336,4059.0006,3699.6673,3567.6671,3402.6671,91476.011
1686,2022-08-14,2504.3338,1246.6669,1221.0004,1243.0001,1811.3336,2841.6671,2937.0005,2940.6668,3098.3338,3248.667,3226.667,3410.0003,3479.6668,3410.0004,3369.667,3395.3338,3461.3336,3388.0,3509.0003,3523.6671,3347.6668,3325.6671,3175.3335,1514.3336,68629.0073
1687,2022-08-15,1301.6669,1276.0001,1272.3337,1220.9999,1686.6668,2819.6671,3113.0003,2966.3338,3069.0003,3219.3339,3131.3339,3626.3336,3520.0003,3784.0006,3560.3335,3714.334,3941.6668,3762.0008,3996.6671,3597.0003,3333.0005,3303.6671,3157.0003,2438.3336,70810.6752
1688,2022-08-16,1341.9999,1433.6667,1407.9999,1323.6666,3032.3338,4598.0006,5151.6677,4997.6671,4928.0005,4260.6668,4092.0009,3901.3339,4330.3335,4154.3338,4319.3339,4785.0004,5349.6674,5426.6671,5819.0008,5199.3344,4700.6674,4022.3336,3703.3338,2673.0003,94952.0108
1689,2022-08-17,1140.3337,1224.6668,1265.0002,1393.3334,3105.6668,4803.3338,5195.6673,5232.334,4623.6668,4022.3339,3945.334,3919.6671,4191.0006,4015.0004,4260.6671,4986.6673,5382.6673,5525.6674,5778.6676,5518.3341,4708.0003,4150.6671,3751.0004,2651.0003,94790.6777
1690,2022-08-18,1470.334,1320.0,1386.0,1382.334,3336.6672,4832.6672,5203.0012,5181.0012,4913.334,4359.6672,3996.6672,4092.0012,4260.6672,4000.334,4334.0012,4906.0012,5291.0012,5701.6672,6061.0012,5159.0012,4499.0012,3912.334,3883.0,2720.6672,96202.3512
1691,2022-08-19,1268.6669,1261.3334,1136.6669,1239.3333,3168.0001,4697.0003,5485.3338,5261.6673,4759.3338,4275.3339,4253.3336,4367.0003,4308.3338,4315.6671,4202.0006,4858.3338,5203.0006,5540.3338,5745.6671,5302.0009,4576.0006,3985.667,3787.6673,2680.3335,95678.0097
1692,2022-08-20,1239.3336,1363.9999,1327.3333,1364.0002,3138.6671,4642.0003,5122.3339,4807.0007,4631.0004,4055.3338,3824.3338,4037.0003,4521.0005,4766.667,5140.6671,5247.0006,5089.3341,4799.6673,4726.3339,4491.6671,4271.6671,3758.3338,3641.0003,2735.3335,92741.0096
1693,2022-08-21,1166.0001,1162.3333,1220.9999,1254.0002,1609.6666,2871.0,2933.3336,2852.6668,3157.0005,3303.667,3314.6673,3248.6672,3267.0006,3149.6673,3186.3338,3124.0003,3248.6671,3179.0003,3490.6673,3505.3338,3003.0006,3509.0004,3036.0003,1503.3333,65296.0076
1694,2022-08-22,1404.3334,1330.9999,1415.3333,1408.0001,3109.3339,4407.3339,4722.6671,5133.3335,4763.0006,4359.667,3894.0006,3989.3341,3780.3336,3927.0005,3773.0006,4455.0006,4642.0004,5360.6673,5610.0004,5302.0007,4337.6671,4055.3338,3718.0005,2563.0001,91461.343
1695,2022-08-23,1536.3334,1690.3336,1606.0004,1371.3333,3314.6671,4722.667,5206.6674,4906.0007,4510.0003,4154.3338,4015.0003,4026.0003,3842.667,4004.0006,3938.0,5122.3341,5173.6673,5848.3341,5342.3338,5870.334,4502.6672,4037.0003,3762.0004,2625.3336,95128.01
1696,2022-08-24,1635.3336,1576.6669,1569.3333,1514.3334,3259.6671,4770.334,4983.0009,5536.6674,4315.6671,4451.3336,4227.6673,3982.0003,4187.3341,4165.334,4117.6671,5225.0005,5786.0011,5375.3338,5764.0009,5302.0003,4887.6674,3989.3338,3630.0004,2632.6671,96884.3454
1697,2022-08-25,1683.0004,1547.3336,1356.6672,1316.3333,3336.6668,4898.6671,5294.6673,5085.6673,4554.0006,4458.6668,4103.0004,4040.667,4007.667,3809.6671,4044.3339,4495.3338,4796.0005,5599.0008,5514.6671,5445.0006,4590.667,4088.3336,3879.3338,2702.3333,94647.6763
1698,2022-08-26,1646.3336,1257.6669,1268.6667,1331.0004,3270.667,4711.6671,4682.3339,5511.0005,4425.6673,4587.0003,3776.6673,4022.3338,4007.6672,4015.0005,3831.6671,4605.3339,5166.3338,5096.6671,5632.0006,5294.6673,4480.6672,3853.6673,3670.3339,2761.0003,92906.011
1699,2022-08-27,1532.6668,1510.6669,1298.0004,1411.6667,3230.3338,4513.6671,5005.0005,4858.3339,4770.3338,4268.0003,3846.3338,3861.0004,4422.0003,5056.3339,5166.3341,4979.3341,5100.3338,5335.0005,4994.0006,4543.0006,4059.0003,3710.6671,3505.3335,2845.3336,93822.6768
1700,2022-08-28,1397.0002,1228.3336,1210.0005,1155.0005,1679.3339,2717.0006,2841.6674,2816.0009,2922.3341,2889.3338,3069.0009,3061.6676,2970.0009,3190.0006,3193.6677,3292.6674,3278.0008,3355.0006,3483.3344,3318.3339,3333.0006,3439.3341,2948.0009,1129.3336,63917.3495
1701,2022-08-29,971.667,967.9999,986.3336,1037.6666,3135.0003,4704.3339,4763.0006,4836.3338,4488.0005,4488.0005,4224.0005,4326.6671,4242.3338,4128.667,4224.0003,4829.0003,5162.6671,5555.0009,5485.334,5588.0006,4590.6671,3791.3338,3674.0006,2786.6668,92986.6766
1702,2022-08-30,1195.3334,1074.3333,1085.3337,1272.3334,3065.3336,4792.3339,5030.6674,5052.6671,4741.0003,4675.0003,4462.3339,4345.0006,4158.0005,4231.3338,4213.0004,5063.6677,5104.0004,5723.6668,5676.0009,5195.6674,4396.3338,3912.3339,3699.6671,2680.3336,94845.6772
1703,2022-08-31,674.6669,590.3336,612.3336,1301.6666,3032.3336,4546.6673,5276.3338,4858.3338,4711.6673,4194.6671,3846.3338,3982.0006,4051.6668,3963.6673,4213.0006,4678.667,5756.6674,5353.3339,5936.3341,5357.0006,4616.3339,3879.3338,3608.0006,2658.3335,91699.6775
1704,2022-09-01,1045.0001,1019.3334,1026.6666,1250.3334,3157.0006,4697.0003,4906.0009,5602.6673,4686.0004,4407.3338,4007.6671,3941.6673,3795.0003,3993.0004,4000.3335,4513.6671,4961.0006,5313.0006,5569.6674,5397.3341,4499.0008,3721.6668,3659.3338,2794.0004,91963.677
1705,2022-09-02,1232.0004,1422.6669,1382.3334,1224.6666,3179.0006,4642.0004,4935.3341,5133.3336,4238.6674,3967.3339,3806.0003,4044.3336,4000.3338,4011.3341,4249.6671,4634.6668,5353.3339,5415.6674,5467.0008,5309.3341,4396.3338,3949.0006,3666.6673,2691.3333,92352.3442
1706,2022-09-03,1393.3336,1536.3335,1474.0004,1349.3334,2984.6671,4466.0004,4733.6674,4836.3338,4491.667,3714.334,3780.3338,3934.3336,4150.6673,4513.6674,4700.6671,4887.6671,5082.0006,5019.6674,4627.3341,4671.3338,4040.6668,3974.6673,3578.6671,2618.0004,90559.3444
1707,2022-09-04,1345.6666,1356.6667,1529.0002,1338.3334,2577.6671,3663.0003,4011.3336,3806.0004,3890.334,3776.6673,3527.3338,3461.3339,3446.6671,3490.667,3575.0003,3556.667,3201.0006,3663.0006,3677.6671,3399.0006,3564.0003,3575.0005,2937.0003,1169.6669,73538.6756
1708,2022-09-05,1037.6667,1066.9999,1133.0004,1169.6666,3017.6671,4286.3339,5104.0008,4777.6671,4334.0005,4132.3341,3622.6671,3369.667,3307.3336,3688.6671,4007.667,4656.6676,5023.3338,5588.0006,5595.3339,5327.6671,4623.667,3872.0004,3685.0003,2581.3338,89008.3434
1709,2022-09-06,1162.3334,1140.3333,1081.6666,1232.0001,3094.667,4433.0003,4865.6673,5159.0006,4367.0005,4015.0004,4084.6671,4066.3335,3927.0003,4187.3338,3894.0003,4631.0004,5412.0006,4953.6671,5888.6674,5104.0006,4455.0005,3872.0003,3699.6671,2680.3335,91406.342
1710,2022-09-07,1092.6669,1166.0004,1169.6667,1415.3334,3571.3336,5701.6674,6409.3341,5826.3343,5327.6673,4946.3341,5151.6674,4979.3338,4968.3335,4869.3341,4913.3341,5753.0008,6438.6676,6900.6676,6970.3343,6405.6671,5456.0006,4686.0006,4381.6671,3036.0003,111536.3471
1711,2022-09-08,1375.0001,1272.3334,1180.6667,1312.6669,3164.3339,5448.6674,6193.0009,6306.6671,5745.6677,4700.6673,5247.0006,4946.3341,5217.6674,5089.3339,5082.0006,5881.3343,6405.6674,7179.3341,6636.6674,6864.0011,5335.0003,4730.0006,4249.6671,3006.6668,112570.3471
1712,2022-09-09,1202.6669,1147.6667,1180.6669,1525.3333,3747.3338,5932.6676,6167.3344,6123.3342,5529.3339,4733.6674,4741.0006,4774.0005,5140.6671,4469.6673,4726.3336,5441.3341,6248.0006,7142.6678,7106.0012,6233.3341,5456.0006,4737.3338,4444.0003,2944.3339,110894.6806
1713,2022-09-10,1272.3334,1331.0001,1668.3334,1496.0001,3410.0001,5507.3339,6563.3341,6185.6674,5998.6674,5298.334,4557.667,4884.0003,5470.6673,5947.3342,6394.6677,6251.6673,6317.6674,6163.6674,6350.6676,5441.3341,4686.0008,4418.3338,4121.3338,3025.0003,112761.0129
1714,2022-09-11,1305.3334,1191.6669,1133.0001,1092.6667,1782.0003,3417.3338,3446.6673,3553.0006,3710.6673,3908.6668,3864.6672,4088.3338,3820.6671,3945.3339,4326.6668,4066.3339,4095.667,3982.0005,4323.0004,4279.0003,4066.3338,3853.667,3487.0003,1547.3336,78287.0088
1715,2022-09-12,1213.6667,1162.3334,1213.6669,1261.3332,3428.3336,5661.3341,6383.6676,6669.6675,5463.3341,5320.3344,4997.667,5170.0006,5078.3336,5038.0006,4961.0006,5925.3342,6464.3341,6827.334,7285.6674,6497.3343,5265.3341,4484.3341,4139.6673,2907.6668,112819.6802
1716,2022-09-13,1316.3334,1122.0001,1287.0004,1331.0001,3648.3339,5833.6671,6387.3341,6842.0011,5698.0003,5448.6676,4902.3336,4997.6674,5280.0006,4792.3338,5019.6673,5936.3341,6442.3344,7054.6674,7370.0009,6339.6677,5236.0005,4642.0003,4433.0005,2878.3333,114238.6799
1717,2022-09-14,1228.3334,1162.3333,1202.6669,1312.6669,3703.3339,5767.6674,6530.3341,6537.6674,5815.3339,5155.3338,4704.3341,4748.3336,4898.6671,4675.0006,4865.6674,5716.3341,6090.3338,6930.0008,6545.0009,6255.334,5063.6673,4506.3338,4400.0003,2907.667,110722.3458
1718,2022-09-15,1254.0002,1242.9999,1261.3334,1338.3333,3421.0003,6020.6673,6559.6675,6222.3338,5705.3341,4953.6671,4807.0009,4840.0006,5144.334,5030.6671,4862.0006,5474.3339,6251.6673,6809.0009,7318.6676,6567.0006,5617.3341,4818.0004,4378.0003,2951.6669,112849.0121
1719,2022-09-16,1463.0001,1305.3336,1265.0001,1342.0001,3611.667,6028.0005,6233.3341,6783.3344,5734.6676,4994.0008,4821.6671,5045.3338,5159.0006,4906.0006,4880.334,6204.0005,6655.0006,6820.0011,7062.0009,6262.6676,5276.3341,4748.3339,4469.6671,2962.6673,114033.3475
1720,2022-09-17,1452.0004,1375.0002,1466.6669,1378.6667,3630.0003,5965.6677,6182.0011,6387.3345,5052.6671,5159.0003,4700.667,4763.0006,5133.3339,5874.0006,6042.6673,6486.3344,6094.0009,6240.6676,6094.0006,5665.0006,4935.3338,4341.3338,4447.6671,2977.3338,111844.3472
1721,2022-09-18,1437.3334,1430.0002,1261.3336,1268.6669,1727.0001,3175.3338,3611.6668,3435.667,3619.0004,3655.667,3912.3341,3872.0004,4062.6671,3813.3338,3996.6671,3930.6671,4125.0006,4055.3341,4290.0006,4128.6671,3989.3338,3916.0006,3582.3338,1052.3336,77348.343
1722,2022-09-19,740.6666,733.3332,740.6666,986.3332,3333.0,5533.0006,6185.6674,5676.0009,5173.6673,4774.0003,4304.6671,4502.6671,4458.6671,4594.3338,4444.0005,4942.6674,5947.3341,6460.6676,6882.3344,6317.6671,5236.0003,4733.6673,4403.6671,3138.6672,104243.3442
1723,2022-09-20,1199.0004,1202.6668,1246.6669,1411.6669,3696.0006,5771.3341,6743.0006,6365.3336,5844.6671,4887.6674,4796.0006,4546.6671,4704.3335,4752.0003,5060.0003,5294.6673,5848.3341,5723.6674,6589.0009,5892.3341,5324.0006,4414.6671,4198.3338,3402.6673,108914.6788
1724,2022-09-21,1206.3336,1140.3334,1122.0001,1250.3334,3556.6673,6028.0008,6592.6676,6534.0009,5727.3339,5181.0006,4895.0006,4660.3335,4957.3342,5027.0006,4924.3339,5643.0005,6530.3344,5335.0005,7172.0008,6189.3341,5342.3341,4774.0006,4315.6671,3032.3335,111136.68
1725,2022-09-22,1253.9999,1184.3336,1217.3333,1305.3334,3512.6671,5661.3341,6347.0009,6328.6674,5555.0006,5137.0006,4840.0005,4898.667,4946.3341,4788.6671,4891.3339,5408.3338,6321.3341,7377.3341,6497.334,6336.0008,5155.3338,4634.6672,4242.3336,3109.3336,110949.6785
1726,2022-09-23,1232.0001,1147.6669,1213.6669,1272.3334,3567.6669,5775.0008,6446.0006,6409.3339,5874.0006,5228.6671,4840.0008,4913.3338,4847.3339,4638.3338,5008.6674,5558.6674,6574.3339,6944.6674,7091.3344,6446.0011,5360.6674,4546.6671,4271.6671,3138.667,112346.6797
1727,2022-09-24,1158.6669,1323.6668,1279.6669,1221.0001,3421.0004,5353.3341,5936.3341,6248.0008,5555.0011,4473.3338,4576.0006,4777.6673,5272.6674,5690.6674,6431.3338,6031.6674,6160.0004,6273.6673,6138.0008,5272.6671,5041.6674,4774.0009,4183.6668,2735.3336,109329.0132
1728,2022-09-25,799.3337,645.3332,652.6667,700.3334,1569.3334,3402.6668,3538.3336,3534.6673,3571.3335,3619.0008,3644.6673,3868.3336,3894.0006,3956.3336,3956.3338,3824.3336,3967.3336,4139.6673,4224.0004,3967.3339,3993.0005,3938.0006,3314.6671,1129.3337,73850.342
1729,2022-09-26,608.6667,616.0,630.6668,861.6666,3586.0006,5892.3341,6614.6673,6438.6678,5738.3338,5049.0009,4814.3339,4862.0006,4983.0005,4693.3338,4887.6671,5595.3341,6633.0008,6669.6673,7117.0009,6713.6676,5401.0006,4576.0003,4286.3335,3043.3341,110311.6797
1730,2022-09-27,1290.6669,1242.9999,1250.3334,1441.0004,3696.0004,5888.6673,6200.3341,6369.0003,5877.6671,5034.3341,4972.0003,5049.0006,4994.0006,4950.0006,5155.3335,5995.0009,6530.3342,6930.0008,7425.0009,6391.0008,5529.3341,4656.6674,4370.6671,2885.6671,114125.0128
1731,2022-09-28,1261.3334,1103.6668,1081.6666,1202.6667,3479.6668,5954.6674,6669.6674,6746.6673,6314.0008,5390.0006,4968.3342,4799.6671,4920.6671,4656.6673,4851.0005,5683.3339,6090.334,6809.0009,6996.0009,6468.0009,5342.3338,4594.3338,4235.0004,2955.3338,112574.0124
1732,2022-09-29,1228.3336,1418.9999,1191.6669,1286.9999,3652.0004,5643.0005,6790.6676,6479.0009,5877.6672,5104.0004,4799.6671,5236.0006,5192.0005,5199.3338,4975.6671,5731.0012,6743.0011,6787.0009,7087.6676,6431.3341,5379.0006,4895.0006,4330.3336,3201.0005,114660.3466
1733,2022-09-30,1375.0001,1254.0001,1162.3333,1301.6669,3538.3338,5687.0008,6365.3343,5984.0005,5584.3338,4770.3335,4741.0006,4708.0005,4726.3338,4664.0005,4961.0008,5786.0008,6966.6675,6933.6677,7219.6675,6317.6673,5467.0009,4447.6671,4297.334,2863.6668,111122.0129
1734,2022-10-01,1411.6666,1257.6666,1154.9999,1188.0002,3626.3339,5591.6674,6050.0008,6402.0008,5683.3339,4957.3336,4671.3335,4858.3338,5239.6673,6083.0009,6490.0008,6552.3339,6358.0009,5947.3341,5914.3338,5793.3341,5393.6676,4411.0003,4205.667,2981.0001,112222.0118
1735,2022-10-02,1118.3332,1140.3334,1107.3336,1052.3337,1624.3337,3362.3335,3435.6671,3630.0006,3520.0003,3648.3335,3875.6671,3963.6671,3923.3338,3916.0003,3692.3338,4015.0004,3908.6671,3985.667,4154.3339,4187.3336,3897.6671,4029.667,3413.6671,1323.6669,75925.6748
1736,2022-10-03,1206.3334,1118.3336,1162.3334,1162.3333,3523.6671,5529.3336,5877.6671,4378.0006,5408.3339,5056.3341,4884.0006,5071.0008,5118.6673,4843.6673,4990.334,5665.0008,6493.6679,7274.6674,7549.6674,6039.0008,5899.6673,4770.3341,4656.6671,3017.6671,110696.68
1737,2022-10-04,1393.3336,1338.3334,1125.6668,1309.0001,3589.6671,6090.3341,6640.3341,6944.6676,5756.6674,5214.0003,5096.6674,4994.0003,5030.6673,4909.6674,5122.3339,5910.6674,6882.3344,6933.6678,6530.3339,6365.3341,5089.3342,4499.0007,4304.667,3061.6671,114132.3474
1738,2022-10-05,1254.0002,1243.0001,1283.3334,1349.3334,3710.6673,5998.6674,5261.6674,6490.001,5646.6673,5170.0008,4928.0006,4902.3338,4950.0006,5155.3341,5298.3342,5716.3338,6805.3338,6981.3343,6966.6676,6383.6671,5144.3341,4770.3338,4352.3338,3113.0006,112874.6805
1739,2022-10-06,1319.9999,1232.0001,1224.6666,1287.0001,3600.6673,6134.3344,6585.3342,6501.0008,6057.3338,5162.6674,5063.6671,5151.6671,4950.0004,4975.6674,5148.0009,5881.3339,6446.0006,6757.6678,6915.3341,6259.0009,5045.3341,4411.0006,4326.6671,3281.667,113718.0136
1740,2022-10-07,1246.6668,964.3334,1092.6669,1243.0004,3527.3336,5940.0009,6567.0008,6658.6674,5514.6674,5228.6673,5005.0,4590.6668,4961.0003,4975.6674,4807.0003,5723.6674,6684.3342,6358.0009,6981.3341,6042.6673,5030.6673,4440.3339,4286.3338,3087.3335,110957.0121
1741,2022-10-08,1356.6666,1265.0002,1297.9999,1400.6667,3633.6674,5283.6673,6145.3338,5965.6674,5474.3341,4994.0003,4675.0003,4810.6673,5192.0003,6053.6677,6237.0006,6306.6676,6035.3341,6372.6673,5951.0003,5269.0009,4616.3338,4205.6671,3934.3342,2852.6671,109329.0123
1742,2022-10-09,1220.9999,1206.3334,1107.3333,1195.3336,1756.3336,3267.0003,3369.6671,3351.334,3578.6671,3729.0003,3567.6671,4033.3338,3802.3336,3677.667,3534.6671,3597.0003,3872.0003,3886.667,4011.3339,4062.6671,3850.0004,3864.6674,3186.3338,1815.0004,74543.3418
1743,2022-10-10,1257.6666,1232.0002,1228.3337,1400.6668,3545.6671,5687.0006,6512.0007,6075.6674,5881.3344,5265.334,5008.6674,4796.0003,4931.667,4986.6673,5199.3338,5610.0009,6138.0006,7047.3341,7058.3341,6578.0009,5085.6674,4513.6673,4348.6671,2720.6671,112108.3468
1744,2022-10-11,1305.3334,1294.3334,1283.3333,1382.3334,3586.0003,6053.6671,6658.6677,6600.001,5716.3338,5283.6673,4752.0006,4946.3338,5067.3341,4953.6673,4968.3341,5676.0003,6017.0009,6794.3341,7029.0009,6229.6676,5023.3338,4799.6671,4319.3338,3127.6671,112867.3462
1745,2022-10-12,1481.3334,1316.3334,1356.6669,1518.0001,3765.6671,5918.0008,6721.0008,6526.6673,5734.6671,5052.6671,4869.3339,4972.0005,5294.6674,4755.6668,4836.3338,5470.6674,6215.0009,6750.3344,7120.6676,6211.334,4986.6673,4594.3341,4436.6671,2904.0004,112808.6796
1746,2022-10-13,1404.3334,1272.3336,1209.9999,1404.3333,3762.0006,5943.667,6372.667,6823.6674,5452.3339,5052.6673,4785.0005,5005.0005,4928.0009,4689.6673,4950.0006,5012.3341,6079.3341,6570.6677,7227.0008,6398.3343,5151.6674,4411.0003,4308.3339,2790.3338,111004.6796
1747,2022-10-14,1415.3334,1228.3334,1239.3337,1287.0001,3589.6671,5980.3341,6790.6674,6710.0008,5624.6677,4854.6673,4829.0005,5129.6673,4887.6674,4869.3339,5034.3341,5727.3341,6145.3341,6922.6677,6842.0009,6508.3341,5313.0008,4414.6671,4301.0006,3025.0006,112669.3482
1748,2022-10-15,1499.6669,1419.0001,1499.6669,1470.3334,3534.6671,5621.0006,6108.6674,6299.334,5276.3341,4623.6674,4598.0006,4865.6673,5320.3339,5804.3336,5980.3341,6394.6674,5907.0006,6028.0007,6079.3341,4986.6674,4660.3338,4297.3339,4183.6671,2940.6668,109398.6792
1749,2022-10-16,1210.0002,1257.6668,1155.0001,1177.0001,1925.0001,4191.0005,4345.0003,4301.0006,4561.3336,4697.0003,4902.3342,4671.3339,4942.6673,5019.6674,4836.3341,5074.6673,5133.3341,5192.0006,5379.0008,5206.6673,4678.6674,4807.0007,3927.0005,1859.0002,94449.6784
1750,2022-10-17,1418.9999,1360.3334,1184.3333,1180.6666,1998.3336,4260.6671,4458.6674,4326.6673,4557.6673,4964.6674,4935.3339,5049.0005,5085.6671,4887.667,5005.0006,5008.6674,5159.0008,5320.3341,5419.3341,5412.0006,4983.0006,5067.3341,4169.0006,1455.6672,96668.0119
1751,2022-10-18,1573.0002,1320.0001,1210.0002,1393.3334,3626.3338,6057.334,6281.0007,5291.0005,6244.3341,5232.3342,5056.3342,5195.6671,4972.0009,5005.0008,4946.3341,5646.6673,6647.6676,6955.6674,7315.0011,6563.3341,5155.3341,4568.6671,4271.667,2790.3338,113318.3478
1752,2022-10-19,1301.6669,1305.3334,1235.6669,1404.3334,3729.0003,5844.6671,6248.0008,6402.0006,5434.0003,5247.0006,4876.6673,4825.334,4909.6676,5236.0003,4759.3338,5665.0008,6702.6676,6933.6673,7238.0009,6534.0006,5302.0003,4704.334,3956.3338,2805.0006,112599.6792
1753,2022-10-20,1067.0001,1052.3334,1063.3336,1287.0001,3666.6671,5181.0003,5635.6671,5694.3338,5698.0005,4858.3338,4964.6674,4950.0009,4546.6674,4917.0008,4788.6668,5159.0006,6006.0003,6702.6676,6911.6676,6127.0011,5005.0003,4634.6673,4469.6671,2874.6671,107261.0121
1754,2022-10-21,1239.3337,1195.3337,1184.3337,1155.0002,3479.667,6017.0008,4502.6671,4913.3336,5525.6673,5148.0009,4726.3339,4810.6671,4785.0003,4785.0006,5012.3341,5452.3341,6563.3344,6655.0006,6570.6674,6112.3344,5118.667,4700.6673,4385.3338,3039.6671,107077.6801
1755,2022-10-22,1301.6669,1441.0004,1283.3334,1316.3334,3677.6671,5584.3338,6057.3339,5973.0008,5437.6671,4631.0006,4264.3336,4711.6671,5129.6673,5705.3341,6196.6674,6541.3344,5848.3336,5815.3338,5353.3342,4957.3341,4521.0005,4183.6672,4018.6671,2900.3338,106850.3456
1756,2022-10-23,1092.6669,1081.6667,1059.6666,1096.3332,1723.3336,3333.0005,3454.0004,3417.3335,3479.667,3765.6671,3835.3338,3769.3339,3853.6671,3718.0006,3758.3339,4007.667,3894.0003,3923.3338,3916.0005,3699.6671,3732.6673,3490.667,3432.0003,1433.6666,73967.6747
1757,2022-10-24,1180.6668,1235.6668,1301.6667,1338.3336,3454.0006,5998.6673,6684.3341,6585.3342,5822.6674,4876.667,4697.0006,4829.0006,4972.0005,4972.0004,4594.3336,5375.3339,6189.3342,6750.3341,6834.6676,6339.6674,5261.6673,4506.3336,4271.6668,2929.6671,111001.0122
1758,2022-10-25,1411.6666,1298.0002,1452.0001,1349.3337,3659.3338,6119.6674,6618.3344,6405.6673,5745.6674,5166.3339,4781.3335,4774.0006,5089.3335,4796.0006,5217.667,5536.6673,5921.6672,7201.3344,6640.3341,6387.3343,5635.6673,4840.0006,4326.6668,3098.3339,113472.3459
1759,2022-10-26,1265.0002,1217.3337,1239.3333,1360.3333,3622.6673,6020.6677,6644.0011,6420.3344,5804.3344,5254.334,4979.3338,4880.3336,4759.3338,4755.6671,4807.0006,5404.6674,5995.0006,6508.3338,6948.3344,6567.0009,5481.6676,4502.6671,4359.667,3146.0004,111943.3475
1760,2022-10-27,1309.0001,1177.0002,1165.9999,1213.6669,3186.3336,5606.3342,5998.6673,6123.3338,5474.3339,5012.3338,4836.3339,4880.3341,4730.0003,4568.6671,4788.6676,5082.0003,6039.0006,6226.0006,6695.3341,5976.6672,4946.3338,4334.0005,4165.3339,2984.6671,106520.3448
1761,2022-10-28,1305.3337,1272.3334,1221.0001,1301.6667,3505.3338,5936.3341,6391.0008,6141.6671,5276.3341,4587.0003,4722.6671,4708.0006,4645.667,5049.0009,4759.3338,5261.6671,6284.6674,6413.0006,6827.3343,6281.0008,5313.0004,4455.0004,4231.3338,3124.0004,109013.6787
1762,2022-10-29,1422.6668,1437.3337,1580.3336,1312.6666,3388.0004,5584.3342,5694.3341,5819.001,5203.0006,4495.3338,4429.3338,4678.6671,5045.3335,5456.0006,6127.0006,6288.3344,6182.0011,5969.3341,5709.0008,5195.6676,4763.0006,4517.3338,4172.6671,3076.3339,107547.0138
1763,2022-10-30,1411.6667,7.3336,0.0,0.0,0.0,0.0,0.0,0.0,0.0,0.0,0.0,0.0,0.0,0.0,3.6668,14.6672,14.6672,14.6672,14.6672,14.6672,14.6672,14.6672,14.6672,161.3337,1701.3384
1764,2022-10-31,1096.3332,1199.0,1114.6672,1180.6672,3516.334,5965.6672,6519.334,6677.0012,5775.0012,5085.6672,4891.334,5115.0012,4928.0012,4891.334,5177.334,4590.6672,5423.0012,5907.0012,6680.668,6328.6672,5071.0012,4719.0012,4359.6672,3098.334,109310.6852
1765,2022-11-01,1477.6672,1059.6672,1070.6672,1290.6672,3571.334,5951.0012,6757.668,6552.334,5540.334,4664.0012,4917.0012,4711.6672,5049.0012,4792.334,4983.0012,5525.6672,6240.668,7179.334,7428.668,6607.334,5881.334,4755.6672,4396.334,3058.0,113461.3524
1766,2022-11-02,1034.0,1089.0,1221.0,1268.6672,3740.0,5877.668,6688.0012,6666.0012,5687.0012,5408.334,4961.0012,5474.334,5034.334,5012.334,5199.334,5716.334,6563.334,6633.0012,7036.334,6684.334,5445.0012,4744.6672,4099.334,3014.0,114297.3496
1767,2022-11-03,1257.6666,1122.0004,1143.9999,1243.0001,3575.0006,6061.0006,6559.6673,6578.0009,5910.6676,5342.3336,5151.6671,5001.3341,4865.6671,4821.6672,5100.3341,5408.3338,6273.6674,6816.3344,6959.3341,6233.3341,5448.6671,4396.3338,4169.0003,2731.6671,112170.6793
1768,2022-11-04,1074.3336,1067.0001,1147.6666,1184.3333,3545.6668,5657.6673,6820.0008,6416.6674,5364.3338,5232.3339,4807.0006,5012.3339,5019.6671,4770.3339,4722.6674,5591.6673,6288.3344,6794.3344,6622.0006,6156.334,5071.0007,4477.0006,4231.3335,2981.0,110055.012
1769,2022-11-05,1276.0002,1191.6666,1213.6668,1195.3334,3281.6669,5221.3338,6119.6673,5962.0005,5478.0003,4741.0006,4271.6671,4759.3336,5122.3339,6072.0006,6244.3341,6101.3339,5764.0006,6160.0009,5738.334,5144.3341,4700.6671,4337.667,3960.0003,2753.6668,106810.0104
1770,2022-11-06,1096.3332,1088.9999,1034.0001,1067.0002,1657.3336,3505.3336,3461.3338,3366.0003,2977.3336,3512.6671,3410.0004,3487.0003,3329.3336,3714.3336,3945.3336,3923.3338,3963.6673,3949.0006,3773.0005,3828.0006,3696.0003,3622.6672,3245.0003,1411.6669,72064.6744
1771,2022-11-07,1199.0004,1085.3334,1037.6669,1030.3334,1485.0002,3127.6672,3256.0006,3157.0004,3498.0006,3556.6673,3553.0006,3604.3338,3795.0007,3600.6668,3622.6668,3798.6671,3824.3341,3828.0006,3890.3339,3710.6672,3875.6673,3648.3341,3270.6668,1184.3334,71639.3436
1772,2022-11-08,1111.0001,1045.0001,986.3336,1176.9999,3131.3339,5705.3341,5896.0008,6435.0009,5866.6673,5115.0006,4469.667,4733.6673,4708.0007,4554.0003,5012.3338,5078.3336,6306.6674,5749.334,4818.0006,3949.0006,5496.3338,5173.6673,4216.6673,2731.6672,103466.0122
1773,2022-11-09,1162.3334,1184.3336,1246.6669,1265.0001,3520.0003,5910.6674,6706.3341,6548.6673,5602.6674,5228.6674,4887.6671,4961.0003,4887.6671,4711.6673,4825.3338,5430.3341,6394.6676,7025.3342,7260.0009,6391.0006,5162.6671,4510.0005,4117.6674,2867.3335,111807.6794
1774,2022-11-10,990.0,920.3332,1037.6672,1151.3332,3435.6672,5811.6672,6273.668,3798.6672,2812.334,3553.0012,4990.334,4799.6672,4532.0012,4565.0,4913.334,5786.0012,6413.0012,6871.334,6735.668,5929.0012,5089.334,4510.0012,4257.0012,2706.0,101882.0168
1775,2022-11-11,1180.6672,1254.0,1305.334,1301.6672,3597.0012,5958.334,6622.0012,6152.6672,6002.334,5060.0012,4865.6672,5104.0012,4851.0012,5067.334,5250.6672,5723.6672,6625.6672,7194.0012,7428.668,6053.6672,5599.0012,4744.668,4572.334,3153.334,114667.686
1776,2022-11-12,1481.334,1356.6672,1254.0,1323.6672,3545.6672,5507.334,6413.0012,5947.334,5452.334,4825.334,4836.334,5177.334,5470.6672,6035.334,6171.0012,6358.0012,6468.0012,5969.334,5976.668,5613.6672,4869.334,4282.6672,4169.0012,2852.6672,111356.6844
1777,2022-11-13,1151.3337,1107.3336,1096.3333,1122.0004,1855.3336,3395.3339,3490.667,3424.667,3549.3338,3813.3338,4070.0003,3993.0006,3864.6671,3751.0003,3908.6674,3872.0006,3743.6674,3842.6671,4033.3339,4015.0005,3883.0006,4051.6671,3505.3338,1466.6669,76006.3437
1778,2022-11-14,1224.6672,1279.6672,1114.6672,1125.6672,1811.334,3344.0,3292.6672,3391.6672,3490.6672,3901.334,3857.334,3696.0,3949.0012,3956.334,4084.6672,4154.334,3960.0012,4176.334,4180.0012,4004.0012,4044.334,3923.334,3498.0,1375.0,76835.0144
1779,2022-11-15,1030.3333,1034.0001,1089.0001,1283.3334,3567.6671,6255.3341,7018.0008,6944.6676,6053.6677,5338.6671,5019.6671,4803.3341,4917.0009,4755.6671,4968.3341,5368.0008,5434.0005,6079.3341,6108.6673,6783.3343,5390.0009,4554.0006,4400.0004,2882.0006,111078.0141
1780,2022-11-16,1551.0001,1760.0003,1536.3334,1287.0002,3710.6671,5338.6671,6046.334,6251.6677,6042.6674,5214.0003,5019.6674,5276.3338,5005.0009,5085.6677,5265.3341,5980.3339,6431.3338,7109.6676,7421.3343,6941.0008,5852.0006,5140.6671,4400.0003,3215.6671,116882.347
1781,2022-11-17,1331.0001,1180.6669,1184.3336,1272.3334,3729.0003,5723.6673,6618.3338,6160.0006,5324.0009,5423.0006,4906.0007,5188.3342,4876.6673,4700.6671,4851.0007,5676.0009,6779.6673,6684.3346,6970.3344,6790.6674,6039.0005,5184.6673,4587.0003,2871.0003,114051.6805
1782,2022-11-18,1195.3332,1188.0004,1250.3334,1448.3336,3901.3339,5995.0008,6680.6676,6633.0008,5126.0006,5104.0003,4858.3338,4854.6671,4825.3338,4653.0006,4869.3339,5841.0008,6149.0005,6911.6673,7073.0009,6567.0008,6108.667,5184.6674,4268.0006,3267.0004,113952.6795
1783,2022-11-19,2247.6669,1272.3334,1177.0001,1356.6668,3369.6673,5756.6674,6138.0009,6035.3342,5412.0008,4876.6668,4385.3338,5008.6671,5166.3338,6424.0009,6534.0009,6453.3341,6182.0006,6284.6674,6064.6674,5360.6671,5005.0006,4506.3338,4246.0,3289.0006,112552.0127
1784,2022-11-20,2244.0003,1228.3334,1221.0004,1217.3333,1851.6669,3512.6671,3472.3338,3564.0006,3472.3341,3982.0006,3725.3338,3787.6674,3923.3338,4059.0005,3835.3338,3941.6671,3956.3339,4147.0004,4103.0003,4007.6673,3945.3338,3960.0004,3666.6673,1342.0002,78166.0105
1785,2022-11-21,1173.3333,1276.0004,1187.9999,1232.0001,3509.0003,5547.6673,5643.0008,6339.6676,5195.6674,5016.0006,4880.3341,5049.0003,5126.0007,5030.6673,5236.0007,5808.0006,6552.3338,7054.6678,6710.0008,6548.6676,5643.0008,4821.6671,4425.667,3017.6668,112024.0131
1786,2022-11-22,1382.3334,1312.6668,1309.0001,1382.3336,3710.6671,5811.6674,6515.6676,6171.0009,5357.0006,4891.3338,4961.0006,4994.0006,4770.3339,4796.0009,5038.0004,5536.6674,6306.6677,7168.3341,6864.0007,6816.3344,5844.6671,4876.6673,4473.3335,3065.3339,113355.0138
1787,2022-11-23,2156.0006,1352.9999,1239.3337,1327.3333,3556.6673,5720.0008,6178.3338,5822.6677,5613.6671,4935.3341,4854.667,4480.6671,4792.3339,4755.6674,4583.3338,5826.3341,6526.6676,7029.0008,7406.6677,6739.3341,5786.0006,4642.0006,4337.667,2970.0005,112632.6805
1788,2022-11-24,1301.6667,1408.0,1254.0002,1371.3333,3608.0003,5716.3341,6490.0008,6108.6676,5294.6671,4851.0006,4675.0006,4825.3338,4792.3341,4902.3338,4994.0006,5837.3338,6479.0012,6996.0011,5258.0003,6523.0009,5643.0009,4785.0009,4477.0006,2808.6668,110399.6801
1789,2022-11-25,1133.0001,1206.3333,1114.6669,1290.6669,3410.0003,5679.6673,6240.6673,6097.6674,5217.6674,4909.6672,4942.6674,4858.3338,4799.6668,4843.6671,5016.0006,5723.6671,6376.3339,6955.6676,6864.0006,6541.334,5412.0006,4792.3338,4341.3336,2922.3336,110689.3446
1790,2022-11-26,1294.3336,1356.6666,1177.0002,1206.3333,3479.6672,5613.6674,6545.0008,6163.6676,5742.0006,4645.6673,4396.3338,4605.3339,5140.6671,6222.3341,6134.334,6218.6671,5940.0006,6116.0006,5456.0005,5478.0003,4686.0007,4495.3335,4154.3336,2852.6672,109120.0116
1791,2022-11-27,1345.6669,1239.3334,1268.6672,1221.0002,2042.3335,4528.3336,4561.3341,4506.3338,4627.3339,4645.6671,4957.3341,4865.6671,4917.0006,4990.3339,5049.0009,5155.3341,5019.6673,5118.6674,5390.0006,5096.6671,4928.0004,5177.3338,4422.0003,1829.6671,96902.6784
1792,2022-11-28,1415.334,1386.0,1301.6672,1331.0,3604.334,5764.0012,6167.334,6655.0012,5338.6672,5265.334,5063.6672,4733.6672,4810.6672,4858.334,4854.6672,5848.334,6449.668,7062.0012,7399.334,6493.668,5448.6672,4667.6672,4231.334,3010.334,113160.6832
1793,2022-11-29,1210.0,1232.0,1279.6672,1356.6672,3655.6672,5892.334,6479.0012,5962.0012,5745.6672,5177.334,4719.0012,4807.0012,5001.334,4803.334,5162.668,5485.334,6163.668,7164.668,7029.0012,6493.6672,6020.6672,5151.6672,4370.6672,3146.0,113509.0176
1794,2022-11-30,1400.6669,1298.0004,1356.6669,1506.9999,3523.667,5892.3339,6167.3341,6350.6677,5888.6673,4975.6673,4777.6673,4909.6674,4950.0005,4818.0006,5023.334,5668.6673,6361.6673,7307.6676,7403.0009,6449.6676,5529.3339,5001.3341,4422.0006,3105.6671,114088.3476
1795,2022-12-01,1151.3336,1221.0002,1232.0001,1459.3336,3564.0004,5617.3341,6160.0009,6255.334,5643.0008,4829.0006,4818.0003,4983.0007,5030.6673,4939.0007,5005.0012,5646.6674,6185.6671,6889.6677,6827.3341,6266.3344,5536.6671,4583.3338,4385.3335,3124.0,111353.0136
1796,2022-12-02,1312.6666,1415.3334,1404.3336,1257.6669,3509.0004,5907.0009,5907.0006,5742.0007,5162.6674,5052.6673,4821.6671,4722.6671,4781.3338,4920.6671,5115.0006,5694.3344,6262.6676,6779.6674,7032.6676,6611.0011,6270.0009,5063.6671,4301.0005,3743.6671,112790.3472
1797,2022-12-03,2588.6671,1261.3337,1210.0001,1305.3333,3256.0004,5507.3338,6182.0006,5709.0003,5199.3335,4737.3338,4444.0003,5005.0007,5071.0003,6233.3342,6229.6676,6112.3341,6358.0009,6387.3341,6123.3344,5657.6674,5144.3339,4521.0006,4081.0008,3703.3338,112027.6797
1798,2022-12-04,2805.0004,1356.6666,1518.0001,1294.3334,1789.3334,3523.6671,3571.3339,3648.3338,3732.6674,3912.3339,4187.3336,3912.3338,4125.0003,3938.0004,4029.667,4260.6673,4224.0005,4235.0006,4466.0005,4161.6668,4246.0005,4066.3335,3597.0006,1411.6669,82012.3423
1799,2022-12-05,1210.0,1221.0,1320.0,1342.0,3523.6672,5738.334,6534.0012,6361.668,5489.0012,4902.334,5049.0012,4840.0012,5085.6672,4664.0012,4774.0012,5514.668,6229.668,6886.0012,7252.668,6497.334,5481.6672,4810.6672,4440.334,2981.0,112148.6852
1800,2022-12-06,1301.6672,1129.3332,1136.6672,1279.6672,3659.334,5848.334,6339.6672,6035.334,5514.6672,5023.334,4766.6672,5005.0012,4865.6672,5184.6672,5247.0012,6248.0012,6845.6672,7120.668,6981.334,6794.334,5771.334,4924.334,4418.334,3058.0,114499.0156
1801,2022-12-07,1202.6669,1037.6666,1089.0001,1217.3334,3399.0003,5918.0008,6629.3341,6108.6674,5584.3339,4986.6673,4884.0005,4836.3336,4898.667,4851.0007,4902.3338,6053.6674,6515.6674,6750.3341,6908.0006,6816.3344,5918.0009,5060.0003,4231.3336,3615.3339,113413.679
1802,2022-12-08,2570.3337,1111.0004,1096.3333,1103.6669,1763.6671,3527.3336,3707.0004,3523.6671,3864.6673,3593.3336,3787.667,3941.667,3769.3338,3813.3339,4077.334,3883.0003,4121.3338,4246.0004,4213.0006,3978.3335,3905.0004,3883.0003,3710.6672,2797.6671,79988.3427
1803,2022-12-09,1177.0004,1290.6666,1309.0002,1162.3332,3494.3338,5786.0009,6358.0009,6424.0008,5265.3342,4994.0006,4902.3339,4865.6674,4836.3339,5067.3338,4832.6671,5584.3339,6347.0011,6860.3341,7120.6676,6768.6676,6046.3338,5085.6674,4161.6671,3487.0006,113226.6809
1804,2022-12-10,2629.0003,1294.3334,1298.0002,1323.6669,3311.0003,5408.3339,6222.3339,5929.0008,5800.6673,4917.0004,4821.6671,4950.0006,5441.3341,5870.3341,6171.0009,6611.0006,6171.0009,6369.0006,6405.6673,5518.3341,4726.3338,4576.0004,4385.3336,3846.3338,113996.6793
1805,2022-12-11,2739.0003,1070.6666,1026.6666,1103.6666,1734.3336,3399.0006,3204.6671,3384.3338,3329.3335,3956.3336,3666.6671,3923.3338,4007.6671,3795.0006,3710.6671,3809.6671,3784.0006,4055.3338,4183.6671,4172.6673,4150.6674,4022.3338,3391.6671,1540.0003,77161.3425
1806,2022-12-12,1312.6666,1239.3334,1272.3337,1569.3336,3743.6668,4286.3338,4759.3341,6721.0008,5265.3339,5254.3339,4865.6673,4975.6668,4884.0004,4851.0005,5162.6676,5811.6673,6376.3341,7208.6678,6768.6674,6691.6676,5500.0008,4653.0006,4279.0004,2970.0003,110421.6795
1807,2022-12-13,1386.0001,1268.6669,1085.3334,1265.0004,3644.6671,5727.3341,6303.0009,6471.6677,5247.0009,4726.3341,2900.3336,4202.0009,4506.334,4909.667,4719.0005,5731.0007,6024.3341,7098.6677,7150.0011,6457.0009,6050.0008,5016.0004,4499.0006,3006.6673,109395.0152
1808,2022-12-14,1389.6667,1155.0002,1246.6669,1400.6669,3575.0006,5734.6671,6622.0012,6310.3344,5511.0006,4902.3338,4781.3339,4730.0009,4854.6673,5023.3341,4957.3338,5998.6676,6215.0008,6853.0008,7021.6674,6647.6676,5764.0007,4763.0006,4341.3338,2823.3339,112621.6816
1809,2022-12-15,1224.6669,1210.0001,1341.9999,1283.3334,3531.0006,5562.3341,6211.3341,6281.0009,5500.0006,4766.6671,4638.3335,4836.3338,4953.6671,4796.0005,5074.6671,5885.0009,6724.6676,6684.3346,6860.3341,6699.0008,5760.3338,4686.0003,4183.6674,3168.0003,111862.6795
1810,2022-12-16,1367.6668,1144.0001,1213.6667,1276.0002,3626.3339,5687.0006,6306.6676,6046.3339,5463.3342,4895.0007,5056.334,4939.0006,4785.0008,5085.6671,5188.3335,5877.6674,6482.6676,6955.6673,6794.3342,6996.0012,5852.0004,5023.3338,4370.6671,3817.0004,114249.6801
1811,2022-12-17,2713.25,1367.75,1408.0,1422.75,3435.5,5598.75,6174.5,6248.0,5371.75,4763.25,4598.0,4711.75,5184.5,5819.0,5848.5,5852.0,6295.75,6402.0,6075.75,6027.75,5078.5,4227.75,4279.25,4139.5,113043.5
1812,2022-12-18,2812.3336,1444.6669,1213.6669,1206.3332,1972.6671,3641.0003,3736.3339,3703.334,3751.0003,4136.0006,3883.0003,4088.3339,4029.6668,4158.0003,4268.0005,4264.3338,4018.6673,4513.6671,4480.6671,4726.3338,4616.3338,4341.3339,3556.6671,1730.6669,84293.0094
1813,2022-12-19,1030.3332,733.3332,711.3332,843.3332,3549.334,5628.334,6394.6672,6255.334,5434.0012,4737.334,4887.6672,4642.0012,5115.0,4770.334,5030.6672,5731.0012,5969.334,6449.668,6996.0012,6717.334,5819.0012,4869.334,4579.6672,3197.334,110091.6816
1814,2022-12-20,1407.9999,1312.6669,1254.0001,1419.0004,3674.0003,5914.3341,6453.3339,6226.0006,5368.0005,4942.6671,5041.6671,5074.6674,5485.3341,4939.0006,5283.6674,5918.0005,6339.6674,6706.3341,6805.3341,6482.6674,5848.3341,4961.0006,4671.3341,3109.3338,114638.3465
1815,2022-12-21,1411.6669,1228.3334,1177.0002,1411.6667,3773.0006,5731.0008,6596.3341,6248.0009,5584.3338,5034.3341,4887.6671,4810.6671,5038.0009,5049.0006,5089.3341,5415.6674,6204.0006,6666.0012,7139.001,6526.6673,5628.3338,5342.3336,4576.0006,3124.0006,113692.3474
1816,2022-12-22,1349.3334,1103.6666,1155.0001,1268.6669,3835.3338,5764.0007,6134.3341,6233.3341,5401.0003,4906.0004,4876.6671,5148.0008,5027.0006,5313.0007,5349.6673,5932.6671,6640.3344,7076.6676,6629.3346,6651.3343,5914.3341,5232.3339,4495.3338,3036.0004,114473.3471
1817,2022-12-23,1254.0002,1100.0001,1180.6666,1396.9999,3520.0003,5415.6673,6486.3341,5936.3342,5151.6674,4609.0005,4983.0009,4895.0006,5001.334,4968.3338,5074.6671,5863.0009,6167.3338,6739.3342,6805.3341,6328.6676,5800.6673,4873.0004,4484.3338,3743.6671,111778.3462
1818,2022-12-24,2717.0006,1477.6669,1334.6672,1396.9999,3384.3338,5199.3341,5331.3338,4884.0006,4653.0005,4513.6673,4634.6674,4902.3339,4972.0006,4917.0008,4719.0006,4803.3336,4950.0003,5041.6671,4825.3338,4873.0006,4535.6671,4154.3336,2783.0004,1177.0001,96180.3446
1819,2022-12-25,1144.0001,1144.0,1143.9999,1144.0002,1620.6669,2907.6671,2933.3338,3094.6673,2981.0003,3142.3335,3494.3338,3336.6671,3589.6673,3476.0003,3424.6672,3446.667,3520.0003,3663.0008,3941.6671,3725.3338,3846.3338,3644.667,3659.334,1422.6669,69446.6755
1820,2022-12-26,1298.0,1217.334,1371.334,1261.3332,3439.334,5536.668,5811.6672,5753.0012,5298.334,4209.334,4356.0012,4275.334,4414.6672,4550.334,4323.0012,4946.334,6215.0012,6116.0012,5793.334,5342.334,4524.6672,4323.0012,3949.0012,3344.0,101669.3512
1821,2022-12-27,1437.3336,1290.6672,1221.0,1382.3334,3549.3341,5584.3342,5877.6671,5852.0009,5291.0003,4554.0003,4642.0004,4539.3338,4396.3338,4587.0005,4649.3341,5140.6671,5694.3341,6343.3341,6354.3341,5936.3338,5155.3342,4341.3335,4231.3338,2882.0003,104932.6787
1822,2022-12-28,1459.3333,1257.6669,1316.3334,1385.9999,3586.0003,5668.6674,6204.0008,5885.0006,5250.6674,4539.3338,4667.6674,4557.6671,4660.3339,4477.0,4484.3338,5280.0,5690.6672,6237.0005,6328.6676,6050.0009,5085.6673,4748.3338,4444.0006,2984.6671,106249.011
1823,2022-12-29,1327.3334,1265.0001,1235.6669,1312.6669,3454.0008,5870.3338,5679.6673,6226.0009,5137.0005,4484.3338,4660.3338,4708.0004,4656.667,4781.3339,5023.3338,5305.6674,6046.3344,6688.0009,6310.3341,6182.0006,5148.0006,4627.3335,4370.6673,2940.6673,107440.6794
1824,2022-12-30,1470.3336,1283.3333,1312.6666,1466.6668,3553.0006,5569.6674,4935.3341,5236.0009,5254.3339,4609.0005,4414.667,4601.6674,4587.0006,4704.3336,4172.6673,3820.6673,4620.0003,5712.6674,5929.0008,5408.3339,5276.3338,4598.0003,4081.0004,2922.3338,99539.0116
1825,2022-12-31,1290.6669,1441.0004,1345.6669,1191.6667,3520.0006,5100.3338,5239.6673,4656.667,4165.3338,3989.3336,4070.0006,4290.0006,4242.3338,4367.0003,4231.3336,4290.0005,4293.6672,4554.0005,4565.0003,4484.3341,4293.6668,3839.0006,2420.0006,1114.6667,86995.3432
1826,2023-01-01,1107.3336,1103.6668,1096.3334,1092.6666,1510.6668,2966.3338,2937.0003,2878.3338,2893.0003,3274.3339,3267.0003,3432.0,3461.3335,3512.6673,3358.667,3439.334,3391.667,3461.3339,3747.3338,3868.3336,3652.0003,3637.3339,3256.0008,1419.0001,67763.6748
1827,2023-01-02,1224.6666,1213.6668,1217.3334,1261.3334,3347.6671,5478.0003,5782.3341,5734.6676,5393.6673,4480.6674,4092.0004,4246.0003,4396.3338,4312.0006,4290.0006,4975.6668,5679.6671,6112.3341,6259.0008,5485.3341,5012.3341,4546.6668,4015.0006,2893.0004,101449.3445
1828,2023-01-03,1364.0004,1173.3336,1290.6666,1419.0001,3380.6671,5291.0009,5907.0009,5584.3339,5019.6672,4425.6671,4235.0004,4286.3341,4414.6671,4238.6671,4352.3339,5265.3338,6090.3338,6471.6676,6684.3341,5991.3342,5111.3339,4491.6671,4125.0004,2816.0003,103429.3456
1829,2023-01-04,1253.9999,1235.6669,1272.3334,1481.3333,3325.6671,5569.6674,6207.6673,5727.3341,5280.0006,4601.6671,4363.3339,4583.3336,4777.667,4535.6673,4763.0005,5342.3338,6050.0008,6497.334,6552.3341,6028.0006,5217.6671,4480.6673,4183.6671,2797.667,106128.0112
1830,2023-01-05,1272.3337,1268.6667,1261.3336,1323.6666,3615.3341,5324.0006,6193.0007,5984.0006,5206.6673,4491.6673,4664.0003,4759.3339,4590.667,4557.6673,4693.3339,5357.0006,5643.0005,5731.0006,6416.6676,5844.6673,4858.3338,4546.6671,4088.3339,2874.6669,104566.0119
1831,2023-01-06,1254.0001,1261.3334,1298.0001,1411.6666,3648.3336,5489.0009,5965.6674,5863.0008,5074.6671,4550.3338,4510.0003,4546.6671,4594.3338,4462.3338,4499.0,5456.0006,5980.3338,6347.0006,6644.0009,5635.6673,5140.6674,4521.0003,4077.3338,2937.0006,105167.3441
1832,2023-01-07,1265.0002,1353.0,1437.3336,1448.3334,3490.6671,5360.6671,5709.0009,5760.3339,5349.6674,4634.6673,4517.3336,4671.3338,5159.0006,5547.6671,5771.334,6097.6673,5984.0009,5811.6673,5624.6671,5023.3341,4741.0006,4495.334,4022.3339,3197.3336,106472.6788
1833,2023-01-08,1349.3334,1301.6669,1228.3337,1140.3333,1646.3336,3278.0003,3556.6673,3476.0003,3578.6673,3707.0003,3934.3341,3864.6674,3949.0006,3842.6668,3762.0006,3897.6671,3806.0006,3446.6669,3751.0006,3857.3338,3754.6671,4099.3338,3531.0004,1243.0004,75001.6766
1834,2023-01-09,689.3336,670.9999,645.3332,704.0002,1730.6669,3281.667,3545.6671,3388.0006,3677.667,3754.6668,3732.6673,3941.6671,3883.0003,3740.0006,3674.0003,3809.6674,3699.6671,4004.0006,4070.0006,3875.6671,3839.0006,3780.3338,3468.6671,1371.3336,72977.6758
1835,2023-01-10,1213.6667,1220.9999,1166.0002,1206.3334,3461.3338,5371.6673,6204.0006,5943.6671,5331.3338,4678.6674,4517.3338,4642.0006,4565.0006,4601.6671,4946.3336,5925.3341,6090.3342,6790.6676,6955.6676,6167.3341,5643.0009,4642.0,4099.3336,2948.0003,108331.6783
1836,2023-01-11,1169.6667,1100.0001,1177.0004,1243.0001,3443.0004,5551.3341,5888.6673,6240.6676,5261.6673,4653.0006,4719.0003,4796.0003,4634.6671,4634.6673,4832.6674,5540.3344,6112.3341,6464.3342,6640.3343,6292.0009,5492.6671,4858.3338,4238.6671,2988.3338,107972.3467
1837,2023-01-12,1235.6667,1309.0002,1210.0002,1308.9999,3743.6671,5709.0008,6310.3341,6152.6678,5272.6671,4854.6673,4576.0008,4799.6671,4906.0005,4612.6671,4825.3339,5540.3338,5918.0006,6504.6674,6684.3344,6372.6674,5507.3341,5038.0007,4319.3338,2984.667,109695.6798
1838,2023-01-13,1419.0001,1338.3333,1375.0001,1353.0001,3597.0003,5947.3341,6152.6674,5881.3338,5258.0012,4847.3338,4891.3338,4682.3339,4572.3338,4752.0006,4733.6674,5529.3339,6416.6674,6270.0009,6794.3343,6064.6673,5591.6673,4642.0003,4484.3341,2988.3335,109582.0127
1839,2023-01-14,1327.3336,1419.0004,1320.0,1404.3337,3582.3336,5335.0009,6057.334,5874.0008,5485.3341,4759.3339,4341.3338,4785.0003,5184.6673,5456.0008,6083.0006,6024.3341,6028.0006,5492.6673,5401.0011,4290.0005,4803.3336,4260.6671,4231.3339,3146.0004,106091.3464
1840,2023-01-15,1210.0001,1191.6669,1147.6666,1151.3336,1738.0004,3413.6671,3575.0003,3435.667,3487.0003,3516.3339,3857.3336,3883.0008,3916.0004,3835.3339,3831.6671,4040.6671,3927.0006,4147.0005,4293.6674,4231.3338,4139.667,4040.6674,3582.3336,1386.0,76978.0094
1841,2023-01-16,876.3336,667.3333,660.0001,1041.3334,3413.667,5932.6673,6680.6673,6622.0009,5569.6671,4840.0005,4708.0006,5074.6676,5045.3338,4887.6672,5074.6672,5800.6674,6823.6673,7076.6678,6977.6678,6724.6671,5811.6673,4906.0004,4601.6671,2860.0004,112676.6795
1842,2023-01-17,1444.6667,1349.3333,1452.0001,1459.3336,3875.6671,6105.0006,7003.3341,6809.0009,5885.0003,5349.6674,4755.6673,4697.0004,5063.667,4803.3338,4942.6671,6372.6676,6893.3343,7230.6676,6911.6676,6057.3341,5661.3339,4909.6668,4268.0003,2911.3336,116211.3455
1843,2023-01-18,1474.0,1558.3336,1320.0001,1466.6666,3883.0006,6211.3338,6493.6671,6504.6675,5712.6676,5016.0006,4741.0003,4370.6671,4579.6671,4796.0006,4942.6673,6006.0006,6908.0007,6603.6677,6963.0006,6944.6676,5852.0009,4814.3338,4352.3338,3043.3339,114557.6795
1844,2023-01-19,1371.3333,1309.0004,1312.6666,1389.6668,3762.0006,6160.0003,6955.6676,6526.6675,5628.3336,3670.334,4330.3341,4139.6671,4015.0006,4554.0005,4744.6673,6127.0008,7058.3339,7263.6674,7586.3344,7040.0008,5646.6676,4891.3338,4231.3338,2907.6671,112621.6799
1845,2023-01-20,1389.6672,1492.334,1378.6672,1382.334,3798.6672,6215.0012,6666.0012,6563.334,5819.0012,5126.0012,4873.0012,5272.6672,5181.0012,4994.0012,5203.0012,6101.334,6600.0012,6292.0012,7201.334,6985.0012,6006.0012,4902.334,4389.0012,3080.0,116911.6884
1846,2023-01-21,1331.0,1477.6672,1573.0,1331.0,3432.0,5419.334,6160.0012,6200.334,5569.668,4986.6672,4326.6672,4616.334,5375.334,5936.334,6057.334,6204.0012,5786.0012,5896.0012,6061.0012,5566.0012,4909.6672,4451.334,4125.0012,2915.0,109706.6832
1847,2023-01-22,1173.3333,806.6666,788.3334,865.3334,1870.0,3204.667,3355.0006,3215.667,3509.0005,3479.6673,3567.6671,3776.6668,3842.667,3677.6673,3751.0003,3721.6671,3883.0004,3971.0009,4165.3336,3835.3341,3963.6672,3930.6673,3369.6671,1393.3335,73117.0088
1848,2023-01-23,1254.0001,1173.3334,1224.6666,1224.6666,3718.0003,6255.3341,6585.3341,6559.6674,5672.3339,4726.3338,4634.667,4605.3335,4686.0003,4763.0005,4990.3341,6097.6674,7032.6676,6937.3341,7054.6677,6475.3344,5518.3338,4781.334,4535.6671,2929.6669,113435.6787
1849,2023-01-24,1503.3336,1470.3333,1562.0002,1397.0002,3747.3336,6112.3341,6706.334,6339.6674,5687.0004,4979.3341,4770.3338,4810.6674,4521.0006,4440.3336,4990.3338,6185.6674,6783.3341,7454.3344,7326.0011,6548.6678,5639.3338,4821.667,4334.0006,2834.3336,114964.6799
1850,2023-01-25,1338.3333,1397.0001,1272.3334,1378.6669,4018.6671,6240.6673,6713.6673,6743.0008,5837.3341,5056.3338,4986.6673,4898.6671,4726.3338,4902.3344,4719.0005,5599.0008,6523.0008,6420.3338,6537.6673,6515.6673,5654.0006,4803.334,4462.3335,2867.3339,113611.6792
1851,2023-01-26,1338.3334,1217.3334,1261.3333,1404.3334,3861.0006,5613.6673,6464.3341,5973.0005,5390.0009,4836.3339,4521.0003,4715.3341,4730.0006,4821.6676,4840.0009,5892.3341,6750.3343,7102.3342,6911.6675,6651.3343,5514.6674,4568.6668,4378.0003,2977.3338,111734.347
1852,2023-01-27,1492.3336,1338.3334,1331.0001,1404.3337,3996.6671,6061.0006,6486.3341,6310.3341,5786.0008,5034.3339,4689.6671,5133.3341,4796.0003,4667.6672,5082.0006,6006.0006,6691.6673,6944.6674,7271.0012,6281.0008,5393.667,4627.3338,4147.0004,2948.0004,113919.6796
1853,2023-01-28,1452.0001,1419.0001,1356.6669,1459.3333,3549.3339,5485.3336,6009.6673,5932.6674,5617.334,4686.0003,4477.0003,5005.0003,5122.3339,5903.3344,5793.3339,6017.0008,6006.0006,5980.3338,5903.3341,5401.0009,5008.6674,4400.0006,4235.0003,2900.3336,109120.0118
1854,2023-01-29,1360.3334,1272.3336,1250.3336,1345.6666,1976.3336,3278.0003,3516.3338,3553.0003,3600.667,3802.3339,4007.6673,4022.3339,3938.0006,3912.3338,3993.0008,3971.0005,4044.3338,4121.3335,4286.3338,4176.3338,4015.0003,4150.667,3476.0003,1129.3334,78199.0089
1855,2023-01-30,14.6672,22.0002,44.0004,1250.3337,3776.6673,6255.3339,6688.0009,6229.6673,5929.0009,5115.0009,4744.6671,4642.0006,4550.3338,4829.0009,4799.6676,5518.3342,6651.3342,6743.0008,7040.0009,6658.6676,5518.3342,4605.3336,4279.0006,3061.6669,108966.0157
1856,2023-01-31,1272.3334,1243.0001,1220.9999,1323.6669,3622.6671,6009.6671,6442.3338,6435.0005,5661.334,5082.0005,4880.3338,4814.3339,4759.3338,4843.6671,5023.3339,5672.3341,6376.3341,7036.3341,7128.0009,6622.0007,5496.3341,4752.0005,4473.334,3010.3336,113201.0119
1857,2023-02-01,1081.6666,722.3336,740.6668,854.3336,3333.0003,5749.3339,6116.0005,6325.0009,5188.3341,4616.3335,4293.667,4202.0005,4455.0003,4370.6671,4246.0003,5382.6674,6204.0009,6651.3339,7091.3343,6215.0009,4968.3335,4106.6672,3850.0003,2405.3336,103169.011
1858,2023-02-02,832.3333,722.3336,641.6666,836.0001,2526.3336,4224.0006,4524.6671,4286.3336,4015.0005,3435.6668,3428.3338,3234.0003,3175.3338,3168.0003,3373.3338,4037.0004,4741.0003,5067.3339,4708.0003,4909.6674,3879.3338,3384.3338,3120.3338,2233.0003,78503.3418
1859,2023-02-03,704.0001,685.6669,762.6667,1297.9999,3677.6673,6259.0006,6658.6674,6431.3339,5588.0008,5137.0006,4689.6671,4700.6671,4939.0003,5045.3338,4763.0004,5932.6668,6783.3341,6904.3341,6798.0008,6383.6673,5232.3338,4741.0003,4356.0006,3124.0006,111595.0113
1860,2023-02-04,1305.3334,1378.6669,1371.3333,1400.6666,3479.667,5302.0005,6039.0006,6336.0005,5518.3338,4979.3338,4224.0006,4708.0006,5144.3341,5837.3342,5998.6674,6387.3341,5984.0009,5518.3339,5896.0011,5349.6673,4642.0006,4110.334,4070.0006,2933.3338,107913.6796
1861,2023-02-05,1188.0002,1158.6666,1177.0001,1294.3334,1969.0003,3344.0003,3615.3338,3391.6668,3670.3338,3765.6671,3813.3338,3883.0005,3806.0,3725.3339,3952.6671,3839.0003,3780.3336,4238.6671,4084.6671,3989.3338,4015.0006,4011.3339,3355.0003,1587.6669,76655.3413
1862,2023-02-06,1213.6666,1400.6671,1272.3336,1309.0002,3919.667,6284.6677,6556.0012,6765.0008,5734.6673,5063.6676,4788.6673,4825.3338,5177.3335,4913.3336,4788.6674,6024.3344,6809.0009,7366.3341,7135.3344,6416.6674,5646.6674,4550.3338,4370.6673,2951.6668,115283.6812
1863,2023-02-07,1334.6666,1378.6666,1268.6666,1419.0001,3894.0006,6358.0007,6570.6676,6614.6674,5654.0004,5166.3344,4880.3338,4851.0006,4891.3336,4741.0006,5082.0003,6017.0006,6728.3341,7208.6676,6948.3344,6985.0008,5481.6674,4730.0005,4279.0005,2618.0003,115100.3461
1864,2023-02-08,1239.3334,1210.0002,1184.3334,1404.3334,3967.3338,6288.3341,6688.0008,7010.6676,5764.0009,5170.0003,4502.6668,4906.0006,4939.0003,4513.6672,4814.3336,6145.3341,6248.0009,7337.0011,6959.3341,6578.0009,5364.3341,4678.6671,4451.3338,2838.0004,114202.0129
1865,2023-02-09,1389.6667,1265.0002,1342.0004,1620.6669,3589.6671,6196.6671,6541.3339,6567.0006,5569.6674,4623.6671,4565.0005,4869.3339,4759.3338,4550.3339,4664.0005,6013.3343,6585.3341,7267.3341,7223.3341,6871.3341,5566.0006,4473.3339,4315.6671,3021.3338,113450.3461
1866,2023-02-10,1213.6666,1180.6667,1231.9999,1290.6669,3824.3338,6079.3341,6974.0007,6746.6673,5459.6673,4620.0006,4623.667,4532.0003,4755.6674,4627.3341,4796.0007,5896.0006,6699.0009,7208.6673,7172.0009,6420.3341,5580.6673,4961.0006,4550.3336,2959.0005,113402.6792
1867,2023-02-11,1455.6668,1452.0003,1565.6668,1576.6669,3501.6671,5386.3341,5324.0006,6020.6673,5107.6668,4546.667,4297.3338,4539.3338,5023.3339,5756.6672,6072.0007,6174.6676,5954.6676,6086.6673,5914.3341,5507.3344,5016.0006,4484.3336,4213.0005,2819.6673,107796.3461
1868,2023-02-12,1294.334,1279.6672,1283.334,1360.334,1877.334,3527.334,3597.0,3446.6672,3765.6672,3872.0012,3688.6672,3776.6672,3721.6672,3608.0,3696.0012,3806.0012,3769.334,3879.334,3941.6672,3963.6672,3674.0,3828.0012,3329.334,1800.334,75786.3484
1869,2023-02-13,1092.6667,1114.6666,1155.0004,1290.6669,3721.667,6222.3341,6739.3341,6739.3343,5863.0009,5056.3341,4887.6673,5093.0004,5122.334,4865.667,5005.0007,6237.0006,6515.6674,7300.3344,7450.6676,6618.334,5855.6673,4836.3338,4455.0003,2819.667,116057.3469
1870,2023-02-14,1323.6669,1184.3334,1323.6669,1353.0001,3721.6673,6332.3341,6222.334,5628.3341,5181.0007,5173.667,4997.6674,4722.6671,4711.6673,5320.3339,5151.6668,6094.0009,6966.6673,7326.0008,7249.0008,6519.3344,5701.6676,5291.0009,4532.0006,2882.0,114909.6803
1871,2023-02-15,1441.0004,1320.0002,1232.0002,1411.6668,3692.3336,6149.0008,6790.6673,6438.6674,5573.3342,5148.0006,4653.0003,4906.0007,4983.0003,4656.6674,5030.6673,6009.6673,6790.6678,7150.0008,7392.001,6479.0008,5679.6674,4957.3341,4524.6674,2951.6671,115360.6812
1872,2023-02-16,1254.0004,1415.3334,1323.6666,1334.6669,3754.6671,6288.3341,6853.0008,7234.3341,5456.0003,4931.6671,4928.0006,4627.3338,4836.3339,4616.3335,4803.3341,5756.667,6519.3341,6849.3341,7311.3343,6614.6674,5782.3339,4891.3341,4374.334,2874.6674,114631.013
1873,2023-02-17,1440.9999,1353.0001,1312.6668,1426.3336,3707.0003,6079.3341,6512.0009,6570.6676,5723.6674,5067.3341,4906.0004,4829.0006,4770.3339,4579.6668,4777.6673,5863.0008,6732.0009,7190.3341,7131.6679,6369.0011,5529.3342,4535.6671,4370.6671,2999.3338,113776.6808
1874,2023-02-18,1485.0001,1385.9999,1250.3334,1360.3333,3626.3336,5489.0006,6002.3338,6127.0008,5463.3338,4664.0006,4510.0003,4612.6671,5030.6674,5899.6674,6050.0009,6317.6677,6262.6674,5940.0009,6310.3339,5408.3339,4770.3339,4488.0006,4092.0003,3102.0006,109648.0122
1875,2023-02-19,938.6667,14.6672,14.6672,14.6672,14.6672,18.3337,14.6672,14.6672,14.6672,14.6672,14.6672,11.0004,0.0,0.0,0.0,3.6668,14.6672,14.6672,18.3337,14.6672,14.6672,14.6672,14.6672,110.0004,1320.0097
1876,2023-02-20,1162.3334,1180.6668,1180.6666,1224.6668,3674.0006,6156.3335,6559.6674,6820.0009,5833.6668,5335.0006,5236.0006,4638.3338,5008.6674,4627.3338,4924.3341,6050.0005,6193.0009,6394.6674,6317.6674,6464.3343,5463.334,4554.0006,4389.0003,2750.0003,112137.6788
1877,2023-02-21,1422.6669,1294.3337,1334.6667,1441.0004,3824.3338,6039.0008,6856.6673,6812.6676,5954.6672,4950.0003,4664.0004,4906.0008,4946.3336,4869.3339,4788.6674,5907.0008,6776.0009,7410.3344,7370.0008,6526.6674,5577.0007,4708.0003,4205.6671,2801.3339,115386.3471
1878,2023-02-22,1320.0001,1298.0002,1330.9999,1547.3336,3663.0003,6094.0009,6713.6676,6277.3341,6068.3344,5085.6671,4671.3339,4678.6674,4708.0003,4704.3336,4440.3338,6288.3339,6801.6676,7428.6673,7091.3343,6449.6679,5698.0005,4715.3338,4396.3339,2753.6673,114224.0137
1879,2023-02-23,1136.6666,1125.6667,1243.0,1408.0001,3703.3336,6035.3341,6666.0011,6695.3341,5577.0006,5016.0003,4814.3341,4543.0006,4902.3339,4733.6668,4920.6671,6222.3341,7179.3344,7377.3343,7410.3341,6743.0009,5672.3339,4796.0003,4546.6673,3058.0006,115525.6796
1880,2023-02-24,1389.6666,1298.0001,1448.3337,1353.0002,3751.0004,6222.3341,6849.3341,6900.6673,5866.6673,4825.3339,4656.6673,4898.6673,4796.0006,4554.0003,4825.3339,6020.6668,6860.3339,7307.6674,7355.3341,6402.0008,5782.3341,4990.3336,4733.6673,2970.0003,116057.3454
1881,2023-02-25,1312.6672,1305.3334,1459.3334,1514.3334,3443.0006,5727.3341,6090.3344,6317.6674,5782.3338,4854.6674,4209.3339,4612.6671,4843.6671,5624.6677,5863.0006,6284.6676,5544.0006,5797.0009,6006.0009,5683.3342,4836.3339,4337.6673,4132.3336,3025.0003,108606.6808
1882,2023-02-26,1364.0001,1243.0002,1206.3336,1206.3337,1855.3337,3175.3336,3432.0004,3483.3339,3347.667,3707.0004,3762.0003,3831.6668,3710.6673,3842.6674,3758.3339,3967.3336,4000.3338,4070.0006,4224.0007,4183.6671,3886.6668,3890.3339,3208.3338,1668.3337,76024.6763
1883,2023-02-27,1232.0,1122.0002,1151.3334,1294.3334,3611.6674,6020.6673,6776.0009,6684.3341,5844.6674,4935.3338,4862.0008,4774.0006,5082.0003,5008.6674,4931.6673,6138.0006,6479.0009,7117.0011,7208.6677,6508.3341,5712.6676,4953.6674,4319.3339,2823.3338,114590.6814
1884,2023-02-28,1393.3336,1239.3334,1279.6667,1345.6668,3681.3339,6185.6671,6633.0009,6589.0009,6112.3341,5283.667,5045.3339,5034.3341,4906.0006,4700.6674,5096.6673,6042.6673,6651.3341,7146.3342,7736.6675,6768.6673,5536.6673,4895.0003,4154.3339,2871.0001,116328.6797
1885,2023-03-01,1404.3336,1265.0,1301.6667,1385.9999,3740.0003,6277.3338,6812.6674,6603.6676,5874.0006,5430.334,5016.0003,4946.3338,4821.6671,4975.6674,5049.0003,6504.6677,6988.6676,7505.6676,7073.0011,6845.6676,5646.6671,4598.0005,4392.6671,2852.6671,117311.3462
1886,2023-03-02,1393.3334,1210.0001,1316.3334,1408.0001,3769.3338,6006.0009,6922.6674,6783.3341,6061.0007,4810.667,4579.6671,5001.3339,5137.0007,5067.3341,5052.6672,6042.6673,6981.334,7384.6678,7659.6676,6834.6673,5643.0005,5008.6673,4315.6668,3028.6671,117417.6796
1887,2023-03-03,1320.0001,1191.6666,1393.3337,1529.0004,3666.6673,6211.3339,6834.6677,6515.6676,5738.3338,4939.0004,4924.3336,4997.6671,5052.6673,4953.6671,4990.3336,6149.0007,6790.6676,7465.3341,6842.0009,6603.6675,5929.0009,5089.3339,4312.0003,3061.6668,116501.0129
1888,2023-03-04,1433.6669,1393.3337,1283.3336,1452.0002,3483.3338,5595.3339,6174.6676,6024.3344,5918.0009,5221.3342,4733.667,5005.0003,5283.6671,5962.0008,6090.3341,5958.3342,5995.0006,6160.0009,6233.3343,5654.0009,5181.0006,4572.3338,3996.6673,2951.6669,111756.348
1889,2023-03-05,711.3333,128.3337,440.0001,1147.6668,2211.0006,4062.6671,4073.667,4286.3338,4495.3338,4785.0006,4418.3338,4590.6671,4715.3336,4572.3338,4601.6672,4752.0003,4708.0006,4686.0006,5173.6671,5030.6668,4711.6677,4719.0003,4147.0004,1624.3337,88792.0098
1890,2023-03-06,1210.0002,1261.3337,1334.6669,1301.6669,3490.6668,5987.6674,6141.6676,6570.6675,5852.0006,5129.6671,4653.0006,4660.3336,5045.3336,4191.0004,3879.3341,5067.3341,6416.6676,7513.0011,7223.3339,6541.3341,5386.3339,4887.6676,4433.0003,2948.0004,111125.68
1891,2023-03-07,1265.0001,1191.6669,1268.6669,1261.3334,3534.6671,6266.3338,6673.3341,6655.0011,5760.3344,4766.6673,4524.6674,4697.0005,4726.3339,4671.3338,4785.0003,5430.3339,6350.6674,7043.6675,6688.0008,6471.6677,5555.0003,4979.3338,4444.0004,3006.6671,112016.6799
1892,2023-03-08,1243.0001,1327.3336,1261.3337,1672.0001,3567.6671,5995.0009,6431.3343,6427.6679,5470.6673,5254.3339,4590.6674,4774.0006,4612.6671,4583.3341,5261.6676,5822.6677,6603.6673,7410.3341,6992.3343,6141.6674,5624.6674,4623.667,4374.3336,2951.6668,113017.6813
1893,2023-03-09,1228.3334,1162.3332,1188.0001,1452.0001,3652.0001,5929.0006,6706.3344,6585.3342,5599.0006,5089.3339,4803.3338,4532.0003,4810.6671,4862.0006,4931.6671,5991.3341,6552.3343,6699.0006,6710.0006,6596.3338,5437.6673,4550.3341,4370.667,2918.6668,112357.6781
1894,2023-03-10,1298.0002,1279.6672,1265.0001,1323.6668,3721.6672,6009.6672,6699.0006,6086.6673,6083.0008,4972.0006,4814.3339,4686.0006,4748.3338,4601.6673,4781.3338,5474.3341,5925.334,6930.0008,7318.6676,6669.6679,5459.6671,4686.0003,4425.6668,3120.3336,112379.6796
1895,2023-03-11,1466.6667,1349.3334,1327.3334,1503.3337,3523.6669,5478.0006,6204.0011,6171.0008,5360.6673,4660.3338,4293.667,4653.0004,5019.6673,5599.0003,5852.0009,6200.3341,5940.0006,6017.0008,5613.6673,5199.3338,4642.0004,4323.0003,4029.6673,2944.3335,107371.0117
1896,2023-03-12,1290.6668,1188.0001,1177.0001,1147.6667,1650.0004,3406.3335,3479.6668,3380.6671,3402.667,3512.6671,3527.3338,3685.0003,3769.3335,3692.3335,3875.6671,3791.3338,4121.3335,4044.3339,4099.3339,3798.6668,3890.3336,3714.3335,3281.6671,1723.3338,74649.6737
1897,2023-03-13,1147.6672,1147.6672,1122.0,1202.6672,3604.334,6193.0012,6394.668,6735.6672,5676.0012,5082.0012,4363.334,4304.6672,3934.334,3666.6672,4205.6672,5742.0012,6526.668,6651.334,7186.668,6754.0012,5525.6672,4873.0012,4583.334,2882.0,109505.0188
1898,2023-03-14,1246.6669,1217.3337,1268.6668,1411.6668,3725.3336,6310.334,6695.3341,6537.6673,5914.3341,4847.3341,4708.0006,4777.667,4565.0006,4686.0006,4667.6671,5918.0006,6820.0011,6992.3343,7549.6677,6768.6676,5833.6674,4627.3335,4326.667,3043.3338,114458.6803
1899,2023-03-15,1316.334,1323.6672,1411.6672,1470.334,3773.0012,5914.334,6658.668,6611.0012,5599.0012,5115.0012,4887.6672,4873.0012,4895.0012,4741.0,4902.334,5859.334,6570.668,6666.0012,7219.668,6354.334,5357.0012,4671.334,4341.334,2929.6672,113461.3544
1900,2023-03-16,1507.0004,1411.6666,1320.0001,1349.3336,3615.3338,6035.3339,6559.6674,6794.3341,5646.6673,5008.6671,4880.3336,4550.3335,4869.3341,4605.3339,4796.0006,5969.3338,6838.3341,7043.6674,7131.6676,6878.6673,5606.3341,4752.0003,4535.667,2889.3338,114594.3454
1901,2023-03-17,1342.0004,1261.3333,1195.3334,1287.0001,3736.3336,6193.0006,6596.3344,6732.0008,5562.3341,4990.3338,4708.0004,4565.0005,4788.6674,4612.6672,4755.667,6248.0009,6728.3342,7293.0009,7249.0011,6523.0009,5694.3338,4737.3336,4381.6673,2900.3339,114081.0136
1902,2023-03-18,1331.0002,1312.6669,1254.0001,1294.3334,3336.6673,5595.334,5771.3339,5870.3338,5507.3338,4708.0005,4092.0005,4616.3339,5030.6674,5661.3339,6160.0006,6229.6676,5760.3338,5965.6673,5690.6674,4968.3341,4605.334,4385.3339,4187.3339,2973.6673,106307.6795
1903,2023-03-19,1089.0001,997.3334,1001.0001,1199.0001,1664.6667,3190.0006,3318.3336,3109.3335,3223.0005,3531.0003,3476.0003,3604.3338,3479.6671,3696.0006,3762.0003,3784.0003,3655.6673,3784.0003,3681.3338,3619.0003,3575.0006,3710.6671,3373.3338,1635.3333,71159.0078
1904,2023-03-20,1206.3336,1353.0001,1301.6668,1158.6668,1789.3337,3292.6671,3696.0003,3494.3338,3417.3338,3846.3338,3666.6673,3817.0003,3839.0003,3589.6671,3707.0004,3952.6673,3875.6673,4004.0006,4139.667,4103.0003,3791.3338,4095.6668,3450.3338,1496.0004,76083.3425
1905,2023-03-21,1096.3334,1114.6669,1140.3333,1404.3334,3710.6671,6152.6674,6468.0008,6523.001,5584.3341,4803.3341,4715.334,4407.3339,4851.0006,4642.0006,4821.6674,5797.0006,6794.3342,7274.6676,7201.3344,6504.6676,5676.0009,4781.3341,4631.0005,2915.0003,113010.3482
1906,2023-03-22,1606.0003,1422.6668,1371.3336,1331.0001,3696.0004,6207.6676,6794.3341,6303.0011,5778.6671,4766.6676,4605.3338,4726.3336,4939.0006,4711.6672,4744.6673,6057.3343,6834.6676,6911.6676,7098.6673,6196.6674,5324.0006,4572.3338,4425.6671,2581.3336,113006.6805
1907,2023-03-23,1246.6672,1184.3332,1243.0,1298.0,3556.6672,6292.0012,6446.0012,6526.668,5775.0012,4719.0012,4609.0012,4825.334,4645.6672,4620.0012,4818.0012,6138.0012,6838.334,7425.0012,6101.334,6622.0012,5309.334,4759.334,4385.334,2962.6672,112346.686
1908,2023-03-24,1243.0,1217.334,1155.0,1375.0,3666.6672,6064.668,6834.668,6266.334,5932.668,4884.0012,4708.0012,4458.6672,4880.334,4792.334,4843.6672,5914.334,7010.668,7157.334,7249.0012,6548.668,5298.334,4411.0012,4275.334,3083.6672,113270.6856
1909,2023-03-25,1382.3332,1598.6672,1375.0,1562.0,3479.6672,5225.0012,5731.0012,6152.668,5544.0012,4807.0012,4264.334,4851.0012,5159.0012,5745.6672,6160.0012,5969.334,6303.0012,6207.668,5951.0012,5423.0012,4708.0012,4653.0012,4139.6672,3010.334,109402.3544
1910,2023-03-26,1232.0002,1089.0001,1125.6667,1265.0001,1848.0001,3201.0003,3564.0003,3402.6671,3263.3338,3806.0007,3578.6671,3993.0006,3743.6671,3681.3336,3795.0003,3846.3336,3721.667,3872.0006,4176.334,4169.0004,3956.3338,4022.3341,3446.6671,1444.6669,75243.6756
1911,2023-03-27,1279.6666,1327.3334,1386.0,1323.6666,3633.667,5987.6674,6754.0009,6222.3339,5797.0004,5203.0008,4414.6673,4656.6671,4814.3335,4994.0006,5027.0006,6398.3344,6919.0008,6845.6676,5731.0009,6464.3341,5316.6671,4704.3338,4370.6673,2896.6672,112467.6793
1912,2023-03-28,1287.0001,1364.0001,1338.3333,1507.0,3707.0003,6354.3341,6633.0006,6552.3341,5822.6674,4909.6671,4682.3338,4774.0006,4825.3336,4865.6673,4539.3338,5775.0009,6508.3341,7465.3343,6636.6677,6464.3341,5005.0009,4642.0006,4297.3338,2750.0003,112706.0129
1913,2023-03-29,1298.0002,1217.3336,1301.6666,1444.6669,3681.3336,6006.0007,6798.0006,6567.0009,5617.3341,5100.3339,4730.0003,4777.6673,4744.6671,4609.0003,4964.6671,5973.0009,6735.6673,7095.0011,7362.6678,6431.3341,5621.0006,5100.3339,4524.6671,2951.6669,114653.0129
1914,2023-03-30,1331.0001,1228.3337,1272.3334,1287.0001,3769.3336,5984.0008,7069.3343,6680.6673,5657.6673,5265.3341,4931.6673,4935.3339,4678.6674,4733.6671,4227.6673,4700.6674,4539.3338,5617.3341,5830.0006,6262.6674,5503.6673,4950.0009,4396.3335,2955.334,107807.3467
1915,2023-03-31,1327.3334,1261.3333,1430.0002,1430.0001,3685.0003,6064.6673,6728.3341,6196.6673,5771.3341,4788.6671,4557.6668,4561.3338,4697.0006,4524.6671,4807.0004,5885.0006,6541.3346,6798.0008,6750.3341,6255.3344,5397.3341,4521.0003,4385.3338,3138.667,111503.3456
1916,2023-04-01,1327.3336,1448.3332,1400.6668,1364.0001,3509.0003,5617.3343,6240.6673,5899.6677,5514.6674,4814.3341,4392.6671,4627.3338,4847.3339,5764.0006,6101.3341,5874.0006,6064.6677,5855.6671,5965.6676,5536.6674,4920.667,4319.3338,4117.667,2966.3339,108489.3464
1917,2023-04-02,832.3334,780.9999,924.0001,1177.0001,1668.3339,3311.0003,3512.6668,3248.667,3186.3338,3516.3338,3344.0003,3450.3336,3428.3338,3490.667,3644.6671,3930.6673,3960.0006,3894.0006,4022.3339,3864.6671,3769.3338,3765.6673,3428.3338,1488.6669,71639.3422
1918,2023-04-03,1294.3334,1312.6669,1184.3334,1287.0004,3600.667,6068.3338,6490.0009,6262.667,5558.6671,4884.0006,4521.0003,4865.6671,4873.0006,4796.0006,5192.0006,6061.0008,6556.0008,6695.3343,7223.3344,6743.0011,5496.3341,4678.6671,4301.0003,2896.6671,112841.6797
1919,2023-04-04,1342.0001,1199.0001,1345.6669,1474.0001,3692.3339,6237.0006,6647.6671,6218.6672,5892.3336,4953.6674,4656.667,4686.0006,4741.0004,4678.6674,4891.3336,5914.3341,6376.3341,6420.3338,6812.6676,6545.0008,5562.3339,4627.3338,4444.0005,2940.6671,112299.0117
1920,2023-04-05,1294.3334,1360.3334,1433.6668,1323.6668,3696.0006,6024.334,6482.6674,6200.3338,5492.6674,4583.3339,4598.0006,4484.3338,4612.6671,4543.0007,4770.3341,6035.3341,6369.0007,6754.0009,6754.0006,6325.0008,5148.0005,4700.6668,4293.6668,2834.3336,110113.6786
1921,2023-04-06,1290.6669,1202.6669,1228.3336,1265.0004,1782.0004,3285.3336,3505.3338,3333.0003,3285.3338,3593.3338,3707.0005,3626.3339,3633.6673,3956.3338,3850.0006,3795.0006,3839.0003,4110.3338,4231.3338,4022.334,3886.6671,3850.0003,3226.6671,1448.3334,74954.01
1922,2023-04-07,1261.3334,1224.6667,1331.0004,1437.3334,1796.6669,3131.3335,3336.667,3109.3336,3197.3338,3501.6671,3655.6671,3490.6673,3674.0006,3872.0004,3677.6668,4099.3336,3754.6668,3791.3338,4117.6673,3967.3341,3732.6671,3806.0006,3182.6673,1228.3336,73377.3422
1923,2023-04-08,58.6672,18.3337,143.0004,989.9999,3193.6671,4451.3336,4367.0004,4385.3338,4084.6668,4246.0003,4202.0004,4172.6668,4187.3338,4202.0003,4033.3338,4249.6673,4337.6668,4242.334,4385.3339,4598.0004,4257.0,4139.6671,3824.3338,2636.3335,83405.6751
1924,2023-04-09,740.6668,1059.6669,1026.6666,1048.6669,1884.6668,3289.0003,3399.0006,3138.6671,3395.3338,3501.6671,3487.0004,3663.0006,3655.6668,3681.3338,3824.3338,3839.0006,3846.3339,3985.6668,3897.6672,3945.3338,3714.3335,3688.6673,3421.0003,1525.3336,72658.6753
1925,2023-04-10,1294.3334,1199.0001,1243.0001,1209.9999,3450.3339,6141.6674,6618.3341,6460.6676,6031.6673,5052.6674,5074.6674,4898.6674,4865.6674,4810.667,4953.6676,6013.3341,6548.6674,7058.3341,6908.0011,6534.0012,5489.0003,4796.0006,4319.3338,2779.3339,113751.0145
1926,2023-04-11,1232.0004,1199.0001,1180.6666,1404.3334,3597.0003,6116.0007,6556.0006,6387.3342,5709.0006,5012.3339,4821.6671,4631.0006,4594.3335,4664.0006,4554.0004,5976.6676,6468.0009,7087.6676,7304.0008,6361.6674,5503.6673,4821.6673,4513.6671,2849.0004,112544.6794
1927,2023-04-12,1140.3336,1066.9999,1107.3337,1265.0002,3740.0003,6218.6674,6438.6673,6475.3339,5646.6674,5250.6673,4777.6673,4744.6668,4495.3338,4616.3339,4752.0006,5888.6674,6332.3344,7428.6674,6017.0009,6482.6676,5382.6668,4803.3339,4620.0007,2922.3336,111613.3461
1928,2023-04-13,1444.6668,1345.6666,1257.6666,1455.6666,3633.6668,6266.3344,6750.3342,6097.6672,5544.0004,5067.3338,4638.3338,4587.0004,4733.6671,4653.0006,4979.3339,6079.3341,6871.3344,6944.6676,7274.6679,6669.6676,5595.3338,4821.6673,4440.3338,2885.6668,114037.0125
1929,2023-04-14,1375.0001,1301.6668,1224.6669,1334.6666,3710.667,6075.6677,6779.6673,6633.0009,5881.3341,5173.6671,4851.0006,4620.0003,4583.3338,4957.3338,4781.3339,5918.0005,6541.3342,6768.6675,7373.6676,6277.3341,5335.0006,4678.6671,4334.0008,2816.0003,113325.6796
1930,2023-04-15,1312.6668,1177.0001,1338.3334,1393.3333,3424.6671,5327.6671,6288.3338,5866.6676,5657.667,4744.6671,4458.6673,4829.0006,5386.3338,6108.6676,6138.0006,6475.3343,5628.3341,6178.334,5566.0008,5518.3338,5012.3339,4315.6671,4348.667,3032.3339,109527.0121
1931,2023-04-16,1056.0001,861.6668,883.6669,935.0002,1290.6669,2812.3336,3021.3337,3142.3336,3083.6668,3351.3338,3245.0004,3380.6671,3435.667,3355.0006,3560.3338,3373.3338,3674.0006,3597.0005,3505.3338,3509.0004,3219.3338,3391.667,2896.6668,938.6669,65519.6749
1932,2023-04-17,1015.6672,1151.3332,1147.6672,1320.0,3637.334,6156.334,6552.334,6486.334,5844.6672,5151.6672,4836.334,4722.6672,4818.0012,4792.334,4935.334,5914.334,6614.668,6702.668,6919.0012,6332.334,5419.334,5041.6672,4290.0,2962.6672,112764.682
1933,2023-04-18,1338.3336,1221.0004,1239.3333,1349.3334,3611.6673,6182.0009,6768.6676,6633.0009,6200.3342,5104.0003,4898.6673,4964.6671,5019.6672,4953.6668,4979.3339,6097.6674,6123.3338,6904.3344,7260.0009,6545.0011,5591.6676,4836.3338,4576.0006,2959.0004,115357.0142
1934,2023-04-19,1279.6667,1276.0001,1184.3334,1525.3334,3677.6673,6193.0009,6743.0008,6490.0009,5679.6673,5111.3341,4744.6674,4924.3338,4755.6673,5082.0009,4851.0006,6068.3341,7150.0011,6900.6676,6996.0009,6537.6671,5687.0009,5016.0006,4433.0006,2911.3338,115217.6816
1935,2023-04-20,1136.6669,1085.3334,1118.3337,1286.9999,3736.3338,6365.3338,6878.6678,6794.3342,5943.6674,5239.6673,4979.3341,4873.0003,4979.3338,4799.6671,4836.3339,5910.6674,6732.0009,7344.3343,6996.0009,6746.6676,5595.3341,4909.6676,4381.6671,2999.3338,115668.6811
1936,2023-04-21,1298.0001,1356.6669,1290.6669,1422.6669,3729.0003,6266.3341,6834.6673,6838.3341,5511.0003,5133.3336,4829.0006,4521.0006,4634.6674,4825.3338,4843.6677,6207.6673,6974.0006,6684.3341,6919.0008,6552.3343,5258.0009,4704.3339,4510.0008,2860.0005,114004.0138
1937,2023-04-22,1239.3334,1114.6669,1184.3333,1536.3333,3586.0004,5448.6676,6281.0009,5764.0008,5155.3339,4532.0003,4213.0003,4466.0004,5126.0006,5778.6671,5657.6674,6317.6673,5800.6671,6112.3342,5723.6673,5357.0009,4994.0006,4235.0006,4018.6673,3028.667,106670.6789
1938,2023-04-23,1136.6668,986.3334,946.0001,1026.6667,1562.0004,3322.0006,3307.3336,3197.3336,3362.3339,3677.667,3670.3341,3608.0006,3732.6673,3714.3338,3619.0003,3498.0003,3725.3339,3622.6668,3714.3335,3978.3341,3978.3339,3828.0005,3285.3338,1543.6669,72042.6759
1939,2023-04-24,1195.3337,1338.3337,1349.3334,1261.3336,3512.6671,6171.0008,6684.3344,6442.3339,5723.6673,4803.3338,4656.6671,4715.3336,4895.0005,4649.3338,4766.6673,5921.6674,6156.3344,6358.0009,6941.0007,6259.0009,5423.0006,4473.3339,4121.3335,3072.6671,110891.0134
1940,2023-04-25,1320.0001,1404.3334,1309.0001,1382.3336,3586.0003,6105.0009,6713.6674,6226.0012,5492.6671,4821.6673,4748.3341,4957.3339,5166.3339,4726.3338,4913.3339,6200.3339,6592.6676,6933.6673,7227.0011,6416.6674,5188.3342,4708.0003,4293.6668,2687.6671,113120.3467
1941,2023-04-26,1202.6667,1265.0001,1213.6667,1224.6667,3256.0003,4961.0004,5100.3341,4293.6671,4583.3339,4154.3335,4026.0003,3846.334,4066.3341,3908.6674,3949.0003,4862.0004,4099.3335,5012.334,5723.6673,5206.6674,4612.6671,4231.3335,3714.3341,2790.3336,91303.6765
1942,2023-04-27,1206.334,1228.334,1224.6672,1331.0,3593.334,6306.668,6471.6672,6658.6672,6075.6672,5661.334,4649.334,4898.6672,4931.6672,4821.6672,5056.334,6409.334,6728.334,7377.334,7282.0012,6402.0012,6017.0012,4946.334,4143.334,2871.0,116292.016
1943,2023-04-28,1129.3333,1246.6669,1129.3337,1316.3333,3663.0004,6134.3343,6911.6673,6394.6676,5830.0006,4909.6674,4616.3338,4810.6673,4836.3341,4854.6674,5133.3339,6361.6672,7131.6676,6948.3342,6992.3346,6435.0006,5918.0006,4880.3338,4374.3338,2984.6671,114942.6808
1944,2023-04-29,1191.6666,1298.0002,1265.0001,1452.0004,3571.3339,5599.0007,6002.3341,6266.3341,5503.6673,4832.6674,4400.0003,4462.3339,5008.6674,5987.6677,5892.3338,6207.6676,6119.6673,5826.3339,5863.0004,5342.3341,4744.6674,4055.3336,4198.3335,3622.6673,108713.013
1945,2023-04-30,1587.6672,836.0,773.6672,953.3332,1811.334,3281.6672,3223.0,3351.334,3751.0,3908.6672,3875.6672,4015.0012,3901.334,3747.334,3765.6672,3780.334,3875.6672,3916.0012,4165.334,3868.334,3743.6672,3780.334,3512.6672,1441.0,74866.0124
1946,2023-05-01,1452.0004,1195.3336,1070.6669,1191.6668,1925.0,3560.3335,3450.3339,3248.6672,3523.6668,3688.6671,3791.3338,3677.6671,3996.6673,3817.0003,3732.667,3732.6676,3949.0006,3879.3338,4249.6673,4191.0006,4128.6671,3927.0005,3483.3338,1389.6666,76252.0096
1947,2023-05-02,1114.6669,1202.6669,1199.0002,1316.3337,3608.0004,6134.3338,6732.0008,6200.3344,5874.0006,5151.6676,5118.6671,4693.3336,4770.3336,4939.0009,4843.6674,6006.0007,6743.0009,6959.3343,6988.6677,6622.0005,5316.6671,4506.3338,4411.0006,2783.0001,113234.0136
1948,2023-05-03,1078.0004,1078.0001,1206.3337,1382.3334,3747.3338,6244.3339,6640.334,6328.6673,5811.6673,5093.0003,4950.0007,4858.3341,5038.0005,4832.6673,4961.0003,6200.3336,6713.6676,7769.6676,6977.6676,6552.3344,5371.6674,4513.6674,3725.3339,2834.3338,113908.6804
1949,2023-05-04,1752.6671,1191.6669,1151.3332,1294.3333,3608.0009,6182.0006,6713.6677,6761.3342,5896.0006,4986.6671,4429.3336,4660.3338,4880.3339,4605.3339,4854.6674,6017.0008,6695.3343,6416.6676,6952.0011,6457.0008,5566.0008,4660.3341,4231.3338,2691.3341,112654.6816
1950,2023-05-05,1147.6666,1136.6669,1136.6667,1276.0001,3556.6668,5925.3336,6684.3342,6288.3341,5767.6671,4818.0007,4554.0003,4554.0005,4730.0006,4649.3338,4939.0006,6171.0005,6548.6677,7432.3342,7087.6676,6391.0006,5771.3341,4873.0003,4502.6673,3036.0003,112977.3452
1951,2023-05-06,1217.3336,1213.6669,1129.3336,1221.0004,3472.3341,5573.3339,6031.6673,6020.6674,5533.0007,5074.6673,4458.6673,5041.6671,5445.0009,5940.0008,6167.3341,6662.3341,6647.6673,6237.0008,5808.0009,5390.0006,4825.3339,4312.0003,4341.3341,2933.3339,110696.6813
1952,2023-05-07,1206.3334,1110.9999,1257.6669,1334.6669,1683.0003,3384.3335,3413.6672,3230.3338,3127.6671,3366.0005,3505.3336,3699.6674,3692.3336,3395.3338,3721.6671,3956.3338,3912.3338,3890.3338,4048.0003,4044.3336,4011.3338,3982.0006,3582.3338,1305.3334,73861.3419
1953,2023-05-08,1092.6669,993.6666,993.6669,1085.3334,3582.3339,6277.3341,6618.334,6721.0006,5973.0003,4920.6674,4799.6674,4726.3338,4869.334,5012.3339,4810.6671,6083.0009,6827.3339,7300.3342,7153.6674,6816.3341,5507.3338,4587.0006,4363.3336,2860.0004,113974.6792
1954,2023-05-09,1210.0004,1166.0,1147.6668,1144.0004,3373.3335,5731.0009,6438.6676,6090.3341,5969.3338,5027.0008,4840.0006,4884.0006,4909.6674,4854.6676,5192.0005,6035.3339,6589.0011,7106.0009,7348.0011,6545.0006,5892.3341,4744.6671,4675.0006,3094.667,114007.6814
1955,2023-05-10,1228.3334,1140.3334,1114.6669,1257.6669,3553.0004,6185.6676,6625.6671,6435.0009,5947.3342,5239.6673,4777.6671,4730.0006,4825.3339,4858.3339,4957.3336,6174.6673,6783.3344,7252.6673,6999.6674,6860.3344,5599.0005,4884.0003,4381.6671,2867.3338,114678.6797
1956,2023-05-11,1448.3334,1331.0,1254.0001,1367.6668,3718.0005,6006.0006,6570.6676,6999.6674,5804.3341,5599.0008,5096.6671,4832.6676,5177.3341,5107.6674,5203.0004,6486.3341,6904.3341,6842.0011,7172.0011,6409.3338,5437.6673,4458.6671,4418.3339,2797.6672,116442.3476
1957,2023-05-12,1316.3337,1246.6668,1301.6669,1228.3334,3714.3338,5976.6674,6955.6676,6658.6676,5712.6671,5012.3338,4862.0008,4884.0006,4862.0004,4733.6671,4946.3339,5998.6673,6453.3341,7381.0008,7252.6674,6383.6673,5375.3339,4906.0009,4543.0006,2966.3336,114671.3468
1958,2023-05-13,1382.3334,1180.6667,1279.6668,1316.3337,3358.6671,5547.6673,6178.3344,6284.6671,5753.0007,4799.6671,4411.0005,4711.6668,5221.3338,6079.3341,6057.3341,6380.0008,6343.3336,6090.3341,5899.6674,5602.6671,4917.0006,4301.0006,4180.0003,2911.3336,110187.0117
1959,2023-05-14,1312.6669,1228.3333,1312.6672,1180.6666,1631.6671,3384.3335,3560.3338,3274.3336,3109.3339,3388.0004,3542.0003,3263.3335,3589.6671,3589.6673,3758.3338,3883.0006,3765.667,4070.0005,4374.3338,4081.0003,4007.6668,4029.6671,3630.0003,1320.0001,74286.6748
1960,2023-05-15,1151.3333,1085.3334,1155.0002,1235.6669,3571.3338,5903.3344,6112.3339,6537.6675,5866.6673,5239.6674,4873.0005,4517.3339,4774.0005,4979.3338,4865.6671,6138.0003,6790.6674,7051.0008,7300.3341,6856.6675,5822.6671,4924.3342,4462.3338,2937.0004,114150.6795
1961,2023-05-16,1334.6669,1202.6667,1228.3333,1250.3334,3578.6671,6273.6673,6677.0009,6391.0008,5976.6676,5115.0009,4840.0006,4752.0003,4942.6673,4678.6673,4928.0003,6281.0008,6941.0005,6735.6673,6739.3343,6380.0008,5441.3338,4616.334,4326.6668,2867.3336,113498.0126
1962,2023-05-17,1276.0004,1221.0001,1345.6666,1382.3336,3663.0004,5987.6673,7051.0008,6537.6673,5914.3344,5302.0005,4876.6673,4935.3338,5118.6671,4796.0009,4942.6673,6295.6674,7040.0009,7018.0012,7623.0011,6695.3343,5712.6673,4653.0004,4649.3338,3116.6668,117153.681
1963,2023-05-18,1232.0,1345.6672,1444.6672,1375.0,3666.6672,6248.0012,6974.0012,6266.334,6116.0012,5177.334,4697.0012,4913.334,4920.6672,4986.6672,5148.0012,6574.334,6552.334,7458.0012,7095.0012,6361.6672,5617.334,4906.0012,4528.334,2856.334,116460.6848
1964,2023-05-19,1367.6672,1290.6672,1375.0,1389.6672,3754.6672,6270.0012,6603.668,6556.0012,5599.0012,5353.334,5001.334,5041.6672,5155.334,4928.0012,5034.334,6119.6672,6878.668,6875.0012,6933.668,6732.0012,5705.334,4821.6672,4308.334,2955.334,116050.0196
1965,2023-05-20,1331.0,1312.6672,1250.3332,1290.6672,3501.6672,5448.6672,6152.6672,6130.668,5654.0012,4807.0012,4488.0,4678.6672,5265.334,5969.334,5958.334,6068.334,5866.6672,5925.334,5925.334,5159.0012,4730.0012,4264.334,4334.0012,2959.0,108471.0156
1966,2023-05-21,520.6669,0.0,0.0,0.0,0.0,0.0,0.0,0.0,0.0,0.0,0.0,0.0,0.0,11.0004,14.6672,14.6672,14.6672,14.6672,14.6672,14.6672,14.6672,14.6672,14.6672,22.0002,685.6723
1967,2023-05-22,979.0004,1452.0001,1452.0001,1228.3333,2031.3336,4326.6673,4557.667,4539.3336,4902.3338,4917.0005,4961.0003,5107.6673,4895.0003,5052.6672,4040.6671,5188.3341,5188.3339,5104.0007,5093.0006,5063.6673,4876.6674,4656.6671,3842.6671,1448.3336,94904.3437
1968,2023-05-23,1111.0002,1096.3334,1184.3336,1243.0002,3589.6668,5918.0006,6501.0006,6482.6676,6123.3344,4961.0006,4792.3341,4741.0006,4645.667,4671.3338,5016.0006,6229.6671,6138.0007,7282.0009,7128.0009,6717.3339,5859.3341,5030.6671,4275.3338,2955.3333,113692.3459
1969,2023-05-24,1228.3336,1330.9999,1155.0001,1356.6669,3501.6671,6163.6674,6633.0011,6284.6674,5624.6673,4957.3338,4851.0006,4785.0003,4777.6676,4810.6673,4994.0006,6226.0008,7102.3343,7241.6675,6735.6676,6578.0009,5298.3341,4664.0004,4543.0004,2764.6669,113608.0139
1970,2023-05-25,1202.6667,1107.3337,1147.6668,1363.9999,3677.6671,6310.3339,6713.6676,6607.3341,5910.6677,5030.6674,4832.6674,4869.3339,4953.6671,4381.6671,4913.3342,6009.6676,6695.3341,6827.3341,7142.6676,6471.6673,4704.3335,4198.3336,3890.3338,2845.3336,111807.6798
1971,2023-05-26,1356.6672,1422.6668,1441.0003,1305.3336,3600.6671,5881.3338,6600.0008,6167.334,5951.0008,5115.0008,4664.0006,4719.0006,4986.6671,4946.3341,4774.0006,6075.6673,6757.6674,6545.0009,7128.0011,6402.0009,5555.0006,4792.3339,4180.0008,2541.0002,112907.6813
1972,2023-05-27,1103.6669,1100.0002,1118.3333,1228.3333,3377.0006,5511.0008,6193.0006,6244.3341,5408.334,4788.6673,4436.667,4510.0003,5056.3336,5976.6674,5965.6674,6288.3343,5811.6673,5958.3341,5654.0009,5496.3344,4785.0003,4194.6671,4026.0003,2889.3336,107121.6791
1973,2023-05-28,1136.6669,1059.6668,1180.6666,1213.6669,1906.6672,4290.0004,4367.0003,4000.3338,3945.3338,4183.667,4279.0005,4051.6671,4400.0004,4396.3339,4653.0003,4972.0006,4675.0006,4796.0003,4121.3338,4550.3341,4579.6673,4627.3342,4187.3338,1430.0001,87002.6767
1974,2023-05-29,1264.9999,1213.6666,1287.0001,1320.0004,3457.6671,6163.6674,6431.3341,6284.6675,5643.0007,5118.6674,4880.3339,4909.6676,4667.6671,4708.0006,5060.0009,5467.0009,6559.6674,7318.6676,7062.0011,6325.0006,5250.6674,4770.3341,4304.6671,2676.6671,112145.0146
1975,2023-05-30,1136.6669,1092.6666,1129.3334,1180.6669,3058.0003,4733.6671,4968.3338,4704.3335,4444.0003,4037.0006,3846.3338,3949.0003,3908.6671,3901.3338,4088.3338,5045.3341,4770.3338,5426.6673,5525.6673,5258.0003,4576.0006,3993.0003,3729.0003,2625.3339,91127.6761
1976,2023-05-31,1074.3334,1107.3333,1133.0002,1294.3334,3109.3336,4825.3339,4983.0009,4568.6672,4447.6671,3956.3336,3824.3338,3941.6671,4246.0006,3868.3338,4011.3338,5206.6673,4737.334,5808.0008,5536.6676,5371.6674,4979.3339,4081.0003,3765.667,2984.6668,92862.0108
1977,2023-06-01,1496.0001,1279.6668,1136.6668,1298.0004,3087.3335,3923.3341,3553.0006,4671.3336,4158.0003,4110.3338,3773.0006,3879.3339,3828.0005,3872.0003,4040.6671,4825.3338,5324.0006,5602.6673,5551.3344,5269.0007,4605.334,3919.667,3732.6673,2555.667,89492.3445
1978,2023-06-02,1188.0,1151.3332,1107.3332,1210.0,3208.334,4653.0012,4939.0012,3714.334,3912.334,4136.0012,4070.0,3560.334,3703.334,3762.0,3919.6672,4920.6672,5346.0012,5727.334,5375.334,5115.0012,4711.6672,3809.6672,3688.6672,2607.0,89536.3464
1979,2023-06-03,1470.3336,1243.0001,1151.3333,1378.6666,3318.3336,5269.0006,5749.3338,5973.0009,5335.0008,4587.0003,4242.3336,4532.0004,5078.3336,5734.6671,5958.3342,6501.0009,5833.6674,5943.6673,6174.6674,5368.0003,4887.6674,4202.0006,4110.3338,3113.0003,107154.6779
1980,2023-06-04,1019.3332,18.3332,14.6672,14.6672,14.6672,14.6672,14.6672,14.6672,14.6672,14.6672,14.6672,3.6672,14.6672,14.6672,18.3332,14.6672,18.3332,14.6672,14.6672,18.3332,18.3332,18.3332,14.6672,14.6672,1367.6748
1981,2023-06-05,1169.6667,1136.6669,1151.3334,1118.3337,3446.6671,5808.0006,6266.3336,6354.3341,5415.6674,5107.6671,4539.3338,4440.334,4763.0003,4711.667,4686.0004,5822.6671,6405.6673,6834.6674,5914.3341,6347.0006,5313.0007,4568.6668,4176.3338,2786.6669,108284.0108
1982,2023-06-06,942.3334,707.6666,788.3336,1096.3336,3835.3335,6072.0009,6878.6676,6787.0009,5687.0007,4763.0003,4997.6674,4422.0004,4704.3338,4781.3339,4774.0006,5668.6671,6471.6673,7351.6676,7670.6676,6625.6679,5382.6674,4711.6673,4436.6671,2827.0004,112383.3469
1983,2023-06-07,1239.3332,1393.3334,1342.0001,1514.3336,3663.0003,6182.0009,6871.3341,6695.3341,6046.3341,5375.3338,4979.334,4766.6671,4876.6673,4946.3339,4972.0006,5932.6676,6438.6674,7186.6678,6658.6674,6735.6676,5500.0004,4957.3338,4341.334,2966.3336,115580.6801
1984,2023-06-08,1492.3336,1591.3334,1342.0001,1353.0001,3421.0003,5800.6671,6361.6673,6215.0006,5848.3339,5129.6674,4744.6671,4810.6673,4946.3338,4708.0003,4700.6671,5870.3341,6772.3343,6475.3339,7249.0008,6292.0008,5386.334,4616.3338,4165.3336,2863.6674,112156.0121
1985,2023-06-09,1199.0001,1154.9999,1140.3334,1419.0003,3718.0006,6072.0008,6724.6676,6376.3343,5921.6674,5096.6677,4935.3341,4627.3339,4807.0006,4975.6674,4807.0006,5940.0003,6743.0006,6860.3341,7670.6676,6823.6676,5804.334,4759.3335,4202.0003,2973.6671,114752.0138
1986,2023-06-10,1228.3332,1088.9999,1257.6669,1232.0001,3296.3339,5463.334,6328.6671,6171.0006,5833.6674,5159.0008,4697.0005,4964.6671,5327.667,5885.0005,6108.6676,6288.334,6174.6673,6031.6677,6086.6676,5562.3339,5027.0006,4638.3336,4187.3338,3058.0005,111096.3456
1987,2023-06-11,1276.0001,1187.9999,1162.3334,1224.6669,1756.3336,3124.0006,3237.6671,3193.667,3303.6668,3501.6671,3523.667,3512.6671,3670.3338,3391.6668,3501.6673,3688.6668,3545.6673,3710.6673,4337.6671,4172.6668,3960.0003,3978.3338,3413.6671,1363.9999,72739.3409
1988,2023-06-12,1037.6672,1048.6672,1023.0,1111.0,1675.6672,3138.6672,3428.334,3311.0,3835.334,3839.0,3960.0012,3828.0012,3912.334,3754.6672,3960.0,4026.0012,3993.0012,3978.334,4132.334,4040.6672,4073.6672,3861.0012,3435.6672,1147.6672,75551.6808
1989,2023-06-13,1191.6672,1034.0,1026.6672,1144.0,3564.0,5995.0012,6449.668,6776.0012,4781.334,4579.6672,4950.0012,4741.0012,4836.334,4854.6672,4788.6672,5899.6672,6402.0012,7014.334,6739.334,5181.0012,5888.668,4810.6672,4238.6672,2797.6672,109684.684
1990,2023-06-14,1188.0,1070.6672,1129.3332,1158.6672,3523.6672,6130.668,6900.668,6537.6672,5551.334,5159.0012,4851.0012,4781.334,4664.0012,4785.0012,4924.334,6171.0012,6823.6672,7348.0012,7172.0012,6475.334,5467.0012,4920.6672,4469.6672,2783.0,113985.6852
1991,2023-06-15,1221.0,1191.6672,1195.3332,1389.6672,3784.0012,6101.334,6842.0012,6405.668,6196.668,5085.6672,4807.0012,4913.334,4693.334,4730.0012,5071.0012,6017.0012,6834.668,7234.334,7256.334,6343.334,5635.668,4704.334,4535.6672,2852.6672,115041.6864
1992,2023-06-16,1305.3337,1169.6669,1173.3334,1298.0001,3685.0006,6094.0009,6446.0006,6442.3339,5423.0006,4176.3336,4587.0004,4766.6674,4539.3336,4543.0005,4638.3338,5885.0009,6457.0006,6629.3341,7073.0008,6508.3342,5646.6671,4829.0008,4495.3336,2775.6671,110586.6792
1993,2023-06-17,1272.3334,1301.6666,1375.0002,1235.6666,3333.0006,5302.0007,6138.0006,6072.0008,5489.0006,4675.0007,4180.0003,4403.6673,4990.3338,5753.0006,5921.6674,6013.3343,5610.0006,5797.0008,5808.0006,5313.0007,4814.3338,4389.0004,4037.0005,3545.6673,106769.6792
1994,2023-06-18,2794.0003,1155.0001,1136.6666,1155.0002,1551.0001,3329.3338,3413.6671,3391.6671,3461.3339,3681.3338,3784.0006,3791.3336,4015.0006,3897.6671,3846.3338,3908.6672,3820.667,3938.0003,4033.3338,4095.6674,3817.0006,3923.3338,3307.3335,1573.0004,76820.3427
1995,2023-06-19,1221.0002,1199.0004,1188.0001,1125.6667,1793.0004,3996.6668,4275.3338,4194.6672,4418.3339,4488.0003,4579.6673,4715.3342,4664.0007,4763.0004,4770.3338,4689.6671,4873.0006,4788.667,5166.3339,4792.3338,4587.0003,4532.0003,3927.0004,1514.3332,90262.3428
1996,2023-06-20,1210.0002,1316.3336,1242.9999,1246.6666,3494.3336,5965.6676,6567.0008,6365.3342,5665.0009,5199.3339,4865.6671,4638.3335,4711.6672,4913.3338,4935.3339,5991.3341,6809.0009,6757.6678,7744.0008,6442.3344,5448.6674,4832.6673,4290.0006,2702.3338,113355.0139
1997,2023-06-21,1195.3333,1180.6672,1235.6672,1301.6669,3769.3335,5848.3341,6706.3344,6068.3341,5921.6673,4902.3339,4524.6671,4777.6673,4656.6671,4616.3338,4807.0003,5896.0011,6633.0004,7329.6676,7069.3346,6713.6676,5734.6673,4997.6674,4400.0003,3032.3339,113318.3477
1998,2023-06-22,1378.6672,1466.6672,1195.334,1382.334,3769.334,5866.6672,6944.668,6424.0012,6046.334,5580.6672,4620.0012,4642.0012,4968.334,4737.334,4997.6672,6042.6672,6691.668,7032.668,7238.0012,6229.668,5723.6672,4979.334,4418.334,3087.334,115463.3532
1999,2023-06-23,1243.0002,1188.0004,1257.6669,1305.3334,3523.6668,5899.6674,6728.3342,6438.6676,5855.6677,5166.3341,4785.0007,4759.3336,4931.6674,4902.3339,4961.0006,6211.3339,6684.3346,7436.0011,7120.6679,6409.3341,5705.3341,4737.3338,4400.0006,2812.3336,114462.3486
2000,2023-06-24,1320.0,1195.3332,1393.334,1371.334,3245.0,5214.0012,5749.334,6152.6672,5467.0012,4825.334,4407.334,4814.334,5228.6672,5874.0012,6024.334,6174.668,5731.0012,5742.0012,5998.668,5694.334,4752.0,4033.334,4260.6672,3160.6672,107829.35
2001,2023-06-25,1327.3334,1210.0001,1239.3337,1529.0004,1925.0003,3571.3339,3707.0003,3314.667,3245.0006,3432.0003,3388.0003,3468.6671,3608.0003,3399.0003,3696.0006,3828.0006,3930.6671,3967.3339,4150.6671,3941.667,3754.6671,3732.667,3377.0003,1345.6669,74088.6756
2002,2023-06-26,1191.6669,1158.6667,1184.3336,1250.3334,3527.3338,5976.6674,6350.6671,6035.3341,5628.334,5342.3339,4524.6671,4546.6674,4469.6668,4572.3341,4671.3341,6061.0006,6798.0011,6937.3342,7296.6677,6449.6674,5628.3338,5005.0003,4491.667,3017.667,112115.6795
2003,2023-06-27,1206.3336,1188.0001,1114.6669,1224.6666,3025.0004,4928.0005,5415.6673,5012.3339,4213.0006,3974.6671,3853.6671,3729.0006,3659.3338,3696.0,3784.0006,4546.6673,5140.6671,5269.0003,5228.6674,4924.3339,4271.6671,3941.6674,3443.0005,2181.6672,88971.6773
2004,2023-06-28,1100.0001,1151.3334,1166.0,1301.6666,3567.667,5815.3338,6603.6674,6519.3344,5936.3339,5100.3338,4777.6671,5005.0009,4733.6673,4605.3339,5012.3341,5885.0006,6845.6676,7219.6673,7018.0008,6552.3338,5646.6674,4983.0007,4491.6671,3006.6668,114044.3458
2005,2023-06-29,1202.6667,1327.3336,1100.0001,1294.3333,3542.0003,5885.0008,6277.3344,6622.001,5936.3342,4990.3338,4649.3338,4854.667,4909.6671,4880.3338,5030.6671,6031.6674,6974.0009,6988.6676,7263.6678,6332.3341,5650.3341,5001.3339,4499.0003,3021.3336,114264.3467
2006,2023-06-30,1382.3337,1305.3334,1195.3337,1360.3334,3666.667,6156.3339,6794.334,6057.3342,6013.3341,5151.6673,4682.3338,4664.0003,4763.0003,4711.667,4825.3341,6306.6676,6559.6673,6743.0006,6974.0009,6354.3339,5357.0006,4704.3336,4653.0003,3556.6671,113938.0121
2007,2023-07-01,2024.0001,1316.3334,1217.3337,1191.6666,3325.6673,5452.3339,6028.0009,6552.3341,5591.6674,4708.0006,4561.3338,4840.0006,5236.0008,5896.0008,6024.3341,6259.0009,5936.3341,5907.0006,5734.6673,5335.0009,4821.6671,4436.6668,4235.0005,3050.6671,109681.0134
2008,2023-07-02,1217.3333,1140.3334,1169.6667,1136.6666,1723.3336,3017.6673,3362.3335,3285.3336,3674.0005,3751.0005,4029.6671,3864.6673,3875.6673,3875.6671,3923.3338,3791.3338,3919.6671,4242.3338,4147.0006,4334.0005,3989.3335,4007.667,3512.6671,1316.3336,76307.0086
2009,2023-07-03,1151.3332,1173.3332,1166.0,1147.6672,1606.0,3245.0,3384.334,3567.6672,3655.6672,3762.0012,3868.334,3894.0012,3912.334,3795.0,3798.6672,3960.0,3897.6672,4015.0012,4114.0012,3824.334,3886.6672,3839.0,3314.6672,1606.0,75584.6776
2010,2023-07-04,667.3332,766.3332,832.3332,1290.6672,3571.334,5888.6672,6794.334,6779.668,5804.334,5181.0012,5034.334,4854.6672,4722.6672,4854.6672,4931.6672,5881.334,6600.0012,6985.0012,6750.334,6658.668,5749.334,4858.334,4535.6672,3003.0,112995.6816
2011,2023-07-05,1078.0,667.3332,733.3332,1243.0,3641.0,6090.334,6834.6672,6578.0012,5679.668,5280.0012,4851.0012,4799.6672,4854.6672,5034.334,4821.6672,6039.0012,6856.668,7271.0012,6717.334,6589.0012,5566.0012,4660.334,4290.0012,2940.6672,113116.684
2012,2023-07-06,1254.0001,1213.6668,1294.3336,1246.6669,3626.3338,5423.0005,6057.3339,6889.6676,5617.3341,5104.0003,4755.667,5019.6671,4737.3338,4821.6671,4931.667,5921.6671,6596.3343,6985.0011,6897.0009,6108.6672,5287.3339,4711.6673,4220.3335,2966.3336,111686.6785
2013,2023-07-07,990.0002,858.0001,711.3337,751.6669,2922.3336,5478.0006,6079.3342,6039.0009,5217.6673,4502.6673,4326.6673,4172.667,4143.3336,4037.0007,4271.667,5221.3338,6332.3342,6361.6673,7080.3344,6079.3341,5016.0004,4037.0006,3740.0003,2354.0003,100723.3458
2014,2023-07-08,1015.6669,803.0001,704.0004,1151.3334,3248.6671,5225.0007,5848.3338,6182.0008,5448.6674,4719.0004,4524.6673,4645.667,5173.6673,5687.0004,5921.6673,5943.6677,5866.6674,6013.3336,5793.3344,5599.0007,4880.3338,4253.3338,4110.3339,3091.0006,105849.3462
2015,2023-07-09,821.3337,14.6672,14.6672,14.6672,14.6672,14.6672,14.6672,14.6672,14.6672,14.6672,14.6672,14.6672,14.6672,14.6672,14.6672,14.6672,14.6672,14.6672,18.3337,22.0002,14.6672,14.6672,14.6672,14.6672,1169.6788
2016,2023-07-10,14.6672,14.6672,14.6672,718.6669,3512.6672,6024.3339,6900.6676,6306.6676,5511.0006,5093.0003,5093.0006,4796.0006,4986.667,4840.0006,4950.0006,5863.0006,6479.0006,7362.6673,6754.0008,6413.0011,5562.334,4851.0006,4378.0003,2966.3335,109406.0139
2017,2023-07-11,1239.3337,1199.0002,1319.9999,1257.6669,3600.6668,5705.3341,5855.6673,6130.6677,5903.3339,4884.0003,4627.3338,4788.6673,5137.0006,4953.6668,4968.3338,6090.3341,6647.6676,7040.0011,6867.6674,6325.0004,5291.0004,5056.3341,4407.3338,2929.667,112225.679
2018,2023-07-12,1265.0002,1294.3336,1239.3334,1430.0,3476.0006,5826.3341,6966.6676,6812.6673,5514.6671,5261.6671,4576.0003,4678.6671,4781.3339,5118.6671,4858.3339,6138.0008,6904.3341,6662.3342,7395.6678,6394.6674,5918.0003,4953.6671,4583.3338,2904.0,114953.6788
2019,2023-07-13,1224.6672,1397.0,1129.3332,1261.3332,3589.6672,6105.0012,6743.0012,6284.6672,6031.668,4774.0012,4550.334,4752.0012,4726.334,4953.6672,4851.0012,5745.6672,6787.0012,7065.668,7164.668,6823.6672,5848.334,4832.6672,4231.334,3138.6672,114011.3512
2020,2023-07-14,1397.0,1173.334,1191.6672,1272.334,3542.0012,6156.334,6732.0012,6376.334,5951.0012,4994.0012,4704.334,4818.0012,4561.334,4700.6672,4579.6672,6207.6672,5353.334,6442.334,6981.334,6409.334,5393.6672,4825.334,4301.0012,2992.0,111056.0172
2021,2023-07-15,1400.6672,1312.6672,1166.0,1338.334,3351.334,5789.6672,5885.0012,5793.334,5580.6672,4700.6672,4301.0012,4818.0012,5441.334,5848.334,6226.0012,6207.6672,5877.6672,5984.0012,5826.334,5144.334,4557.6672,4242.334,4147.0012,3080.0,108020.0168
2022,2023-07-16,1195.3334,1089.0002,1096.3333,1158.6667,1708.6671,3036.0003,3351.3338,3388.0003,3512.6671,3505.3335,3560.3339,3674.0006,3806.0009,3769.3339,3571.3338,3864.6671,3952.667,3996.6671,4477.0003,3945.3338,4037.0006,3989.3336,3674.0003,1499.6668,74858.6754
2023,2023-07-17,1177.0004,1213.6669,1441.0004,1279.6666,3388.0003,5954.6676,6607.334,6754.0007,5826.3341,4942.6673,4803.334,4946.3339,4656.6668,4711.667,4884.0009,6171.0008,6486.3341,7223.3341,7241.6675,6519.3338,5775.0006,4682.3336,4348.6668,2907.6671,113941.6793
2024,2023-07-18,1235.6672,1265.0,1122.0,1228.3332,3652.0,6031.6672,6893.334,6695.334,5375.334,5401.0012,4939.0012,4917.0012,5192.0012,4891.334,5027.0012,5789.6672,6618.334,7117.0012,7201.334,6655.0012,5855.668,4869.334,4282.6672,2904.0,115159.0164
2025,2023-07-19,1320.0,1287.0002,1184.3336,1290.6668,3637.3336,6020.6674,6680.6674,6240.6677,5745.6676,5082.0009,4807.0006,4869.3339,4836.3339,4928.0003,4843.6671,5954.6671,6673.3341,7285.6675,6944.6674,6409.3338,5514.6676,4884.0005,4238.667,2867.3337,113545.6797
2026,2023-07-20,1294.3336,1037.6669,1012.0001,1114.6669,1811.3335,3399.0005,3531.0005,3600.667,3560.3338,3927.0006,3798.6671,3897.6674,3754.6674,3747.3338,3773.0006,3890.3339,3846.334,3828.0005,4341.3335,4297.3336,4165.3336,3971.0003,3534.6671,1360.3336,76494.0098
2027,2023-07-21,1283.3337,1290.6668,1283.3336,1301.6667,3344.0004,6002.3339,6629.3343,6138.0003,5918.0006,4818.0006,4730.0006,4821.6674,4733.6668,4766.6676,4345.0008,5859.3341,6625.6678,6871.3343,6849.3343,6603.6674,5349.667,4550.3341,4198.3339,2904.0003,111217.3473
2028,2023-07-22,1375.0004,1147.6672,1261.3334,1195.3336,3369.6669,5265.3338,6024.3341,6160.0009,5533.0004,4832.6671,4414.6671,4895.0003,5111.3338,5709.0009,6314.0009,5848.3342,6024.3341,5452.3339,5049.0003,5019.6671,4763.0004,4268.0004,3908.667,2904.0006,105845.6788
2029,2023-07-23,1312.6672,1177.0004,1092.6668,1107.3333,1716.0002,3248.6671,3421.0003,3369.667,3578.6671,3644.6671,3743.6668,3762.0004,3875.667,3941.6668,3864.6671,3707.0003,3978.3338,4048.0005,4356.0003,4231.3338,3963.6673,3930.667,3571.3335,1822.3336,76464.6747
2030,2023-07-24,1239.3334,1228.3334,1506.9999,1323.6669,3582.3338,6251.667,6831.0006,6358.0011,6024.3341,5111.334,4638.3338,4799.6671,4642.0,4755.6671,4854.6671,5606.3339,6779.6674,6959.3341,7256.3341,6779.6674,5866.6673,4913.3336,4304.667,2896.6668,114510.0109
2031,2023-07-25,1279.6669,1092.6668,1261.3332,1397.0001,3677.6673,6024.334,6680.6676,6416.6676,6083.0011,4968.3342,4968.334,4609.0008,4865.6673,4664.0003,4961.0006,5731.0007,6783.3343,7080.3338,7403.0011,6570.6676,5709.0006,4660.3339,4315.6673,2962.667,114165.3481
2032,2023-07-26,1323.6668,1169.6668,1235.6669,1242.9999,3355.0004,5892.3339,6647.6673,6519.3339,6160.0009,4876.6674,4455.0003,4627.3338,4634.6671,4543.0004,4939.0006,5844.6674,6680.6676,7117.0008,7432.3341,6867.6673,6108.6676,5063.6671,4330.3338,2999.3335,114066.3456
2033,2023-07-27,1202.6669,1158.6669,1125.6669,1202.6667,3479.6672,6108.6677,6548.6674,6548.6673,5665.0009,5291.0006,4781.3338,4466.0005,4869.3341,4748.3338,4840.0005,5797.0009,6358.0006,6816.3338,6017.0006,6196.6671,5676.0005,4711.6674,4341.3336,2904.0004,110854.3461
2034,2023-07-28,1268.6667,1136.6669,1158.6669,1363.9999,3322.0006,4796.0009,5610.0009,6024.3341,5514.6671,5269.0006,4781.3341,4700.6673,4638.3336,4792.3339,4968.3341,5808.0009,6952.0008,6743.0006,7080.3342,6644.0008,5709.0008,4803.3338,4161.667,2863.6671,110110.0136
2035,2023-07-29,1367.6669,1272.3334,1202.6667,1309.0002,3303.6673,5228.6674,6163.6674,5767.6671,5093.0005,4227.6671,4147.0003,4689.6672,4887.6673,5855.6673,5822.6676,5907.0009,5808.0008,5991.3336,5672.3341,5008.6673,4796.0006,4392.6671,4319.3339,3175.3341,105409.3461
2036,2023-07-30,1463.0,1114.6672,1100.0,1114.6672,1653.6672,3417.334,3384.334,3296.334,3696.0,3615.334,3699.6672,4125.0,4015.0012,3798.6672,3985.6672,3908.6672,3897.6672,4048.0012,4264.334,4205.6672,4125.0012,3993.0,3373.334,1738.0,77033.0124
2037,2023-07-31,1132.9999,1118.3336,1155.0002,1426.3336,3501.6669,6116.0006,6592.6676,6336.0007,5870.3342,5093.0004,4781.3338,4755.667,4906.0004,4821.6673,5038.0006,5980.3339,6262.6675,6798.0011,6908.0009,6383.6673,5320.3338,4678.6671,4572.3339,3014.0001,112563.0124
2038,2023-08-01,1386.0002,1375.0004,1254.0001,1261.3337,3813.3338,5863.0006,6020.6674,6662.3343,5844.6673,5027.0005,4799.6671,4821.6671,4858.3341,4704.3339,4953.667,5789.6671,6625.6676,7087.6676,6853.0008,6218.6673,5679.6677,4961.0005,4433.0003,3050.6673,113344.0137
2039,2023-08-02,1140.3334,1008.3337,1158.6667,1232.0001,3630.0006,6013.3339,6691.6676,6211.3338,5932.6673,4821.6673,4521.0005,4913.3341,4902.3338,4711.6671,4895.0006,6200.3341,6695.3341,7010.6678,7355.3341,6233.3341,5467.0007,4902.3341,4385.3338,3072.667,113105.6803
2040,2023-08-03,1246.6669,1221.0002,1265.0002,1283.3334,3512.6671,6262.6674,6581.6673,6534.0011,6009.6676,4865.6671,4928.0007,5221.3341,5056.334,4803.3338,5063.6674,5826.3341,5738.3339,5320.3341,5863.0005,5302.0003,4631.0003,4158.0004,3809.667,2999.3338,107503.0127
2041,2023-08-04,1213.6668,1089.0004,1133.0004,1367.6669,2918.6673,4726.3338,5019.6671,4803.3338,4477.0006,4000.3338,3769.334,3938.0003,3784.0003,3996.6671,4627.3338,5826.3344,6768.6674,7172.0008,7278.3342,6886.0008,5877.6672,4810.6671,3923.3341,2757.3336,102164.346
2042,2023-08-05,1279.6666,1217.3336,1301.6666,1400.6666,3333.0003,5393.6674,6204.0011,5789.6673,5390.0006,4851.0006,4583.3339,4913.3341,5338.6671,5782.3341,6244.3343,6497.3339,6024.3341,6226.0009,5833.6674,5485.3338,5236.0007,4711.6674,4279.0003,2999.3336,110315.3463
2043,2023-08-06,1382.3336,1356.6669,1301.6672,1349.3333,1738.0004,3391.6671,3457.6671,3545.6671,3703.3338,3974.6668,4235.0008,3809.6671,3839.0008,3989.3339,3930.6672,3982.0006,3960.0006,4022.3338,4110.3335,4073.6671,3846.3339,3934.3338,3982.0004,2849.0006,79764.6774
2044,2023-08-07,1331.0,1224.6672,1257.6672,1276.0,1690.334,3454.0,3890.334,3685.0,3721.6672,4044.334,3703.334,4590.6672,5188.334,5305.6672,5151.6672,5214.0012,5214.0012,5434.0012,5643.0012,5511.0012,4649.334,4389.0012,3754.6672,2966.334,92290.0156
2045,2023-08-08,1166.0,1052.3332,1261.3332,1283.3332,3542.0012,6101.334,6295.668,6174.668,6116.0012,5203.0012,5126.0012,5203.0012,5008.6672,4788.668,4755.6672,5881.334,6776.0012,7626.668,5855.668,6893.334,5866.6672,4755.6672,4271.6672,2988.334,113993.0188
2046,2023-08-09,1048.6672,1092.6672,1169.6672,1301.6672,3553.0012,6039.0012,6930.0012,6072.0012,5778.6672,5232.334,5001.334,4737.334,5008.6672,4950.0012,5012.334,5918.0012,7091.334,7007.0012,7505.668,6768.668,5606.334,4851.0012,4488.0,2867.334,115030.6868
2047,2023-08-10,1360.3336,1033.9999,1111.0001,1298.0002,3696.0006,6112.3341,6688.0008,6369.0008,6204.0006,5063.6673,4818.0003,4704.3338,4975.6673,4796.0006,4880.3338,6101.3341,6944.6676,6684.3341,7381.0008,6688.0008,6035.3339,5016.0006,4290.0006,3142.3339,115393.6802
2048,2023-08-11,1173.3336,1103.6668,1199.0001,1305.3334,3670.3338,6255.3339,6658.6676,6655.0006,6075.6677,4975.6671,4957.3338,4829.0005,4898.6674,4785.0004,4909.667,6233.3338,6765.0009,7069.3343,7322.3344,6721.0007,5929.0008,4873.0003,4249.667,3039.6668,115654.0127
2049,2023-08-12,1155.0001,1210.0004,1118.3334,1246.6669,3263.3339,5459.6668,6068.334,6050.0006,5705.3342,4920.6671,4550.3338,4550.3338,4979.3339,5998.6674,6017.0011,5841.0003,5830.0008,5753.0003,5976.6676,5327.6671,4803.3342,4081.0003,3974.6671,2867.3336,106747.6787
2050,2023-08-13,1345.6668,1294.3334,1041.3334,1147.6669,1686.6669,3234.0003,3373.3336,3545.6668,3589.6673,3663.0003,3905.0006,3725.3336,3714.3338,3776.6671,3780.3338,3963.6668,3879.3338,3850.0006,4033.3338,3993.0006,3930.6673,3945.3338,3487.0006,2203.6669,76109.0088
2051,2023-08-14,1144.0001,1067.0002,1045.0001,1140.3334,3373.3337,6050.0006,6856.6676,6878.6673,5760.3342,5030.6674,5236.0008,4957.3339,4825.3338,4711.6673,4939.0006,6006.0008,6728.3342,6684.3344,7256.3344,6585.3341,5555.0006,4902.3341,4378.0003,3135.0003,114246.0142
2052,2023-08-15,1356.6666,1331.0002,1144.0001,1243.0002,3571.3338,5492.6673,6739.3341,6149.0006,5745.6673,4880.3338,4744.6671,4667.6673,4788.6671,4770.3341,4950.0006,5804.3338,6548.6676,7010.6674,6845.6676,6574.334,5654.0006,4741.0006,4117.6673,2764.667,111635.3461
2053,2023-08-16,1162.3334,1140.3334,1165.9999,1290.6672,3674.0007,6141.6673,6622.0006,6578.0009,5870.3341,5265.3336,4770.3338,4741.0005,5019.6674,4521.0004,4843.6671,6024.3341,6479.0009,7201.3343,6699.0006,6306.6675,5492.6674,4796.0006,4242.3338,2926.0006,112973.6801
2054,2023-08-17,1257.6672,1140.3332,1107.3332,1349.334,3410.0,6284.6672,6801.668,6680.6672,5756.6672,4788.6672,4535.6672,4913.334,4697.0012,4781.334,5074.6672,6266.334,6519.334,7223.334,6981.334,6537.6672,5298.334,4682.334,4224.0012,3091.0,113402.6804
2055,2023-08-18,1349.334,1202.6672,1404.334,1320.0,3347.6672,5357.0012,6629.334,6134.334,5925.334,4876.6672,4796.0012,4601.6672,4730.0012,4796.0012,4770.334,5709.0012,6592.668,6970.334,7073.0012,6402.0012,5415.6672,4473.334,4290.0012,3091.0,111257.6856
2056,2023-08-19,1305.3332,1118.3332,1184.334,1323.6672,3047.0,5034.334,5599.0012,5789.668,5397.334,4612.6672,4110.334,4209.334,4961.0012,5536.6672,5962.0012,5452.334,5503.6672,5514.6672,5599.0012,5030.6672,4664.0012,4282.6672,3604.334,2735.334,101577.6828
2057,2023-08-20,1125.6672,1312.6672,1103.6672,1228.334,1734.334,3230.334,3406.334,3707.0012,3729.0012,3582.334,3611.6672,4007.6672,3872.0012,3842.6672,3824.334,3443.0012,3626.334,3824.334,3751.0012,3820.6672,3850.0012,3586.0012,3358.6672,1298.0,73876.018
2058,2023-08-21,1100.0001,1173.3332,1265.0002,1158.6669,1712.3336,3259.667,3501.667,3377.0003,3461.3338,3615.3335,3608.0003,3553.0005,3663.0003,3707.0006,3762.0003,3666.667,3710.6671,3846.3341,3875.6671,3890.334,3611.6671,3600.6671,3054.3336,1221.0004,72394.6751
2059,2023-08-22,1125.6669,1308.9999,1232.0002,1276.0001,3516.3339,6072.0006,6328.6673,3908.667,5665.0008,5118.6673,4741.0006,4557.6671,4829.0007,4979.3339,4598.0003,5910.6674,6218.6676,6548.6676,6721.0009,6138.0006,5302.0004,4297.3339,3923.3339,2735.3338,107052.0127
2060,2023-08-23,1397.0001,1250.3336,1261.3334,1287.0001,3347.6671,5430.3341,5401.0006,6097.6676,5723.6679,4788.6673,4326.667,4275.3338,4326.6668,4576.0008,4381.6668,5943.6673,6215.0009,6977.6674,6695.3344,6376.3341,4884.0003,4631.0003,4367.0003,2889.3338,106850.3458
2061,2023-08-24,1397.0001,1360.3333,1404.3334,1642.6669,3586.0005,5936.3339,6435.0006,6490.0006,5346.0008,5019.6671,4601.6671,4704.3336,4488.0006,4378.0005,4557.6668,5676.0006,6215.0003,7135.3341,7230.6678,6504.6673,5324.0009,5060.0009,4301.0003,3175.3336,111969.0116
2062,2023-08-25,1316.3334,1305.3332,1202.6669,1338.3336,3553.0006,6156.3341,6783.3343,6402.0006,5771.3341,4902.3335,4748.3338,4961.0006,4726.3338,4898.6673,5184.6671,5687.0009,6501.0008,7296.6677,6988.6674,6075.6673,5474.3338,4726.3338,4502.6671,3080.0003,113582.346
2063,2023-08-26,1301.6669,1268.6668,1213.6669,1217.3336,3190.0003,5210.3341,5951.0006,5874.0007,5624.6673,4568.6671,4334.0005,4891.3341,5060.0003,6024.3341,6112.3339,5595.3338,5463.3339,6013.3341,5775.0009,5316.6674,4634.6671,4352.3338,4117.6671,3113.0003,106223.3456
2064,2023-08-27,1078.0002,1074.3334,1210.0001,1052.3333,1642.6668,3355.0006,3637.3338,3575.0004,3344.0005,3905.0006,3846.3338,3791.3336,3853.6674,3868.3339,3780.3338,4018.6668,4018.6671,4110.3336,4202.0005,4114.0004,4125.0004,3927.0003,3479.6673,1492.3336,76501.3422
2065,2023-08-28,1158.6672,1147.6672,1265.0,1389.6672,3586.0012,6024.334,6585.334,6163.6672,5694.334,5514.668,4741.0012,4858.334,5250.6672,4865.6672,4847.334,5870.334,6570.6672,6325.0012,3560.334,1837.0,3391.6672,5555.0012,4546.6672,2948.0,103697.0156
2066,2023-08-29,1254.0,1140.3332,1261.334,1503.334,3644.6672,6002.334,6526.668,6402.0012,5822.6672,5320.334,4829.0012,4997.6672,5027.0,4810.6672,4733.6672,6317.6672,6508.334,7234.334,6985.0012,6761.334,5536.668,4818.0012,4330.334,3193.6672,114961.0164
2067,2023-08-30,1338.334,1184.3332,1206.3332,1503.334,3498.0012,6244.334,6699.0012,6222.334,6031.6672,5148.0012,4759.334,4818.0012,4759.334,4788.6672,4953.6672,5822.6672,7124.334,6996.0012,7656.0012,6288.334,5738.334,4935.334,4484.334,3219.334,115419.3504
2068,2023-08-31,1246.6668,1338.3334,1334.6666,1393.3336,3490.6671,5848.3342,6908.0009,6141.6677,6031.6674,5166.3339,4876.6671,4748.3338,5005.0006,4876.6672,5008.6671,6207.6676,6625.6673,7183.0009,6941.0009,6545.0009,5837.3343,4972.0005,4345.0003,3105.6671,115177.3472
2069,2023-09-01,1356.6672,1367.6672,1287.0001,1444.6666,3637.3338,6160.0009,6284.6674,6493.6673,5544.0005,5115.0008,4968.3342,4572.3338,4997.6673,4572.3341,4876.6671,6130.6674,6721.0008,6717.3341,7113.3344,6900.6674,5331.3338,4510.0006,4088.3338,3065.3335,113256.0141
2070,2023-09-02,1323.6667,1265.0001,1199.0001,1276.0002,3267.0003,5272.6671,5558.6672,6075.6671,5375.3339,4774.0006,4385.3338,4667.6674,5078.3338,5859.3339,5870.3341,5866.6671,6116.0011,6438.6674,5500.0006,5507.3341,4664.0005,4389.0005,3905.0006,3127.6674,106762.3456
2071,2023-09-03,1360.3336,1287.0001,1056.0001,1169.6667,1609.6671,3270.6671,3435.6668,3384.3341,3314.6671,3828.0004,3630.0003,3938.0009,3875.6673,3828.0006,3773.0005,3934.3336,3663.0005,3978.3339,4249.667,4007.6671,4073.6668,3846.3339,3747.3338,1609.6669,75870.6762
2072,2023-09-04,1323.6669,1257.6666,1195.3334,1316.3334,3428.3338,6024.3343,6629.3342,6402.0009,5866.6676,5173.667,4759.3338,4741.0,4763.0006,4737.3338,4693.3338,6053.6674,6409.3341,7601.0011,6948.3339,6735.6679,5492.6673,4895.0007,4422.0003,3028.6671,113897.6799
2073,2023-09-05,1334.6668,1242.9999,1232.0002,1298.0002,3699.667,5987.6673,6724.6677,6581.6673,5694.3338,5082.0006,4810.6671,4902.3339,5162.667,4781.3336,5250.6672,5987.6673,6570.6671,6783.334,6875.0011,6534.001,5375.3341,4895.0005,4414.6671,3087.3336,114308.3454
2074,2023-09-06,1276.0004,1243.0001,1198.9999,1268.6668,3424.6671,6174.6673,6713.6676,6193.0006,5665.0005,4671.3338,4792.3339,4539.3339,4638.3336,4583.3341,4656.6671,5932.6676,6391.0011,6955.6674,6508.3341,5401.0008,5760.3339,5082.0006,4224.0003,2937.0001,110231.0126
2075,2023-09-07,1224.6672,1195.3332,1338.3332,1298.0,3472.334,6200.334,6739.334,6416.6672,5910.6672,4920.6672,4616.334,4788.6672,4906.0012,4891.334,5071.0012,5881.334,6732.0012,7051.0012,7216.0012,6262.668,5379.0012,4818.0012,4462.334,2959.0,113751.0168
2076,2023-09-08,1217.3332,1162.3332,1125.6672,1254.0,3523.6672,6009.668,6717.334,6420.334,5833.668,5115.0012,4550.334,4737.334,4711.6672,4902.334,4891.334,5888.6672,6801.668,7403.0012,7036.334,6603.668,5599.0012,4862.0012,4367.0012,3006.6672,113740.0184
2077,2023-09-09,1334.6672,1257.6672,1221.0,1305.334,3351.334,5467.0012,5973.0012,6090.334,5613.6672,4975.6672,4554.0012,4880.334,5166.334,5811.6672,5976.6672,5874.0012,6149.0012,5588.0012,5646.668,5698.0012,4920.6672,4473.334,4110.334,3439.334,108878.0188
2078,2023-09-10,1437.3336,1276.0,1257.6668,1459.3335,1642.6666,3399.0004,3468.6673,3325.6671,3446.6671,3919.6674,3604.3336,3703.3338,3725.3338,3736.3336,3773.0004,3996.6671,3919.667,4029.667,4275.3335,4117.667,4070.0006,3974.6668,3578.667,1301.6671,76439.0081
2079,2023-09-11,1162.3336,1272.3336,1195.3337,1257.6669,3498.0005,5925.3338,6398.3344,6475.3344,5745.6674,5100.3338,4583.3339,4975.6668,4884.0006,4887.6671,4667.6671,6050.0006,6442.3339,7175.6673,6966.6674,6369.0012,5734.6676,4752.0006,4268.0003,3109.3339,112896.6804
2080,2023-09-12,1470.3333,1338.3333,1396.9999,1338.3334,3604.3335,6134.3342,6596.3341,6816.3343,5635.6676,5151.6671,4682.3339,4627.3338,4799.6674,4785.0008,4579.6673,6079.3341,6787.0009,7164.6676,5562.3342,5676.0004,5775.0007,4953.667,4330.3339,2981.0003,112266.013
2081,2023-09-13,1111.0002,1140.3334,1294.3334,1287.0002,3663.0006,6174.6671,6556.0008,6383.6678,5749.3338,4986.6673,4715.334,4876.667,4840.0006,4722.6674,4986.6673,6072.0006,6893.3342,7322.3343,7403.0013,6761.3342,5448.6674,4656.6674,4488.0005,3124.0004,114656.6812
2082,2023-09-14,1584.0001,1327.3334,1217.3334,1290.6666,3322.0003,5969.3338,6787.0008,6251.6671,5698.0007,4986.6673,4682.3338,4946.3339,4785.0006,4847.3341,5195.6674,5943.6676,6504.6671,7282.001,6633.0011,6673.3344,5496.3341,4876.6671,4403.6671,2819.6671,113523.6799
2083,2023-09-15,1323.6672,1169.6667,1213.6666,1228.3332,3494.3339,6317.6674,6717.3342,6361.6673,5716.3341,5309.3339,4953.6674,4895.0004,4895.0003,4642.0004,4755.667,5870.3344,6629.3344,6988.6678,7153.6676,6592.6676,5621.0009,4836.3338,4172.6668,3146.0003,114004.0136
2084,2023-09-16,1320.0002,1349.3337,1246.6667,1364.0001,3285.3339,5474.3341,5969.334,6039.0006,5547.6671,4774.0006,4187.3339,4583.3338,5302.0006,5841.0003,6288.3341,6138.0006,6200.3341,6075.6676,5844.6672,5375.3342,4851.0006,4601.667,4106.6671,3201.0,108966.0121
2085,2023-09-17,1525.3335,1184.3333,1173.3332,1155.0004,1741.6669,3410.0005,3534.6671,3465.0005,3868.334,3978.3336,3751.0006,3839.0006,4022.3336,4246.0005,3989.3338,4077.3338,3883.0003,4066.3338,4374.3338,4128.6673,4136.0006,3916.0003,3575.0006,1397.0004,78437.343
2086,2023-09-18,1158.6667,1118.3334,1276.0004,1250.3334,3388.0006,6156.3338,6655.0008,6284.6674,5525.6671,4997.6673,4675.0006,4744.6673,4711.6671,4774.0006,4649.3335,5932.6676,6834.6676,7205.0011,6926.3342,6482.6671,5635.6671,4561.3338,4352.3339,3395.3336,112691.346
2087,2023-09-19,2009.3336,1129.3333,1162.3337,1235.6668,3714.3333,6086.6676,6886.0009,6651.3338,5969.3338,5243.3338,4895.0003,4711.6673,4913.3341,4961.0003,4689.667,6068.3338,6629.3341,7201.3342,7326.0009,6636.6676,5734.6671,4759.3339,4378.0005,3105.6671,116097.6788
2088,2023-09-20,1206.3334,1228.3334,1206.3333,1276.0004,3479.6671,6024.3339,6695.3339,6853.0009,5844.6673,4920.6674,4884.0006,4887.6676,4642.0004,4759.3338,4880.3338,5995.0008,6677.0009,7546.0009,6820.0005,6688.0008,5705.3342,4631.0006,4378.0006,3102.0003,114330.3468
2089,2023-09-21,1243.0001,1147.6668,1220.9999,1158.6669,3468.6671,6006.0009,6765.0008,6101.3343,5921.6673,5019.6673,4429.3338,4917.0004,4708.0004,4799.6674,4847.3338,5789.6673,6541.3341,6750.3341,7274.6676,6567.0009,5621.0006,4884.0003,4425.6671,2907.6669,112515.3461
2090,2023-09-22,1026.6669,1078.0001,1107.3336,1162.3334,3468.6671,5998.6676,6596.3344,6024.3341,5877.6671,5221.334,4726.3341,4653.0007,4752.0009,4906.0004,5162.6673,6024.334,6812.6676,7128.0009,7190.3343,6339.6674,4631.0006,4458.6671,3978.3339,2713.3335,111037.681
2091,2023-09-23,1389.6669,1364.0002,1301.6666,1221.0001,2973.6671,4961.0006,6204.0006,5808.0006,5294.6673,4634.6674,4312.0004,4741.0006,5225.0004,6163.6677,6332.3342,6042.6673,6343.3342,6281.0006,6061.0006,5621.0006,4876.6673,3839.0003,4022.3336,3234.0003,108247.3455
2092,2023-09-24,1268.6668,1217.3337,1125.6666,1173.3333,1778.3333,3270.6671,3457.667,3256.0006,3531.0003,3663.0003,3780.3338,3688.6674,3674.0006,3916.0006,3813.3335,3853.6671,3377.0003,4099.3338,4029.6671,3703.3336,3850.0006,3938.0004,3454.0003,1352.9999,74272.008
2093,2023-09-25,1166.0,1155.0,1173.3332,1250.3332,3527.334,6002.334,6999.668,6684.334,6072.0012,4924.334,4964.6672,4854.6672,5019.6672,5221.334,5148.0012,6207.6672,6820.0012,7271.0012,7480.0012,6655.0012,5514.6672,4682.334,4304.6672,3069.0,116167.3488
2094,2023-09-26,1367.6669,1389.6669,1341.9999,1371.3334,3641.0006,6185.6671,6728.3342,6644.0006,5976.6676,4906.0007,4711.6671,4884.0006,5115.0005,4928.0006,5071.0009,6138.0009,6629.334,7194.0008,7447.0011,6882.3344,5683.3338,4928.0008,4458.6671,3201.0005,116823.681
2095,2023-09-27,759.0004,799.3334,773.6669,737.0001,3127.6669,5426.6674,6083.0006,6017.0004,5148.0006,4554.0004,4147.0005,4088.3338,4315.6668,4359.6671,4099.3335,5346.0006,5756.6671,6185.6674,6655.0011,5837.3339,4865.6674,4062.6671,3894.0003,2500.6668,99539.0105
2096,2023-09-28,836.0004,748.0002,722.3336,894.6666,2907.667,5459.6673,6204.0006,5778.6673,5228.6671,4411.0005,4183.6668,4088.3339,4022.3335,4227.6674,4330.3339,5199.3338,6218.6674,6354.3341,6959.3341,6288.3344,5001.3338,4315.6672,3545.6671,2665.6668,100591.3448
2097,2023-09-29,689.3336,586.6669,909.3336,1015.6666,3373.3338,5877.6674,5489.0008,6009.6676,5676.0011,4832.6671,4447.6674,4598.0006,4803.3339,4623.6671,4876.6671,6295.6676,6757.6676,7113.3342,7098.6674,6365.3341,5272.6671,4543.0006,4055.3341,2772.0003,108082.3476
2098,2023-09-30,1015.6672,1147.6666,1067.0004,1048.6667,3168.0006,5085.6671,5749.3339,5892.3341,5408.3341,4759.3339,4308.3338,4733.6676,5030.6674,5877.6674,6105.0006,5848.3341,5742.0009,5676.0006,5665.0006,5243.3339,4510.0005,4275.3339,4084.6668,3032.3338,104474.3465
2099,2023-10-01,1151.3332,935.0,1074.334,1133.0,1686.6672,3135.0,3402.6672,3307.334,3512.6672,3853.6672,3699.6672,3787.6672,3699.6672,3857.334,3743.6672,3824.334,3809.6672,4059.0012,4172.6672,4253.334,3945.334,3912.334,3509.0,1503.334,74968.6784
2100,2023-10-02,1118.3332,1122.0,1177.0,1217.3332,3619.0,5789.668,6900.668,6508.334,5496.334,5162.6672,4653.0012,4968.334,4983.0012,4807.0012,4851.0012,5954.668,6574.334,7194.0012,6941.0012,6823.668,5177.334,4293.6672,4620.0012,2915.0,112867.3512
2101,2023-10-03,1389.6672,1316.334,1320.0,1276.0,3575.0,5419.334,6581.668,6457.0012,5914.334,5100.334,4781.334,5005.0012,4664.0012,4565.0,4847.334,5764.0012,6611.0012,7025.334,7443.334,6702.668,5885.0012,4953.6672,4308.334,3058.0,113963.6836
2102,2023-10-04,1287.0,1316.3332,784.6672,1221.0,3696.0,6094.0012,6772.334,6108.668,5841.0012,4744.6672,4598.0012,4576.0012,4389.0012,4682.334,4623.6672,5819.0012,6552.334,7186.668,7432.334,6530.334,5375.334,4785.0012,4381.6672,3050.6672,111848.0176
2103,2023-10-05,1309.0,1235.6672,1188.0,1224.6672,3263.334,6167.334,6391.0012,6336.0012,5855.6672,4968.334,5144.334,5005.0012,4843.6672,4829.0012,4884.0012,5767.6672,6842.0012,6446.0012,7340.668,6589.0012,5723.6672,4631.0012,4429.334,2893.0,113307.352
2104,2023-10-06,1360.334,1210.0,1232.0,1235.6672,3560.334,5826.334,6827.334,6361.668,5778.6672,4961.0012,4532.0012,4682.334,4686.0012,4832.6672,4777.6672,5936.334,6845.668,6658.668,7274.6672,6446.0012,5335.0012,4642.0012,4249.6672,3098.334,112350.3524
2105,2023-10-07,1162.3332,1096.3332,986.3332,1327.334,3226.6672,5225.0012,5628.334,6123.334,5635.6672,4884.0012,4477.0012,4755.6672,4777.6672,5701.6672,6035.334,5951.0012,6075.668,5951.0012,5624.6672,5258.0012,4425.6672,4180.0012,3879.334,2885.6672,105273.6836
2106,2023-10-08,1287.0,1114.6672,1078.0,1180.6672,1690.334,3054.334,3461.334,3274.334,3512.6672,3615.334,3659.334,3798.6672,3993.0,4055.334,3641.0,3927.0012,3688.6672,4077.334,3930.6672,3919.6672,4081.0012,3883.0,3435.6672,1254.0,74613.012
2107,2023-10-09,1136.6672,1063.3332,1052.3332,1367.6672,3498.0,6248.0012,6772.334,6743.0012,5815.334,5342.334,4744.6672,4722.6672,5060.0012,5005.0012,5239.6672,5635.6672,6064.6672,6970.334,7447.0012,6867.668,5456.0012,4913.334,4524.6672,2915.0,114605.3492
2108,2023-10-10,1125.6672,982.6672,982.6672,1444.6672,3615.334,6006.0012,6831.0012,6658.6672,6105.0012,5430.334,4986.6672,4818.0012,4917.0012,4840.0012,5093.0012,5841.0012,6453.334,7142.668,7788.0012,6691.6672,5547.668,5060.0012,4165.334,3160.6672,115687.0216
2109,2023-10-11,1210.0,1166.0,1254.0,1382.3332,3443.0012,6281.0012,6801.6672,6853.0012,5731.0012,5496.334,4913.334,4825.334,4950.0012,5140.6672,5140.6672,5738.334,6226.0012,7190.334,7502.0012,7098.668,5892.334,4869.334,4620.0012,3010.334,116735.6844
2110,2023-10-12,1100.0,986.3332,1063.3332,1466.6672,3589.6672,5819.0012,6622.0012,6277.334,5518.334,5049.0012,4689.6672,4803.334,5049.0012,4946.334,5291.0012,6031.668,6281.0012,7117.0012,7604.668,6446.0012,5540.334,4616.334,4484.334,3116.6672,113509.0188
2111,2023-10-13,1111.0,1012.0,1301.6672,1353.0,3465.0012,6207.668,6629.334,6537.668,6020.668,5470.668,5118.6672,4994.0012,5159.0012,4961.0012,5181.0012,5639.334,6328.6672,7403.0012,7373.668,6541.334,5291.0012,4851.0012,4242.334,2970.0,115162.6872
2112,2023-10-14,1452.0,1265.0,1191.6672,1525.334,3292.6672,5430.334,5716.334,5929.0012,5375.334,4700.6672,4524.6672,4579.6672,5023.334,5848.334,5870.334,6189.334,5591.6672,5973.0012,5973.0012,5221.334,4814.334,4275.334,4297.334,2907.6672,106967.682
2113,2023-10-15,1151.3332,1096.3332,1103.6672,1195.3332,1727.0,3186.334,3512.6672,3578.6672,3681.334,3905.0012,3952.6672,3978.334,3960.0012,3773.0012,3718.0012,3791.334,3912.334,3831.6672,4220.334,4227.6672,3842.6672,3824.334,3490.6672,1294.3332,75955.0132
2114,2023-10-16,1107.3332,1118.3332,997.3332,1144.0,1595.0,3149.6672,3322.0,3340.334,3501.6672,3901.334,3872.0012,3729.0012,4117.6672,3652.0,3868.334,3897.6672,3791.334,4224.0012,4161.6672,4007.6672,3978.334,3872.0012,3549.334,1433.6672,75331.6788
2115,2023-10-17,1166.0,1103.6672,1206.3332,1144.0,3413.6672,6064.668,5280.0012,6270.0012,5621.0012,5441.334,4840.0012,4678.6672,5038.0,5096.6672,5254.334,5764.0012,6141.668,7307.668,7208.668,6281.0012,5401.0012,5170.0012,4469.6672,3014.0,112376.0188
2116,2023-10-18,1089.0,1103.6672,1092.6672,1147.6672,3388.0,6211.334,6728.334,6512.0012,6123.334,5239.6672,4594.334,5184.6672,5034.334,5041.6672,5118.6672,6134.334,6196.668,7021.668,7458.0012,6468.0012,5767.6672,5100.334,4477.0012,3010.334,115243.3504
2117,2023-10-19,1217.334,1136.6672,1166.0,1250.3332,3421.0,5254.334,6677.0012,6475.334,6116.0012,5397.334,4598.0012,5056.334,5067.334,5082.0012,5269.0012,5767.6672,6090.334,7425.0012,7252.668,6944.668,6189.334,5250.6672,4726.334,2966.334,115797.018
2118,2023-10-20,1232.0,1129.3332,1103.6672,1210.0,3424.6672,6116.0012,6372.668,6655.0012,5866.6672,5269.0012,4781.334,5001.334,5100.334,4968.334,5199.334,5771.334,6409.334,7458.0012,7080.334,6119.668,5522.0012,4634.6672,4642.0012,2797.6672,113864.6844
2119,2023-10-21,1228.3332,1188.0,1312.6672,1279.6672,3201.0,5478.0012,5848.334,5716.334,5507.334,4711.6672,4297.334,4535.6672,5254.334,6061.0012,5998.668,6288.334,5496.334,6053.6672,5650.334,5085.6672,4631.0012,4095.6672,3923.334,3043.334,105886.0152
2120,2023-10-22,979.0,905.6672,982.6672,1004.6672,1697.6672,3061.6672,3388.0,3410.0,3329.334,4007.6672,3729.0012,3795.0,3941.6672,3817.0012,3751.0012,3857.334,4110.334,3945.334,4048.0012,4172.6672,3864.6672,4018.6672,3549.334,1664.6672,75031.014
2121,2023-10-23,1345.6672,1371.334,1283.3332,1334.6672,3501.6672,6108.6672,6900.668,6361.668,5742.0012,5243.334,4906.0012,5049.0012,5126.0012,5173.6672,5360.668,5899.668,5775.0012,5991.334,6596.334,6420.334,5291.0012,4532.0012,4304.6672,2900.334,112519.0208
2122,2023-10-24,1199.0,1140.3332,1151.3332,1202.6672,3424.6672,6090.334,6974.0012,6933.668,6229.6672,5335.0012,5049.0,5060.0012,5060.0012,5041.6672,5151.6672,5789.6672,6075.6672,7139.0012,7315.0012,6530.334,5434.0012,4675.0012,4352.334,3047.0,115401.0164
2123,2023-10-25,1309.0,1243.0,1246.6672,1441.0,3450.334,6020.6672,7091.334,6893.334,5969.334,5166.334,4906.0012,4873.0012,5005.0012,5019.6672,5005.0012,5679.6672,6127.0012,7516.668,7593.668,6501.0012,5316.6672,4535.6672,4367.0,3017.6672,115294.6836
2124,2023-10-26,1320.0,1320.0,1257.6672,1320.0,3494.334,6376.334,6798.0012,6574.334,6002.334,5808.0012,4759.334,4869.334,5074.6672,5041.6672,5005.0012,5745.6672,6354.334,7036.334,6911.668,6240.6672,5613.6672,5089.334,4363.334,2819.6672,115195.682
2125,2023-10-27,1063.3332,1136.6672,1063.3332,1162.3332,3516.334,6248.0012,7051.0012,6831.0012,5789.6672,5151.6672,4719.0012,5008.6672,5038.0012,4785.0012,5258.0012,6006.0012,6369.0012,7175.6672,7601.0012,6739.334,5313.0012,4774.0012,4128.6672,2992.0,114920.6852
2126,2023-10-28,1177.0,1144.0,1166.0,1298.0,3124.0,5529.334,6090.334,6053.668,5745.6672,5023.334,4308.334,4781.334,5027.0012,6002.334,6266.334,5888.6672,5731.0012,5536.6672,5665.0012,5364.334,4601.6672,4440.334,4059.0,3120.334,107143.6804
2127,2023-10-29,1272.3332,1158.6672,1118.3332,1162.3332,1829.6672,3083.6672,3787.6672,3784.0,3703.334,3824.334,4532.0012,4499.0,4675.0012,4785.0012,4920.6672,5261.6672,5005.0012,4612.6672,4403.6672,4198.334,3809.6672,4121.334,3516.334,1580.334,84645.0132
2128,2023-10-30,1301.6672,1158.6672,1224.6672,1316.334,3300.0,6409.334,6750.334,6779.668,6028.0012,5467.0012,4832.6672,4576.0,5034.334,5001.334,5100.334,5811.6672,6141.668,6919.0012,6838.334,6636.668,5485.334,4810.6672,4279.0012,2907.6672,114110.3512
2129,2023-10-31,1210.0,1184.3332,1129.3332,1169.6672,3571.334,6046.334,6765.0012,6735.668,6185.668,5210.334,4994.0,4942.6672,5287.334,5052.6672,5349.668,5943.668,6424.0012,7311.334,7282.0012,5954.668,4656.6672,4444.0012,4484.334,3076.334,114411.018
2130,2023-11-01,1261.3332,1162.3332,1228.3332,1316.334,3417.334,6248.0012,6816.334,7003.334,6028.0012,5151.6672,5038.0012,4876.6672,5137.0012,4957.334,5276.334,5709.0012,6053.668,7300.334,6933.668,6405.6672,5349.6672,4418.334,4491.6672,2970.0,114550.3496
2131,2023-11-02,1199.0,1327.334,1184.3332,1609.6672,3274.334,6064.6672,6662.334,6508.334,5976.6672,5445.0012,4785.0012,4770.334,4884.0012,4975.6672,4766.6672,5437.6672,6112.334,6834.668,6944.668,6075.668,5089.334,4400.0012,4125.0012,2676.6672,111129.3516
2132,2023-11-03,1136.6672,1184.3332,1184.3332,1169.6672,3461.334,6013.334,6413.0012,6490.0012,5657.668,5335.0012,4997.6672,4788.6672,5027.0012,4858.334,5122.334,5764.0012,6248.0012,7157.334,6948.334,6501.0012,5254.334,4506.334,4000.334,2658.334,111877.3516
2133,2023-11-04,1290.6672,1199.0,1309.0,1422.6672,2966.334,5140.6672,5639.334,6035.334,5298.334,4671.334,4451.334,4590.6672,4766.6672,5654.0012,5720.0012,5687.0012,5705.334,5569.6672,5833.6672,4865.6672,4609.0012,4048.0012,3721.6672,2742.6672,102938.016
2134,2023-11-05,1169.6672,1180.6672,1089.0,1180.6672,1701.334,3168.0,3230.334,3512.6672,3230.334,3677.6672,3307.334,3366.0,3417.334,3641.0012,3692.334,3663.0012,3688.6672,3853.6672,3978.334,3718.0,3696.0,3648.334,3201.0,1294.3332,71305.678
2135,2023-11-06,1155.0,1085.3332,1199.0,1228.334,1767.334,3296.334,3413.6672,3509.0012,3351.334,3347.6672,3523.6672,3556.6672,3479.6672,3461.334,3688.6672,3707.0012,3652.0,3765.6672,4004.0012,3703.334,3806.0012,3454.0,3223.0,1411.6672,71789.6796
2136,2023-11-07,1070.6672,1166.0,1063.3332,1254.0,3234.0,5885.0012,6563.334,6680.668,5815.334,4913.334,4554.0012,4755.6672,4884.0012,4924.334,4979.334,5562.334,5606.334,6746.668,5874.0012,6200.334,5349.6672,4367.0012,4180.0012,2684.0,108313.35
2137,2023-11-08,1371.334,1140.3332,1261.3332,1400.6672,3483.334,6017.0012,6361.6672,6882.334,4473.334,5002.708,5078.104,5714.96,6553.21,6921.29,5441.8,5624.6672,6211.334,7051.0012,7190.334,6442.334,5188.334,4517.334,4253.334,2808.6672,116390.7496
2138,2023-11-09,1356.6672,1184.3332,1345.6672,1232.0,3259.6672,6024.334,6633.0012,6658.668,6006.0012,5239.6672,4741.0012,4810.6672,4953.6672,5023.334,5203.0012,5753.0012,6108.6672,6427.6672,6911.668,5954.6672,5023.334,4469.6672,4172.6672,2676.6672,111169.6836
2139,2023-11-10,1257.6672,1276.0,1257.6672,1404.334,3435.6672,6035.334,6812.668,5932.6672,5896.0012,5291.0012,4444.0012,4953.6672,5049.0012,4781.334,5162.6672,5709.0012,5855.6672,6904.334,6937.334,6420.334,5071.0012,4466.0012,4004.0012,2618.0,110975.352
2140,2023-11-11,1195.3332,1232.0,1320.0,1232.0,3080.0,5008.6672,5676.0012,5881.334,4957.334,4887.6672,4187.334,4348.6672,5170.0012,5269.0012,5533.0012,5734.668,5474.334,5987.6672,5232.334,5052.6672,4524.6672,4136.0012,3916.0,2819.6672,101856.3476
2141,2023-11-12,1188.0,1078.0,1096.3332,1177.0,1950.6672,3259.6672,3483.334,3366.0,3512.6672,3593.334,3762.0012,3721.6672,3622.6672,3575.0012,3817.0012,3839.0,3857.334,3850.0,3872.0012,4092.0,3736.334,3556.6672,3633.6672,1312.6672,73953.0116
2142,2023-11-13,1019.3332,993.6672,993.6672,1202.6672,1635.3332,3424.6672,3589.6672,3560.334,3355.0,3622.6672,3450.334,4110.334,3553.0,4011.334,4132.334,3897.6672,3769.334,3960.0012,3784.0,4117.6672,3886.6672,3740.0012,3380.6672,1312.6672,74503.012
2143,2023-11-14,1184.334,1276.0,1331.0,1386.0,3424.6672,6218.668,6486.334,6149.0012,6028.0012,4891.334,4807.0012,4700.6672,4990.334,5016.0012,5016.0012,5705.334,5720.0012,6959.334,6735.668,6156.334,4697.0012,4136.0012,3754.6672,3105.6672,109875.3524
2144,2023-11-15,1206.334,1122.0,1191.6672,1342.0,3586.0,5764.0012,6427.6672,5342.334,4323.0012,4902.334,4667.6672,5093.0012,5360.6672,5291.0012,5401.0012,5929.0012,6321.334,7377.334,7410.334,6607.334,5599.0012,4774.0012,4594.334,3017.6672,112651.0176
2145,2023-11-16,1309.0,1074.3332,1081.6672,1243.0,3410.0012,5225.0012,4994.0012,6380.0012,5404.6672,5393.6672,4994.0012,5030.6672,5005.0012,4924.334,5305.6672,5382.668,5951.0012,7212.334,7414.0012,6831.0012,5716.334,4869.334,4345.0012,2970.0,111466.6852
2146,2023-11-17,1191.6672,1056.0,1085.3332,1221.0,3421.0,5756.6672,6721.0012,6867.6672,5628.334,5276.334,5038.0012,5148.0012,5199.334,5096.6672,5375.334,6284.668,5929.0012,7425.0012,6941.0012,6266.334,5353.334,4708.0012,4414.6672,3160.6672,114565.0168
2147,2023-11-18,1217.3332,1129.334,1100.0,1294.334,3248.6672,5173.6672,6031.668,6248.0012,5760.334,5082.0012,4378.0012,4781.334,4983.0012,5789.6672,6094.0012,6145.334,5852.0012,5690.668,5632.0012,5082.0012,4484.334,4297.334,4304.6672,2944.334,106744.0196
2148,2023-11-19,1023.0,979.0,968.0,1048.6672,1763.6672,3164.334,3549.334,3355.0,3512.6672,3861.0012,3688.6672,3930.6672,3732.6672,3692.334,3868.334,3765.6672,3740.0,3868.334,4191.0012,3886.6672,3802.334,3600.6672,3351.334,1433.6672,73777.0124
2149,2023-11-20,1103.6672,1162.3332,1177.0,1224.6672,3545.6672,6178.334,7043.6672,6970.334,6134.334,5404.6672,4561.334,5060.0012,5078.334,4983.0012,5232.334,5756.6672,6108.6672,7472.668,7469.0012,6618.334,5353.334,4693.334,4319.334,2874.6672,115525.6824
2150,2023-11-21,1140.3332,1111.0,1184.3332,1136.6672,3322.0012,6068.334,6871.334,7036.3352,6119.6672,5379.0012,4931.6672,5247.0012,5316.6672,5254.334,5357.0012,6035.334,6222.334,7194.0012,6673.334,6651.334,5973.0012,4814.334,4568.6672,3076.334,116684.3508
2151,2023-11-22,1261.334,1188.0,1224.6672,1250.3332,3388.0,6288.334,6798.0012,6519.334,6200.334,5287.334,4858.334,5034.334,5166.334,5063.6672,5269.0012,5932.6672,6644.0012,7410.334,7212.334,6889.668,5580.6672,4843.6672,4517.334,3036.0,116864.0148
2152,2023-11-23,1195.3332,1151.3332,1202.6672,1279.6672,3322.0,6167.334,6790.668,6622.0012,5742.0012,5547.6672,4840.0012,4803.334,5265.334,5155.334,5159.0012,5797.0012,6226.0012,7252.668,7381.0012,6523.0012,5210.334,4678.6672,4411.0012,3413.6672,115137.0192
2153,2023-11-24,2031.334,1118.3332,1107.3332,1155.0,3333.0,6215.0012,6776.0012,6809.0012,5980.334,5302.0012,4865.668,4975.6672,5181.0012,5100.334,5430.334,5797.0012,6515.668,6948.334,7230.668,6262.6672,5126.0012,4656.6672,4359.6672,2911.334,115188.3516
2154,2023-11-25,1213.6672,1078.0,1067.0,1166.0,3153.334,5320.334,6141.6672,5918.0012,5129.6672,4730.0012,4436.6672,4649.334,4898.6672,5822.6672,6079.334,5855.6672,5998.668,5998.668,6075.668,5503.6672,4898.6672,4378.0012,4260.6672,3204.6672,106978.6828
2155,2023-11-26,1257.6672,1169.6672,1166.0,1177.0,1738.0,3223.0,3410.0,3388.0,3619.0,3945.334,3857.334,3787.6672,3842.6672,3883.0012,4125.0012,4249.6672,4007.6672,4051.6672,4308.334,4103.0012,4037.0,4242.334,3707.0,1268.6672,77564.6772
2156,2023-11-27,1136.6672,1041.3332,1063.3332,1254.0,3237.6672,6119.668,7069.334,6515.668,6101.334,5250.6672,5104.0012,5162.6672,5324.0012,5272.6672,5463.334,5984.0012,6372.668,7681.668,7377.334,6713.6672,5819.0012,4975.6672,4411.0012,3087.334,117538.6848
2157,2023-11-28,1144.0,1100.0,1177.0,1305.334,3351.334,6325.0012,6383.6672,6699.0012,5811.668,5368.0012,5192.0012,5305.6672,5192.0012,5232.334,5338.668,5698.0012,6306.6672,7410.334,7285.668,6508.334,5404.6672,4847.334,4312.0012,3050.6672,115749.3524
2158,2023-11-29,1327.3332,1162.334,1180.6672,1272.334,3435.6672,6262.668,6790.668,6666.0012,5841.0012,5463.334,4788.6672,4920.6672,4884.0012,4935.334,5313.0012,5870.334,6303.0012,6974.0012,7685.334,6735.6672,5701.6672,4972.0012,4290.0012,3124.0,115899.686
2159,2023-11-30,1444.6672,1217.3332,1364.0,1287.0,3347.6672,6130.6672,6431.334,6893.334,6009.668,5283.6672,5034.334,5100.334,5162.6672,5254.334,5426.6672,5954.668,6490.0012,7106.0012,6420.334,6556.0012,5738.334,4814.334,4506.334,3021.334,115995.016
2160,2023-12-01,1110.9999,1140.3333,1140.3337,1210.0001,3336.6673,6167.3344,6721.0009,6768.6674,6072.0009,5474.3339,5430.3338,5364.3338,5470.6674,5599.0008,5258.0006,6009.6674,6358.0009,6497.3341,7410.334,6409.3341,5452.3341,5067.3339,4425.6671,3446.6671,117340.6809
2161,2023-12-02,3014.0003,3135.0,2185.3337,1430.0001,3450.3341,5283.6676,5643.0009,5676.0007,5386.3341,4785.0003,4686.0005,5617.3342,6222.3341,6662.3339,6446.0006,6783.3342,6629.3338,6339.6671,6977.6676,6189.3339,5753.0008,4997.6673,4389.0003,3600.6671,121282.3472
2162,2023-12-03,2995.6671,3245.0003,2266.0003,1268.6667,1734.3335,3450.3336,3520.0006,3545.6671,3465.0003,3670.3338,3842.6671,3857.3339,3985.6668,4026.0006,4073.6671,4026.0005,3894.0004,4213.0003,4231.3338,4191.0003,4073.6673,3853.6673,3556.6671,1525.3336,82511.0094
2163,2023-12-04,1257.6672,1261.334,1151.3332,1334.6672,3498.0,6207.668,6743.0012,6431.334,5705.334,5437.6672,5089.334,5093.0012,4997.6672,5140.6672,5280.0012,6108.6672,6504.668,7084.0012,7516.668,6985.0012,5921.668,5107.6672,4587.0012,3025.0,117469.0188
2164,2023-12-05,1540.0,1235.6672,1279.6672,1364.0,3369.6672,6281.0012,6911.668,6581.668,6167.334,5426.6672,5199.334,5181.0012,5217.6672,5038.0012,5357.0012,5885.0012,6303.0012,7436.0012,7175.668,6816.334,5877.6672,5034.334,4389.0,2823.334,117890.6856
2165,2023-12-06,1125.6672,1210.0,1206.334,1217.3332,3377.0012,5291.0012,6281.0012,6277.334,5984.0012,4656.6672,4499.0012,4565.0,4887.6672,4913.334,5159.0012,5907.0012,6281.0012,7494.668,7329.668,6585.334,5613.6672,5060.0012,4502.6672,3142.334,112566.686
2166,2023-12-07,1320.0001,1422.6671,1206.3334,1378.6668,3351.3338,5874.0009,6270.0006,6493.6676,5940.0009,5305.6671,4587.0005,4913.3338,4972.0006,5027.0006,5195.6671,5899.6676,6504.6674,6805.3341,7106.0012,6490.0004,5654.0006,5019.6673,4183.6671,3813.3338,114733.6804
2167,2023-12-08,2797.6671,1118.3336,1081.6669,1360.3334,1734.3334,3274.3338,3582.3338,3487.0005,3545.667,3868.3336,3912.3338,3806.0006,3912.3338,3927.0003,4000.3336,4213.0006,4044.3339,4088.3341,4436.6673,4092.0004,3938.0007,3945.3335,3828.0006,2574.0003,80567.6766
2168,2023-12-09,1133.0001,1012.0001,1019.3336,1133.0001,2966.3339,5258.0006,5936.3338,6141.6672,5723.6674,5302.0006,4671.3338,5228.6671,5577.0006,6332.3341,6468.0006,6215.0009,6299.3342,6064.6673,6405.6673,6171.0006,5742.0008,5038.0005,4601.6672,3828.0008,114268.0132
2169,2023-12-10,3080.0004,1133.0004,1136.6668,1243.0002,1749.0001,3215.6671,3644.6672,3945.3339,3762.0007,3857.334,3960.0005,3828.0003,3813.3338,3905.0006,3956.3338,4007.6673,4033.3338,4132.3336,4297.3338,4293.6668,4187.3335,3967.3336,3523.6671,1459.3334,80131.3427
2170,2023-12-11,1140.3334,1121.9999,1166.0001,1386.0001,3267.0003,6295.6674,6897.0008,7267.3344,6134.3343,5896.0009,5232.3341,5342.3338,5008.6676,5239.667,5382.6671,5841.0006,5698.0006,6948.3344,7472.6678,6523.0009,5720.0004,4686.0005,4378.0003,2992.0005,117036.3472
2171,2023-12-12,1235.6669,1272.3336,1221.0001,1323.6669,3395.3338,6149.0009,6442.334,6721.0009,6020.6672,5269.0008,4994.0006,5107.6671,5148.0006,4953.6673,5159.0008,5940.0006,6130.6676,7524.0007,7322.3343,6402.0009,5338.6674,4964.6671,4359.667,3164.3335,115558.6806
2172,2023-12-13,1176.9999,1136.6666,1103.6666,1312.6666,3377.0006,6200.3341,6735.6676,6545.0009,6123.3341,5500.0003,5166.3339,4869.3338,5041.6673,5016.0003,5034.3339,5936.3338,6325.0003,7395.6676,7172.0011,6358.0008,5364.3339,4700.6674,4378.0003,3509.0006,115478.0123
2173,2023-12-14,1976.334,1188.0,1184.3332,1232.0,3318.334,6200.334,6739.334,5584.334,6372.6672,5148.0012,4906.0,5012.334,5247.0012,4935.334,5170.0012,5683.334,6072.0012,7329.668,7183.0012,7076.668,5800.6672,4836.334,4374.334,2885.6672,115456.0168
2174,2023-12-15,1221.0,1279.6672,1246.6672,1602.334,3586.0,6134.334,6633.0012,6842.0012,6248.0012,5357.0012,5129.6672,4964.6672,4972.0012,4843.6672,5162.6672,5602.668,6193.0012,7278.334,7465.3352,6684.334,5514.6672,4792.334,4385.334,4084.6672,117223.352
2175,2023-12-16,2794.0,1213.6672,1430.0,1481.334,3369.6672,5401.0012,5987.668,6556.0012,5804.334,5320.334,5089.334,5203.0012,5859.334,6563.334,6383.668,6644.0012,6523.0012,5327.6672,6207.668,5738.334,5291.0012,5078.334,4572.334,4040.6672,117879.686
2176,2023-12-17,2984.6668,1353.0001,1415.3336,1334.6666,1866.3336,3340.3338,3875.6668,3773.0003,3864.6673,4007.6671,4059.0003,4125.0006,4172.6672,4150.6673,4315.6671,4407.3338,4297.3335,4473.3338,4521.0007,4539.3339,4352.3338,4022.3338,3589.667,1573.0,84414.0088
2177,2023-12-18,1114.6666,1096.3332,1074.3336,1169.6669,3487.0003,6178.3341,6666.0007,6673.3341,5749.334,5298.3339,4862.0005,5063.6671,4920.6671,4950.0003,5111.3341,5676.0006,6119.6678,6416.667,7373.6673,6563.334,5639.3341,4730.0003,4620.0006,3230.3338,113784.012
2178,2023-12-19,1338.3334,1334.6666,1514.3336,1338.3334,3461.3336,6292.0003,6416.6673,6673.3346,5976.6673,5478.0009,5250.6673,5239.6673,5155.3338,5107.667,5327.6674,5826.3341,6585.3343,7436.0009,6798.0007,6633.0009,5316.6673,4939.0003,4510.0003,3113.0006,117062.0132
2179,2023-12-20,1437.3336,1243.0001,1246.6669,1613.3336,3450.3341,6226.0011,6669.6676,6757.6676,6156.3338,5331.3338,5184.6673,5056.3339,4935.3336,5034.3341,5214.0006,5833.6677,6039.0006,7465.3343,7131.6673,6794.3341,5844.6676,4807.0004,4400.0004,3215.6671,117087.6812
2180,2023-12-21,1283.334,1173.3332,1195.334,1272.334,3362.334,6259.0012,6614.6672,7252.668,5621.0012,5555.0012,4766.6672,5001.334,5107.6672,5151.6672,5544.0012,5918.0012,6493.668,7395.668,7355.334,7065.668,5760.334,4876.6672,4367.0012,3175.334,117568.0204
2181,2023-12-22,1382.3334,1433.6669,1309.0001,1342.0001,3197.3339,3791.3339,5162.6673,5797.0006,6090.3342,5338.6673,4920.6671,4873.0005,4994.0006,4858.3338,5184.6671,5951.0009,6156.3341,7260.001,7109.6674,6787.0008,5749.3341,5082.0003,4444.0003,3952.6671,112167.0128
2182,2023-12-23,2812.3336,1463.0004,1389.6666,1327.3332,3465.0004,5654.0006,5965.6676,4484.3338,5452.3341,5089.3339,4671.3336,5742.0004,5822.6674,6207.6674,6787.0006,6222.3341,6380.0008,6431.3344,6501.0008,6629.3338,5657.6671,4803.3338,4513.6671,3927.0005,117399.346
2183,2023-12-24,3039.6672,1283.334,1213.6672,1246.6672,1697.6672,3241.334,3699.6672,3567.6672,3883.0012,3780.334,4044.334,3674.0,3963.6672,3901.334,3879.334,3978.334,4249.6672,3982.0012,4187.334,4378.0,4121.334,3776.6672,1400.6672,1217.334,77407.0144
2184,2023-12-25,1202.6667,1199.0001,1202.6669,1202.6669,1763.6671,3080.0003,3256.0004,3391.6671,3468.6671,3575.0003,3644.6671,3714.3336,4004.0006,4051.6671,4026.0003,3974.6671,4128.6673,4246.0006,4363.3338,4304.667,4022.3336,3978.3338,3512.6673,1499.6668,76813.0089
2185,2023-12-26,1268.6666,1140.3333,1257.6669,1228.3337,3498.0007,5588.0006,6724.6676,6684.3341,5914.3339,4092.0003,4689.6671,5001.3342,4810.6673,5085.6673,5181.0005,6189.334,6574.3344,6860.3343,6963.0011,6508.3342,5324.0003,4656.6671,4370.6671,3054.3339,112665.6805
2186,2023-12-27,1400.6668,1444.6668,1430.0001,1338.3336,3556.6671,5925.3339,6618.3341,6552.3341,6152.6671,5474.3338,4836.3341,3938.0004,4535.6671,4488.0004,5056.3339,5401.0006,5980.3344,6552.3341,6864.0006,6372.6674,5353.3338,4788.6671,4304.6673,3135.0005,111499.6791
2187,2023-12-28,1342.0,1312.6672,1386.0,1386.0,3652.0012,5859.334,6721.0012,6922.668,6064.6672,5309.334,4645.6672,5390.0012,5287.334,5019.6672,5122.334,5595.334,6471.668,6779.668,6831.0012,6545.0012,5573.334,4990.334,4418.334,3142.334,115767.6848
2188,2023-12-29,1334.6669,1232.0002,1206.3332,1323.6666,3549.3336,5976.6674,6237.0009,6369.0011,6116.0006,5393.6673,4913.3338,5052.6671,4810.6671,4997.6676,5133.3339,5940.0008,6310.3338,6658.6671,6915.334,6207.6671,5709.0006,4942.6673,4396.3336,3120.3338,113846.3454
2189,2023-12-30,1279.6669,1224.6667,1298.0002,1507.0001,3428.3341,5547.6674,5929.0006,5778.6673,5657.6673,5049.0006,4821.6673,5753.0006,5962.0006,5760.3341,5749.3341,5518.3335,5423.0006,5434.0006,5448.6674,4917.0004,4836.3338,4513.6671,4308.3336,3113.0003,108258.3452
2190,2023-12-31,1224.6668,1169.6669,1221.0002,1261.3334,1708.6671,3160.6671,3355.0005,3498.0004,3468.667,3593.3338,3688.667,3754.6674,3927.0003,3956.3339,4169.0003,4103.0003,4095.6672,4139.6673,4216.6671,4235.0004,4147.0003,3644.667,1426.3336,1261.3334,74426.0087
2191,2024-01-01,1257.6672,1257.6672,1243.0,1246.6672,1741.6672,3039.6672,3424.6672,3171.6672,3435.6672,3538.334,3619.0,3670.334,3934.334,3989.334,3989.334,4055.334,4077.334,4099.334,4198.334,4315.6672,3853.6672,3817.0012,3534.6672,1602.334,76112.6804
2192,2024-01-02,1257.6672,1353.0,1279.6672,1378.6672,3659.334,5753.0012,6710.0012,6453.334,5943.668,5298.334,4898.668,5071.0012,4990.334,4851.0012,5313.0012,5745.6672,6233.334,6490.0012,6603.668,6215.0012,5474.334,4576.0012,4282.6672,2860.0012,112691.3548
2193,2024-01-03,1224.6667,1188.0004,1224.6669,1283.3336,3652.0008,5782.3336,6471.6674,6600.0009,5991.3344,5544.0005,4873.0006,4972.0006,5111.3342,4946.3341,5254.3339,5958.334,6424.0009,6655.0009,6798.0008,6178.3341,5412.0003,4884.0003,4539.3338,3201.0003,114169.014
2194,2024-01-04,1342.0001,1224.6669,1177.0001,1265.0001,3710.6671,5661.3341,6567.0008,6292.0006,6017.0006,5056.3341,4939.0003,4968.3338,4847.3338,4950.0006,5261.667,5782.334,6592.6673,6486.3344,6779.6674,6086.6674,5489.0006,4440.3338,4315.6673,3193.6671,112445.6793
2195,2024-01-05,1246.6667,1184.3334,1202.6666,1276.0001,3600.6668,5837.3341,6526.6674,6383.6676,5877.6673,5404.6673,4693.3338,5008.6671,4942.6673,4913.3338,5261.6674,5980.3344,6504.6673,6530.3339,6677.0006,6185.6674,5485.3341,4928.0006,4282.667,3094.6673,113028.6793
2196,2024-01-06,1312.6667,1375.0001,1290.6668,1250.3333,3179.0003,5404.6673,5863.0009,6207.6673,5595.3339,5078.3341,4590.667,4814.3336,5445.0009,5976.6673,6196.6671,6222.3339,6215.0009,6185.6676,5874.0009,6046.3343,5573.3341,4865.6671,4370.667,3377.0001,112310.0125
2197,2024-01-07,1422.6669,1232.0001,1191.6666,1221.0001,1807.6669,3230.3335,3890.3338,3703.3339,3831.6672,3967.3338,4136.0003,4044.334,3751.0006,3853.6671,4033.3335,3941.667,3883.0003,3996.6673,4117.6668,4253.3338,4227.6671,3868.3338,3476.0003,1430.0001,78510.6748
2198,2024-01-08,1257.6667,1169.6669,1158.6669,1217.3334,1840.6671,3087.3338,3718.0004,3773.0003,3666.6673,4033.3336,4092.0003,3967.3338,3993.0006,3846.3339,4029.6671,4040.667,4044.3339,4088.334,4319.3338,4194.6671,4194.6668,4018.6673,3417.3336,1331.0001,78499.6757
2199,2024-01-09,832.3337,909.3334,1334.6666,1342.0001,3252.3338,5998.6676,6691.6674,6728.3341,5914.3341,5162.6674,4876.6671,4785.0004,4957.3341,4928.0006,5159.0006,5705.334,6336.0006,7043.6677,7285.6676,6655.0008,5577.0006,4678.6668,4348.6671,3190.0003,113692.3465
2200,2024-01-10,1360.3332,1268.6668,1349.3336,1389.6669,3366.0003,6211.3341,6519.334,6625.6676,6039.0005,5166.3338,4598.0004,4884.0003,4902.3342,4887.6671,5144.3338,5855.6676,6237.0008,7058.3343,7630.3343,6904.3341,5577.0003,4865.667,4546.6671,3120.3335,115507.3456
2201,2024-01-11,1268.6667,1232.0002,1107.3334,1177.0004,3424.6668,6105.0009,6101.3342,5005.0006,4015.0003,4645.6674,5166.3339,4968.3341,4821.6671,4880.3341,5258.0009,5811.6674,6244.3338,7608.3344,7824.6673,6944.6676,5665.0006,4741.0003,4590.667,3028.6671,111635.3465
2202,2024-01-12,1334.6668,1111.0,1129.3333,1217.3334,3289.0004,6141.6677,6486.334,6501.0006,5973.0006,4986.6671,4480.6673,5012.3338,4814.3339,4891.3341,5144.3338,5753.0006,6328.6676,7106.0008,7505.6675,6431.3341,5327.6674,4700.6673,4341.3339,3087.3337,113094.6797
2203,2024-01-13,1140.3332,1144.0,1155.0,1210.0,3285.334,5621.0012,6039.0012,6442.334,5954.6672,5067.334,4697.0012,4957.334,5478.0012,5925.334,6424.0012,6409.334,6108.6672,6079.334,6028.0012,6035.334,5419.334,4924.334,4341.334,3281.6672,113168.016
2204,2024-01-14,1371.334,1107.3332,1107.3332,1147.6672,1778.334,3179.0,3608.0012,3494.334,3681.334,3974.6672,4066.334,3824.334,3769.334,3850.0,4055.334,3978.334,3905.0012,3905.0012,4147.0012,4286.334,4044.334,3989.334,3589.6672,1675.6672,77535.348
2205,2024-01-15,1367.6667,1312.6669,1162.3332,1393.3337,3267.0004,6218.6676,6460.6673,6468.0011,5932.6676,5309.3339,4994.0008,4990.3338,5001.3335,4928.0009,5012.3338,5819.0005,6310.3344,6416.6676,7179.3341,6479.0007,5602.6673,4814.3339,4554.0004,3061.6673,114055.3474
2206,2024-01-16,1224.6669,1290.6669,1294.3334,1430.0001,4059.0003,6688.0009,6849.3341,6783.3344,6042.6675,5309.3338,4634.6671,5012.3339,5016.0006,4920.6673,5093.0006,5723.6674,5782.3342,7366.3341,7351.6676,6548.6674,5390.0006,4667.6674,4425.6671,3245.0003,116149.0139
2207,2024-01-17,1323.6666,1158.6669,1165.9999,1213.6666,3402.6673,6189.3341,6607.3341,6629.3339,6108.6673,5382.6674,4675.0004,4818.0007,4851.0006,4869.3341,5225.0007,5815.3339,6350.6676,7612.0011,7861.3346,6765.0009,5712.667,4975.6671,4491.6668,3149.6671,116354.3467
2208,2024-01-18,1371.3333,1155.0004,1382.3334,1323.6671,3325.6671,5921.6673,6838.3339,6886.0009,5980.3339,5016.0003,4990.3338,5181.0006,5056.3342,4961.0006,5613.6675,5822.6673,6376.3341,7084.0009,7293.0008,6596.3342,5643.0007,4612.6671,4708.0006,3098.3338,116237.0138
2209,2024-01-19,1297.9999,1265.0004,1235.6666,1327.3337,3516.3336,6127.0008,6405.6676,6779.6674,6068.3344,5283.6673,4865.6671,4744.6672,5038.0006,4704.3341,5100.3338,5749.3342,6233.3341,7586.334,7062.0009,6079.3342,5404.6674,4744.6673,4356.0005,3116.6672,114092.0143
2210,2024-01-20,1265.0,1228.3332,1232.0,1265.0,2438.334,3322.0012,4158.0,5492.6672,5287.334,4810.6672,4389.0012,4825.334,5342.334,5958.334,6354.334,6295.668,6083.0012,5745.6672,6035.334,5870.334,5540.334,4664.0012,4532.0012,3076.334,105211.3488
2211,2024-01-21,1298.0,1221.0,1228.334,1210.0,1771.0,3325.6672,3736.334,3703.334,3494.334,3608.0,4029.6672,3872.0012,3641.0012,3696.0012,4007.6672,3901.334,3666.6672,3798.6672,3886.6672,4070.0,4088.334,4000.334,3413.6672,1367.6672,76035.6792
2212,2024-01-22,1114.6672,1147.6672,1312.6672,1345.6672,3358.6672,5995.0012,6640.334,6695.334,5987.6672,5379.0012,4829.0012,4854.6672,4847.334,4836.334,5481.668,5969.334,6266.334,6974.0012,7483.668,6556.0012,5430.334,4609.0012,4561.334,2959.0,114634.6856
2213,2024-01-23,1444.6672,1331.0,1268.6672,1356.6672,3289.0012,6424.0012,6695.334,6314.0012,5569.6672,4997.6672,4821.6672,4928.0012,4950.0012,4979.334,5423.0012,6149.0012,6420.334,6787.0012,6724.668,5969.334,5078.334,4645.6672,4444.0012,2387.0,112398.0192
2214,2024-01-24,1360.334,1419.0,1298.0,1444.6672,4462.334,6556.0012,6328.668,6361.668,5558.6672,5052.6672,5023.334,4946.334,4957.334,5126.0012,5591.6672,5976.668,6409.334,7117.0012,6871.334,6090.334,5056.334,4656.6672,4323.0,2354.0,114341.3496
2215,2024-01-25,1323.6669,1206.3336,1111.0002,1415.3332,4238.6671,6479.0006,6416.6672,5837.3342,5437.6674,4689.6671,4902.3339,4975.6676,5155.3338,5107.6676,5217.6676,6053.6673,6391.0006,7150.0013,7447.0006,6354.3344,5555.0008,4961.0004,4447.6671,2456.6669,114330.3474
2216,2024-01-26,1290.6666,1129.3336,1239.3336,1477.6667,4227.6671,5914.3341,6376.3339,5969.3341,5573.3338,4972.0003,4796.0006,4990.3338,5019.6676,4832.6671,5533.0003,5899.6673,6453.3341,7161.0011,7282.0011,6068.3344,5060.0003,4620.0004,4249.6673,2277.0006,112412.6798
2217,2024-01-27,1202.6666,1243.0,1173.3333,1481.3337,4055.3336,5551.3338,5672.3344,5932.6676,5111.3339,4880.3339,4312.0003,4887.6671,5393.6674,6031.667,5712.6673,5544.0006,5566.0006,6017.0006,5661.3338,5305.6671,4825.3339,4154.3339,3839.0003,2280.6672,105834.6779
2218,2024-01-28,1415.3336,1587.6669,1459.3336,1356.6669,2332.0006,3509.0004,3692.3339,3516.3336,3468.6668,3688.6673,3593.3338,3325.667,3417.3338,3428.3336,3681.3338,3347.6673,3322.0004,3439.3335,3597.0006,3956.3338,3864.667,3608.0006,2654.6668,1309.0001,72570.6757
2219,2024-01-29,1243.0001,1202.6672,1283.3336,1518.0001,4106.6673,6097.6676,6567.0007,6424.0009,5859.3342,4774.0003,4396.3339,4539.3338,4689.6673,4799.6671,5162.6671,5613.6674,6464.3341,6651.3341,6416.6676,6101.3341,5155.3338,4462.3339,4011.3339,2090.0006,109629.6807
2220,2024-01-30,1191.6667,1232.0002,1246.6667,1433.6669,4565.0003,6251.6674,6266.3341,6413.0006,5474.3338,5071.0006,4557.6673,4770.3341,4961.0009,4726.3339,5221.3341,5478.0006,6105.0011,7263.6676,6658.6678,5716.3341,4840.0005,4495.3338,3971.0003,2170.6672,110080.6806
2221,2024-01-31,927.6668,693.0001,832.3334,1356.6669,4139.6671,6284.6671,6259.0009,6479.0012,5078.3336,4627.3338,4623.6673,4568.6674,4656.6673,4741.0007,5452.3339,5511.0003,5951.0006,6783.334,6270.0006,5320.3342,4953.6671,4440.3338,4059.0003,2346.667,106355.3454
2222,2024-02-01,1419.0,1430.0,1338.3332,1551.0,4664.0,6383.6672,6647.668,6464.334,5826.334,5045.334,4840.0012,4953.6672,5008.6672,4854.6672,5236.0012,5599.0012,6336.0012,7300.334,6504.668,6174.668,5030.6672,4436.6672,4216.6672,2137.6672,113399.0156
2223,2024-02-02,1206.334,1180.6672,1166.0,1525.334,4466.0012,6317.668,6732.0012,6215.0012,5797.0012,5041.6672,4631.0012,4924.334,4953.6672,5045.334,5280.0012,5914.334,6475.334,7542.334,7172.0012,6149.0012,4766.6672,4678.6672,4220.334,2306.334,113707.0196
2224,2024-02-03,1213.6672,1287.0,1195.334,1448.334,4271.6672,5833.6672,6127.0012,6189.334,5533.0012,5056.334,4425.6672,4972.0012,5749.334,6244.334,6028.0012,5815.334,6042.6672,6336.0012,6189.334,5419.334,5155.334,4488.0012,4161.6672,2328.334,111510.6844
2225,2024-02-04,1279.6668,1136.6669,1136.6666,1184.3334,2394.3335,3549.3338,3721.6671,3699.6673,4517.3341,4928.0006,4946.3338,4968.3341,4810.6668,4931.6671,4902.3338,4876.667,4957.3338,5038.0003,5379.0006,5481.6676,5342.3341,4924.3336,3472.3335,1404.3336,92983.0098
2226,2024-02-05,1265.0002,1298.0002,1301.6667,1675.6671,4697.0003,6908.0008,6823.6676,6970.3341,5775.0006,4928.0003,4840.0006,4843.6674,5034.3341,4884.0004,5430.3341,6006.0009,6369.0008,7285.6676,7271.0009,6314.0005,5423.0009,4568.6673,4378.0006,2486.0001,116776.0141
2227,2024-02-06,1166.0004,1125.6669,1228.3334,1448.3339,4748.3338,6622.0009,6534.0009,6317.6673,5797.0006,4873.0006,4370.667,4660.3338,4766.6673,4792.3341,5221.3339,5764.0008,6317.6673,7109.6676,6842.0009,6141.6674,4869.3338,4748.3339,4385.3338,2405.3338,112255.0141
2228,2024-02-07,1312.6666,1389.6666,1257.6669,1613.3336,4634.6671,6493.6673,6504.6673,6332.3341,5503.6677,4733.667,4513.6671,4814.3341,4792.3339,4972.0006,5210.3339,5569.6671,6314.0006,6966.6677,7326.0009,6284.6673,4979.3338,4480.667,4319.3338,2420.0003,112739.0123
2229,2024-02-08,1158.6672,1136.6672,1184.3332,1503.334,4429.334,6783.334,6387.334,6486.334,5346.0012,4990.334,4568.6672,4902.334,5005.0012,4741.0012,5162.6672,5459.668,6039.0012,7256.334,7197.668,5650.334,4697.0012,4550.334,4341.334,2489.6672,111466.6852
2230,2024-02-09,1210.0001,1268.6667,1397.0001,1521.6669,4627.3341,6662.3338,6882.334,6798.001,5804.3339,5181.0006,4653.0006,4924.3336,5056.3338,4979.3339,5404.667,6039.0007,6992.3341,6977.6675,7131.6673,6383.6674,5133.3338,4843.6671,4374.3338,2434.667,116680.6788
2231,2024-02-10,1257.6669,1235.6668,1268.6668,1393.3333,4565.0009,5943.6676,6292.0004,6152.6674,5474.3341,4788.6671,4583.3336,4913.3339,5412.0006,5976.6671,6343.3341,6464.3338,5760.3342,6068.3339,5892.3338,5481.6676,4891.3336,4642.0003,4271.6671,2405.3333,111477.6782
2232,2024-02-11,1268.6672,1195.334,1349.334,1221.0,2313.6672,3714.334,3930.6672,3886.6672,3930.6672,4198.334,3978.334,3791.334,3732.6672,3831.6672,3960.0012,3806.0,3714.334,4011.334,4114.0012,4169.0012,4143.334,3934.334,2915.0,1477.6672,78587.6812
2233,2024-02-12,1408.0001,1375.0002,1298.0004,1573.0002,4678.6674,6900.6674,7113.3341,6567.0006,5723.6673,5067.3339,4671.3338,4829.0006,4884.0006,3982.0006,2805.0001,5126.0009,6493.6671,7333.3344,7868.6676,6757.6676,5540.3341,4950.0009,4557.667,2390.6669,113894.0138
2234,2024-02-13,1378.6666,1298.0002,1261.3333,1565.6671,4766.6671,6823.6674,6834.6673,6534.0011,5544.0005,4704.3338,4851.0003,5067.3341,5082.0008,5192.0006,5470.6671,5987.6676,6391.0006,7337.0009,7230.6676,6336.0009,5305.6671,5008.6671,4704.3341,2427.3338,117102.347
2235,2024-02-14,1246.6669,1297.9999,1199.0004,1474.0001,4708.0006,6746.6672,6394.6675,6435.0009,5489.0006,4953.6671,4627.3339,4836.3341,4939.0006,4847.3338,5397.3338,5804.3341,6530.3339,7337.0012,7172.0011,6237.0007,5247.0009,4865.6673,4587.0006,2302.6668,114675.014
2236,2024-02-15,1224.6667,1133.0001,1089.0002,1499.6671,4627.3339,6662.3341,6732.0008,6515.6676,5635.6674,4909.667,4788.6671,4917.0005,5078.3338,5188.3341,5470.6676,5815.3339,6343.3341,7157.3344,7227.0009,6435.0008,5474.3339,4792.3338,4777.6673,2405.3334,115899.6805
2237,2024-02-16,1133.0004,1265.0001,1143.9999,1441.0004,4660.3338,6754.0006,6754.0011,6845.6673,5371.6671,5129.6674,4605.334,4664.0006,4770.3336,4719.0003,5243.3341,5430.3341,6530.3342,7021.6676,7329.6676,6376.3341,5243.3339,4715.3339,4447.6671,2420.0004,114015.0136
2238,2024-02-17,1162.3333,1143.9999,1180.6666,1675.6668,4583.3336,6086.6674,6398.3344,6317.6676,5522.0009,4913.3338,4656.667,4832.6668,5441.3341,5962.0006,6068.3343,5888.6674,6024.3344,5866.6674,4968.3339,4623.6671,4235.0005,4224.0003,4279.0006,2390.6669,108445.3456
2239,2024-02-18,1140.3334,1070.6669,1023.0001,1085.3336,2376.0006,3758.3338,4051.6673,3839.0006,4161.6671,4194.6673,4066.3338,3813.3341,3831.6671,4029.6673,4044.3338,4103.0003,4048.0006,4029.6671,4271.6671,4238.667,4165.3338,3934.3335,3102.0005,1206.3334,79585.0101
2240,2024-02-19,1096.3332,1078.0,1158.6672,1562.0,4616.334,6669.6672,6743.0012,6933.668,5672.334,5104.0012,4730.0012,4832.6672,4935.334,4847.334,5254.334,5492.6672,6244.334,6926.334,7095.0012,6266.334,5302.0012,4546.6672,4359.6672,2548.334,114015.0164
2241,2024-02-20,1140.3332,1118.3332,1301.6672,1499.6672,4737.334,6911.668,7062.0012,6035.334,5808.0012,5060.0012,4535.6672,5008.6672,5074.6672,5041.6672,5474.334,5984.0012,6545.0012,7674.334,7355.334,6798.0012,5313.0012,4979.334,4645.6672,2368.6672,117472.6844
2242,2024-02-21,1173.3332,1125.6672,1129.3332,1657.334,4730.0012,6805.334,6101.334,5071.0012,5808.0012,5287.334,4781.334,4708.0012,4931.6672,4924.334,5324.0012,5782.334,6548.6672,7249.0012,7373.668,6292.0012,5313.0012,4730.0012,4719.0012,2383.334,113949.02
2243,2024-02-22,880.0004,722.3336,681.9999,1415.3337,4825.3336,6911.6676,7150.0008,6827.3343,5976.6676,5195.6673,4627.3338,4931.6671,4994.0007,4953.6674,5280.0009,5687.0006,6658.6674,7527.6676,7293.0006,6662.3344,5379.0006,4964.6673,4686.0006,2332.0003,116563.3481
2244,2024-02-23,1154.9999,1213.6668,1129.3337,1386.0002,4495.334,6897.0006,6691.6678,6490.0006,5448.6674,4895.0003,4722.6672,4876.6671,4902.3336,4972.0004,5423.0003,5859.3341,6409.3341,7304.0008,7414.0009,6248.0011,4873.0006,4799.6674,4550.3338,2475.0005,114631.0132
2245,2024-02-24,1180.6666,1195.3334,1100.0001,1466.6668,4004.0004,5932.6679,6332.3341,6222.3341,5690.6673,5276.3338,4686.0006,5049.0003,5654.0006,6259.0006,6171.0009,6233.3339,6130.6673,6020.6674,5346.0006,5331.3339,4975.6671,4836.3339,4433.0003,2511.6668,112038.6787
2246,2024-02-25,1320.0002,1228.3334,1220.9999,1199.0004,2500.6668,3912.3339,4202.0004,4147.0005,4055.3338,4249.667,4297.3336,4103.0006,4117.6671,4205.6673,4319.3339,4381.667,4099.3339,4205.6668,4275.3336,4389.0003,4345.0006,4143.3338,3120.3336,1199.0002,83237.0086
2247,2024-02-26,1070.6666,1067.0002,1125.6669,1547.3334,4671.3338,6523.0008,7065.6677,7018.0008,5914.3341,5287.3341,4902.3338,5049.0005,5177.3341,5082.0006,5489.0006,5738.3338,6380.0006,7384.6676,6959.3344,6519.3341,5221.3336,4851.0006,4543.0005,2420.0004,117007.0136
2248,2024-02-27,1147.6666,1107.3334,1070.6669,1444.6669,4733.667,6640.3341,6743.0008,6809.0005,5745.6671,5118.667,4807.0006,4920.6673,5144.3341,4979.3339,5375.3341,5888.6674,6508.3341,7733.0006,7256.3344,6523.0003,5489.0003,4964.667,4378.0004,2372.3336,116900.6784
2249,2024-02-28,1140.3332,1070.6666,1283.3334,1419.0004,4766.667,6963.0006,5822.6673,6611.0011,5716.3341,5129.6673,4660.3341,5056.3341,4917.0005,5045.3338,5430.3342,5965.6673,6754.0006,7432.3339,7362.6676,6391.0009,5412.0006,4876.667,4590.6673,2339.3336,116156.3465
2250,2024-02-29,1166.0,1103.6672,1107.3332,1481.334,4913.334,7249.0012,7425.0012,6567.0012,5749.334,5016.0012,4950.0012,4972.0012,4847.334,4935.334,5456.0012,5855.6672,6369.0012,7410.334,7318.6672,6490.0012,5536.6672,4741.0012,4513.6672,2420.0,117593.6852
2251,2024-03-01,1147.6672,1078.0,1070.6672,1474.0,4832.6672,7021.668,7227.0012,6937.334,5749.334,5192.0012,4763.0012,4953.6672,4843.6672,4843.6672,5206.668,5709.0012,6702.668,7450.668,7458.0012,6519.334,5503.6672,4836.334,4473.334,2280.6672,117274.6856
2252,2024-03-02,1166.0,1023.0,1056.0,1558.334,4642.0012,6563.334,6365.334,6603.668,5170.0012,4843.6672,4554.0012,4990.334,5606.334,6152.668,6369.0012,6262.668,6042.6672,5448.6672,5133.334,4693.334,4642.0012,4583.334,4367.0012,2295.334,110132.0188
2253,2024-03-03,1199.0,1155.0,1026.6672,1180.6672,2522.6672,3828.0,4037.0,4066.334,4125.0012,4381.6672,3974.6672,4011.334,3721.6672,3861.0012,4004.0012,3919.6672,3652.0,3996.6672,4293.6672,4561.334,4246.0012,4176.334,2962.6672,1199.0,80102.0128
2254,2024-03-04,1129.3334,1100.0002,1107.3336,1631.6669,4686.0003,6915.3341,6948.3341,6937.3344,5837.3341,4898.6671,4770.3339,4865.6673,4832.6672,4920.6673,5342.3338,5668.6673,6559.6676,7575.3343,7293.0008,6354.3341,5349.6677,4840.0005,4304.6671,2324.6668,116193.0139
2255,2024-03-05,1136.6668,1272.3334,1151.3333,1631.6668,4744.6674,6897.0008,6794.334,7333.3347,5888.6673,5459.6673,5269.0004,4719.0006,4598.0003,4917.0004,5030.6673,5808.0006,6724.6676,7535.0007,7483.6676,6611.0009,5133.3341,4847.3341,4543.0007,2526.3336,118055.6807
2256,2024-03-06,1213.6669,1195.3334,1206.3334,1595.0003,4821.6673,7340.6676,7494.6676,6871.3341,5859.3341,5393.667,4979.334,4909.6671,4895.0006,4968.3339,5441.3335,5723.6673,6273.6673,7216.0011,7234.3344,6255.3343,5151.667,4744.6674,4488.0006,2500.6671,117773.3473
2257,2024-03-07,1202.6669,1111.0001,1136.6669,1529.0001,4792.3338,7098.6674,7073.0011,6985.0009,5973.0009,5360.6673,5115.0006,4616.3338,4880.3339,4950.0003,5335.0006,5782.3341,6347.0008,7377.3341,6831.0009,6306.6676,5371.6674,4891.3338,4634.6674,2313.6668,117014.3475
2258,2024-03-08,1173.3336,1140.3337,1217.3334,1433.6668,4994.0005,7139.0013,7234.3341,6622.0007,5943.6673,5049.0007,4807.0006,4865.6671,5016.0006,4744.6671,4931.6674,5272.6671,6702.6676,7487.3341,6981.3344,6050.0008,5247.0006,4620.0004,4407.3335,2442.0006,115522.014
2259,2024-03-09,1202.6666,1107.3334,1155.0001,1540.0001,4576.0003,6094.0009,6691.6675,6603.6676,5786.0008,5063.6671,4598.0003,4799.667,5529.3338,5133.3339,4392.6671,5760.3341,5940.0008,5566.0006,5529.3341,5357.0008,5210.3339,5052.6673,4766.6671,2434.6671,109890.0123
2260,2024-03-10,1287.0001,1191.6666,1301.6669,1239.3334,2442.0004,3780.3338,3850.0006,3923.334,3817.0004,4121.3336,3930.667,3626.3339,3758.3338,3644.6671,3813.3339,3985.6674,3743.6671,3743.6674,3996.667,4132.3338,4059.0006,3912.3338,2907.6674,1243.0004,77451.0104
2261,2024-03-11,1158.6668,1220.9999,1129.3333,1353.0001,4433.0003,6416.6674,6776.0006,7051.0006,5456.0004,4935.3341,4667.6673,4972.0006,4972.0003,4968.3341,5371.6671,5830.0009,6559.6676,7469.0012,7186.6674,6273.6677,5525.6674,4777.6673,4444.0,2387.0001,115335.0125
2262,2024-03-12,1290.6666,1202.6669,1327.3336,1540.0001,4862.0003,7113.3343,7329.6676,6607.3341,5929.0006,5415.6674,4880.3339,5001.3338,5122.3339,4832.6676,5309.3341,5709.0005,6596.3338,7582.6676,7197.6676,6229.6677,5346.0006,4726.3341,4627.3338,2361.3336,118140.0141
2263,2024-03-13,1353.0001,1239.3336,1430.0001,1448.3334,4689.6674,6838.3341,7216.0006,6530.3341,5877.6674,5056.3339,4711.667,4902.3338,5067.3339,5041.6671,5386.3341,5910.6672,6427.6674,7256.3344,7425.0008,6031.6677,5342.3338,4587.0003,4356.0003,2328.3336,116453.3461
2264,2024-03-14,1268.6669,1257.6669,1265.0002,1529.0001,4517.3338,6640.3341,6900.6676,7018.0008,5987.6677,5228.6674,4799.6673,4829.0009,4942.6671,4851.0007,5254.3338,5562.3341,6160.0008,7582.6678,6603.6676,6270.0012,5162.6674,4488.0003,4499.0003,2361.3336,114979.3484
2265,2024-03-15,1275.9999,1158.6668,1191.6667,1507.0004,4631.0006,6691.6673,5830.0006,6640.3341,5830.0009,5254.3338,4777.6671,4873.0006,5008.6673,4950.0006,5353.3341,5892.3341,6468.0007,7399.3343,7062.0011,6053.6674,5243.3341,4840.0005,4169.0006,3105.6673,115206.6809
2266,2024-03-16,1496.0001,1210.0001,1360.3336,1708.667,4110.3338,6244.3338,6380.0008,6314.0009,5404.6671,5078.3339,4785.0009,5155.334,5808.0009,6497.3338,6325.0008,6948.3339,6306.6674,5848.3339,5544.0006,5720.0009,5459.6673,5078.3341,4400.0003,2478.6671,115661.347
2267,2024-03-17,1386.0001,1334.6669,1294.3336,1298.0002,2390.6673,3670.3335,3971.0006,3560.3339,3611.667,3875.6673,3740.0006,3494.3338,3560.3336,3839.0005,3989.3339,3736.3336,3839.0006,4103.0006,4293.667,4425.6671,4220.3335,4205.6671,3094.6673,1345.6669,78279.6765
2268,2024-03-18,1246.6666,1206.3337,1217.3336,1452.0004,4521.0005,6519.3341,6226.0006,6812.6674,5540.3339,5104.0006,4895.0003,4766.6672,4092.0005,4994.0,5379.0007,5888.6671,6369.0009,7480.0008,7740.3344,6963.0011,5635.667,4733.6673,4506.3336,2288.0004,115577.0127
2269,2024-03-19,1224.6668,1345.6668,1261.3337,1514.3334,4715.3338,7051.0009,7157.3344,6798.0011,5940.0006,4829.0007,4715.3339,4869.3338,4964.6671,5122.3339,5320.3341,5687.0006,6475.3341,7597.3341,7692.6674,6343.3342,5764.0009,4957.3339,4627.3336,2343.0004,118316.0142
2270,2024-03-20,1287.0002,1221.0002,1279.6669,1514.3336,4649.3338,6860.3339,6893.3341,6629.3342,5749.3344,5368.0006,4990.3338,4851.0005,5082.0009,4884.0006,5346.0009,5734.6673,6178.3338,6185.667,7337.0008,6497.3338,5613.6674,4884.0009,4645.6671,2409.0003,116090.347
2271,2024-03-21,1272.3336,1132.9999,1111.0001,1521.6671,4763.0006,6702.6676,6966.6678,6963.0008,5907.0005,4964.6671,4781.3338,4814.3341,4964.6674,4920.667,5335.0004,5727.3339,6772.3341,7348.0011,7487.3343,6405.6674,5459.6674,4759.3341,4422.0006,2449.3338,116952.0145
2272,2024-03-22,1155.0,1070.6672,1111.0,1653.6672,4774.0012,6875.0012,6977.668,6812.668,5914.334,5390.0012,4942.6672,4851.0012,4909.6672,5093.0012,5467.0012,5731.0012,6633.0012,7799.0012,7623.0012,6864.0012,5606.334,4788.6672,4517.334,2511.6672,119071.3544
2273,2024-03-23,1217.3332,1221.0,1195.334,1488.6672,4510.0012,6152.668,6515.668,6380.0012,5639.334,5192.0012,4693.334,5008.6672,5492.6672,6284.668,6343.334,5921.668,5804.334,5859.334,5518.334,5368.0012,5056.334,4997.6672,4414.6672,2478.6672,112753.6852
2274,2024-03-24,1265.0002,1228.3337,1199.0001,1283.3336,2346.6668,3732.6671,3897.667,3388.0004,3564.0005,3725.3339,3575.0,3406.3338,3314.667,4026.0005,3971.0006,3813.3341,3927.0004,4158.0003,4051.6671,4117.6668,4103.0003,4176.3338,3080.0003,1287.0002,76637.0085
2275,2024-03-25,1213.6667,1210.0002,1206.3336,1210.0,2376.0003,3817.0003,4081.0006,4150.6674,4246.0003,4183.6671,3960.0003,3806.0006,3637.3338,3681.3338,3791.3336,3791.3338,3802.3336,3993.0005,4136.0005,4169.0004,4150.6673,3923.3341,2772.0004,1133.0,78441.0092
2276,2024-03-26,1169.6667,1129.3337,1125.6666,1525.3334,4799.6671,6655.0006,6757.6676,5936.3339,5129.6673,4876.6671,4521.0003,4752.0006,4986.6673,4825.3338,5203.0006,5555.0006,5709.0009,6420.3343,6453.3342,5910.6676,5096.667,4539.3341,4396.3338,2233.0004,109706.6795
2277,2024-03-27,770.0004,1228.3333,1158.6669,1474.0001,4708.0005,5885.0006,5940.0006,5918.0007,5401.0006,4880.3339,4678.6674,4708.0006,4814.3339,4627.3341,5100.3339,5492.6674,5844.6674,6061.0009,3182.6673,4205.6668,5324.0008,4546.667,4436.6672,2295.3336,102681.3459
2278,2024-03-28,1166.0004,1056.0004,1144.0001,1188.0002,2376.0006,3666.6671,4018.6672,3956.3341,4000.3335,4048.0006,3985.6673,3824.3338,3912.3338,3699.6668,3736.3341,3780.3336,3710.6671,3831.667,4007.6671,4176.3338,4172.6671,4011.3341,3050.6671,1250.3334,77770.0103
2279,2024-03-29,1147.6667,1221.0001,1162.3333,1283.3333,2445.6673,3839.0006,4139.6671,3703.3336,3586.0003,3655.6671,3890.3341,3798.6671,3747.3339,3721.6673,3718.0009,3769.3339,3732.667,4165.334,4110.3338,4143.3339,4231.3338,3908.6671,3069.0003,1246.6666,77436.3431
2280,2024-03-30,1118.3336,1074.3337,1191.6667,1433.6669,4154.3338,4829.0006,4656.6671,4832.6673,4392.6671,4502.6671,4381.667,5096.6673,5584.3341,6233.3344,5492.6674,5034.3341,5001.3336,5467.0006,5199.3339,4950.0007,4414.667,4392.6671,4477.0003,2526.3336,100437.345
2281,2024-03-31,1301.6667,1422.6668,1206.3334,1202.6668,2431.0004,3835.3335,3824.3336,3490.6671,3791.3336,4359.667,4037.0003,3798.6673,3857.3339,3802.3336,3736.3341,3791.3339,3787.6671,3897.6673,3982.0006,4235.0004,4088.3338,3971.0005,3039.6673,1199.0001,78089.0091
2282,2024-04-01,1081.6666,1191.6666,1089.0004,1455.6671,4803.334,7084.0008,6867.6673,6831.0008,5896.0009,5184.6673,5027.0006,5166.3338,5019.6673,4928.0006,5500.0008,5775.0006,6501.0006,7861.3343,7722.0008,6699.0004,5423.0006,4825.3341,4620.0003,2607.0003,119159.3469
2283,2024-04-02,1268.6669,1232.0002,1254.0001,1738.0004,4719.0005,7076.6676,7293.0011,6820.0011,5830.0008,5225.0007,4884.0009,4983.0006,4917.0004,4744.6671,5247.0008,5969.3344,6655.0009,7219.6676,7025.3341,6471.6673,5126.0006,4763.0006,4473.3338,2306.3334,117241.6819
2284,2024-04-03,1265.0001,1338.3334,1375.0002,1543.6668,4924.3343,6988.6673,7351.6676,6933.6673,6068.3344,5331.3339,5052.6674,4983.0005,5038.0006,4829.0009,5331.3341,5503.6672,6339.6674,7267.3341,7663.3341,6482.667,5269.0003,4748.3338,4180.0006,2372.3336,118180.3469
2285,2024-04-04,1045.0001,1059.6669,1118.3333,1540.0,5008.6673,6776.0006,6900.6673,6640.3341,5863.0009,5089.3336,4939.0004,4994.0007,5155.3341,4935.3338,5155.3339,5756.6674,6457.0007,7326.0008,7205.0013,6361.6676,5265.3341,4807.0006,4675.0006,2269.6671,116343.3472
2286,2024-04-05,546.3337,542.6666,799.3333,1452.0001,5118.6676,7095.0009,7062.001,6783.3344,5918.0005,5558.6674,4979.3341,4909.6674,5030.6671,5078.3339,5386.3339,5910.6671,6622.0009,7403.0008,7494.6679,6728.3341,5485.3341,4920.6673,4601.6674,2420.0003,117846.6818
2287,2024-04-06,1132.9999,1140.3336,1155.0001,1400.6666,4455.0009,6086.6677,6314.0008,6134.3341,5327.6671,5155.3339,4766.6671,4873.0007,5734.6672,5940.0008,6097.6676,5525.6673,5214.0006,5199.3339,4975.6671,4664.0006,4396.3338,4275.3338,4176.3339,2405.3339,106546.013
2288,2024-04-07,916.6672,869.0,909.3332,1045.0,2508.0,3674.0012,3809.6672,3472.334,3813.334,3670.334,3586.0,3355.0012,3615.334,3747.334,3905.0012,3630.0,3868.334,3795.0012,3868.334,4154.334,4044.334,3978.334,3061.6672,1338.334,74635.0136
2289,2024-04-08,1254.0,1309.0,1342.0,1562.0,4847.334,6864.0012,5371.668,5041.6672,5958.334,5518.334,5034.334,5074.6672,5214.0012,4953.6672,5408.334,5705.334,6409.334,7597.334,7458.0012,6035.334,4983.0012,4774.0012,4414.6672,2401.6672,114532.016
2290,2024-04-09,1499.6666,1309.0002,1308.9999,1675.6669,4968.3341,6974.0008,7098.6674,6838.334,6079.3344,5342.3341,4645.6673,5170.0006,5089.3339,4887.667,5544.0008,5844.6674,6266.3344,7300.334,7538.6675,6149.0008,5826.3339,5001.3342,4590.6671,2453.0003,119401.3476
2291,2024-04-10,1353.0002,1331.0003,1254.0004,1543.6671,4565.0007,6402.0009,6761.3341,6633.0008,5764.0005,5104.0006,4858.3341,4799.6671,4986.6674,5045.3338,5452.3341,5844.6671,6691.6673,7806.3344,7399.3343,6827.3341,5544.0007,4862.0005,4660.3338,2581.3338,118070.3481
2292,2024-04-11,1180.6666,1228.3336,1188.0001,1708.6671,5302.0004,6974.0006,7172.0011,6508.3341,5709.0006,5448.6673,4810.667,4891.3339,4913.3338,4942.6671,5368.0006,5954.6673,6427.6673,7465.3346,7344.3341,6306.6674,5016.0003,4986.6674,4495.3339,2412.6669,117755.0131
2293,2024-04-12,1199.0002,1265.0002,1301.6668,1419.0002,4612.6671,6882.3344,6596.3344,6523.0009,5936.3339,5280.0008,4990.3338,5151.6671,4997.6672,5096.6673,5404.6674,5951.0009,6728.3338,7780.6678,7322.3341,6504.6677,5408.3341,4906.0006,4572.3336,2401.6671,118231.6814
2294,2024-04-13,1107.3337,1144.0002,1166.0,1529.0,4378.0006,6200.3341,6101.3339,5910.6671,5529.3341,4664.0003,4480.667,4689.6671,5349.6671,5951.0009,6383.6673,6160.0009,6167.3341,5723.6674,5470.6674,5151.6672,4528.334,4429.3339,4187.3336,2310.0001,108713.012
2295,2024-04-14,1070.6669,997.3334,1162.3334,1092.6668,1994.6668,3179.0004,3193.6671,2761.0,2863.667,2973.6671,2981.0004,3003.0006,3190.0003,3483.3339,3751.0006,3721.667,3670.3339,3703.3339,3787.667,3868.3338,3846.3338,3743.6673,2775.6671,1257.6666,68071.6751
2296,2024-04-15,1228.3332,1213.6672,1206.334,1675.6672,4627.334,6904.334,6713.668,6068.334,5819.0012,5360.6672,4961.0012,4777.6672,5001.334,4964.6672,5291.0012,5811.6672,6710.0012,7469.0012,7454.334,6699.0012,5544.0012,4913.334,4532.0012,2497.0,117443.352
2297,2024-04-16,1191.6672,1169.6672,1257.6672,1466.6672,4664.0012,6787.0012,6794.334,6053.6672,5881.334,5162.6672,4788.6672,4865.668,5082.0,4876.6672,5390.0,5492.6672,6196.6672,6812.668,7450.6672,6578.0012,5558.6672,4642.0012,4433.0012,2522.6672,115118.6836
2298,2024-04-17,1250.3332,1217.334,1158.6672,1518.0,4891.334,7190.334,6908.0012,6754.0012,6152.6672,5280.0012,4869.334,4708.0012,4858.334,4942.6672,5078.334,5720.0012,6273.6672,7395.668,7227.0012,6303.0012,5291.0012,4730.0012,4517.334,2361.334,116596.3528
2299,2024-04-18,1008.3337,1169.6668,1283.3337,1488.6668,4664.0006,6614.6673,6867.6674,6629.334,5562.3341,5467.0006,4763.0008,5052.6673,4880.3338,4858.3338,5401.0004,5610.0004,4136.0008,4931.6671,6398.3341,6314.0011,5390.0006,4660.3338,4473.3338,2423.6668,110047.6796
2300,2024-04-19,1144.0002,1063.3336,1067.0001,1360.3334,4972.0003,6937.334,6636.6674,6677.0011,5943.6675,5184.6673,4755.6671,4609.0006,4803.3338,4759.3338,5280.0006,5852.0004,6306.6674,7498.3344,7568.0009,6328.6671,5364.3339,4986.6674,4594.3336,2317.3336,116009.6795
2301,2024-04-20,1085.3336,1008.3337,1114.6668,1338.3333,4315.667,5503.6674,6035.3343,5723.6674,5595.3339,4609.0006,4711.6673,4781.3341,5654.0006,5764.0006,5841.0006,5778.6671,5767.6671,5742.0007,5489.0007,4990.3339,4579.6671,4345.0006,4011.3336,2141.3339,105926.3459
2302,2024-04-21,1092.6666,1100.0001,1081.6666,1166.0,2607.0003,3619.0006,3655.667,3175.3339,3193.6668,3531.0006,3542.0006,3450.3339,4169.0005,4279.0003,3787.6671,3901.3335,3941.6673,4088.3339,4125.0004,4073.6673,4022.3335,4070.0006,2739.0004,869.0001,75280.3419
2303,2024-04-22,451.0004,62.3333,700.3333,1338.3337,4172.667,5591.6671,6152.6676,6053.6674,5874.0005,4829.0006,4462.3339,5023.3339,4799.6671,4726.3339,5140.6671,5496.3341,6163.6673,7267.3342,7065.6673,6336.0008,5412.0006,4605.3338,4055.3338,2042.3336,107822.0123
2304,2024-04-23,1305.3336,1312.6669,1144.0001,1345.6669,4363.3336,6317.6676,6240.6676,6603.6676,5661.3341,5096.6674,4862.0006,4880.334,4968.3339,4891.3339,5507.3341,5657.6673,6244.3341,7318.6675,6963.0009,6376.3342,5610.0007,4744.6673,4165.3338,2225.6671,113806.0148
2305,2024-04-24,1250.334,1195.3332,1085.3332,1481.3332,4367.0,6435.0012,6490.0012,6666.0012,5892.334,5430.334,4972.0012,4777.6672,5177.334,5034.334,5434.0012,5822.668,6262.668,7139.0012,6908.0012,6464.334,5595.334,4873.0012,4312.0012,2379.6672,115445.0188
2306,2024-04-25,1165.9999,1287.0001,1122.0001,1499.667,4499.0006,6490.0008,6658.6676,6358.0009,5595.3339,4752.0006,4587.0004,4865.6673,4986.6674,4975.6673,5294.6671,5672.3338,6178.3341,7205.0006,7201.3344,6358.0006,5140.6671,4763.0006,4147.0005,2860.0003,113663.013
2307,2024-04-26,1316.3333,1235.6669,1235.6669,1481.3336,4242.3335,6222.3338,6805.3344,6504.6673,6149.0008,5239.6674,4909.6671,4986.667,5052.6671,4803.334,5170.0003,5837.3339,6453.3341,7513.0008,7175.6677,6739.3343,5489.0009,4865.6671,4282.667,2449.3336,116160.0128
2308,2024-04-27,1136.6666,1052.3334,1096.3334,1459.3333,4040.6671,5225.0009,5661.3342,5683.3338,5456.0008,4539.3338,4590.6671,4660.3339,5265.3339,5694.3341,5756.6671,5214.0006,5947.3341,5529.3341,5162.6672,4737.3341,4583.3339,4180.0005,4004.0003,2203.6669,102879.3451
2309,2024-04-28,1100.0002,1158.6669,1081.6669,1144.0004,2152.3338,3406.3338,3432.0004,3160.6671,3138.667,3428.3338,3479.667,3303.6671,3230.3338,3333.0003,3795.0003,3685.0006,3802.3339,3868.3338,3941.6671,3912.3338,3817.0006,3791.3338,2823.3336,1103.6667,71089.3427
2310,2024-04-29,1144.0,1096.3332,1213.6672,1334.6672,4447.6672,6457.0012,6482.6672,6314.0012,5863.0012,4865.668,4260.6672,4455.0012,4407.334,4583.334,4990.334,5379.0012,6009.668,7131.668,6999.668,6380.0012,5346.0012,4517.334,4235.0012,2255.0,110168.6868
2311,2024-04-30,1048.6667,1103.6669,1133.0002,1312.6669,4513.6671,6420.3342,6673.3343,6519.3339,5661.3338,5063.6671,4554.0008,4565.0006,4825.3338,4664.0006,4939.0006,5364.3341,5951.0008,7117.0009,7036.3341,6567.0012,5635.6674,4873.0006,4348.6668,2273.3338,112163.3472
2312,2024-05-01,1228.3332,1294.3336,1147.6669,1166.0002,2203.6671,3285.3336,3336.667,3296.3335,3461.3336,3505.3336,3663.0003,3490.6671,3718.0006,3699.6671,3835.3341,3817.0005,3787.6671,3831.6671,3901.3338,3927.0004,3472.3338,3787.667,2907.6668,1232.0004,72996.0084
2313,2024-05-02,1023.0002,1074.3333,1067.0001,1290.6669,4319.3336,6325.0006,6567.0006,6101.3343,5888.667,5126.0009,4521.0003,4414.667,4323.0004,4352.3338,4829.0007,5082.0006,5899.6673,6930.0008,7150.0009,6295.6676,5313.0009,4818.0005,4301.0003,2185.3338,109197.0124
2314,2024-05-03,1224.6669,1188.0001,1173.3334,1378.6669,4389.0006,6699.0007,6361.6673,6105.0003,5731.0007,5107.6674,4367.0006,4576.0006,4689.6671,4744.6673,5045.3338,5518.3342,6079.3338,7091.3341,6864.0008,6189.3341,5390.0003,4924.3341,4279.0003,2449.3337,111565.6791
2315,2024-05-04,1415.3334,1217.3334,1316.3334,1385.9999,3824.3336,5382.6671,5709.0005,5918.0006,5195.6671,4535.6673,4506.3338,4730.0006,5052.6671,5650.3338,5734.6673,5958.3338,5599.0004,5606.3338,5276.3341,4913.3341,4484.3338,4271.6672,4022.3339,2225.6671,103931.6771
2316,2024-05-05,1444.6669,1125.6667,1085.3334,1107.3337,2306.3339,3527.3338,3509.0006,3234.0006,3069.0006,3278.0003,3380.6671,3237.6668,3190.0006,3762.0006,3736.3338,3791.334,3780.3335,3692.3335,3897.667,3710.6673,3872.0004,3747.3338,2761.0001,1184.3334,71430.3424
2317,2024-05-06,1122.0,1070.6672,1089.0,1309.0,4249.6672,6240.668,6677.0012,6112.334,5478.0012,4792.334,4532.0012,4840.0,4601.6672,4682.334,5107.6672,5591.668,5965.668,7062.0012,6937.334,6160.0012,5316.6672,4631.0012,4396.334,2464.0,110429.0172
2318,2024-05-07,1257.6672,1338.334,1283.334,1463.0,4491.6672,6570.668,6416.668,6743.0012,5921.6672,5162.6672,4873.0012,4675.0012,4777.6672,4704.334,5038.0012,5419.334,5885.0012,7139.0012,6570.668,5782.334,5382.6672,4759.334,4062.6672,2247.6672,111965.3528
2319,2024-05-08,1320.0,1316.334,1232.0,1448.334,4572.334,6710.0012,6889.668,6625.668,5833.6672,5346.0012,4906.0,4818.0012,4865.6672,4909.6672,5445.0012,5639.334,6277.334,7157.334,5910.6672,5712.6672,5118.6672,4462.334,4275.334,2475.0,113267.016
2320,2024-05-09,1283.3337,1224.6667,1356.6668,1488.6668,4315.6674,6552.3339,6365.3341,6732.0007,5844.6674,5206.6671,4836.3341,4616.3341,4642.0006,4326.6671,4851.0003,5302.0004,5998.6671,6640.3343,6805.3341,6083.0009,5221.3341,4840.0006,4246.0003,2174.3339,110953.3465
2321,2024-05-10,1162.3333,1254.0001,1283.3334,1415.3334,4576.0006,6629.3343,6475.3338,7003.3343,5716.3339,5243.3344,4785.0003,4337.6674,4572.3338,4579.6676,5041.6674,5569.6673,6222.3341,7183.0007,7080.3341,6068.3341,5280.0008,4543.0006,4088.3335,2310.0003,112420.0135
2322,2024-05-11,1217.3336,1228.3334,1202.6666,1415.3334,4114.0003,5668.6673,6123.3339,6262.6676,5679.6674,4873.0003,4759.3338,4931.6673,5577.0008,6094.0004,6086.6676,5976.6674,5723.6676,5819.0006,5298.3339,5159.0006,4774.0,4568.6671,4048.0003,2273.3333,108874.3445
2323,2024-05-12,1140.3336,1122.0004,1096.3336,1118.3334,1965.3333,3336.6671,3076.3338,2596.0004,2841.6671,3333.0004,3267.0,3325.6671,3432.0004,3974.667,3776.6671,3857.3338,3791.3339,3861.0007,3952.667,4022.3335,4154.3338,3912.3338,2841.6671,1140.3333,70935.3416
2324,2024-05-13,1100.0001,1088.9999,1089.0001,1107.3333,1950.6671,3186.3339,3278.0005,3208.3339,3424.6671,3406.3336,3505.3336,3633.6671,3674.0005,3655.6673,3751.0006,3773.0006,3659.3338,3780.3338,4051.667,3927.0004,3861.0003,3839.0009,2808.6669,1125.6669,71885.0092
2325,2024-05-14,1092.6666,1198.9999,1114.6667,1327.3336,4480.6671,6680.6671,6952.0008,6277.3336,6361.6673,5606.3341,5052.6673,4884.0008,4832.6671,4869.3341,5206.6668,5181.0006,6405.6672,7274.6677,7546.0011,6644.0009,5382.6674,4667.6674,4191.0,2464.0001,115694.3453
2326,2024-05-15,1166.0,1166.0001,1308.9999,1349.3333,4642.0007,6409.3339,6783.3343,6420.3343,5984.0008,5331.3341,4704.3336,4462.3338,4499.0005,4660.3338,5320.3338,5276.3341,5998.6672,7014.3341,7080.3341,5998.6677,5294.6674,4671.3336,4209.3336,2123.0004,111873.6791
2327,2024-05-16,1118.3332,1067.0,1140.3332,1364.0,4576.0012,6387.334,6501.0012,6017.0012,5826.334,5529.334,4495.334,4543.0012,4671.334,4539.334,4862.0012,5269.0012,5844.668,7128.0012,7084.0012,6570.6672,5375.334,4653.0012,4341.334,2343.0,111246.6844
2328,2024-05-17,1206.3332,1239.3332,1147.6672,1415.3332,4385.334,6559.668,6871.334,6523.0012,6094.0012,4997.6672,4777.6672,4667.6672,4722.6672,4880.334,5148.0012,5793.334,6402.0012,7131.668,6684.334,5760.334,5155.334,4576.0012,4253.334,2225.6672,112618.0168
2329,2024-05-18,1294.334,1173.3332,1177.0,1532.6672,4370.6672,5613.6672,6204.0012,6035.334,5859.334,4664.0012,4715.334,4968.334,5624.668,6108.668,6292.0012,6046.334,6127.0012,5877.6672,5525.6672,5181.0012,4796.0,4400.0012,4018.6672,2211.0,109816.6836
2330,2024-05-19,1316.3333,1250.3334,1316.3334,1155.0002,2192.6669,3505.3339,3395.3339,3179.0003,3087.3335,3215.667,3366.0004,3366.0003,3366.0003,3949.0003,3996.6673,3927.0005,3842.6673,4007.6671,4022.3335,4110.3339,3985.6673,4092.0005,2962.6668,1195.3336,73802.6749
2331,2024-05-20,1253.9999,1140.3334,1140.3334,1397.0002,4425.6671,6435.0009,6673.3341,6519.3341,5870.3339,5151.6673,4983.0006,4700.6671,4697.0005,4631.0006,5302.0003,5144.3338,6101.3343,7146.3344,7208.6677,6424.0009,5126.0005,4389.0004,4499.0006,2405.3336,112764.6796
2332,2024-05-21,1569.3336,1459.3336,1569.3336,1668.3333,4436.6668,6486.3341,6658.6677,6024.3341,6097.6676,5118.6673,4711.6674,4678.6674,4748.3338,4737.3338,5045.3338,5470.6673,6233.3342,6585.3341,6420.3339,5291.0006,5217.6673,4928.0008,4473.3336,2255.0003,111884.68
2333,2024-05-22,1382.3336,1309.0004,1316.3333,1653.6671,4766.667,7117.0009,6325.0009,6530.3344,6053.6673,4880.3336,4517.3339,4675.0005,4796.0003,4656.6673,5280.0003,5551.3339,6218.6679,6424.0004,6541.3338,6094.0009,5430.3339,4546.6671,4455.0003,2335.6668,112856.3458
2334,2024-05-23,1301.6672,1283.334,1279.6672,1653.6672,4862.0012,6952.0012,7102.334,6303.0012,5445.0012,5269.0012,4638.334,4752.0012,4700.6672,4601.6672,5239.668,5529.334,6002.334,7227.0012,6229.668,6211.334,5481.6672,4671.334,4293.6672,2317.334,113347.6868
2335,2024-05-24,1320.0002,1309.0004,1290.6666,1587.6667,4590.6671,6614.6674,6757.6674,6490.0011,5525.6673,5019.6676,4554.0006,4744.6674,4722.6671,4715.3339,5089.3339,5683.3339,6321.3344,7487.3345,7278.3343,6523.0009,5056.3335,4752.0003,4286.3336,2214.6669,113934.347
2336,2024-05-25,1023.0001,1030.3334,1056.0002,1382.3334,4275.3338,5536.6671,6079.334,5951.0006,5357.0009,4455.0004,4411.0003,4708.0004,5434.0006,5837.3338,6248.0008,5881.3341,5929.0011,5943.6674,5430.3336,5008.6673,4818.0006,4440.3339,4242.3339,2266.0003,106744.012
2337,2024-05-26,498.6672,14.6672,14.6672,14.6672,14.6672,14.6672,0.0,0.0,0.0,0.0,0.0,0.0,0.0,3.6668,18.3337,18.3337,14.6672,18.3337,18.3337,14.6672,18.3337,18.3337,14.6672,47.6672,777.341
2338,2024-05-27,1488.6668,1265.0001,1356.6669,1664.6671,5324.0008,8422.3344,8924.6681,8532.3346,8015.3344,6655.0007,6259.0005,6229.6675,6244.3341,6193.0009,6673.3344,7450.6676,8250.0013,9731.3348,9606.6679,8418.6676,6878.6675,5892.3341,5225.0006,2552.0001,147253.3528
2339,2024-05-28,1023.0004,1162.3333,1243.0004,1470.3337,4403.6674,6218.6676,6871.334,6504.6674,6039.0009,5360.6674,5023.3338,4825.3339,4862.0007,4755.6671,5382.6674,5764.0004,6262.6673,7421.3346,6922.6674,6482.6674,5302.0008,4807.0006,4077.3339,2387.0006,114572.3484
2340,2024-05-29,1268.6667,1199.0004,1327.3334,1499.6668,4381.6673,5360.6674,6933.6677,6105.0006,5463.3341,5074.6671,4686.0006,5210.3339,5030.6671,4942.6673,5214.0006,5584.3342,6237.0009,7249.0008,7069.3341,6215.0011,5232.3344,4766.6671,4209.3338,2401.6668,112662.0142
2341,2024-05-30,1679.334,1492.334,1180.6672,1393.334,4345.0012,6361.6672,6622.0012,6391.0012,6020.6672,5177.334,5030.6672,4752.0012,4814.334,4873.0012,5239.6672,5672.334,6372.668,7003.334,6515.668,6347.0012,5269.0012,4455.0012,4037.0,2328.334,113373.3536
2342,2024-05-31,1397.0001,1173.3333,1221.0004,1415.3336,4220.3339,6189.3342,6193.0009,6156.3344,5448.6674,5437.6673,4656.6674,4411.0003,4568.667,4524.6672,4840.0006,5547.6674,5910.6674,7172.0006,7417.6673,6075.6679,5298.3339,4601.6671,4176.3335,2112.0,110165.0131
2343,2024-06-01,1199.0004,1078.0004,1213.6666,1452.0001,4000.3338,5492.6673,5797.0006,5844.6671,5217.6676,4609.0004,4528.3338,4693.3341,5401.0006,6017.0009,5690.6676,6229.6674,5694.3338,5617.3341,5236.0009,4730.0009,4356.0004,4400.0003,3905.0006,2445.6671,104848.3468
2344,2024-06-02,1382.3336,1224.6666,1261.3337,1334.6669,2427.3335,4088.3336,4088.3338,4088.3335,4216.6673,4455.0003,4521.0005,4524.6671,4612.6673,4565.0004,4587.0004,4609.0005,4627.3338,3949.0006,4840.0003,4627.3339,4678.6671,4169.0005,3509.0006,1353.0002,87739.676
2345,2024-06-03,1217.3334,1191.6667,1184.3334,1184.3336,2555.6671,4202.0004,4374.3338,4081.0006,4279.0006,4257.0003,4370.667,4576.0003,4579.6671,4653.0003,4649.3336,4741.0006,4653.0006,4634.6671,4546.6671,4609.0003,4341.3338,4143.3339,3157.0006,1598.6669,87780.0091
2346,2024-06-04,1268.6667,1209.9999,1294.3336,1492.3338,4436.6673,6504.6673,6266.3344,6237.0009,5283.6674,5122.3339,4561.3339,4759.3339,4579.6673,4601.6673,4924.3338,5426.6671,5701.6673,6864.001,6607.3341,6299.3341,5049.0007,4708.0006,4128.667,2225.6666,109552.6799
2347,2024-06-05,1305.3332,1166.0004,1268.6669,1466.6672,4469.6673,6431.3341,6721.0008,6365.3341,5584.3339,4836.3338,4528.3338,4590.6671,4506.3338,4455.0003,4876.6671,5177.3338,5745.6674,6713.6673,6996.0009,6086.6673,5159.0005,4506.3341,4128.6668,2247.6669,109332.6788
2348,2024-06-06,1169.6667,1023.0002,1151.3333,1536.3334,4271.6671,6347.0006,6746.6679,6189.3338,5426.6674,4579.6671,4422.0003,4554.0004,4645.6673,4565.0003,4928.0008,5225.0006,5888.6676,7080.334,6853.0009,5965.6676,5151.6671,4389.0006,4103.0006,2313.6667,108526.0123
2349,2024-06-07,1481.3333,1246.6669,1492.3336,1481.3336,4407.3339,6578.0008,6706.3341,6515.6679,5474.3338,4840.0004,4466.0006,4484.3338,4491.6671,4528.3336,5005.0008,5709.0003,6149.0009,6893.3344,7296.6678,6072.0011,5023.3341,4499.0003,4158.0,2218.3336,111217.3467
2350,2024-06-08,1265.0001,1437.3336,1334.6668,1507.0003,3839.0005,5107.6672,5525.6674,5434.0006,5206.6673,4257.0006,4084.6673,4462.3339,5096.6673,5313.0006,5489.0005,5709.0006,5430.3338,5386.3341,4884.0003,4466.0006,4040.6671,3857.3338,3688.6672,2049.6668,98871.6783
2351,2024-06-09,1173.3336,1162.3337,1191.6669,1235.6669,2101.0006,3303.6668,3219.3338,3061.667,2999.3336,2885.667,2977.3335,2845.3336,3003.0004,3281.6668,3303.6668,3366.0003,3505.3336,3391.667,3413.6671,3457.667,3369.667,3362.3335,2687.6671,1045.0002,65343.6738
2352,2024-06-10,975.3332,1004.6672,1078.0,1122.0,2042.334,3285.334,3190.0,3039.6672,3230.334,3109.334,3296.334,3421.0,3318.334,3318.334,3501.6672,3501.6672,3369.6672,3586.0,3806.0012,3593.334,3498.0,3395.334,2537.334,1173.3332,67393.3436
2353,2024-06-11,1169.6672,1180.6672,1338.334,1521.6672,4103.0012,6240.6672,6035.334,6152.6672,5390.0012,4836.334,4315.6672,4411.0012,4367.0012,4264.334,4609.0012,5195.6672,5423.0012,6354.334,6350.6672,5485.334,4543.0012,4165.334,3773.0012,1837.0,103062.6852
2354,2024-06-12,1111.0,1056.0,1316.5,1496.0,4256.75,6079.25,6054.0,6237.0,5346.0,4620.25,4469.75,4422.0,4411.0,4561.5,4814.25,5118.75,5591.75,6464.5,6343.25,5467.0,5001.25,4242.5,3714.0,2082.75,104277.0
2355,2024-06-13,1158.6672,1243.0,1235.6672,1452.0,4037.0,5899.6672,6156.334,4961.0012,4942.6672,4653.0012,4176.334,4161.6672,4128.6672,4290.0012,4649.334,5118.6672,5089.334,6156.334,5610.0012,5481.6672,5016.0012,4114.0012,3710.6672,2156.0,99597.682
2356,2024-06-14,1232.0001,1199.0001,1257.6666,1617.0001,4546.6674,6596.334,6651.3341,6460.6676,5459.6674,5188.3338,4660.3341,4433.0003,4477.0006,4462.3336,4964.6673,5173.6674,5819.0006,6955.6676,6776.0011,5694.3338,4818.0006,4374.3336,4022.3338,2379.6671,109219.0127
2357,2024-06-15,1441.0,1283.3332,1294.3337,1396.9999,3850.0004,5265.3342,5852.0006,5632.0006,5335.0003,4616.3338,4392.667,4686.0005,5349.6671,5874.0009,5819.0011,5672.3341,5870.3342,5646.6674,5133.3341,4656.6668,4477.0003,4070.0003,3802.3338,2328.3337,103744.678
2358,2024-06-16,1345.6668,1250.3333,1188.0001,1228.3333,2130.3333,3190.0006,3432.0004,3406.3338,3512.6674,3630.0003,3490.6673,3641.0003,3545.6671,3747.3338,3729.0006,3670.3338,3549.3335,3820.667,3952.6668,3923.3338,4000.3338,3813.3338,2841.6673,1209.9999,73249.0081
2359,2024-06-17,1180.6666,1250.3334,1228.3332,1393.3334,4132.3339,6083.0006,6163.6673,5903.3339,5481.6673,4583.3339,4202.0004,4235.0006,4440.3339,4425.6671,4891.3339,5071.0006,5918.0006,6739.3339,6398.3341,5698.0003,4968.3339,4183.6671,3897.6671,2163.3338,104632.0108
2360,2024-06-18,1180.6666,1158.6669,1169.6668,1331.0001,4502.6671,6193.0009,6097.6675,5998.6674,5393.6673,4935.3336,4521.0006,4466.0003,4337.6671,4462.3338,4935.3341,4902.3342,5595.3341,6856.6678,7106.0009,5940.0007,4939.0005,4535.6671,4055.3341,2126.6668,106740.3463
2361,2024-06-19,1254.0001,1338.3334,1210.0002,1444.6666,4513.6668,6574.3341,6783.334,5965.6673,5500.0003,4803.3338,4187.3336,4345.0003,4433.0003,4653.0006,4319.3339,4913.3338,4913.3341,5789.6674,5947.3346,6068.334,4836.3338,4290.0006,3967.3336,2145.0003,104195.6775
2362,2024-06-20,931.3333,795.6669,762.6672,1213.6669,4429.3336,6288.3341,6013.3343,6152.6676,5426.6673,4785.0004,4557.6673,4627.3338,4587.0003,4433.0003,4957.3338,5305.667,6028.0006,7205.0006,6963.0009,6024.3341,4939.0006,4378.0006,4000.3339,2181.6671,106986.0125
2363,2024-06-21,1246.6672,1367.6672,1213.6672,1573.0,4491.6672,6039.0012,6394.6672,5610.0012,5921.668,4774.0012,4308.334,4480.6672,4257.0012,4433.0012,4616.334,5492.6672,5841.0012,6834.668,7227.0012,5866.6672,4796.0012,4403.6672,4022.334,2189.0,107400.3524
2364,2024-06-22,1129.3332,1199.0,1155.0,1393.3332,4081.0,5349.6672,5727.334,5749.334,5272.6672,4352.334,4264.334,4609.0012,5265.334,5639.334,5613.6672,5522.0012,5426.6672,5412.0012,5203.0012,4862.0012,4440.334,4367.0012,3960.0,2240.334,102234.0144
2365,2024-06-23,1239.334,1177.0,1180.6672,1422.6672,2170.6672,3538.334,3509.0012,2834.334,2904.0,3021.334,3138.6672,3124.0,3256.0,3619.0012,3604.334,3575.0,3611.6672,3674.0,3842.6672,3740.0012,3817.0012,3615.334,2871.0,1444.6672,69930.6792
2366,2024-06-24,1206.3334,1188.0004,1158.6669,1576.6669,4169.0006,6237.0009,6306.6671,6376.3341,5243.3339,4554.0003,4469.667,4297.3336,4290.0003,4543.0006,5016.0008,5470.6676,5808.0009,7157.3343,7032.6671,5954.6679,4506.3338,3989.3339,3842.6671,2049.6669,106443.3463
2367,2024-06-25,1173.3333,1217.3332,1246.6666,1477.6668,4565.0006,6354.3341,6347.0009,6398.3341,5654.0009,4719.0006,4590.6671,4194.6671,4341.3336,4473.3338,4935.3338,5375.3339,5943.6676,6871.3343,6402.0006,5925.3341,4924.3338,4004.0003,3703.3338,2119.3335,106956.6784
2368,2024-06-26,1195.3337,1231.9999,1206.3333,1591.3337,4209.3339,5892.3342,6405.6676,6200.334,5313.0006,4634.6673,4048.0003,3868.3339,3945.3338,4033.3338,4766.667,4730.0003,5463.3338,6442.3344,6493.6674,5283.6673,4051.667,3560.3336,3410.0003,1950.667,99927.6781
2369,2024-06-27,1169.6667,1298.0001,1173.3334,1459.3336,4026.0008,6094.0007,5951.0009,5962.0007,5166.3338,4550.3339,4209.3341,3732.6671,3824.3339,4103.0006,4436.6673,4550.3338,5199.3339,6508.334,6284.6677,5107.6672,4312.0005,3567.6673,3560.3335,1987.3336,98233.6791
2370,2024-06-28,1169.6669,1067.0001,1085.3334,1327.3336,3905.0003,5496.3341,6094.0006,5811.6673,4906.0003,4506.3336,3703.3339,3655.6674,3791.3338,4077.3341,4583.3336,4843.6671,5591.6673,6655.0011,6405.6676,5357.0005,4315.6668,3593.3336,3567.6668,1763.6668,97273.0106
2371,2024-06-29,868.9999,956.9999,1254.0001,1499.6669,4066.3339,5232.3339,5577.0007,5929.0008,5346.0009,4513.6671,4279.0003,4733.6673,5335.0006,5467.0009,5492.6668,5492.6674,5467.0007,5085.6674,5045.3341,4422.0004,4180.0006,3989.3338,3732.6673,2068.0003,100034.012
2372,2024-06-30,1199.0001,1162.3334,1081.6669,1232.0004,1936.0001,3087.3338,3252.3338,2966.3339,2742.6672,3223.0005,3017.6671,2966.3336,3014.0003,3157.0003,3593.3336,3461.3339,3373.3338,3105.6668,3498.0003,3560.334,3410.0003,3230.3335,2379.6671,1265.0,64914.6747
2373,2024-07-01,1173.3332,1426.334,1169.6672,1162.3332,1947.0,3094.6672,3197.334,2981.0,3160.6672,3410.0012,3311.0,3355.0,3333.0,3336.6672,3377.0,3311.0,3157.0,3560.334,3571.334,3523.6672,3454.0012,3373.334,2332.0,1375.0,67092.6748
2374,2024-07-02,1188.0,1191.6672,1301.6672,1411.6672,4121.334,6200.334,6552.334,6255.334,5481.6672,4906.0012,4543.0012,4007.6672,4062.6672,3996.6672,4502.6672,4777.6672,5562.334,6823.668,6288.334,5764.0012,4491.6672,3692.334,3586.0012,2185.334,102894.0168
2375,2024-07-03,810.3332,685.6672,1199.0,1360.334,4128.6672,6171.0012,6207.6672,5932.6672,5434.0012,4594.334,4403.6672,4073.6672,4099.334,4224.0,4796.0012,5140.6672,5709.0012,6732.0012,6710.0012,5379.0012,3996.6672,3890.334,3509.0,2042.334,101229.3492
2376,2024-07-04,1426.3337,1301.6666,1224.6668,1415.3334,4191.0004,6156.3343,6427.6676,6215.0009,5225.0009,4891.3338,4297.3339,4150.6671,4235.0003,4345.0005,4744.6671,5115.0004,5870.3343,6438.6673,6314.0009,5661.3341,4576.0003,3692.3335,3575.0005,2038.6671,103528.3457
2377,2024-07-05,1356.6667,1254.0001,1224.6668,1323.6669,4026.0005,5822.6671,6068.3341,6006.0006,5511.0006,4770.3339,4370.6671,3989.3339,3872.0003,4169.0003,4543.0006,4935.3335,5701.6671,6383.6671,6149.0003,5386.3338,4378.0,3721.667,3362.3336,2027.6671,100353.009
2378,2024-07-06,1202.6669,1114.6666,1169.6668,1305.3334,3960.0005,5093.0003,5492.6672,5390.0007,5210.3341,4396.3339,4209.3336,4359.6671,5027.0009,5298.3338,5756.6671,5646.6673,5602.6672,5247.0006,4814.3339,4543.0006,4198.3338,3978.3339,3648.3338,2035.0001,98699.3441
2379,2024-07-07,1202.6666,1283.3336,1184.3333,1206.3337,2016.6673,3256.0003,3102.0003,2717.0006,2761.0004,2922.3338,2992.0003,2926.0004,3113.0004,3399.0003,3516.3338,3487.0003,3516.3336,3347.6671,3622.6672,3593.3336,3494.3338,3490.667,2478.6671,1063.3333,65692.0081
2380,2024-07-08,1063.3336,1074.3337,1125.6669,1419.0002,4055.3338,5903.3338,6222.3341,5951.0009,5335.0008,4601.667,4381.6673,4176.3338,4315.6671,4513.6673,4770.3338,5063.6674,5804.3341,6611.0009,6438.6674,5434.0003,4473.3338,3670.3338,3454.0004,1998.3338,101856.346
2381,2024-07-09,1209.9999,1268.6669,1125.6668,1393.3336,4132.3339,6358.0006,5793.3341,5921.6673,5415.6674,4664.0003,4279.0006,3971.0006,4202.0003,4411.0005,4697.0006,4909.6671,5720.0008,6673.3342,6563.3343,5738.3338,4268.0004,3721.667,3729.0005,2119.3336,102285.3451
2382,2024-07-10,1305.3334,1250.3334,1294.3334,1492.3334,4279.0006,5855.6673,6570.6675,5467.0004,5393.6673,4664.0006,4293.6673,4422.0003,4491.6671,4700.6673,4924.3339,5250.6671,5254.3338,6750.3343,6116.0006,5910.6673,4495.3339,3721.6671,3666.6671,1928.6668,103499.0112
2383,2024-07-11,1199.0,1276.0,1221.0,1562.0,4257.0012,6284.668,6365.334,6193.0012,5665.0012,4884.0012,4645.6672,4022.334,4290.0012,4686.0012,4807.0012,5129.6672,5881.334,6365.334,6567.0012,5434.0012,4279.0012,3688.6672,3512.6672,2016.6672,104232.352
2384,2024-07-12,1301.6672,1294.334,1294.334,1448.334,4099.334,6020.6672,6537.668,6072.0012,5441.334,5060.0012,4715.334,4528.334,4532.0012,4711.6672,5137.0012,5463.334,6262.6672,6816.334,6820.0012,5375.334,4601.6672,3751.0012,3600.6672,1510.6672,106395.6856
2385,2024-07-13,271.3332,601.3332,751.6672,1169.6672,3853.6672,5225.0012,5588.0012,5610.0012,5199.334,4612.6672,4697.0012,4704.334,5181.0012,5624.6672,5265.334,5148.0012,3703.334,4678.6672,4543.0012,4411.0012,4293.6672,3857.334,3718.0,2013.0,94721.0164
2386,2024-07-14,1059.6666,1022.9999,1044.9999,1125.6666,1840.6671,3248.6668,3171.6668,2772.0001,2691.3338,2863.6668,2999.3335,2944.3336,3175.3338,3472.3338,3454.0003,3344.0003,3523.6671,3729.0004,3784.0006,3593.3336,3329.3338,3410.0004,2654.6668,1521.6671,65776.3395
2387,2024-07-15,1430.0004,1459.3334,1188.0001,1441.0001,4081.0006,6046.3344,6317.6674,5419.3338,5643.0008,4975.6671,4524.6671,4275.3338,4594.3338,4748.3339,5012.3336,5562.3341,6134.3341,7014.3341,6867.6676,5654.0005,4847.3338,3864.6671,3509.0003,1881.0004,106491.0123
2388,2024-07-16,1411.6669,1173.3334,1169.6669,1353.0002,4345.0005,6200.3341,5712.6676,5848.3339,5632.0004,4935.3335,4253.3338,4418.3338,4660.3338,4825.3339,5192.0006,4847.3338,3934.3339,6123.3341,5991.3341,5815.3341,4678.6671,3938.0006,3637.3336,1895.6671,101992.0117
2389,2024-07-17,1206.3334,1144.0004,1320.0001,1763.6668,4224.0003,6317.6675,6394.6676,6035.3339,5914.334,5250.6673,4612.6671,4458.6674,4554.0005,4554.0003,5045.3336,5525.6676,6207.6673,6765.0009,6937.3342,5969.3341,4689.6671,3890.3338,3527.3335,1954.3336,108262.0123
2390,2024-07-18,1188.0001,1246.6669,1177.0001,1470.3336,4180.0006,6075.6674,6336.0006,5965.6674,5668.6674,5019.6673,4631.0003,4403.6671,4682.3342,4935.3338,5305.6671,5448.6671,6149.0009,6926.3341,6662.3339,5951.0007,4770.3338,3963.6671,3762.0003,2082.6669,108001.6787
2391,2024-07-19,1056.0001,1107.3334,1074.3337,1485.0001,4293.6671,6229.6673,6702.6676,6669.6676,5610.0003,4799.6671,4524.6671,4385.3338,4326.667,4983.0006,5166.3339,5525.6676,6515.6676,7172.0009,6658.6674,6394.6673,5096.667,4363.3338,3817.0006,2185.3338,110143.0127
2392,2024-07-20,1129.3337,1070.6669,1008.3337,1217.3337,2002.0003,3314.6671,3223.0,3285.3338,3402.6668,3490.6671,3637.3335,3747.3336,3677.667,3791.3338,3960.0,3923.3338,3652.0005,3784.0007,4073.6673,4029.6668,4026.0003,3681.3336,3113.0006,1389.6669,73630.3415
2393,2024-07-21,1323.6669,1206.3334,1228.3336,1155.0004,1903.0003,3351.3338,3237.6672,2790.3336,2977.3338,3083.6668,3245.0004,3124.0006,3483.3338,3648.3336,3578.6668,3630.0004,3740.0003,3850.0004,4033.3338,3938.0009,3897.6674,3817.0005,2632.667,1184.3333,70059.009
2394,2024-07-22,1188.0001,1195.3337,1162.3333,1477.6668,4125.0004,6306.6677,6644.0008,6218.6673,5943.6674,5342.3338,4818.0006,4477.0006,4858.3341,4983.0003,5503.6673,5826.3338,6435.0011,7678.0011,7032.6676,6266.3341,5085.6672,4154.3338,3883.0005,2214.6671,112819.6805
2395,2024-07-23,1195.3337,1268.6668,1232.0001,1580.3336,4444.0005,6295.6674,6567.0008,6776.0006,5547.6673,5118.6668,4532.0006,4546.6671,4623.6674,4913.3336,5228.6672,5738.3338,6570.6674,7608.3341,7388.3341,6141.6673,4781.3338,4018.6674,3897.6673,2060.6668,112075.3455
2396,2024-07-24,1400.6669,1133.0001,1158.6668,1411.6669,4271.6671,6534.0008,6688.0007,6365.3342,5712.6673,4968.3339,4473.3339,4282.6671,4656.6671,5034.3341,5309.3339,5547.6673,6398.3341,7461.6676,7337.0008,6090.3341,4777.6671,4007.667,3813.3339,2137.6672,110971.6799
2397,2024-07-25,1246.6669,1129.3337,1151.3336,1617.0001,4246.0005,6332.3342,6559.6674,6460.6673,5635.6673,5250.6677,4887.6671,4532.0003,4730.0007,5016.0006,5540.3341,5687.0006,6699.0009,6904.3341,6900.6678,6490.0006,5008.6674,4154.3338,3974.6671,2137.6671,112291.6809
2398,2024-07-26,1063.3337,1176.9999,1125.6668,1418.9999,4418.3341,6240.6676,6721.0006,6200.3341,5844.6673,4957.3338,4997.6674,4466.0006,4840.0008,4873.0006,5441.3341,5705.3339,6633.0008,7637.6679,7388.3338,6248.0008,4810.6671,4092.0005,3908.6671,2123.0001,112332.0133
2399,2024-07-27,1041.3334,1151.3336,1169.6668,1485.0001,3890.3335,5298.3339,5569.6671,5954.6673,5415.667,4774.0009,4774.0004,4803.3338,5379.0006,5914.3341,5951.0006,5742.0005,5896.0011,5573.334,5206.6673,5041.6673,4755.6671,4345.0004,3934.3338,2207.3334,105273.678
2400,2024-07-28,1012.0,975.3332,1210.0,1268.6672,1859.0,3124.0,3087.334,2651.0,3028.6672,3116.6672,3182.6672,3289.0,3758.334,3696.0012,3864.6672,3648.334,3703.334,3824.334,4000.334,3853.6672,3820.6672,3747.334,2845.334,1301.6672,69868.344
2401,2024-07-29,1085.3333,1114.6669,1176.9999,1430.0001,4268.0006,6427.6673,6556.0009,6182.0006,5903.3338,5456.0006,4733.6671,4495.3335,4689.6673,4931.6673,5463.3339,5811.6676,6644.0011,7139.001,6963.0009,6288.3341,4913.3339,4231.3339,3839.0005,2181.6671,111925.0132
2402,2024-07-30,1015.6666,1085.3334,1140.3337,1547.3337,4374.3338,6171.0009,6523.0008,6042.6673,5408.3338,4693.3339,4275.3338,4418.3338,4521.0005,4851.0006,5357.0008,5892.3341,6545.0005,7311.334,6897.0009,6471.6678,4887.6672,4121.3339,4011.3338,2189.0001,109750.6797
2403,2024-07-31,1213.6667,1191.6668,1228.3337,1492.3334,4209.3341,6317.6676,6585.3341,6372.6673,5379.0004,4686.0003,4825.3339,4447.6671,4686.0006,4891.3338,5261.6673,5683.3335,6479.0005,7421.3345,7238.0006,6097.6671,4865.6674,4293.6671,3963.667,2192.6668,111023.0116
2404,2024-08-01,1250.3337,1147.6666,1184.3334,1514.3336,4161.6673,6299.3341,6167.3341,6548.6676,5481.6674,4759.3339,4407.3338,4704.334,4645.6671,4880.3341,5452.3341,5650.3341,6200.3343,7425.0011,7073.0008,6039.0007,4792.3336,4037.0006,3795.0008,2046.0003,109662.6811
2405,2024-08-02,1290.6667,1173.3334,1155.0001,1441.0,4275.3336,6229.6674,6449.6674,6673.3341,5624.6674,4832.667,4942.6668,4469.6668,4576.0005,4631.0004,5342.3341,5712.6674,6845.6675,7634.0011,7091.3343,5602.6671,5052.6674,3982.0005,3850.0009,3575.0005,112453.0124
2406,2024-08-03,2108.3336,1309.0001,1287.0001,1408.0001,3864.6671,5184.6674,5903.3341,5822.6672,5423.0008,4631.0003,4616.3341,4818.0006,5815.3339,6211.3343,6394.6677,6116.0006,5855.6673,5577.0009,5437.6674,4979.3338,4675.0004,4290.0003,4088.3338,2379.6669,108196.0128
2407,2024-08-04,1092.6667,1078.0001,1070.6669,1081.6666,1969.0004,3270.6671,3168.0,2849.0003,2867.3335,3307.3338,3193.6671,3311.0006,3608.0006,3901.3341,3864.6671,3791.3341,3718.0003,3853.6671,4169.0005,3971.0006,3725.334,3809.6671,2790.3339,1477.6666,70939.0091
2408,2024-08-05,1301.6672,1239.334,1239.334,1521.6672,4205.6672,6347.0012,5976.6672,6119.668,5456.0012,4961.0012,4766.6672,4495.334,4583.334,4946.334,5357.0012,5690.6672,6328.668,7410.334,7648.668,5305.6672,5206.6672,4220.334,3967.334,2181.6672,110476.6856
2409,2024-08-06,1265.0,1261.334,1188.0,1496.0,4330.334,6317.668,6655.0012,6820.0012,5650.334,4561.334,5005.0012,4579.6672,4686.0012,4880.334,5412.0012,5698.0012,6570.668,7348.0012,7377.334,6391.0012,5096.6672,4246.0012,3912.334,2137.6672,112885.6864
2410,2024-08-07,986.3332,1107.3332,1338.334,1158.6672,1760.0,3446.6672,3204.6672,3094.6672,3274.334,3329.334,3593.334,3703.334,3864.6672,3784.0,3846.334,3872.0,3927.0012,3710.6672,3846.334,3872.0,3758.334,3747.334,2669.334,1173.3332,72068.344
2411,2024-08-08,1133.0,1092.6672,1107.3332,1338.3332,4176.334,6163.668,5815.334,6061.0012,5133.334,4763.0012,4429.334,4444.0012,4590.6672,4781.334,5258.0012,5683.334,6493.668,7450.668,7230.6672,6156.334,4792.334,3883.0012,3828.0012,1917.6672,107723.0184
2412,2024-08-09,1012.0,1012.0,1023.0,1433.6672,4341.334,6141.6672,7201.334,6519.334,5467.0,5126.0012,4260.6672,4172.6672,4359.6672,4803.334,5360.6672,5683.334,6614.668,7795.334,7164.668,6002.334,4803.334,4128.6672,3901.334,2170.6672,110498.6808
2413,2024-08-10,1129.3337,1246.6666,1144.0001,1290.6669,4088.3341,5558.6671,5903.334,6042.6673,5547.6671,4733.6671,4917.0006,4968.3339,5610.0009,6383.6674,6607.3343,6405.6671,6204.0009,5786.0009,5170.0006,4906.0008,4546.6673,4198.3338,3982.0004,3630.0003,110000.0132
2414,2024-08-11,2108.3336,1188.0004,1140.3336,1085.3336,2020.3336,3472.3339,3571.3336,3289.0,3791.3338,4026.0006,4191.0005,4323.0005,4957.3341,5104.0006,4887.6671,4187.3338,5170.0006,5085.667,5166.3341,4645.667,4370.6673,4154.3338,2687.6673,1239.3332,85862.3436
2415,2024-08-12,1114.6667,1103.6667,1122.0001,1356.6669,4429.3336,6306.6679,6999.6676,6273.6677,5467.0006,4700.6671,4495.3338,4499.0006,4851.0004,4876.6671,5437.6673,5808.0003,6541.3341,7751.3341,6196.6674,4583.3338,5162.6671,4011.3339,3751.0003,2357.6671,109197.0122
2416,2024-08-13,1224.6666,1232.0002,1184.3333,1430.0002,4249.6673,6372.6673,6834.6673,6589.0011,5881.3338,5144.3339,4785.0006,4631.0003,4748.3338,5012.3339,5485.3339,5951.0008,6831.0005,7637.6678,7769.6678,6427.6674,5093.0006,4209.3339,3971.0006,2321.0001,115016.013
2417,2024-08-14,1231.9999,1210.0002,1279.6668,1459.3333,4227.6671,6277.3343,6886.0011,6959.3338,5368.0006,5613.6676,4748.3338,4513.6673,4788.6671,4997.6676,5415.6674,5694.3339,6677.0009,5936.3341,6328.6674,6299.3341,4942.6673,4040.6673,3971.0006,2302.6671,111169.6806
2418,2024-08-15,1294.334,1228.334,1195.334,1419.0,4282.6672,6468.0012,6948.334,6559.668,5753.0012,5078.334,4968.334,4961.0012,5049.0012,5063.668,5525.6672,5995.0012,6743.0012,7601.0012,7626.668,6391.0012,5019.6672,4150.6672,3890.334,2152.334,115364.3544
2419,2024-08-16,1261.3332,1199.0,1342.0,1437.3332,4227.6672,6303.0012,6570.668,6644.0012,5764.0012,5001.334,4913.334,4517.334,4616.334,4957.334,5291.0012,5775.0012,6823.668,7377.334,7175.668,6046.334,4924.334,4136.0012,3912.334,2167.0,112383.3508
2420,2024-08-17,1327.334,1265.0,1228.334,1521.6672,3978.334,5294.6672,6006.0012,5958.334,5551.334,4708.0012,4847.334,5034.334,5786.0012,6347.0012,6361.668,6658.668,6211.334,5866.6672,5441.334,4847.334,4378.0012,4403.6672,4180.0012,2269.6672,109472.0192
2421,2024-08-18,1342.0,1177.0,1173.3332,1246.6672,1903.0,3171.6672,3047.0,2827.0,2984.6672,3109.334,3410.0012,3237.6672,3399.0,3336.6672,3344.0012,3622.6672,3949.0012,3927.0012,4198.334,4059.0,3850.0012,3703.334,2827.0,1184.334,70029.6784
2422,2024-08-19,891.0002,883.6668,953.3337,1184.3334,1914.0003,3410.0003,3146.0005,3164.3338,3355.0006,3388.0003,3622.6671,3703.3338,3776.6672,3648.3338,3798.6668,3740.0004,3784.0006,3839.0005,3985.6674,3927.0006,3758.3338,3809.6671,2753.6671,1089.0004,71525.6765
2423,2024-08-20,1122.0001,1059.6668,1129.3334,1331.0001,4249.6671,6365.334,6611.0006,6471.6674,6244.3338,5100.3341,4909.6672,4803.3339,4763.0009,5214.0003,5547.6674,5778.6668,6812.6676,7447.0013,7274.6677,6449.6671,5195.6671,4268.0003,3960.0005,2291.6671,114400.0126
2424,2024-08-21,1202.6666,1448.3336,1360.3334,1448.3333,4180.0007,6438.6671,6992.3343,6354.3343,5910.6673,5107.6668,4572.3338,4425.6673,4825.3342,5247.0006,5507.3339,5547.6676,6768.6674,7432.3342,7359.0009,6369.0006,4869.3339,4026.0004,3908.6671,2075.3336,113377.0129
2425,2024-08-22,1257.6669,1275.9999,1268.6666,1518.0001,4290.0003,6339.6674,6677.001,6699.0011,5690.6676,4781.3339,4697.0004,4418.3336,4517.3338,4843.6674,5140.6671,5628.3341,6442.3341,7208.6676,7399.3344,6149.0006,4942.6671,4132.3339,3963.667,2178.0003,111459.3462
2426,2024-08-23,1140.3334,1195.3336,1235.6667,1485.0004,4037.0007,6325.0009,6790.6676,6431.3338,5782.3341,4869.3339,4572.3341,4381.6673,4715.3338,4876.6674,5423.0009,5973.0006,6710.0011,7245.3344,7249.0011,6292.0009,5107.6673,4253.3338,3952.667,2071.6669,112115.6817
2427,2024-08-24,1165.9999,1243.0002,1294.3334,1485.0002,3916.0003,5459.6671,6009.6673,6002.3342,5536.6676,4664.0006,4579.6673,4627.3341,5533.0006,5987.6674,5995.0011,6259.0006,6042.6671,5731.0003,5181.0006,4821.6673,4594.3338,4238.6671,3890.3338,2086.3336,106344.3455
2428,2024-08-25,1305.3333,1180.6669,1008.3334,1121.9999,1785.6666,3105.667,3047.0003,2717.0,2900.3335,3120.3335,3329.3335,3215.6671,3413.6671,3659.3338,3758.3338,3773.0006,3762.0003,3787.6671,3927.0005,3890.3339,3663.0005,3699.6673,2665.6673,1162.3334,68999.3406
2429,2024-08-26,1081.6667,1070.6672,1067.0004,1323.6666,4158.0006,6325.0006,6658.6674,6614.6674,5540.3338,5126.0003,4748.3339,4293.6671,4466.0004,4825.3339,5210.3341,5727.3338,6435.0008,7282.0008,7604.6676,6383.6676,5118.6671,4304.667,3934.3338,2123.0003,111422.6792
2430,2024-08-27,1107.3333,1125.6669,1118.3337,1488.6669,4290.0003,6402.0006,6801.6673,6897.0009,5573.3338,5148.0003,4770.3339,4286.3338,4678.6671,4902.3336,5364.3338,5712.6673,6490.0008,7003.3344,7645.0008,6369.0005,5063.6674,4271.6673,4004.0004,2288.0004,112801.3455
2431,2024-08-28,1206.3336,1220.9999,1210.0001,1448.3334,4106.6671,6167.3341,6559.6676,6108.6673,5738.3339,5111.3341,4719.0006,4433.0006,4829.0005,5060.0003,5496.3336,5753.0005,6655.0009,7476.3343,7425.001,6358.0011,5357.0006,4183.6671,3927.0005,2159.6668,112709.6795
2432,2024-08-29,1224.6669,1103.6669,1232.0002,1415.3334,4275.3338,6328.6675,6721.0009,6790.6673,5577.0005,5100.3339,4594.3338,4521.0008,4660.3338,5071.0006,5331.3341,5650.3341,6589.0006,7260.0011,7252.6676,6391.0008,4983.0003,3978.3338,3894.0006,2225.6666,112170.6799
2433,2024-08-30,1125.6669,1078.0001,1144.0,1323.6669,4158.0006,6292.0008,6728.3338,6911.6676,5470.6671,4924.3338,4642.0004,4279.0003,4843.667,4843.6671,5445.0007,5808.0006,6563.3344,7513.0008,7333.3344,6625.6676,5041.6673,4194.667,4000.3335,3402.6673,113692.346
2434,2024-08-31,2049.6671,1140.3334,1114.6669,1371.3334,3927.0005,5173.6673,5932.6673,5870.3342,5580.6673,4788.6674,4700.6673,5023.3339,5412.0006,6149.0006,6347.0006,6090.3341,5991.3342,5767.667,5489.0009,5085.6674,4792.3338,4337.6673,4235.0005,2306.3338,108676.3468
2435,2024-09-01,1352.9999,1367.6668,1283.3334,1488.6671,3241.3335,4066.3338,4275.3335,4029.6671,4051.6671,4095.6674,4605.3338,4535.6668,4997.6674,4997.6672,5254.3336,5118.6671,5188.3339,5353.334,5118.6671,5049.0006,4895.0006,4887.6674,3215.667,1155.0001,93624.6762
2436,2024-09-02,1100.0002,1232.0001,1023.0001,1290.6669,4062.6673,6255.3341,6680.6676,6999.6679,5668.6674,5063.6671,4961.0008,4638.3341,4704.3338,4913.3341,5280.0009,6013.3338,6823.6676,7480.0008,7648.6676,6537.6675,4950.0006,4337.6671,3846.3339,2097.3337,113608.015
2437,2024-09-03,733.3337,1301.6669,1122.0002,1320.0001,4125.0003,6460.6673,6596.3341,6988.6676,5701.6674,5041.6671,4653.0009,4447.6671,4627.3335,4946.3341,5327.6672,5738.3339,6622.0009,7729.3343,7216.0013,6347.0012,4649.3335,4066.3335,3820.6671,2288.0,111870.0132
2438,2024-09-04,1254.0001,1345.6666,1232.0001,1327.3337,4396.334,6156.3341,6915.3341,6145.3338,6255.3341,4807.0007,4737.3338,4458.6671,4799.6673,4964.6674,5489.0008,5705.3339,6886.0011,7439.6679,7337.0011,6457.0006,4785.0005,3993.0007,3674.0006,2042.3335,112603.3476
2439,2024-09-05,1298.0,1129.3332,1155.0,1272.3332,4268.0012,6409.334,6435.0012,6600.0012,5606.334,4726.334,4774.0012,4374.334,4616.334,4876.6672,5489.0012,5896.0012,6732.0012,7546.0012,7355.334,6299.334,4869.334,4114.0012,4029.6672,2280.6672,112152.3508
2440,2024-09-06,1316.334,1188.0,1180.6672,1356.6672,4308.334,6512.0012,6658.668,6977.668,5936.334,5254.334,4931.6672,4774.0012,4792.334,5052.6672,5503.6672,6083.0012,6757.668,8037.3352,7018.0012,6266.334,4928.0012,4180.0012,3798.6672,2060.6672,114873.0208
2441,2024-09-07,1327.3332,1166.0,1180.6672,1331.0,3996.6672,5547.6672,6134.334,6273.6672,5489.0012,5019.6672,4656.6672,4840.0012,5822.668,6072.0012,6244.334,6182.0012,6501.0012,5918.0012,5610.0012,5085.668,4733.6672,4279.0012,3974.6672,2108.334,109494.0184
2442,2024-09-08,506.0001,14.6672,14.6672,14.6672,14.6672,14.6672,14.6672,14.6672,3.6668,0.0,0.0,0.0,0.0,0.0,7.3336,14.6672,14.6672,14.6672,14.6672,14.6672,14.6672,14.6672,14.6672,3.6668,740.6753
2443,2024-09-09,388.6669,755.3336,1023.0002,1400.6669,4216.6671,6328.6674,6578.0007,6636.6673,5522.0009,5140.667,4653.0006,4231.3338,4711.6671,4983.0004,5503.6674,5855.6671,6768.6674,7476.3344,7399.3343,6116.0006,4792.3338,4275.3338,3868.3338,2255.0001,110880.0126
2444,2024-09-10,1136.6669,1089.0001,1122.0002,1378.6669,4187.3335,6493.6676,7227.0011,6779.6676,5716.3342,5173.6673,4539.3339,4455.0005,4678.6671,4796.0006,5382.6673,5778.6676,6992.3338,7450.6677,7586.3343,6182.0006,5012.3338,4205.6668,3967.3336,2357.6673,113688.6803
2445,2024-09-11,1217.3334,1180.6667,1199.0001,1364.0001,4070.0,6464.3338,5973.0009,6039.0011,5485.3342,5016.0006,4462.3338,4774.0006,4880.3338,4917.0006,5533.0006,5914.3341,6787.0011,7568.0008,6970.3344,6530.3341,5173.6673,4605.3338,4106.667,2192.6669,112423.6798
2446,2024-09-12,1199.0001,1188.0004,1298.0001,1316.3336,4161.6671,6317.6674,6706.3341,6592.6673,5760.3339,3399.0006,3388.0006,4891.3341,4711.6671,4829.0006,5456.0008,5657.6674,6460.6671,6871.3343,7076.6674,5811.6674,5291.0004,4326.6671,4044.3338,2321.0005,109076.0132
2447,2024-09-13,1232.0001,1122.0002,1132.9999,1408.0004,4235.0006,6277.3341,6959.3341,6442.3341,5507.3344,5140.6668,4693.3336,4363.3336,4843.6668,5052.6676,5335.0004,5701.6668,6787.0009,7535.0011,7436.0011,6398.3344,5089.3338,4132.3338,3897.6668,2185.3336,112907.679
2448,2024-09-14,1272.3334,1162.3336,1221.0002,1397.0001,4037.0006,5397.3336,5723.6674,6064.6671,5529.3339,4704.3341,4983.0005,5078.3339,6046.3338,5496.3338,6651.3343,6053.6674,5991.3341,5676.0006,5441.3341,4884.0006,4752.0003,4385.3336,3996.6668,2207.3337,108152.0115
2449,2024-09-15,1342.0001,1334.6669,1140.3337,1202.6669,1917.6668,3270.667,3025.0003,2750.0004,3039.667,3138.6671,3373.3338,3388.0004,3377.0006,3560.3338,3908.6673,3846.3338,3747.3338,4117.667,4081.0003,4022.3338,3839.0003,3820.6671,2922.3336,1125.6669,71291.0087
2450,2024-09-16,1045.0001,1063.3336,1089.0001,1360.3336,4150.6672,6515.6674,6552.3344,6350.6674,5782.3339,5056.3335,4983.0006,4601.6671,4704.3336,4994.0005,5602.6673,5943.6673,6578.0008,7773.3343,7527.6676,6050.0006,5023.3339,4209.3335,3890.3339,2090.0004,112937.0126
2451,2024-09-17,1078.0004,1283.3334,1166.0001,1503.3334,4290.0003,6537.6674,6801.6674,6295.6672,6145.3341,4994.0006,4766.667,4429.334,4766.6673,4946.3339,5555.0006,5657.6671,6526.6672,7274.6674,7102.3343,6042.6673,5027.0005,4297.3339,3971.0006,2214.6668,112673.0122
2452,2024-09-18,1103.6667,1210.0001,1177.0,1569.3336,4326.6672,6435.0005,6779.6679,6655.0005,6009.6674,5038.0006,4711.6674,4389.0006,4689.6674,4755.6671,5173.6671,5866.6675,6856.6673,6955.6678,7428.6679,5859.3341,4726.3339,4524.6674,3912.3338,2269.6671,112423.6809
2453,2024-09-19,880.0001,667.3336,740.6667,975.3337,3846.3339,5973.0008,6215.0009,6211.3341,5122.3338,4748.3341,4286.3339,3853.6671,4231.3336,4326.667,4840.0006,5210.3339,6409.3341,7080.3343,6908.0008,5896.0006,4473.3336,3626.3338,3461.3336,1712.3335,101695.0121
2454,2024-09-20,682.0002,755.3336,989.9999,1305.3336,4312.0003,6314.0011,6640.3341,6218.6674,5551.3341,5100.3341,4418.3339,4337.6671,4726.3338,4843.667,5382.6676,5753.0006,6636.6676,7329.6675,7161.0009,6303.0006,5107.6671,4084.6673,3919.6668,2057.0003,109930.3465
2455,2024-09-21,1114.6669,1246.6667,1444.6669,1426.3334,3971.0,5291.0007,6204.0006,6226.0006,5646.6671,4810.6671,4627.3338,5199.3338,5547.6673,6233.3339,6317.6673,6233.3344,6031.6671,5679.6674,5617.3338,5008.6676,4682.3339,4381.667,4132.3338,1807.6671,108881.6782
2456,2024-09-22,682.0,693.0,751.6672,806.6672,2013.0,3168.0,3116.6672,2867.334,2896.6672,2911.334,3146.0,3226.6672,3285.334,3677.6672,3692.334,3663.0,3600.6672,3795.0012,3872.0,3791.334,3710.6672,3776.6672,2720.6672,1045.0,66909.3432
2457,2024-09-23,1162.3336,982.6669,1052.3332,1235.6672,4158.0003,6471.6674,6790.6673,6860.3344,5745.6676,5019.6672,4341.3338,4345.0005,4554.0003,4810.6671,5258.0003,5584.3341,6636.6673,7480.0009,7406.6676,5841.0006,5247.0003,4330.3338,4066.3339,2247.6671,111628.0127
2458,2024-09-24,1210.0001,1184.3334,1169.6668,1426.3334,4293.6671,6207.6671,6779.6676,6405.6676,5430.3342,5184.6674,4521.0006,4363.3338,4744.667,4913.3341,5203.0003,5844.6673,6545.0009,7729.3344,7271.0011,6310.3341,4961.0003,4268.0006,3879.3338,2152.3336,111998.3466
2459,2024-09-25,1070.6669,1107.3334,1276.0,1177.0001,4161.667,6306.6676,6728.3343,6585.3341,5533.0004,5019.6671,4517.3336,4407.3339,4557.667,4880.3341,5049.0006,5650.3341,6717.3341,7432.3342,7406.6676,6548.6673,5096.6671,4242.3338,3967.3338,2053.3333,111492.3454
2460,2024-09-26,1353.0001,1110.9999,1290.6668,1334.6669,4180.0006,6255.3338,6691.6674,7113.3346,5496.3339,5151.667,4528.3341,4216.6668,4315.6673,4675.0006,5269.0006,5727.3339,6845.6676,7194.0006,7304.0009,6119.6676,5107.6671,4132.3335,3765.6671,2255.0004,111433.6791
2461,2024-09-27,997.3334,704.0002,1165.9999,1327.3336,3626.334,6574.3344,5588.0003,5731.0003,4535.6671,4719.0003,4821.667,4381.6673,4631.0006,5045.3341,4920.6673,5778.6674,6567.0009,7465.3343,7491.001,6600.0006,5093.0003,4224.0007,3831.6673,2082.6666,107902.6789
2462,2024-09-28,1195.3336,1283.3336,1595.0002,1583.9999,3659.3335,4840.0003,5122.3336,5100.3339,4242.3339,3809.6671,4066.3341,4253.3338,4733.6676,4843.6668,4726.3339,4378.0003,4000.3338,4458.6671,4176.3336,3927.0003,4070.0004,3564.0003,3666.6668,2163.3336,89459.342
2463,2024-09-29,971.6672,1004.6672,1041.334,1078.0,1789.334,3014.0,2981.0,2717.0,2764.6672,2893.0,3076.334,2973.6672,3487.0,3384.334,3630.0012,3820.6672,3901.334,3787.6672,3894.0012,3842.6672,3718.0012,3729.0012,2662.0,1210.0,67371.3452
2464,2024-09-30,968.0,902.0,964.3332,1547.334,4194.6672,6449.668,6897.0012,6930.0012,5848.334,5085.6672,4609.0012,4407.334,4645.668,4803.334,5588.0012,5690.6672,6647.6672,7388.334,6732.0012,6328.668,5283.6672,4513.6672,3894.0012,2156.0,112475.0176
2465,2024-10-01,1052.3332,1199.0,1114.6672,1573.0,4161.6672,6336.0012,6930.0012,6541.334,5866.6672,4986.6672,4598.0012,4506.334,4590.6672,4194.6672,5082.0012,5382.6672,6196.6672,7425.0012,6930.0012,6636.6672,5151.668,4451.334,3809.6672,2079.0,110795.6824
2466,2024-10-02,1103.6672,1001.0,1133.0,1367.6672,4411.0012,6376.334,6963.0012,6398.334,5635.6672,5030.6672,4777.6672,4473.334,4649.334,4884.0012,5195.6672,5628.334,5973.0012,7190.334,7161.0012,6094.0012,4748.334,3670.334,3927.0,2266.0,110058.6824
2467,2024-10-03,1316.3333,1400.6666,1176.9999,1466.6669,4231.3336,6299.3338,6658.6676,6970.3341,5599.0006,5067.3342,4612.6673,4341.3338,4763.0004,4792.3338,5577.0008,5698.0007,6530.3344,7425.0009,7410.3341,6402.0009,4942.667,4543.0006,3868.3336,2357.6668,113450.3457
2468,2024-10-04,1213.6669,1133.0002,1100.0002,1551.0001,4172.6671,6427.6676,6743.0008,6559.6673,5672.3339,5085.6668,4634.6673,4744.6673,4796.0006,4968.3338,5404.6671,5870.3339,6706.3344,7216.0011,7458.0011,6204.0006,5071.0006,4352.3338,3912.3335,2104.6666,113102.0126
2469,2024-10-05,1100.0002,1265.0001,1265.0,1338.3334,3974.6668,5375.3341,6160.0006,6017.0008,5672.3341,4792.3338,4792.3339,4946.3338,5683.3339,6383.6673,6229.6674,5364.3341,5544.0009,5657.6674,5382.6674,4884.0006,4634.6668,4337.6673,3857.3338,2013.0004,106670.6789
2470,2024-10-06,854.3332,667.3332,641.6672,1085.334,1939.6672,3223.0,3065.334,3402.6672,3391.6672,3699.6672,3820.6672,3769.334,3747.334,3699.6672,3938.0012,4022.334,3839.0,4000.334,4092.0012,4037.0012,3740.0012,3927.0,2702.334,1136.6672,72442.3468
2471,2024-10-07,1169.6668,1107.3334,960.6669,1221.0002,4293.6671,6270.0004,6805.3344,6383.6676,5892.3341,5353.3338,4642.0006,4469.6671,4623.6671,4847.3341,5247.0006,5936.3341,6823.6676,7095.0008,6746.6676,6229.6674,5236.0006,4312.0004,3952.6671,1969.0001,111587.6799
2472,2024-10-08,1078.0001,1045.0001,1180.6669,1485.0001,4271.6671,6383.6676,6688.0008,6809.0006,5940.0007,4913.3338,4671.3339,4495.3338,4557.6674,4887.6671,5210.3339,5463.3338,6552.3343,7359.0011,7271.0006,6372.6673,4880.3339,4169.0006,3938.0003,2090.0001,111712.3459
2473,2024-10-09,1114.6669,1092.6668,1140.3334,1554.6668,4121.3338,6347.0008,6666.0009,6431.3339,5954.6673,5001.3338,4840.0006,4257.0004,4649.3336,4920.6674,5342.3339,5837.3339,6691.6673,7480.0008,7036.3342,6442.3344,5426.6673,4205.6671,4000.3341,2185.3338,112739.0132
2474,2024-10-10,1235.6672,1327.3332,1437.334,1408.0,4242.334,6321.334,6171.0012,6871.334,5467.0012,5188.334,4440.334,4660.334,4715.334,5071.0012,5393.6672,5705.334,6552.334,7659.668,7476.334,6277.334,5496.334,5404.6672,4891.334,2464.0,115877.6824
2475,2024-10-11,1419.0,1180.6672,1254.0,1342.0,4572.334,6288.334,6570.668,6486.334,5635.6672,5430.334,4506.334,4352.334,4671.334,4990.334,5320.334,5437.6672,6581.668,6724.668,6765.0012,6244.334,4686.0012,3872.0012,4037.0012,2148.6672,110517.0176
2476,2024-10-12,1375.0,1257.6672,1323.6672,1573.0,3967.334,5467.0012,5925.334,5705.334,5254.334,4700.6672,4722.6672,5071.0012,5965.668,6303.0012,6328.6672,6053.6672,6123.334,5848.334,5804.334,5016.0012,4704.334,4341.334,4026.0,2222.0,109079.682
2477,2024-10-13,1188.0002,1173.3333,1151.3336,1199.0004,1972.6671,3281.6671,3303.6673,3065.3336,3457.667,3494.3338,3608.0003,3729.0003,3754.6671,3472.3335,3813.3336,3710.6671,3688.6673,4037.0006,3978.3338,3938.0005,3765.6673,3751.0008,2841.6671,1166.0001,72541.3428
2478,2024-10-14,1144.0,1140.3332,1125.6672,1037.6672,1958.0,3263.334,3259.6672,3142.334,3358.6672,3413.6672,3560.334,3479.6672,3674.0012,3703.334,3714.334,3795.0012,3850.0012,3934.334,4070.0,4018.6672,3861.0,3721.6672,2805.0,1298.0,72328.6784
2479,2024-10-15,1089.0,1155.0,1056.0,1463.0,4374.334,6306.668,6750.334,6347.0012,5929.0012,5214.0012,4480.6672,4605.334,4653.0012,5210.334,5379.0012,5709.0012,6365.334,7615.668,7260.0012,6295.668,5133.334,4308.334,3875.6672,2141.334,112717.0188
2480,2024-10-16,1246.6672,1276.0,1246.6672,1265.0,4260.6672,6534.0012,6944.668,6750.334,5676.0012,5126.0012,4737.334,4631.0012,4774.0012,5045.334,5448.6672,5247.0012,6559.668,7296.6672,7322.3352,6369.0012,5272.6672,4323.0012,3872.0012,2163.334,113388.0212
2481,2024-10-17,1001.0004,1045.0001,1048.6669,1290.6669,4271.6671,6325.0007,6530.3343,6490.001,5830.0008,5074.6673,4785.0006,4667.6674,4851.0006,5085.6674,5456.0009,5731.0004,6765.0011,7469.0011,7252.6675,6435.0008,5118.6673,4238.6673,3919.6671,2273.3336,112955.3486
2482,2024-10-18,1184.3333,1188.0004,1096.3334,1364.0001,4323.0006,6310.3341,6600.0007,6691.6673,5379.0006,5331.3342,4653.0005,4741.0006,4796.0006,4950.0006,5327.6673,5657.6674,6647.6673,7575.3343,7377.3346,6468.0009,5155.3339,4121.3336,3916.0003,2167.0001,113021.3467
2483,2024-10-19,1184.3332,1158.6669,1125.6667,1371.3334,3828.0003,5507.3338,5742.0006,6178.334,5584.3341,4854.6673,4796.0006,4755.6671,5635.6674,5969.3341,6237.0008,6292.0009,6277.3341,5720.0006,5529.3338,5129.6673,4521.0006,4271.6673,3934.3339,3512.6671,109116.3459
2484,2024-10-20,2134.0001,1067.0004,982.6669,1103.6669,1826.0002,3124.0003,3003.0003,3168.0003,3413.6673,3457.6671,3633.6668,3567.6671,3688.6668,3468.6671,3820.667,3729.0006,3824.3341,3802.3341,3945.3336,3886.6671,3732.6673,3615.3336,2552.0003,1327.3334,71874.0087
2485,2024-10-21,1133.0004,1158.6667,1122.0004,1301.6666,4246.0004,6171.0005,6530.3341,6545.001,5749.3341,5100.3338,4616.3339,4341.3336,4590.6671,4994.0006,4737.3339,2368.6673,2346.667,2200.0006,2123.0006,2104.6673,4484.3338,4154.3335,3853.6673,2170.6672,88143.0117
2486,2024-10-22,1397.0004,1345.6668,1232.0002,1466.6669,4330.3335,6295.6673,6394.6673,6424.0008,5811.6673,4920.6674,4781.3338,4605.3338,4546.6671,4909.667,5159.0005,5661.3342,6548.6676,7311.3344,7450.6676,6369.0008,4759.3339,4103.0006,3872.0005,2115.6671,111811.3468
2487,2024-10-23,1177.0001,1169.6668,1279.6668,1503.3334,4403.6673,6471.6674,6695.3339,6596.3339,5573.3341,5228.6671,4609.0006,4308.3336,4700.6671,4752.0,5291.0009,5478.0008,6897.0012,7612.0006,7491.0009,6196.6678,5481.667,4249.6671,3938.0005,2178.0004,113281.6793
2488,2024-10-24,1386.0,1210.0,1184.3332,1499.6672,3993.0012,6024.334,6611.0012,6735.668,5511.0012,4858.334,4400.0012,4323.0,4609.0012,4704.334,5078.334,5760.334,6651.334,7058.334,7546.0012,6053.6672,5261.6672,4139.6672,3982.0,2445.6672,111026.6824
2489,2024-10-25,1397.0,1250.3332,1173.3332,1411.6672,4202.0012,6365.334,6596.334,6493.668,5804.334,4953.6672,4693.334,4275.334,4634.6672,4876.6672,5217.6672,5804.334,6486.334,7480.0012,6776.0012,6409.334,4862.0012,4315.6672,3820.6672,2959.0,112258.6816
2490,2024-10-26,1290.6672,1191.6672,1144.0,1356.6672,4033.334,5203.0012,5610.0012,5672.334,5316.6672,4554.0012,4638.334,4840.0012,5456.0012,6134.334,6035.334,6024.334,5877.6672,6024.334,5368.0012,4843.6672,4506.334,4315.6672,3963.6672,2079.0,105479.0168
2491,2024-10-27,1243.0001,1133.0001,1136.6669,1045.0004,1903.0001,3135.0004,3157.0003,3036.0004,3391.667,3531.0003,3699.6671,3648.3338,3824.3338,3707.0006,3824.3338,3798.6671,3780.3339,3864.6673,4055.334,3853.667,3791.3339,3703.3338,2860.0003,1309.0001,72431.3425
2492,2024-10-28,1118.3332,1122.0,1048.6672,1213.6672,4143.334,6156.334,6750.334,6475.334,5767.6672,5074.6672,4645.6672,4337.6672,4510.0012,4858.334,5166.334,5525.668,6420.334,7494.668,7238.0012,6053.6672,4983.0012,4154.334,3864.6672,2328.334,110451.0164
2493,2024-10-29,1239.3334,1272.3336,1378.6669,1521.6671,4301.0003,6343.3339,6644.0006,6567.0011,5683.3344,5001.3342,4744.6672,4334.0005,4565.0005,4829.0007,5309.3338,5584.3339,6526.6671,7527.6678,7410.3346,6486.3344,4906.0006,4191.0003,3985.6673,2068.0001,112420.0143
2494,2024-10-30,1096.3336,1004.6668,1122.0001,1257.6668,4257.0005,6266.3339,6790.6674,6512.0009,5698.0006,4913.3339,4719.0006,4620.0003,4543.0003,4719.0009,4902.3341,5544.0006,6387.3344,7179.3344,7076.6676,5958.3339,4781.3341,4125.0005,3769.3338,1939.6668,109182.3468
2495,2024-10-31,1037.6667,1048.6668,1140.3337,1345.6667,4363.3338,6152.6676,6592.6674,5437.6674,5225.0006,4788.667,4513.6671,4326.6671,4719.0006,4766.6676,5078.3341,5716.3341,6530.3341,7601.0008,6856.6673,6009.6677,5111.3338,4000.3338,3721.667,2200.0006,108284.0134
2496,2024-11-01,1041.3332,1008.3334,1074.3334,1375.0002,4279.0006,6035.3338,6442.3342,6031.6673,5335.0006,5041.6671,4484.3336,4224.0003,4561.3338,4594.3338,5144.3336,5456.0005,6713.6676,7425.0009,6919.0011,5980.3341,4858.3338,4088.3341,3696.0005,1928.6668,107737.6783
2497,2024-11-02,975.3337,993.6667,1048.6669,1228.3334,3989.3335,4972.0006,5606.3342,5760.3339,5485.3342,4788.6673,4671.3336,4829.0006,5654.0003,5921.6674,5848.3341,5800.6673,5668.6677,5676.0008,5199.3339,4777.6674,4403.6668,4319.3336,3916.0004,2005.6671,103539.3454
2498,2024-11-03,1089.0,1140.3334,1037.6669,1191.6666,2720.6671,3036.0005,2970.0003,3058.0003,3358.6668,3450.3338,3512.6672,3549.3338,3593.3338,3630.0006,3732.6671,3655.6673,3505.3335,3714.3341,3930.6668,3732.6673,3560.3338,3604.3338,2438.3335,1132.9999,70345.0082
2499,2024-11-04,1136.6669,1140.3334,1067.0,1169.6669,1958.0004,3160.6671,3168.0003,3039.667,3509.0003,3622.6673,3754.6671,3622.6671,3956.3336,3685.0005,4077.3338,3879.3341,3886.6674,3835.3339,3978.3338,3384.3338,3017.6671,2790.3336,2607.0006,1030.3336,70477.0096
2500,2024-11-05,1063.3336,964.3334,971.6667,1224.6666,4312.0006,6222.3342,6614.6676,6211.3341,5496.3336,4994.0003,4554.0005,4370.6671,4748.3338,4939.0003,5291.0008,5588.0006,6383.6674,7568.0009,7450.6673,6207.6671,4796.0006,3996.6671,3784.0007,2009.3336,109761.6785
2501,2024-11-06,1041.3332,1103.6672,1268.6672,1364.0,4257.0012,6174.6672,6262.668,6655.0012,5654.0012,5140.6672,4576.0012,4436.6672,4686.0012,4821.6672,5294.6672,5613.668,6559.6672,7003.334,6974.0012,5786.0012,4601.6672,4451.334,3923.334,2251.334,109901.0184
2502,2024-11-07,1276.0004,1228.3334,1265.0002,1455.6669,4268.0006,6314.0009,6453.3343,6405.6676,5683.3339,5305.6674,4055.334,4730.0004,4546.6673,4752.0006,4715.3339,5544.0006,6453.3341,7524.0011,7029.0008,6152.6673,5195.6674,4110.3338,3828.0004,2159.6669,110451.0142
2503,2024-11-08,1125.6668,1067.0004,1158.6666,1367.6669,4326.6673,6167.3342,6614.6676,6325.0006,5705.3341,4928.0006,4462.3336,4158.0004,4546.6671,4528.3336,5074.6671,5324.0004,6376.3343,7355.3343,7007.0008,5998.6674,4770.3336,4176.334,3696.0004,2024.0003,108284.0124
2504,2024-11-09,1096.3336,1037.6669,1059.6669,1334.6669,3846.3336,5118.6672,5709.0006,5067.3339,5118.6674,4477.0006,4502.6671,4924.3338,5698.0006,5885.0006,6057.3338,5566.0009,5423.0006,5280.0006,4803.3338,4719.0003,4524.6673,4106.6668,3648.3336,2240.3337,101244.0111
2505,2024-11-10,1169.6672,1393.334,1224.6672,1210.0,2141.334,3839.0012,3813.334,3754.6672,3875.6672,4128.6672,4411.0012,4675.0012,4946.334,4587.0012,5093.0012,4792.334,4726.334,4909.6672,4964.6672,4873.0012,4891.334,4528.334,3006.6672,1140.334,88095.3508
2506,2024-11-11,1041.3337,1011.9999,1011.9999,1092.6666,1855.3335,3245.0003,3142.3335,2981.0004,3234.0006,3512.667,3545.6671,3443.0006,3751.0003,3758.3338,3824.3339,3769.3339,3696.0003,3857.3338,4029.6671,3791.3338,3864.6671,3692.3338,2753.6668,1338.3337,71243.3414
2507,2024-11-12,1158.6669,1250.3336,1210.0001,1569.3336,4304.6668,6314.0006,6431.3341,6233.3344,5591.6674,4788.6672,4495.3338,4117.6671,4524.6673,4814.3339,5199.3339,5694.3342,6079.3344,7157.3341,6732.0006,6695.3341,4656.6671,4235.0004,3703.3335,2057.0004,109013.6795
2508,2024-11-13,1261.3334,1367.6668,1261.3337,1404.3333,4286.334,6050.0007,6878.6676,6376.3343,5804.3339,4972.0008,4323.0004,4301.0003,4605.3336,4631.0009,5071.0006,5503.6672,6086.6673,7252.6674,7142.6674,5954.6674,4612.6671,3963.6674,3732.667,2141.3334,108984.3459
2509,2024-11-14,1305.3333,1217.3333,1305.3333,1551.0001,4429.3339,6288.3341,6743.0008,6295.6673,5749.3339,4876.6671,4381.6671,4363.3336,4609.0003,4693.3338,5151.6674,5393.6672,6310.334,7172.0011,6911.6673,6259.0004,5107.6674,3850.0003,3655.6671,2302.6668,109923.0109
2510,2024-11-15,1224.6669,1206.3333,1166.0001,1320.0004,4194.6671,6130.6674,6592.6674,6277.3339,5874.0006,4708.0006,4543.0003,4293.6671,4601.6668,4807.0006,5316.6674,5529.3341,6420.3341,7461.6676,7212.3343,5921.6671,5008.6672,4033.3336,3857.3336,2163.3337,109864.3452
2511,2024-11-16,1290.6668,1158.6669,1158.6669,1430.0004,3945.3338,5214.0006,5544.0006,5822.6673,5401.0009,4726.3341,4741.0006,4913.3341,5313.0004,6079.3338,6006.0006,5951.0005,5833.6673,5551.3339,5390.0006,4924.3341,4598.0006,4297.3338,3787.6671,2178.0003,105255.346
2512,2024-11-17,1056.0001,1063.3337,1034.0001,1129.3333,1800.3336,3087.3336,3215.667,2984.6668,3300.0004,3439.3335,3424.667,3648.334,3714.3335,3685.0006,3633.667,3780.3336,3703.3339,3850.0003,3956.3341,3685.0003,3560.3339,3333.0003,2867.3338,1547.3336,70499.008
2513,2024-11-18,1180.6672,1118.334,1140.334,1400.6672,4246.0012,6193.0012,6614.668,6823.6672,5514.668,5056.334,4513.6672,4499.0012,4649.334,4909.6672,5181.0012,5606.334,6365.334,6116.0012,6922.668,5804.334,4814.334,3993.0012,3809.6672,2115.6672,108588.3536
2514,2024-11-19,1250.334,1103.6672,1045.0,1268.6672,4227.6672,6328.6672,6453.334,6666.0012,5525.6672,5063.6672,4722.6672,4359.6672,4836.334,4469.6672,5302.0012,5544.0012,6380.0012,7458.0012,7208.668,5998.668,4920.6672,4070.0012,3828.0,2240.334,110271.3512
2515,2024-11-20,1147.6672,1037.6672,1074.3332,1378.6672,4297.334,6215.0012,6563.334,5973.0012,5947.334,5045.334,4572.334,4326.6672,4480.6672,4975.6672,5228.6672,5705.334,6240.668,7065.668,6482.6672,6314.0012,5082.0012,4279.0012,3960.0012,2684.0,110077.018
2516,2024-11-21,1140.3337,872.6669,920.3333,1254.0004,4403.6671,6306.6674,6750.3338,5976.6673,6068.3341,5060.0009,4117.6673,4411.0004,4796.0003,4858.3338,5199.3338,5822.6674,6519.3341,7157.3342,7524.0009,6178.3343,5159.0006,4253.3338,3960.0003,2225.6669,110935.013
2517,2024-11-22,964.3336,905.6667,971.6669,1408.0003,4422.0006,6424.0008,6655.0008,6446.0005,5650.3339,4810.6671,4605.3338,4301.0003,4546.6673,4975.667,5151.667,5617.3338,6578.0008,7392.0009,7245.3341,6105.0006,4796.0006,4154.3336,3930.667,2178.0003,110234.6783
2518,2024-11-23,1103.6666,1114.6666,1089.0002,1364.0001,3846.3338,5115.0004,5698.0006,5844.6674,5599.0009,4781.3338,4700.6673,4719.0003,5657.6676,6141.6676,6105.0006,6167.3338,5848.3341,5448.6674,5177.3339,4891.3339,4557.6672,4106.667,3817.0006,2258.6673,105152.679
2519,2024-11-24,1118.3332,1089.0,1092.6672,1114.6672,1921.334,3186.334,3058.0,2841.6672,3050.6672,3256.0,3340.334,3597.0,3545.6672,3608.0,3754.6672,3648.334,3707.0,3652.0,3743.6672,3875.6672,3853.6672,3707.0,2753.6672,1331.0,69846.3412
2520,2024-11-25,1187.9999,1199.0001,1261.3332,1283.3334,4165.3336,6094.0006,6688.0009,6504.6674,5899.6674,5115.0006,4744.6671,4400.0005,4499.0003,4950.0003,5338.6673,5606.3341,6097.6673,7670.6678,7296.6676,6130.6674,3938.0005,4447.6673,3916.0004,2060.667,110495.012
2521,2024-11-26,1023.0002,1067.0004,1155.0001,1474.0003,4319.3339,6515.6676,6266.3338,5756.6673,5892.3338,5049.0005,4535.6674,4557.667,4865.6671,4803.3339,5397.3338,5613.6674,6519.3341,7241.6676,7557.0013,6413.0009,5155.3339,4238.667,3820.6673,2328.3336,111565.6802
2522,2024-11-27,1221.0004,1246.6669,1140.3334,1389.6666,4359.6673,6211.3342,6596.3341,6336.0008,5709.0004,4961.0006,4726.3338,4568.6671,4627.3339,4711.6674,5243.3341,5595.3342,6336.0011,7208.6678,7054.6677,6471.6677,4931.6673,4158.0006,3457.6674,2273.3337,110535.3485
2523,2024-11-28,1217.3332,1169.6672,1125.6672,1532.6672,4359.6672,6050.0012,6508.334,6501.0012,5852.0012,5188.334,4623.6672,4447.6672,4693.334,4799.6672,5236.0012,5463.334,6369.0012,7465.334,7230.668,6207.6672,5192.0012,4154.334,3813.334,1969.0,111169.684
2524,2024-11-29,1276.0,1334.6672,1173.3332,1386.0,4323.0012,5771.334,5434.0012,6112.334,5841.0012,4891.334,4656.6672,4473.334,4528.334,4810.6672,5393.6672,5797.0012,6405.668,5899.6672,6413.0012,6163.668,5247.0012,4271.6672,3960.0012,2053.334,107616.6848
2525,2024-11-30,1202.6672,1221.0,1199.0,1708.6672,4150.6672,5390.0012,5756.6672,6013.334,5408.334,4928.0012,4711.6672,5302.0012,5514.6672,6383.668,6193.0012,6460.6672,6464.334,5991.334,5723.6672,5258.0012,4957.334,4473.334,4011.334,2240.334,110663.6836
2526,2024-12-01,1085.3334,1078.0001,1165.9999,1349.3334,2020.3336,3131.3338,3193.6671,3032.3338,3164.3336,3435.6668,3589.6673,3479.6673,3586.0003,3641.0004,3758.3336,3967.3336,3732.667,3842.667,4066.3336,4029.6671,3798.6668,3721.6671,2823.3336,1206.3334,71899.6736
2527,2024-12-02,1125.6672,1144.0,1169.6672,1529.0,4183.6672,6167.334,6328.668,6699.0012,5610.0012,4873.0012,4499.0012,4315.6672,4623.6672,4983.0012,5225.0012,5335.0012,6328.668,7194.0012,6933.668,6372.6672,5129.6672,4110.334,3769.334,2390.6672,110040.3532
2528,2024-12-03,1320.0,1114.6672,1155.0,1463.0,4396.334,6339.6672,6541.334,6303.0012,5965.668,5067.334,4455.0012,4121.334,4502.6672,4825.334,5346.0012,5599.0012,6292.0012,7091.334,7307.668,6035.334,5203.0012,4400.0012,3828.0012,2225.6672,110898.3524
2529,2024-12-04,1331.0,1268.6672,1279.6672,1463.0,4150.6672,6035.334,6501.0012,6501.0012,5375.334,5074.668,4774.0012,4495.334,4645.6672,4920.6672,5518.334,5727.334,6644.0012,7414.0012,7073.0012,5973.0012,5111.334,4319.334,3817.0012,2222.0,111635.3516
2530,2024-12-05,1239.3334,1177.0001,1147.6666,1463.0003,4249.6671,6097.6676,6479.0011,6457.0012,5408.3339,5140.6674,4682.3339,4440.3336,4972.0003,4807.0006,5434.0005,5932.6673,6416.6676,7417.6676,7293.0011,6145.3342,5089.3339,4290.0003,3857.3339,2295.3336,111932.3471
2531,2024-12-06,1342.0,1239.3333,1129.3336,1393.3334,4158.0006,6196.6673,6405.6676,6215.0008,5503.6674,4869.3336,4550.3339,4345.0005,4433.0006,4774.0003,5261.6674,5995.0006,6651.3341,6647.6677,7465.3342,5841.0008,5313.0006,4312.0006,3736.3336,3494.334,111272.3465
2532,2024-12-07,3032.3335,2361.3339,1672.0004,1334.6671,3846.3338,4975.6671,5529.3339,5874.0008,5401.0004,5012.3338,4876.6671,4858.3339,5415.6668,5965.6676,6222.3341,6149.0006,5914.334,5632.0006,5360.6671,5115.0004,4752.0005,4348.6671,4037.0004,3633.6668,111320.0117
2533,2024-12-08,2764.6673,1895.6672,1558.3338,1166.0002,2024.0003,3039.6671,3028.6673,2801.3338,3237.667,3428.3336,3743.6668,3663.0003,3905.0003,3824.3338,3813.3338,3839.0003,3875.6671,3868.3338,4007.6674,4073.6674,3853.6671,3806.0003,3204.667,2126.6668,76549.0098
2534,2024-12-09,1991.0006,1914.0003,1719.6669,1301.6669,4279.0004,6358.0006,6314.0009,6504.6676,5767.6673,4799.6671,4488.0006,4286.3335,4634.6673,4902.3339,5379.0003,5705.3339,6259.0006,7256.3342,7296.6676,6328.6673,5232.3338,4099.3335,3938.0005,2181.6666,112937.0122
2535,2024-12-10,1133.0002,1195.3334,1162.3336,1507.0001,4334.0006,6306.6674,6743.0009,6317.6676,5734.6678,4821.6674,4411.0006,4231.3338,4550.3339,4770.3339,5269.0007,5595.3344,6567.0005,7095.0009,6849.3343,6515.6678,5294.6673,4070.0005,3853.6668,2255.0003,110583.0147
2536,2024-12-11,1206.3333,1202.6669,1235.6669,1323.6669,4286.3339,6075.6674,6391.0009,6629.334,5529.3341,4675.0006,4447.6673,4293.667,4466.0004,4928.0003,5305.6673,5595.3342,6578.0008,7377.3343,7025.3341,6497.3343,5294.667,4165.3335,3864.6673,2130.3334,110524.3461
2537,2024-12-12,1173.3332,1155.0,1199.0,1532.6672,4121.334,6493.6672,6541.334,6138.0012,5555.0012,5210.334,4370.6672,4433.0012,4627.334,4953.6672,5360.6672,5782.334,6482.668,7285.668,7340.668,6347.0012,4887.6672,4282.6672,3934.334,2178.0,111386.0164
2538,2024-12-13,1180.6672,1111.0,1180.6672,1496.0,4165.334,6193.0012,6438.6672,6387.334,5628.334,4961.0012,4495.334,4451.334,4539.334,4792.334,5089.334,5723.6672,6372.6672,7568.0012,7025.334,6259.0012,5162.6672,4055.334,3941.6672,3549.334,111767.3492
2539,2024-12-14,1958.0,1173.3332,1169.6672,1433.6672,4026.0012,5140.6672,5830.0012,5778.6672,5617.334,4796.0012,4726.334,5078.334,5738.334,6145.334,6002.334,5965.668,5885.0012,5742.0012,5591.668,5250.6672,4961.0012,4334.0012,4018.6672,3615.334,109978.0188
2540,2024-12-15,2005.6668,1078.0002,1000.9999,1122.0,2170.6668,4026.0005,3963.6673,3806.0006,4484.3339,4689.6673,4693.3338,5089.3338,5239.6674,5067.3339,5294.6676,5159.0008,5379.0004,5258.0003,5558.6674,5276.3341,5126.0007,4876.6671,3644.6671,1250.3334,95260.0111
2541,2024-12-16,1147.6667,1089.0001,1250.3334,1331.0002,4220.3339,6119.6676,6350.6676,6244.3339,5826.3338,5038.0009,4656.6673,4407.3338,4524.6673,4766.6671,5173.6668,5375.3342,6222.3344,7381.0011,7227.0011,6383.6677,5159.0006,4088.3339,3901.3335,2240.3336,110124.6805
2542,2024-12-17,1213.6668,1173.3334,1140.3333,1334.6668,4359.6674,6306.6673,6735.6676,6277.3341,5478.0003,5393.6674,4638.3339,4429.3339,4675.0006,4810.6671,5331.3341,5621.0006,6662.3344,7296.6676,6988.6673,6130.6674,5254.3338,4227.6673,4029.667,2313.6671,111822.3465
2543,2024-12-18,1290.6667,1375.0,1294.3336,1430.0004,4209.3336,6196.6673,6691.6674,6790.6676,5720.0005,5027.0006,4528.3335,4594.3339,4517.3338,4939.0006,5371.6674,5580.6671,6497.3339,7351.6676,7190.3343,6068.3341,5228.6668,4176.3338,4103.0003,2229.3338,112401.6786
2544,2024-12-19,1254.0001,1290.6669,1136.6669,1367.6671,4304.6668,6075.6671,6746.6673,6332.3341,5771.3339,4979.3339,4678.667,4590.667,4829.0006,4825.3341,5247.0006,5720.0006,6420.3339,7370.0013,7157.3342,6281.0009,5144.3339,4132.3339,4158.0004,2390.6672,112203.6797
2545,2024-12-20,1279.6668,1173.3334,1202.6669,1334.6669,4238.6674,6321.3338,6603.6673,6013.3339,5423.0,4939.0006,4381.6673,4242.3338,4440.3335,4818.0006,5349.6671,5745.6674,6739.3343,5621.0006,3985.6671,4238.6674,4697.0006,5353.3342,4308.3338,3553.0006,106003.3453
2546,2024-12-21,2038.6669,1173.3334,1103.6669,1455.6666,3971.0005,5060.0009,5782.3341,5885.0006,5349.6671,4946.334,4957.3341,4950.0006,5665.0009,6108.6673,6086.6671,6130.6674,6061.0006,5936.3341,5452.3341,5162.6674,4700.6671,4161.667,3905.0,3556.6671,109600.3458
2547,2024-12-22,2101.0003,1202.6666,1026.6672,1074.3334,1870.0004,3193.6671,3197.3339,3017.6671,3362.3338,3666.6671,3930.667,3978.3338,3879.3336,3923.334,4029.6671,3897.6673,4073.6671,4367.0003,4282.6671,4040.6671,3872.0005,4070.0006,3091.0005,1386.0001,76534.343
2548,2024-12-23,1081.6669,1074.3334,1111.0002,1316.3335,4048.0006,5943.6674,6413.0006,6343.3341,5562.3341,4880.3338,4583.3338,4378.0006,4502.6668,4748.3335,5236.0006,5786.0006,6464.3343,7282.0011,7069.3341,6090.3338,5030.6671,4150.6671,3912.3336,2302.6668,109310.6784
2549,2024-12-24,1136.6668,1041.3336,1118.3334,1367.6669,4205.6671,5375.3341,5459.6671,4682.3338,4484.3339,4363.3339,4205.6671,4315.6671,4543.0006,4726.3336,5155.3338,5720.0009,5687.0006,5522.0006,5617.3338,5316.6674,4920.6671,4242.3336,2086.3336,1195.3334,96488.3438
2550,2024-12-25,1154.9999,1151.3336,1155.0004,1151.3336,1829.6668,3043.3335,3171.6673,3080.0006,3285.3338,3443.0006,3498.0,3677.6668,3490.6671,3637.3336,3751.0006,3655.6673,3714.3335,3886.6671,3971.0006,4077.3338,3993.0005,4004.0006,2728.0001,1169.6666,71720.0083
2551,2024-12-26,1268.6669,1144.0001,1180.6669,1371.3333,4099.3339,5181.0003,5522.0006,5496.3339,5184.6673,4447.667,4205.6671,4268.0006,4264.3336,4279.0003,5115.0006,4931.6671,5474.3343,5852.0008,6068.3342,5327.6677,4638.3338,3930.6673,3421.0003,2229.3336,98901.0115
2552,2024-12-27,1243.0001,1353.0,1199.0004,1386.0001,4143.3339,5243.3339,5661.3341,5507.3339,4792.3338,4279.0006,4022.3335,4176.3336,4224.0003,4260.6673,5199.3339,5489.0003,5555.0006,6086.6677,6094.0006,5602.6671,4499.0003,3996.6671,3589.6671,2244.0001,99847.0103
2553,2024-12-28,1239.3337,1180.6669,1151.3336,1393.3336,4007.6672,5250.6671,5588.0009,5401.0006,4653.0006,4495.3336,4671.3339,4810.6673,5639.3339,6072.0007,5852.0009,5896.0006,5723.6673,5012.3338,5005.0003,4862.0006,4766.6671,4246.0004,3941.6668,2035.0001,102894.0115
2554,2024-12-29,1004.6667,1202.6666,1092.6672,1144.0002,1976.3336,3124.0004,3105.6673,3142.3336,3410.0003,3523.667,3736.3336,3934.3339,3879.3341,3732.6673,3703.3335,3839.0003,3853.6674,3901.3335,4114.0004,4081.0003,3872.0006,3853.6668,2999.3338,1155.0001,73381.0085
2555,2024-12-30,1030.3334,1074.3334,1063.3334,1283.3333,3967.3339,5206.6674,5324.0006,5254.3338,4700.6672,4312.0003,4224.0003,4235.0003,4290.0004,4403.6671,5027.0004,5181.0006,5430.3338,5566.0006,5756.6674,5327.6673,4389.0005,3677.6674,3465.0005,2152.3333,96341.6766
2556,2024-12-31,898.3337,744.3334,942.3333,1360.3334,3996.6671,5199.3341,5269.0006,4543.0009,3989.3338,3912.3338,4154.3339,4048.0006,4224.0003,4326.6671,5111.3339,5445.0006,5324.0003,5265.3338,4854.6671,4499.0003,3872.0006,3846.3338,2038.6668,1184.3334,89048.6766
2557,2025-01-01,1162.3334,1177.0001,1133.0001,1133.0004,1833.3336,2937.0003,3171.6671,2907.6671,3300.0006,3270.6673,3490.667,3454.0003,3479.6668,3542.0006,3725.3341,3439.3336,3556.6668,3619.0003,3853.6668,3765.6673,3575.0003,3501.6671,3032.334,1092.6666,69153.3416
2558,2025-01-02,1100.0001,1030.3334,1070.6666,1448.3336,4040.6671,5313.0007,5419.3341,5294.6674,4664.0003,4147.0004,4297.3338,4191.0006,4308.3338,4205.6671,4821.6671,5045.3341,5111.3338,5360.6673,5525.6674,5049.0009,4286.3338,3765.6671,3399.0003,2126.6669,95021.6777
2559,2025-01-03,1129.3334,1056.0002,1081.6669,1327.3336,3974.6671,5195.6674,5533.0006,5463.3339,4748.3338,4337.6673,4062.6671,4231.3338,4411.0003,4330.334,5034.3338,5305.6673,5610.0003,5654.0006,5599.0003,5375.3338,4594.3338,3868.334,3593.3338,2192.6672,97709.3443
2560,2025-01-04,1177.0002,1199.0001,1176.9999,1521.6668,4114.0006,5203.0007,5610.0004,5324.0006,4616.3338,4121.3338,4103.0003,4535.667,5074.6671,5368.0005,5232.3339,4983.0004,4601.6671,4524.6671,4755.6674,4612.667,4007.6674,3729.0004,3538.3338,2559.3335,95689.0098
2561,2025-01-05,1419.0001,1312.6669,1180.6669,1360.3334,2101.0003,3164.3338,3344.0006,3223.0003,3542.0006,3780.3338,3663.0006,3604.3338,3531.0003,3494.3335,3626.3338,3571.3339,3553.0006,3732.667,3938.0005,3813.3336,3692.334,3457.6671,3102.0006,1342.0001,72548.6761
2562,2025-01-06,1136.6672,1140.3332,1239.3332,1188.0,1899.334,3175.334,3292.6672,3432.0,3457.6672,3795.0012,3850.0012,3670.334,3604.334,3553.0,3622.6672,3597.0,3494.334,3622.6672,3769.334,3916.0012,3894.0,3692.334,3171.6672,1151.334,72365.3452
2563,2025-01-07,1165.9999,1078.0004,1290.6672,1393.3333,3861.0004,5441.3344,5569.6673,5364.3341,5140.6674,4341.3338,4209.3339,4216.6671,4414.6668,4282.6673,5203.0008,5353.3341,5628.334,6218.6675,6512.0008,5496.3341,4719.0006,4147.0006,3736.3336,2203.6668,100987.3462
2564,2025-01-08,1206.3332,1316.334,1213.6672,1477.6672,4150.6672,5342.334,5852.0012,5569.6672,4865.6672,4433.0012,4125.0012,4359.6672,4158.0012,4407.334,5445.0012,5610.0012,5822.6672,6548.668,6402.0012,5918.0012,4473.334,4048.0012,3762.0,2200.0,102707.0184
2565,2025-01-09,1169.6666,1191.6669,1261.3334,1763.6668,4147.0006,5430.3338,5797.0006,5492.6674,5412.0006,4469.667,4125.0006,4257.0006,4158.0003,4458.6673,5206.6674,5324.0006,5742.0005,6211.3338,6376.3344,6057.3342,4766.6671,4033.3341,3465.0003,2317.3336,102633.6785
2566,2025-01-10,1206.3337,1228.3333,1243.0002,1430.0001,4088.3338,5269.0008,5885.0008,5536.6671,4832.6671,4484.3335,4308.3338,4158.0003,4308.3335,4385.3338,5184.6672,5434.0006,5738.3338,6464.334,6336.0008,5624.6674,4554.0006,3806.0005,3494.3336,2126.6671,101126.6774
2567,2025-01-11,1338.3337,1151.3334,1294.3334,1386.0001,4114.0003,5041.6671,4407.3338,2929.6671,2849.0001,4891.3338,4194.6668,4693.3336,5261.6673,5485.3339,5415.6674,5349.6674,5217.6674,4843.6673,5250.6674,4884.0006,4180.0003,3710.667,3655.6673,2119.3336,93665.0101
2568,2025-01-12,1261.334,1177.0,1232.0,1312.6672,2064.334,3329.334,3076.334,3373.334,3586.0,3692.334,3655.6672,3622.6672,3538.334,3523.6672,3556.6672,3762.0012,3611.6672,3674.0,3864.6672,3916.0012,3692.334,3494.334,3047.0,1224.6672,72288.346
2569,2025-01-13,1177.0001,1202.6666,1143.9999,1312.6666,4323.0007,6053.6673,6372.6674,6248.0006,5767.6672,4884.0003,4484.3338,4440.3339,4425.667,4363.3338,4667.6672,5599.0006,6585.3341,7234.3346,7219.6676,5888.6673,4774.0005,3842.6671,3751.0006,2310.0003,108071.3451
2570,2025-01-14,1297.9999,1228.3333,1294.3334,1499.6669,3355.0004,5694.3339,6504.6674,6145.3339,5430.3338,4803.3341,4323.0003,4458.6671,4444.0005,4524.6674,4763.0005,5775.0006,6372.6674,6974.0006,7153.6677,6325.0006,4700.6668,3916.0003,3718.0003,2398.0001,107099.6772
2571,2025-01-15,1254.0004,1191.6669,1132.9999,1488.6667,4359.6671,6134.3339,6215.0008,6255.3339,5720.0006,5074.6674,4202.0006,4216.6671,4462.3335,4345.0006,4601.6671,5533.0006,6288.3343,7337.0008,7124.3342,6200.3341,4550.3338,3802.3338,3802.334,2262.3334,107554.3455
2572,2025-01-16,1323.6672,1107.3332,1107.3332,1235.6672,4378.0012,5910.6672,6387.334,6200.334,5643.0012,4594.334,4535.6672,4224.0012,4370.6672,4462.334,4733.6672,5591.668,6413.0012,7120.668,6684.334,6757.668,4950.0012,4147.0012,3483.334,2354.0,107715.6848
2573,2025-01-17,1166.0,1085.3332,1125.6672,1356.6672,4099.334,5896.0012,6303.0012,6020.6672,5470.6672,4601.6672,4653.0012,4264.334,4253.334,4271.6672,4543.0012,5910.6672,6479.0012,7531.334,6878.668,5855.668,4499.0012,3762.0012,3531.0012,2284.334,105842.0192
2574,2025-01-18,1188.0,1122.0,1371.3332,1675.6672,3894.0,5071.0012,5467.0012,5404.668,4858.334,4403.6672,4264.334,4708.0012,5247.0012,5610.0012,5606.334,5646.6672,5228.6672,4979.334,5239.6672,4730.0012,4125.0012,3685.0,3622.6672,2013.0,99161.3488
2575,2025-01-19,1151.3333,1074.3336,1074.3334,1092.6666,1965.3336,3197.3339,3333.0004,3355.0003,3234.0,3692.3339,3773.0006,3582.3335,3611.6673,3549.3336,3681.3339,3593.3338,3597.0006,3641.0006,3835.3339,3817.0004,3798.6673,3586.0006,2937.0004,1331.0,71503.6755
2576,2025-01-20,1169.6672,1217.3332,1338.334,1408.0,4037.0012,5976.6672,6303.0012,5907.0012,4781.334,4726.334,4367.0012,4323.0012,4279.0012,4477.0012,4631.0012,5632.0012,6317.668,7296.668,7263.668,6061.0012,4612.6672,3868.334,3685.0012,2251.334,105930.022
2577,2025-01-21,1217.3332,1056.0,1151.3332,1338.334,4341.334,6031.668,6325.0012,6145.334,5830.0012,4986.6672,4535.668,4389.0,4407.334,4374.334,4642.0012,5734.6672,6237.0012,7106.0012,7278.334,6189.334,4851.0012,3883.0012,3824.334,2354.0,108229.0172
2578,2025-01-22,1133.0,1122.0,1191.6672,1360.334,4282.6672,6042.6672,6420.334,6431.334,5613.6672,5027.0012,4671.334,4422.0012,4330.334,4469.6672,4587.0012,5995.0012,6259.0012,6974.0012,6347.0012,6303.0012,4561.334,3960.0,3659.334,2046.0,107209.6836
2579,2025-01-23,1250.3333,1166.0004,1169.6668,1609.667,4455.0006,6046.3341,6413.0006,6376.3341,5562.3341,5159.0006,4554.0003,4297.3336,4550.334,4301.0004,4752.0006,5738.3341,6288.334,7084.0008,6229.6676,6123.3341,5063.6668,3978.3336,3630.0003,2493.3336,108291.3454
2580,2025-01-24,1242.9999,1158.6668,1199.0002,1268.6666,4268.0003,6178.334,6266.3338,5888.6673,6024.334,5258.0006,4477.0004,4040.6671,4128.6672,4356.0003,4425.6674,5712.6677,6475.3339,6988.6673,6977.6676,6145.3344,4546.667,3835.3338,3582.3338,2207.3336,106652.345
2581,2025-01-25,1279.6669,1206.3336,1301.6666,1287.0001,4022.3341,4961.0006,5731.0008,5591.6673,4722.6671,4216.6671,4011.334,4605.3336,5192.0006,6028.0006,5349.6673,5892.3341,5536.6671,4862.0006,5140.6673,4748.3338,4066.3338,3597.0003,3523.6671,2159.6671,99033.0115
2582,2025-01-26,1147.6672,1188.0,1290.6672,1265.0,1925.0,3344.0012,3223.0,3322.0,3245.0,3267.0,3556.6672,3358.6672,3300.0,3168.0,3413.6672,3314.6672,3230.334,3498.0012,3476.0,3424.6672,3417.334,3296.334,2621.6672,1078.0,67371.342
2583,2025-01-27,792.0,773.6672,931.3332,986.3332,3303.6672,5397.334,5588.0012,5419.334,5078.334,4216.6672,3498.0,3626.334,3813.334,3802.334,3802.334,4238.6672,5291.0012,5965.668,6603.668,5019.6672,3758.334,3391.6672,2929.6672,1716.0,89943.3472
2584,2025-01-28,645.3336,671.0002,751.6667,916.6669,3391.6671,5679.6674,6017.0006,5507.3338,4755.6672,4231.3338,3644.6673,3443.0003,3490.6673,3718.0006,3714.3338,4147.0004,5371.6671,6453.3344,6270.0008,5107.6674,3670.3336,3234.0003,2640.0001,1693.9999,89166.0106
2585,2025-01-29,689.3336,612.3337,1169.6668,1265.0004,3934.3335,6042.6674,6372.6674,6306.6674,5470.6674,4733.6673,4044.3338,4070.0004,3974.6671,4084.6671,4418.3339,4572.3339,5679.6674,6893.3341,6607.3341,5712.6671,4385.3336,3956.3341,3259.6668,2057.0004,100312.6787
2586,2025-01-30,1158.6672,1107.3332,1140.3332,1360.334,3813.334,5987.6672,6420.334,6288.334,5489.0012,4488.0012,3996.6672,3919.6672,3934.334,4213.0012,4565.0012,4858.334,5841.0012,6717.334,6669.668,5698.0012,4352.334,4070.0012,3212.0,2170.6672,101471.3508
2587,2025-01-31,1276.0,1298.0,1327.3332,1642.6672,4161.6672,6053.6672,6409.334,5789.6672,5533.0012,5019.6672,4642.0012,4631.0012,4546.6672,4539.334,4777.6672,5049.0,6248.0012,6977.668,7414.0012,5903.334,4466.0012,4128.6672,3549.334,2328.334,107712.016
2588,2025-02-01,1283.334,1169.6672,1188.0,1503.334,3949.0012,5133.334,5518.334,5643.0012,5078.334,4436.6672,4172.6672,4678.6672,5397.334,5613.6672,5511.0012,5331.334,5661.334,5133.334,5071.0012,4711.6672,4110.334,3751.0012,3622.6672,2266.0,99935.0164
2589,2025-02-02,1287.0004,1210.0002,1140.3334,1140.3334,2053.3337,3252.3336,3388.0006,3153.3339,3505.3336,3644.6671,3685.0006,3483.3338,3677.6671,3597.0006,3542.0004,3850.0005,3714.3336,3813.3339,3901.3339,4004.0003,3729.0004,3549.3335,2962.667,1433.6668,72717.3423
2590,2025-02-03,1452.0001,1232.0001,1210.0004,1503.3334,3868.3338,6237.0006,6438.6675,6688.0006,5720.0009,4931.6674,4444.0004,4231.3339,4422.0003,4477.0003,4770.3336,5052.6671,6138.0009,7223.3343,7340.6673,5852.0003,4385.3336,4304.6672,3729.0006,2522.6672,108174.0118
2591,2025-02-04,1209.9999,1397.0001,1133.0001,1298.0004,4022.3335,6391.0006,6581.6673,6336.0009,5969.3342,3498.0004,6042.6674,4268.0006,4165.3336,4246.0004,4378.0003,5045.3336,5870.3339,6952.0008,4975.6671,5866.6674,4675.0005,3941.6673,3784.0005,2049.6668,104096.6776
2592,2025-02-05,1184.3333,1246.6668,1363.9999,1308.9999,4099.3338,5965.6674,6317.6674,6237.0008,5822.6672,4759.3338,4253.3335,4209.3338,4202.0003,4367.0003,4495.3336,4858.3342,6028.0006,6985.0008,5426.6674,6204.0006,5023.3339,4143.3339,3795.0003,2295.3336,104591.6771
2593,2025-02-06,1283.3334,1114.6669,1147.6666,1474.0001,4007.6671,6270.0008,6567.0006,6622.0008,5562.3338,4994.0005,4466.0005,4348.6668,4422.0008,4554.0006,4557.6673,4924.3338,6398.3341,7223.3341,7285.6674,5775.0007,4829.0006,3890.3341,3681.3338,2148.6668,107547.012
2594,2025-02-07,960.6668,1092.6666,1041.3333,1389.6667,4191.0004,6226.0008,6647.6671,6255.3341,6057.334,4979.3339,4436.6671,4231.3338,4491.6673,4539.3338,4748.3338,5250.6671,6108.6676,7296.6678,6339.6674,5881.3341,4440.3339,3868.3336,3534.6671,2478.6669,106487.345
2595,2025-02-08,1320.0002,1129.3336,1166.0001,1525.3335,3886.6671,4961.0008,5426.6674,5577.0006,4612.667,4271.6673,4037.0006,4620.0006,5272.6674,5588.0009,5492.6674,5441.3341,5265.3339,5001.3336,5089.3338,4671.3339,4161.6671,3604.3335,3736.3338,2049.6668,97907.345
2596,2025-02-09,1268.6669,1151.3334,1158.6669,1195.3334,2075.3333,3193.6671,3105.6671,2739.0003,3131.3336,3311.0006,3373.3336,3190.0005,3531.0006,3292.667,3527.3336,3479.667,3230.3335,3344.0006,3545.6673,3626.3338,3582.3338,3413.667,2992.0,2541.0003,68999.3412
2597,2025-02-10,1265.0,1206.3332,1349.334,1228.334,4128.6672,5973.0012,6596.334,6061.0012,5914.334,4983.0012,4565.0012,4422.0012,4407.334,4392.6672,4693.334,5001.334,6420.334,7271.0012,7531.334,6086.668,4671.334,3996.6672,3597.0,2387.0,108148.35
2598,2025-02-11,1184.3336,1147.6669,1312.6667,1345.6669,4198.3338,6413.0008,6878.6679,6790.6679,5800.6673,4979.3341,4235.0006,4172.6671,4268.0006,4433.0006,4682.3338,4909.6673,6086.6674,6886.0009,6820.0011,5804.3341,4634.6671,4000.3335,3652.0005,2530.0003,107165.6808
2599,2025-02-12,1210.0002,1232.0,1177.0002,1400.6669,4125.0008,6380.0009,6849.3341,6842.0009,5789.6672,4719.0006,4312.0003,4396.3338,4528.3335,4506.3339,4766.6674,5071.0006,6138.0008,7157.3342,7135.3341,5973.0009,4638.3338,4004.0004,3589.6673,2654.6673,108595.6801
2600,2025-02-13,1290.6668,1184.3334,1191.6666,1386.0001,4235.0005,6508.334,6629.3343,6743.0009,5756.6674,4829.0003,4374.3336,4330.3338,4436.667,4370.6673,4576.0003,5173.6671,6226.0009,7491.0008,6526.6673,5727.3341,4920.6673,4216.6673,3670.3338,2486.0001,108280.345
2601,2025-02-14,1133.0001,1180.6668,1198.9999,1668.3333,4033.3336,6486.3344,6706.3343,6629.3341,6013.3344,4836.3338,4253.3336,4253.3336,4425.6668,4396.3339,4616.3339,4935.3339,6779.6673,7432.3341,6816.3338,6156.3341,4722.6671,4029.6673,3688.6671,2310.0001,108702.0113
2602,2025-02-15,1144.0001,1243.0001,1283.3336,1386.0001,4062.6671,5247.0006,5393.6671,5588.0012,4840.0009,4396.3339,4132.3339,4693.3339,5610.0007,5863.0009,5672.3339,5547.6673,5511.0006,5045.3336,4979.3341,4609.0003,4158.0007,3593.3338,3531.0006,2361.3338,99891.0128
2603,2025-02-16,1400.6672,1283.334,1210.0,1188.0,2511.6672,4084.6672,4389.0012,4037.0012,4128.6672,4425.6672,4286.334,4121.334,4191.0012,4660.334,4884.0012,4649.334,4660.334,4862.0012,4946.334,4829.0012,4704.334,4323.0012,3483.334,1283.334,88542.6844
2604,2025-02-17,1034.0001,1232.0,1228.3333,1356.6666,4026.0003,6226.0007,6354.3338,6567.0008,5811.6673,5159.0003,4473.3338,4312.0003,4400.0006,4473.3336,4763.0006,5819.0008,6981.3339,7729.3341,7238.0009,6196.6673,4715.3338,4029.6671,3465.0004,2401.6669,109992.6773
2605,2025-02-18,1144.0001,1107.3337,1140.3333,1404.3334,4070.0006,6442.3343,6636.6676,6519.3343,6233.3342,4770.3338,4422.0005,4301.0006,4381.6673,4579.6671,4814.3341,5650.3344,6688.0006,7718.3343,7414.001,6233.3338,4755.6673,3908.6673,3564.0003,2541.0001,110440.014
2606,2025-02-19,1129.3332,1279.6669,1188.0001,1309.0002,4290.0007,6523.0011,6479.0006,7021.6676,6046.3341,5030.6674,4499.0004,4183.667,4286.3339,4510.0003,4873.0003,5811.667,6816.3344,7513.0006,7608.3341,5987.6677,4781.3339,3894.0003,3498.0006,2350.3338,110909.3462
2607,2025-02-20,1107.3337,1081.6666,1096.3337,1485.0003,4007.6671,6541.3344,6570.6679,6801.6677,5767.6674,5023.3339,4392.6668,4330.3335,4436.6673,4400.0004,4722.6671,5423.0007,6779.6676,7443.3341,7406.6677,6453.3343,4803.3338,4000.3338,3512.667,2526.3336,110113.6804
2608,2025-02-21,1147.6668,1198.9999,1133.0001,1360.3334,4106.6671,6314.0008,6732.0011,6431.3344,5745.6673,5038.0006,4301.0008,4260.667,4136.0003,4444.0005,4755.667,5624.6673,6794.3342,7425.0009,7359.0011,5962.0008,4583.3338,3868.3341,3494.3336,2229.3336,108445.3465
2609,2025-02-22,1070.6669,1136.6666,1213.6667,1353.0001,4150.6671,5254.3341,5595.3341,5463.3341,4990.3338,4004.0004,4242.3336,4315.667,5078.3341,5815.3339,5584.3341,5489.0006,5052.6673,5115.0005,4792.3335,4704.3339,4044.3338,3586.0,3461.3338,2277.0001,97790.0101
2610,2025-02-23,1085.3332,1144.0,1191.6672,1188.0,2057.0,3223.0,3311.0,3102.0,3226.6672,3303.6672,3267.0012,3171.6672,3226.6672,3681.334,3736.334,3674.0,3718.0012,3740.0012,3941.6672,3985.6672,3773.0012,3432.0,2874.6672,1221.0,70275.3436
2611,2025-02-24,1140.3332,1169.6672,1470.334,1389.6672,3996.6672,6394.6672,6578.0012,6295.668,5844.6672,4818.0012,4271.6672,4326.6672,4616.334,4374.334,4616.334,5500.0012,6427.6672,6889.668,7538.668,5874.0012,4378.0012,3615.334,3432.0012,2258.6672,107217.0192
2612,2025-02-25,1081.6672,1195.3332,1169.6672,1547.334,4176.334,6504.668,6152.6672,5976.668,5753.0012,4939.0012,4385.334,4444.0012,4205.6672,4323.0012,4616.334,5606.334,6713.668,7267.334,7645.0012,6127.0012,4814.334,4015.0012,3512.6672,2258.6672,108430.6868
2613,2025-02-26,1166.0,1217.334,1162.3332,1492.334,4180.0012,6350.6672,6706.334,6864.0012,5877.668,4884.0012,4466.0012,4348.6672,4319.334,4594.334,4689.6672,5753.0012,6805.334,7546.0012,7150.0012,6255.334,4818.0012,4015.0,3483.334,2310.0,110454.6844
2614,2025-02-27,1004.6669,1030.3334,1092.6669,1433.6669,4147.0008,6391.0003,6515.6672,6871.334,5555.0006,5030.6671,4444.0003,4436.6671,4370.6671,4675.0005,4638.3338,5555.0006,6933.6676,7608.3343,7498.3343,6284.6673,4623.6671,3912.3338,3604.3338,2310.0003,109967.012
2615,2025-02-28,1129.3334,1202.6669,1092.6668,1367.6668,4117.6671,6127.0006,6776.0007,6182.0009,5837.3338,5096.6671,4275.3338,4411.0003,4359.6673,4282.6674,4458.6673,5844.6676,6999.6673,7289.3344,7142.6676,6251.6676,4755.6668,3850.0004,3545.667,2324.6672,108720.3461
2616,2025-03-01,1085.3334,1144.0001,1257.6669,1375.0002,3938.0003,5115.0006,5566.0006,5540.3339,4792.3344,4385.3341,4088.3336,4631.0003,5192.0005,5789.6673,5973.0005,5632.0007,5533.0008,5254.3341,4964.6671,4304.6671,4055.3335,3578.6668,3446.6671,2119.3339,98761.6778
2617,2025-03-02,1052.3332,997.3332,1008.3332,1052.334,1804.0,3065.334,3058.0,2900.334,3131.334,3223.0,3263.334,3105.6672,3091.0,3439.334,3604.334,3439.334,3527.334,3553.0,3732.6672,3740.0012,3582.334,3567.6672,3025.0012,1393.3332,67356.6768
2618,2025-03-03,1232.0001,1210.0004,1276.0,1349.3333,4062.6672,6350.6673,6695.3344,6589.0008,5819.0006,4869.3336,4521.0003,4400.0006,4345.0003,4411.0005,4766.6671,5547.6673,6669.6676,7513.001,7417.6676,5984.0008,4568.6668,3743.6673,3450.3338,2207.3336,108999.0123
2619,2025-03-04,1096.3333,1107.3334,1136.6667,1338.3336,4242.3339,6200.3344,6512.0011,6515.6676,5712.6676,4880.3339,4480.6671,4370.6671,4370.667,4484.3338,4653.0005,5566.0006,6622.0008,7175.6676,6992.3344,6017.0006,4777.6671,3894.0008,3520.0004,2313.6668,107979.6801
2620,2025-03-05,1287.0001,1166.0002,1122.0,1334.6669,4165.3338,6160.0006,6710.0008,6552.334,5624.6671,5228.6676,4495.3338,4359.6673,4440.3339,4605.3335,4737.3338,5437.6674,6358.0009,7329.6676,7395.6674,5991.3341,4510.0004,3842.6671,3410.0003,2427.3336,108691.0122
2621,2025-03-06,1235.6672,1213.6672,1169.6672,1444.6672,4180.0012,6017.0012,6622.0012,6647.6672,5632.0012,5001.334,4352.334,4403.6672,4290.0012,4546.6672,4876.6672,5650.334,7120.668,7373.668,6996.0012,5943.6672,5005.0012,3831.6672,3538.334,2497.0,109589.3524
2622,2025-03-07,1103.6672,1078.0,1081.6672,1422.6672,4257.0012,6347.0012,6585.334,6501.0012,5683.334,4821.6672,4051.6672,4150.6672,4330.334,4488.0012,4777.6672,5632.0012,6713.6672,7014.334,7469.0012,5848.334,4862.0012,3758.334,3556.6672,2445.6672,107979.6844
2623,2025-03-08,1177.0,1100.0,1173.3332,1455.6672,3985.6672,5452.334,5280.0012,6325.0012,5327.6672,4334.0012,4205.6672,4744.6672,5382.6672,5914.334,5503.6672,5778.6672,5723.668,5137.0012,4946.334,4770.334,4040.6672,3681.334,3699.6672,2156.0,101295.348
2624,2025-03-09,1118.3334,1213.6669,1122.0002,1213.6669,1950.6673,4147.0003,4323.0007,3963.667,3875.6671,4213.0003,4216.6671,4114.0003,4110.3335,4807.0003,4623.6671,4656.6674,4480.6668,4645.6671,4726.3339,4788.667,4451.334,4469.6671,4018.667,1818.6668,87068.6755
2625,2025-03-10,1122.0,1136.6672,1147.6672,1375.0,4132.334,6196.668,2871.0,6204.0012,5577.0012,5353.334,4620.0012,4312.0012,4271.6672,4491.6672,4847.334,5500.0012,6600.0012,7494.668,7403.0012,5965.668,4385.334,3769.334,3479.6672,2302.6672,104558.6856
2626,2025-03-11,1096.3332,1125.6672,1195.3332,1312.6672,4253.334,6255.334,6684.334,6508.334,6046.334,5126.0012,4524.6672,4425.6672,4319.334,4458.6672,4642.0,5584.334,6446.0012,6856.668,7278.3352,6090.334,4601.6672,3813.334,3479.6672,2482.334,108606.6824
2627,2025-03-12,1144.0,1129.3332,1114.6672,1378.6672,4264.334,6321.334,6559.668,6545.0012,6347.0012,5159.0012,4337.6672,4447.6672,4257.0012,4484.334,5045.334,5628.334,6618.334,7348.0012,7315.0012,6163.668,4627.334,3835.334,3424.6672,2585.0,110080.6844
2628,2025-03-13,1206.3337,1239.3336,1114.6666,1492.3333,4081.0006,6116.0003,6622.0006,6482.6676,5305.6674,4521.0006,4546.6671,4055.3336,4150.6671,4282.667,4623.6673,5375.3338,6691.6676,7480.0009,7047.3339,5929.0004,4730.0004,3864.6671,3461.3338,2244.0002,106663.3445
2629,2025-03-14,1195.3336,1290.6669,1250.3333,1429.9999,4392.6671,6288.3341,6816.3344,6427.6673,5822.6674,4609.0005,4011.3339,4216.6668,4191.0006,4260.6673,4836.3335,5925.3341,6713.6674,7194.0012,7509.3343,5749.3341,4682.3338,3813.3336,3509.0,2394.3338,108529.6789
2630,2025-03-15,1202.6667,1177.0001,1162.3336,1290.6669,3916.0003,5287.3336,5595.3341,5511.0005,4675.0008,4246.0005,4246.0005,4576.0006,5313.0006,5496.3341,5745.6673,5503.6676,5265.3341,5155.3338,5016.0008,4645.6673,4139.6673,3758.3339,3556.6671,2093.6671,98574.6792
2631,2025-03-16,1165.9999,1136.6669,1309.0002,1279.6669,2357.6672,4106.667,4176.3338,3916.0003,4044.334,4161.6672,4345.0006,4000.3335,4392.667,4539.3339,4686.0003,4609.0006,4730.0004,4744.6674,4733.6671,4887.6671,4491.6671,4521.0003,3245.0005,1386.0004,86966.0096
2632,2025-03-17,1111.0004,1118.3337,1144.0001,1488.6669,4125.0003,6094.0008,6930.0008,6402.0006,5899.6674,4774.0006,4484.3338,4466.0004,4150.6671,4312.0006,4653.0006,5767.6676,6721.0008,7348.0008,7282.0009,5995.0006,4818.0003,3864.6673,3619.0006,2350.3334,108918.3464
2633,2025-03-18,1154.9999,1155.0004,1188.0004,1360.3333,4161.6673,6262.6674,6636.6676,6526.6674,5859.3342,4964.6668,4829.0003,4565.0006,4275.3338,4345.0006,4682.3338,5342.3341,6618.3343,7432.3343,7480.0011,5907.0006,4480.6671,3934.3335,3509.0003,2273.3339,108944.013
2634,2025-03-19,1111.0,1118.3334,1140.3334,1353.0004,4055.3338,6471.6676,6460.6677,6658.6676,5701.6676,4627.3339,4458.6668,4392.6671,4202.0006,4535.6673,4744.6673,5448.6671,6684.3339,7531.3344,6849.3344,6277.3339,4759.3341,3883.0004,3523.6671,2533.6669,108522.3467
2635,2025-03-20,1246.6672,1257.6672,1331.0,1419.0,3974.6672,6123.334,6779.668,6248.0012,5514.6672,4609.0012,4484.334,4158.0012,4092.0012,4220.334,4847.334,5646.6672,6794.334,7362.668,7293.0012,5918.0012,4873.0,3732.6672,3659.334,2299.0,107884.3504
2636,2025-03-21,623.3334,1034.0001,1158.6667,1177.0001,4139.6671,6303.0008,6537.6676,6402.0006,5734.6676,4891.3335,4147.0003,4136.0003,4077.3338,4334.0003,4788.6671,5485.3338,6750.3344,7751.3343,7131.6677,6009.667,4594.3338,3773.0003,3560.3338,2445.6671,106986.0115
2637,2025-03-22,1026.6672,1074.334,1166.0,1290.6672,3853.6672,5316.6672,5522.0012,5602.6672,4803.334,4260.6672,3993.0012,4671.334,5371.6672,5690.668,5573.334,5676.0012,5514.6672,5221.334,4975.6672,4510.0012,3886.6672,3564.0,3450.334,1668.334,97683.6828
2638,2025-03-23,781.0001,806.6669,806.6669,832.3337,2486.0,4158.0003,4114.0004,3798.667,4011.3338,4238.6668,4264.334,4110.3338,4187.3335,4891.3339,4675.0003,4656.6673,4653.0006,4686.0006,4821.6673,4711.6671,4557.667,4447.667,3604.3338,1308.9999,85609.342
2639,2025-03-24,1158.6669,1301.6669,1221.0002,1129.3337,2416.3336,4110.3336,4161.6671,4022.3338,4279.0006,4502.6671,4506.3336,4510.0006,4726.3336,4667.6673,4854.667,4697.0009,4763.0006,4722.6671,4917.0006,4781.334,4590.6673,4389.0004,3450.3339,1334.6668,89213.6772
2640,2025-03-25,1125.6672,1268.6669,1221.0002,1459.3336,3967.3339,6145.3338,6541.3343,6622.0006,5632.0007,4763.0006,4495.3338,4348.6671,4297.3338,4337.667,4631.0003,5654.0008,6790.6673,7333.3342,7065.6676,6303.0006,4693.3338,3879.3335,3373.3335,2181.6672,108130.0123
2641,2025-03-26,1206.3337,1217.3336,1125.6669,1386.0001,4117.6673,6306.6674,6677.0009,6501.0009,5617.3341,4917.0006,4242.3338,4348.6668,4370.667,4477.0004,4671.3339,5533.0006,6545.0006,7062.0011,6889.6673,6097.6671,5126.0006,3978.3338,3421.0005,2240.3333,108075.0123
2642,2025-03-27,1177.0,1206.3334,1121.9999,1342.0002,4220.3338,5973.0005,6391.0008,6369.0006,5694.3341,4862.0006,4678.6671,4312.0,4165.3338,4499.0006,4645.6671,5419.3336,6629.3344,6739.3341,7329.6676,5903.3341,4876.6671,3927.0004,3626.3338,2372.3336,107481.0112
2643,2025-03-28,1349.3334,1305.3334,1147.6666,1378.6669,4103.0003,6039.0006,6299.3341,6039.0006,5687.0003,4561.3339,4326.6671,4000.3336,4015.0003,4128.6673,4568.6673,5518.3341,6350.6673,7282.0006,7256.3343,5723.6673,4374.3338,3747.3336,3597.0005,2185.3336,104984.0108
2644,2025-03-29,1360.3336,1499.6666,1279.6667,1319.9999,4033.3339,4972.0006,5335.0004,5316.6674,4741.0003,4143.3339,3941.667,4480.6673,5338.6674,5650.3342,5566.0009,5375.3338,5313.0009,4964.6674,4825.3339,4422.0003,3897.667,3454.0003,3274.3338,2115.6668,96620.3443
2645,2025-03-30,1360.3334,1140.3334,1283.3337,1287.0002,2115.6671,3054.3338,3138.6671,3428.3338,3347.6671,3545.667,3652.0005,3417.3336,3666.6671,3604.3335,3586.0003,3622.6674,3487.0004,3644.6671,3754.6671,3571.3336,3549.3338,3498.0003,2966.3339,1118.3333,70840.0085
2646,2025-03-31,1081.6669,1224.6666,1100.0001,1496.0004,4095.6671,6270.0008,6240.6676,6226.0009,5525.6673,4704.3338,4425.667,4202.0003,4128.6673,4359.6671,4638.3339,5276.3341,6240.6673,7073.0008,6878.6673,5844.6674,4535.667,3674.0006,3314.6673,2196.3338,104753.0127
2647,2025-04-01,1081.6669,1063.3334,1103.6666,1301.6669,4073.6668,6376.3341,6486.3341,6072.0007,5863.0006,4748.3338,4396.3339,4374.3338,4077.3336,4249.6671,4601.6671,5617.3338,6552.3341,7120.6677,6050.0006,6035.3344,4898.6671,3861.0003,3505.3338,2328.3338,105838.345
2648,2025-04-02,1169.6669,1265.0004,1371.3336,1433.6669,4213.0005,6152.6674,6493.6673,6035.3341,5606.3342,4671.3336,4169.0,4323.0006,4114.0004,4315.6673,4609.0006,5463.3341,6607.334,6959.3341,7043.6676,5742.0007,4583.3338,3736.3338,3373.3338,2904.0003,106355.346
2649,2025-04-03,1793.0004,1144.0001,1133.0002,1419.0004,4161.6671,6017.0009,6567.0008,5888.6672,6050.0008,4667.6668,4605.3336,4345.0005,4077.3335,4213.0003,4715.3338,5441.3341,6548.6673,7139.0009,7065.6679,5679.6674,4381.6671,3681.3338,3410.0005,2361.3335,106505.6789
2650,2025-04-04,1103.6669,1125.6669,1070.6667,1345.6668,4055.3339,5881.334,6325.0006,6497.3341,5621.0007,4781.3339,4154.3336,4161.667,4004.0003,4403.6672,4653.0005,5401.0006,6600.0008,7051.0009,6721.0009,5492.667,4539.3339,3593.3338,3380.667,2167.0006,104129.6786
2651,2025-04-05,1056.0,1155.0,1074.3332,1301.6672,3963.6672,5177.334,5555.0012,5478.0012,4759.334,4389.0012,4158.0012,4579.6672,5173.6672,5797.0012,5606.334,5584.334,5478.0012,5001.334,4935.334,4466.0012,4099.334,3542.0012,3410.0012,2214.6672,97955.018
2652,2025-04-06,1224.6672,1210.0,1184.3332,1213.6672,1892.0,3135.0,3296.334,3322.0,3421.0012,3520.0,3465.0,3604.334,3494.334,3560.334,3615.334,3534.6672,3648.334,3619.0,3842.6672,3883.0,3454.0,3377.0,2933.334,1389.6672,70840.0084
2653,2025-04-07,1386.0001,1250.3334,1246.6669,1466.6669,3952.6671,6145.3341,6570.6674,6614.6676,5342.3341,4829.0003,4033.3338,4132.3341,4191.0003,4363.3335,4726.3339,5547.6674,5734.6671,5767.6673,6094.0005,5892.334,4807.0006,4000.3339,3589.6668,2335.6671,104019.6782
2654,2025-04-08,1444.6667,1151.3334,1177.0004,1353.0001,4125.0003,5929.0006,6497.3341,6123.334,5474.3341,4832.6671,4132.3339,3985.6671,4216.6673,4268.0003,4513.6671,5280.0006,5995.0007,6600.0009,6534.0006,6138.0004,4770.3338,4121.3338,3512.6671,2280.6668,104456.0112
2655,2025-04-09,1195.3337,1140.3337,1140.3334,1437.3334,4154.3338,6006.0003,6431.3338,6123.3341,5705.3341,4814.3338,4418.3338,4180.0003,4103.0,4345.0005,4682.3336,5668.6674,6710.0009,7238.0011,6559.6677,4576.0006,5148.0006,4323.0006,3864.667,2247.6671,106212.3453
2656,2025-04-10,1195.3333,1180.6669,1169.6666,1422.6668,4037.0006,6064.6676,6369.0008,6343.3343,5580.6675,4832.6671,4513.6668,4015.0006,3945.3338,4000.3341,4572.3341,5335.0006,6299.3341,7366.3343,6640.3346,5852.0006,4700.667,3681.3341,3622.667,2262.3336,105002.3468
2657,2025-04-11,1195.3332,1217.334,1030.3332,1320.0,3923.334,5764.0012,5529.334,5962.0012,5386.334,4803.334,4084.6672,4205.6672,4062.6672,4389.0012,4759.334,5654.0012,6009.6672,6666.0012,6541.334,5830.0012,4737.334,3985.6672,3626.334,2453.0,103136.0156
2658,2025-04-12,1231.9999,1272.3336,1276.0001,1404.3334,3967.3336,4997.6674,5393.6674,5514.6673,4862.0006,4403.6671,4594.3339,5049.0006,5522.0009,5503.6673,5712.6673,5782.3341,5459.667,5536.6674,5247.0004,4737.3338,4103.0006,3641.0006,3520.0006,2196.3336,100928.6785
2659,2025-04-13,1771.0001,1954.3335,1371.3334,1419.0001,2027.6673,3087.3339,3223.0004,3124.0003,3175.3335,3450.3335,3802.3339,4378.0006,5148.0007,5034.3338,5434.0006,5254.3338,5115.0008,5280.0006,4825.334,4429.3336,3934.3338,3476.0003,2937.0004,1463.0001,85114.343
2660,2025-04-14,1987.334,1452.0,1250.3332,1444.6672,3890.334,5826.334,6127.0012,6211.334,5540.334,4847.334,4517.334,4128.6672,4070.0012,4400.0012,4770.334,5448.6672,6288.334,6959.334,7051.0012,5742.0012,4686.0012,3923.334,3505.334,2317.334,106384.684
2661,2025-04-15,1096.3332,1114.6672,1169.6672,1477.6672,4194.6672,6134.334,6350.6672,6167.334,5525.668,4752.0012,4271.6672,4183.6672,4227.6672,4209.334,4579.6672,5327.6672,6402.0012,7282.0012,6974.0012,6336.0012,4777.6672,4018.6672,3461.334,2324.6672,106359.0168
2662,2025-04-16,1173.3332,1180.6672,1349.334,1444.6672,4018.6672,5852.0012,6380.0012,6090.334,5404.6672,4741.0012,4546.6672,4370.6672,4224.0012,4293.6672,4572.334,5558.6672,6464.334,6790.668,6072.0012,4997.6672,4033.334,3905.0,3435.6672,2152.334,103051.6832
2663,2025-04-17,1037.6669,770.0004,766.3333,740.6666,1463.0004,2783.0006,2838.0006,2823.3333,3058.0004,3325.6673,3153.3339,3179.0004,3072.6671,2966.3336,2959.0003,2841.6671,3032.3336,3127.6671,3047.0005,3010.3338,2988.3335,2926.0005,2170.6669,784.6669,58864.675
2664,2025-04-18,751.6667,773.6669,689.3334,847.0001,1540.0004,2805.0003,2764.667,2882.0003,3168.0006,3215.667,3171.6671,3204.6671,3113.0006,3083.667,3087.3338,3025.0006,2992.0003,3124.0003,3248.667,3179.0003,3010.3338,3006.6668,2350.3338,715.0002,59748.3414
2665,2025-04-19,685.6669,858.0001,946.0004,953.3336,3289.0005,4524.6674,4810.6674,4565.0004,3809.6671,4084.667,3611.667,4187.3339,4774.0003,4576.0006,4726.3338,4546.6671,4183.6668,4271.6671,4367.0003,4095.6671,3553.0003,2937.0001,2918.6671,1705.0001,82980.3424
2666,2025-04-20,814.0,663.6672,693.0,821.3332,1708.6672,2493.334,2702.334,2882.0,2845.334,3102.0,3135.0,3098.334,3054.334,3072.6672,3017.6672,2027.6672,1481.334,1375.0,1452.0,1400.6672,1353.0,1404.334,1096.3332,715.0,46409.0076
2667,2025-04-21,898.3336,751.6668,608.6666,733.3334,3333.0005,5580.6673,6024.3341,5888.6676,5067.3339,4224.0003,3681.3338,3549.3336,3538.3338,3879.3338,4095.6671,5074.6671,5943.6677,6860.3344,6519.3341,5382.667,3952.6671,3439.3338,3025.0004,1837.0004,93888.6782
2668,2025-04-22,781.0004,689.3333,689.3334,1023.0001,3659.3336,5467.0006,5995.0006,5632.0006,5041.6671,4249.6668,3604.3335,3604.3338,3769.3338,3688.6671,3996.6673,4994.0003,5888.6674,6163.6674,6541.3342,5397.3339,4132.3339,3516.3338,3226.6668,1690.3333,93441.343
2669,2025-04-23,762.6667,1026.6666,1030.3334,1334.6669,4033.3338,6167.3338,6596.3341,6391.0006,5720.0011,4693.3339,4238.6671,4165.3336,4106.6671,4297.3338,4565.0005,5404.6674,6655.0007,7307.6679,6684.3341,6284.6673,4898.667,4117.6674,3527.334,2207.3337,106216.0125
2670,2025-04-24,1323.6672,1180.6672,1210.0,1334.6672,3875.6672,5720.0012,6200.334,6196.6672,5544.0012,5184.6672,4242.334,3971.0012,3967.334,4436.6672,4528.334,5445.0012,6053.6672,7190.334,7043.668,5511.0012,5001.334,3872.0012,3619.0012,2240.334,104892.352
2671,2025-04-25,1294.3332,1217.3332,1224.6672,1525.334,4106.6672,6057.334,6442.334,6519.334,5426.6672,4543.0,4165.334,4103.0012,4242.334,4370.6672,4246.0,4304.6672,5859.334,6911.6672,6548.6672,5481.6672,4147.0012,3846.334,3553.0,2170.6672,102307.3456
2672,2025-04-26,1199.0,1279.6672,1356.6672,1444.6672,3890.334,5012.334,5577.0012,5404.6672,4686.0,4290.0012,4161.6672,4451.334,5107.6672,5676.0012,5525.6672,5654.0012,5441.334,5170.0012,4752.0012,4587.0012,3989.334,3586.0012,3402.6672,2328.334,97973.3512
2673,2025-04-27,1305.3336,1353.0001,1785.6668,1096.3336,1899.3334,3098.3339,3333.0003,3226.6671,3340.3339,3523.6668,3633.6668,3377.0003,3421.0005,3362.334,3512.6668,3410.0005,3296.3338,3505.3338,3630.0004,3626.3338,3435.6673,3373.3335,2959.0003,1162.3333,69666.6746
2674,2025-04-28,1056.0,1067.0,1037.6672,1287.0,3956.334,5870.334,6292.0012,5984.0012,5617.334,4895.0012,3956.334,4051.6672,4154.334,4246.0012,4506.334,5591.6672,6570.668,6985.0012,7582.668,5881.334,4469.6672,3956.334,3494.334,2207.334,104716.3508
2675,2025-04-29,1316.3332,1056.0,1085.3332,1393.334,3520.0,5624.6672,6416.6672,6460.6672,5104.0012,4766.6672,4114.0012,4004.0012,4176.334,4264.334,4814.334,5298.334,6556.0012,7406.668,6970.334,6101.334,4488.0012,3751.0012,3648.334,2042.334,104379.0164
2676,2025-04-30,1111.0,1147.6672,1107.3332,1415.3332,4304.6672,5921.6672,6688.0012,6380.0012,5643.0012,4689.6672,4513.6672,3993.0012,4114.0012,4194.6672,4598.0012,5588.0012,6541.334,7370.0012,6908.0012,6182.0012,4810.6672,3864.6672,3377.0,2101.0,106564.35
2677,2025-05-01,1224.6666,1067.0002,1045.0001,1202.6666,2035.0,3208.3336,3406.3336,3311.0006,3589.6671,3659.3336,3435.6671,3454.0,3439.3338,3424.6668,3564.0003,3663.0005,3655.667,3468.6671,3688.6671,3578.6671,3358.667,3468.6673,2808.6669,1265.0004,70022.3404
2678,2025-05-02,1107.3334,1096.3336,1089.0002,1408.0001,4110.3341,5936.3338,6314.0008,6405.6676,5694.3341,4770.3336,4092.0003,4172.6668,4198.3335,4180.0006,4425.6674,5217.6674,6420.3341,7120.6673,7080.3343,5976.6672,4477.0005,3839.0003,3413.6673,2317.3336,104863.0119
2679,2025-05-03,1199.0001,1103.6666,1100.0,1393.3337,3982.0006,5082.0006,5511.0006,5294.6674,4686.0005,4418.3336,4059.0003,4686.0006,5360.6671,5459.6676,5448.6673,5371.6671,5478.0007,4957.3338,4711.6671,4594.3338,4000.3338,3399.0003,3270.6668,1987.3337,96554.3437
2680,2025-05-04,1085.3332,1078.0001,986.3333,986.3333,1778.3336,2926.0006,3006.6671,2654.6671,2984.6671,3267.0005,3208.3336,3509.0006,3402.6671,3259.6671,3186.3338,3179.0005,3109.3335,3230.3335,3384.3336,3450.3338,3124.0003,2984.6671,2537.3337,990.0001,63308.6742
2681,2025-05-05,953.3334,1191.6666,1008.3334,1397.0004,3952.6673,5764.0006,6292.0006,6251.6671,5723.6673,4587.0006,3963.6674,3963.667,3993.0005,4213.0006,4359.667,5327.6674,6413.0011,7230.6676,7084.0011,5643.0005,4037.0003,3417.3338,3582.3336,2174.3336,102523.6788
2682,2025-05-06,1162.3334,1129.3336,1132.9999,1305.3334,4227.6668,5958.3338,6515.6676,5969.3339,5819.0006,4766.6674,4297.3338,4037.0006,4235.0006,4198.3336,4539.3338,5327.6674,6189.3341,7047.3343,7263.6677,5665.0007,4653.0009,3883.0008,3564.0004,2218.3336,105105.0127
2683,2025-05-07,1331.0002,1078.0004,1111.0004,1540.0004,4187.3341,6149.0009,6750.3341,6405.6677,5437.6673,4752.0008,4319.3335,4220.3339,4238.6673,4238.6673,4678.6671,5302.0006,6512.0007,7450.6676,7355.3341,6068.3338,4521.0007,3941.6671,3571.3338,2097.3333,107257.3471
2684,2025-05-08,1290.6672,1272.3332,1320.0,1433.6672,4040.6672,6222.334,6585.334,6710.0012,5558.6672,4667.6672,4077.334,4213.0012,4268.0012,4378.0012,4682.334,5335.0012,6215.0012,7003.334,7150.0012,5723.668,4422.0012,3824.334,3538.334,2031.334,105963.0188
2685,2025-05-09,1070.6672,1158.6672,1074.3332,1378.6672,3916.0012,5804.334,6317.668,6101.334,5588.0012,4689.6672,4348.6672,4414.6672,3960.0012,4282.6672,4693.334,5639.334,6666.0012,7120.668,7406.668,5929.0012,4367.0012,3831.6672,3608.0,2097.334,105464.352
2686,2025-05-10,1180.6672,1155.0,1129.334,1301.6672,3857.334,5089.334,5742.0012,5261.6672,4785.0012,4403.6672,4055.334,4752.0012,5401.0012,5753.0012,5859.334,5753.0012,5775.0012,5078.334,4972.0012,4704.334,4132.334,3413.6672,3483.334,2053.334,99091.6856
2687,2025-05-11,1224.6669,1199.0004,1228.3334,1162.3337,1884.6671,3010.3336,3120.3338,2863.6669,2940.6669,3076.3339,3164.3336,3043.3336,3036.0004,3531.0005,3575.0006,3512.667,3542.0003,3494.3336,3637.3338,3630.0004,3666.6673,3487.0006,2970.0005,1034.0001,67034.0089
2688,2025-05-12,957.0001,1034.0001,1147.6667,1191.6669,4029.6671,6123.3341,6545.0009,6515.6674,5335.0009,4814.3338,4279.0003,4451.3336,4319.3336,4480.667,4832.6673,5580.6674,6611.0007,7322.3344,7491.0011,5863.0006,4546.6674,3890.3336,3600.6671,2170.6669,107132.679
2689,2025-05-13,1312.6666,1202.6669,1206.3332,1532.6668,3879.3341,6009.6677,6702.6676,6537.6674,5617.3344,4686.0004,4198.3338,3916.0006,4235.0003,4257.0006,4660.3336,5357.0009,6486.3341,6996.0009,7403.0006,5690.6674,4451.3341,3780.3335,3369.6673,2152.3336,105640.3464
2690,2025-05-14,1298.0,1155.0,1074.334,1404.334,4103.0012,6101.334,6537.668,6317.668,5683.334,4836.334,4407.334,4169.0012,4081.0012,4128.6672,4642.0012,5199.334,6482.668,7399.334,7128.0012,5738.334,5093.0012,4007.6672,3523.6672,2203.6672,106714.686
2691,2025-05-15,1221.0001,1257.6668,1118.3334,1301.6669,4000.3338,6094.0003,6497.3343,6486.3341,5012.3339,4466.0006,4521.0006,4279.0003,4330.3338,4194.6671,4429.3336,5544.0006,5848.3339,4715.3339,5415.6673,6248.0009,5104.0006,4062.667,3560.3339,2137.6668,101845.3445
2692,2025-05-16,1012.0001,1004.6666,1034.0002,1331.0,3945.3338,5903.3343,6567.0009,6218.6673,5408.3339,4730.0003,4088.3339,4040.6674,3996.6671,4172.6671,4572.3341,5602.6674,6710.0007,7208.6678,6919.0008,5731.0003,4502.6671,3802.3339,3564.0006,2046.0004,104111.346
2693,2025-05-17,931.3334,905.6669,1187.9999,1353.0001,3897.6671,4887.6676,5441.3341,5500.0009,4616.3338,4257.0,3919.6671,4656.6671,5181.0003,5467.0009,5562.3341,5540.3341,5283.6674,5107.6674,5060.0006,4631.0005,4073.6673,3571.3335,3589.6671,1972.6671,96594.6783
2694,2025-05-18,447.3337,0.0,0.0,0.0,0.0,0.0,0.0,0.0,0.0,0.0,0.0,0.0,0.0,0.0,0.0,0.0,0.0,0.0,0.0,0.0,11.0004,14.6672,14.6672,14.6672,502.3357
2695,2025-05-19,381.3337,1235.6666,1034.0004,1323.6669,3996.6671,5731.0004,6600.0008,6134.3341,5749.3342,4946.3338,4227.6671,4106.6671,4279.0003,4227.6671,4579.6672,5617.3339,6618.3344,7425.0008,7333.3343,5954.6673,4550.3338,3982.0003,2959.0003,2214.6668,105207.6787
2696,2025-05-20,1136.6669,1070.6669,1367.6667,1536.3337,4158.0003,5837.3339,6596.3344,6471.6676,5533.0008,4851.0006,4165.3338,4150.6673,4180.0003,4429.3338,4616.3338,5514.6671,6471.6677,6640.3338,7128.0008,5969.3341,4862.0008,3916.0005,3509.0003,2082.6671,106194.013
2697,2025-05-21,1103.6666,1107.3333,1151.3334,1356.6669,4154.3336,6182.0009,6596.334,6237.0005,5661.3341,4528.3336,4319.3338,4176.3336,4385.3339,4436.6671,4700.6671,5492.6674,6453.3338,6644.0008,7186.6677,5863.0004,4719.0003,3905.0003,3498.0005,2115.6667,105974.0103
2698,2025-05-22,1286.9999,1085.3334,1162.3336,1283.3333,4051.6674,6028.0006,6409.3344,6358.0009,6086.6671,4638.3339,4125.0003,4161.6671,4315.6673,4374.3338,4623.6673,5404.6673,6446.0009,7634.0008,7183.0008,5987.6673,4587.0003,4000.3338,3597.0004,2240.3339,107070.3458
2699,2025-05-23,1272.3336,1118.3334,1136.6669,1408.0001,4260.6671,6200.3341,6534.0012,6006.0009,5822.6674,4975.6671,4286.3338,4557.6674,4227.6671,4557.6671,4869.3338,5786.0006,6831.0011,7615.6676,7098.6676,6057.3341,4664.0004,3916.0003,3586.0005,2134.0003,108922.0135
2700,2025-05-24,1122.0002,1143.9999,1276.0002,1444.6669,3971.0003,5074.6673,5536.6673,5338.6673,4785.0006,4502.6671,4198.3339,4697.0004,5276.3339,5558.6673,5830.0008,5434.0005,5228.6674,5089.3339,5085.6672,4601.667,4150.6673,3663.0004,3388.0004,2038.6668,98435.3443
2701,2025-05-25,1415.3332,1455.6672,1349.334,1345.6672,2354.0,4143.334,4359.6672,3930.6672,3707.0012,4139.6672,4103.0,4319.334,4565.0012,4572.334,4917.0012,4851.0012,4631.0012,4832.6672,4887.6672,5056.334,4554.0012,4279.0012,3769.334,1444.6672,88982.6832
2702,2025-05-26,1121.9999,1001.0002,1089.0001,1371.3336,4033.3336,6240.6674,6530.3341,6981.3344,5789.6671,4770.3338,4088.3336,4249.6668,4103.0006,4385.3336,4678.667,5349.6674,6534.0004,7278.3341,7205.0008,6130.6674,4510.0003,3824.3336,3776.6673,2255.0003,107297.6774
2703,2025-05-27,1199.0002,1140.3334,1221.0001,1554.6671,4143.3339,6061.0006,6413.0006,6508.3344,5635.6671,5045.3341,4550.3341,4381.6673,4227.667,4532.0004,4796.0003,5503.6671,6713.6676,7436.0009,6479.0006,6321.3338,4697.0006,3861.0005,3611.6671,2266.0003,108298.6791
2704,2025-05-28,1232.0002,1147.6669,1342.0001,1507.0002,3985.667,6079.3341,6644.0009,6625.6676,5767.6676,4829.0007,4367.0006,4092.0003,4235.0003,4455.0006,4935.3336,5742.0009,6875.0009,7337.0008,7333.3341,5775.0009,4818.0004,4007.6671,3600.6671,2233.0004,108966.0133
2705,2025-05-29,1316.3337,1166.0001,1199.0004,1463.0001,4110.3338,6167.3336,6383.6673,6515.6676,5430.3339,4913.3339,4213.0008,4128.667,4165.3338,4392.6674,4752.0003,5852.0011,6328.6673,7227.0009,7172.0009,6163.6677,4939.0008,3985.6671,3666.6668,2288.0006,107939.3469
2706,2025-05-30,1268.6669,1177.0,1122.0004,1375.0004,4066.3339,6156.3341,5870.3341,6490.0009,5254.3341,4895.0006,4279.0006,4209.3338,4315.6674,4451.3338,4774.0006,5573.3338,6636.6674,6383.6676,6545.0009,6145.3341,4704.3335,3842.667,3509.0003,2247.6671,105292.0133
2707,2025-05-31,1004.6669,1048.6666,1169.6669,1334.6669,4059.0004,5049.0003,5448.6671,5459.6671,4744.6668,4275.3335,4150.6671,4664.0006,5474.3341,5591.6673,6057.3341,6017.0006,5393.6674,5386.3341,4891.3341,4719.0004,4007.6671,3538.3335,3523.6673,2042.3334,99051.3436
2708,2025-06-01,1176.9999,1074.3334,1067.0001,1213.6669,2277.0004,3974.6671,3875.6671,3333.0004,3527.3336,3868.3341,3776.6673,3890.3338,3941.6671,4297.3335,4308.3339,4198.3339,4194.6672,4455.0006,4444.0003,4407.3339,4121.3338,4055.3338,3611.6673,2559.3336,81649.343
2709,2025-06-02,1320.0,1177.0,1140.3332,1100.0,1998.334,3072.6672,3457.6672,3109.334,3314.6672,3699.6672,3747.334,3692.334,3498.0,3494.334,3527.334,3626.334,3498.0012,3762.0012,3762.0,3721.6672,3648.334,3457.6672,2962.6672,1125.6672,70913.3452
2710,2025-06-03,1034.0,1096.334,1151.3332,1375.0,3938.0012,6002.334,6567.0012,6317.6672,5716.334,4715.334,4051.6672,4469.6672,4458.6672,4623.6672,4689.6672,5368.0012,6427.6672,7263.668,7469.0012,5804.334,4499.0012,3824.334,3468.6672,2027.6672,106359.016
2711,2025-06-04,1386.0,1162.3332,1147.6672,1415.334,4290.0012,6215.0012,6614.668,6662.334,5819.0012,4942.6672,4176.334,4081.0012,4194.6672,4425.6672,4748.334,5500.0012,6563.3352,7667.0012,7080.334,5980.334,4638.334,4084.6672,3575.0012,2057.0,108427.0188
2712,2025-06-05,1191.6666,1155.0004,1177.0004,1499.6672,4081.0004,6171.0006,6739.3341,5910.6674,5962.0009,4609.0004,4128.6668,4150.6668,4191.0005,4495.3338,4935.3341,5628.334,6688.0006,6735.6673,7051.0011,6101.3339,4741.0003,3945.3336,3575.0003,2152.3336,107015.3451
2713,2025-06-06,931.3334,784.6668,880.0001,1378.6669,4374.3338,6163.6676,6387.3344,6215.0007,5764.0008,5005.0006,4363.3338,4139.6671,4323.0003,4326.6673,4587.0006,5500.0004,6699.0009,7003.3343,6900.6674,5760.3341,4433.0003,3993.0006,3538.3338,2115.6669,105567.0129
2714,2025-06-07,912.9999,858.0002,942.3334,1312.6669,4077.3339,5030.667,5368.0006,5566.0009,4836.3341,4400.0003,4198.3338,4370.6671,5228.6673,5749.3342,5551.3342,5602.6674,5261.6671,4887.6674,5012.3335,4510.0006,3945.3338,3512.6671,3446.667,1859.0003,96440.678
2715,2025-06-08,993.6672,1147.6672,1015.6672,1191.6672,1870.0,3116.6672,3285.334,3080.0,2827.0,3135.0,3204.6672,3153.334,3226.6672,3135.0,3655.6672,3509.0,3454.0,3677.6672,3747.334,3824.334,3487.0,3369.6672,2922.334,1202.6672,67232.0092
2716,2025-06-09,1004.6669,993.6667,1037.6669,1246.6669,4048.0003,5932.6674,6237.0006,6299.3343,5767.6676,4942.6671,4092.0003,4161.6668,4224.0005,4235.0005,4836.3338,5489.0006,6728.3343,7406.6676,7575.3341,5749.3341,4568.6673,3769.3339,3292.6671,2185.3334,105823.679
2717,2025-06-10,1144.0001,1111.0001,1118.3334,1503.3336,4048.0006,5874.0007,6680.6674,5855.6673,5833.6673,4829.0006,4363.3338,4007.6673,4400.0003,4308.3335,4506.3338,5448.6671,7029.0013,7454.3344,7230.6676,6105.0008,4466.0003,3879.3335,3355.0003,2049.6671,106601.0122
2718,2025-06-11,1096.3332,1081.6672,1118.3332,1419.0,4121.334,6039.0012,6790.668,6196.668,5511.0012,5034.334,4246.0012,4084.6672,4147.0012,4326.6672,4462.334,5423.0012,6559.6672,7355.334,7124.334,5877.668,4532.0,3839.0,3439.334,2159.6672,105985.0164
2719,2025-06-12,1067.0,1147.6672,1166.0,1378.6672,4154.334,6207.668,6618.334,6501.0012,5423.0012,4880.334,4110.334,4187.334,4411.0012,4330.334,4587.0012,5393.6672,6622.0012,7285.6672,7461.668,5602.668,4330.334,3586.0012,3432.0,2104.6672,105988.6852
2720,2025-06-13,1085.3332,979.0,1034.0,1272.334,3846.334,5643.0012,6094.0012,5793.334,5833.668,4741.0012,4099.334,4246.0012,4286.334,4363.334,4557.6672,5298.334,6589.0012,7366.334,7157.334,5987.668,5386.334,4114.0,3644.6672,2174.334,105592.6836
2721,2025-06-14,1169.6672,1206.3332,1188.0,1382.3332,4004.0,5118.6672,5162.6672,5236.0012,4920.6672,4154.334,3919.6672,4576.0012,5162.6672,5874.0012,5870.334,5874.0012,5921.668,5137.0012,4876.6672,4590.6672,4037.0012,3439.334,3439.334,3215.6672,99476.6824
2722,2025-06-15,1624.3339,1184.3334,1169.6667,1140.3334,1943.3336,3314.6671,3043.3335,2753.6671,3050.667,3098.3339,2995.6671,3127.6671,3153.3336,3465.0005,3721.6673,3428.3336,3395.3338,3413.667,3681.3335,3685.0003,3391.6668,3501.6668,2878.3336,1213.6669,67375.0075
2723,2025-06-16,1188.0,1224.6672,1191.6672,1323.6672,4092.0012,5859.334,6438.668,6479.0012,5577.0012,4451.334,4136.0012,4319.334,4128.6672,4352.334,4543.0012,5265.334,6541.334,7329.668,7007.0012,5852.0012,4590.6672,3784.0012,3472.334,2302.6672,105449.6868
2724,2025-06-17,993.6672,993.6672,1012.0,1334.6672,4051.6672,5808.0012,6603.668,6735.668,5474.334,4722.6672,4209.334,4319.334,4128.6672,4341.334,4495.334,5401.0012,6405.6672,7175.668,7249.0012,6039.0012,4752.0,3813.334,3597.0012,2207.334,105864.0184
2725,2025-06-18,1283.3332,1279.6672,1309.0,1573.0,3996.6672,5976.6672,6596.334,6328.6672,5525.6672,4737.334,4139.6672,4172.6672,4403.6672,4304.6672,4686.0012,5654.0012,6321.334,7102.334,7227.0012,5998.6672,4928.0012,3813.334,3362.334,2101.0,106821.014
2726,2025-06-19,1147.6669,1129.3333,1085.3336,1338.3339,3989.3336,5958.3341,6640.3342,6446.0007,5588.0006,4792.3336,4169.0004,4198.3336,4293.667,4224.0004,4557.6673,5599.0009,6387.3341,7065.6674,7355.3346,6123.3342,4785.0006,3692.3338,3644.6671,2269.6671,106480.013
2727,2025-06-20,1162.3333,1110.9999,1085.3334,1338.3336,4040.667,5833.6673,6185.6674,6358.0011,5588.0005,5045.3338,4458.6673,4191.0006,4253.3339,4436.6671,4810.6671,5492.6674,6658.6676,7553.334,7370.0009,5775.0006,4411.0004,3930.6671,3472.3335,2203.6668,106766.0116
2728,2025-06-21,1144.0001,1004.6668,1147.6668,1452.0003,3919.667,4997.6673,5393.6674,5430.3341,4865.6672,4301.0003,4246.0005,4810.6671,5239.6676,5518.3341,3578.667,5401.0006,4990.3338,4755.6673,4840.0006,4517.3339,3894.0006,3644.6673,3402.6673,1664.6669,94160.0119
2729,2025-06-22,113.6669,14.6672,146.6669,828.6667,1950.6671,3087.3335,3135.0005,3105.6671,3061.6668,3113.0004,3171.6671,3098.3339,3102.0,2995.6671,3369.6671,3362.3338,3333.0003,3542.0003,3498.0006,3509.0006,3325.6673,3468.6671,2786.6671,1111.0001,62230.6755
2730,2025-06-23,1034.0002,1055.9999,1066.9999,1107.3332,2042.3336,3131.3336,2999.3336,3080.0004,3204.6671,3109.3338,3127.6671,3241.3338,3263.334,3468.6671,3476.0006,3410.0003,3399.0004,3487.0006,3652.0006,3787.6671,3395.3336,3446.6668,2775.6671,1026.6669,66788.3413
2731,2025-06-24,1173.3334,993.6668,1037.6669,1305.3334,4128.6674,5929.0008,6651.3338,6332.3341,5628.3339,4858.3338,3996.6673,4059.0003,3941.6671,4319.3339,4579.6671,5184.6673,6464.3344,7230.6679,7128.0012,5958.3341,4546.667,3622.6671,3142.3335,2225.6668,104437.6793
2732,2025-06-25,1136.6672,1279.6672,1199.0,1261.334,4117.6672,6057.334,6578.0012,6589.0012,5360.6672,4715.334,4330.334,4125.0,4231.334,4510.0,4686.0012,5353.334,6493.6672,7227.0012,7370.0012,6006.0012,4495.334,3798.6672,3340.334,2247.6672,106509.3496
2733,2025-06-26,1122.0,1074.3332,1063.3332,1345.6672,4114.0012,6141.668,6515.668,6270.0012,5309.334,4638.334,4048.0,4187.334,4323.0012,4330.334,4660.334,5635.6672,6336.0012,7381.0012,7377.334,5940.0012,4429.334,3868.334,3322.0,2313.6672,105746.6832
2734,2025-06-27,1103.6672,1147.6672,1092.6672,1331.0,3993.0,6072.0012,6013.334,6471.668,5448.6672,4451.334,4209.334,4356.0012,4040.6672,4389.0012,4788.6672,5595.334,6563.334,6959.334,7216.0012,5764.0012,4744.6672,3725.334,3633.6672,2302.6672,105413.0168
2735,2025-06-28,1268.6672,1147.6672,1107.3332,1272.3332,3919.6672,5038.0012,5470.6672,5404.6672,4763.0012,4213.0012,4227.6672,4532.0,5001.334,5580.668,5558.668,5313.0012,5258.0012,4957.334,4950.0012,4623.6672,4139.6672,3586.0,3424.6672,2346.6672,97104.3496
2736,2025-06-29,1250.3336,1195.3334,1173.3336,1155.0002,2192.6671,3256.0003,3516.3338,2889.3339,2937.0006,3109.3338,3120.3336,3087.3338,3538.3339,3633.6673,3688.6671,3556.6673,3498.0003,3641.0006,3857.3338,4264.3339,3754.667,3872.0003,2951.6673,1188.0001,70326.6766
2737,2025-06-30,1118.3334,971.6668,960.6666,1048.6668,1939.6669,3098.3338,3135.0006,3494.3338,3410.0003,3633.6671,3648.3338,3589.6671,3560.3336,3520.0003,3472.334,3413.667,3527.3339,3461.3336,3747.3335,3894.0003,3652.0006,3424.6673,2878.3335,1151.3334,69751.008
2738,2025-07-01,1162.3336,1177.0001,1096.3336,1393.3336,4051.6672,5932.6674,6284.6674,6471.6676,5522.0005,4532.0004,4220.3335,4330.3338,4352.3338,4451.3336,4491.6676,5302.0006,6325.0007,7153.6673,7670.6676,5852.0009,4462.3339,3795.0003,3311.0003,2500.6669,105842.0122
2739,2025-07-02,1059.6668,612.3336,660.0001,1309.0003,4095.6671,6028.0008,5951.0007,6629.3341,5324.0005,4579.6674,4249.6671,4447.6673,4345.0003,4396.3339,4766.6674,5617.3341,6589.0008,7399.3344,7256.3343,5778.6674,4744.6673,3688.6671,3454.0004,2288.0001,105270.0133
2740,2025-07-03,1129.3337,1147.6669,1136.6667,1430.0001,4227.6672,6006.0006,6523.0008,6383.6677,5511.0006,4583.3338,4293.667,4172.667,4363.3338,4480.6671,4876.667,5503.6674,6589.0009,7311.3343,7458.0008,6079.3341,4667.6673,3740.0005,3578.6671,2148.6672,107341.6796
2741,2025-07-04,1140.3334,1133.0001,1155.0002,1646.3333,4125.0009,6112.3343,6526.6677,6710.0006,5621.0006,4759.3341,4293.667,4081.0005,4345.0004,4543.0007,4935.3341,5617.3338,6750.3343,7355.3344,7058.3344,5896.0008,4634.6671,3659.3336,3439.3338,2027.6669,107565.347
2742,2025-07-05,1070.6668,1052.3337,975.3333,1287.0001,3872.0003,5089.334,5353.3336,5544.0008,4865.6671,4282.6673,4110.334,4649.3341,5188.3341,5577.0006,5822.6676,5408.3339,5254.3341,5261.6671,5012.3341,4708.0006,4077.3338,3586.0004,3648.3336,2211.0001,97907.3451
2743,2025-07-06,1177.0002,1151.3336,1191.6672,1206.3334,2170.6669,3226.6671,3311.0003,3274.3338,3336.6671,3732.6671,3655.6673,3461.3336,3296.3338,3377.0003,3523.6668,3479.6673,3446.6671,3663.0006,3740.0004,3619.0003,3534.6673,3377.0005,2731.6668,1250.3336,69934.3424
2744,2025-07-07,1287.0001,1250.3337,1213.6667,1349.3334,3952.6671,6149.0009,6457.0009,6442.334,5577.0009,4671.3338,4110.3338,4301.0004,4370.6671,4297.3338,4495.3338,5364.3341,6409.3343,7047.3343,7040.0009,5965.6671,4576.0003,3754.6668,3399.0003,2258.6671,105739.3456
2745,2025-07-08,1279.6669,1224.6669,1177.0004,1474.0001,4022.3335,5965.6671,6303.0008,6416.6676,5536.6674,4469.6671,4429.3339,4348.6668,4389.0003,4620.0006,4887.667,5602.6674,6728.3344,7359.0011,7282.0009,6039.0003,4598.0004,3872.0006,3395.3336,2269.6669,107690.012
2746,2025-07-09,964.3337,1176.9999,1235.6669,1496.0001,4268.0006,6094.0006,6471.6674,6530.3343,5401.0009,4909.6668,4121.3339,4275.334,4535.6671,4425.6673,4616.3338,5529.3338,6380.0008,7164.6673,7443.3344,5837.3341,4664.0006,3795.0005,3351.3336,2346.6671,107033.6795
2747,2025-07-10,674.6669,627.0002,1033.9999,1408.0001,4044.3336,5973.0006,6064.6671,6556.0006,5661.3341,4917.0003,4007.6673,4370.6673,4293.6672,4378.0003,4682.3342,5445.0006,5456.0009,7032.6677,6534.001,5767.6677,4568.6673,4048.0006,3586.0003,2394.3333,103524.6791
2748,2025-07-11,1184.3334,1202.6668,1345.6666,1518.0001,4139.6673,6017.0006,6207.6673,6204.0003,5456.0006,4847.3336,4077.3339,4180.0003,4077.3339,4073.667,4425.667,5382.6671,6526.6674,7021.6676,6816.3342,5888.6674,4495.3338,3754.6673,3578.6673,2280.6669,104701.6777
2749,2025-07-12,1356.6669,1202.6667,1312.6667,1576.6671,4059.0,5221.3339,5353.3338,5661.3341,4752.0006,4392.6671,4088.3341,4400.0006,5346.0006,5650.3344,5811.6674,5397.3339,5287.3339,4862.0008,4953.6671,4579.6674,4088.3335,3479.667,3373.3336,2020.3337,98226.3449
2750,2025-07-13,1268.6672,1316.334,1206.3332,1191.6672,1855.334,3241.334,3124.0012,3259.6672,3413.6672,3586.0012,3586.0012,3479.6672,3373.334,3413.6672,3476.0,3358.6672,3399.0,3630.0012,3688.6672,3637.334,3520.0,3582.334,2929.6672,1287.0,69824.3468
2751,2025-07-14,1275.9999,1144.0002,1133.0001,1430.0002,4081.0003,6138.0011,6618.3343,6336.0008,5584.3339,4616.3338,4158.0003,4275.3338,4249.6671,4411.0003,4722.6673,5580.6672,6563.334,7223.3341,7062.0009,5771.3341,4436.6671,3743.667,3435.6668,2159.6668,106150.0114
2752,2025-07-15,1224.6669,1177.0001,1232.0002,1385.9999,3985.6671,6204.0009,6376.3341,5943.6671,5679.6674,4821.6671,4315.667,4495.3338,4323.0005,4403.6671,4722.6671,5426.667,6559.6673,7392.0008,7058.3344,5932.6673,4854.6671,3868.3336,3490.6671,2255.0003,107129.0112
2753,2025-07-16,1166.0004,1100.0001,1232.0001,1411.6668,4183.6671,6090.3339,6248.0009,6442.3341,5294.667,4601.6671,4264.334,4293.6668,4253.3338,4579.6671,4799.6671,5518.3341,6776.0005,7384.6676,7285.6677,5764.0009,4620.0006,3692.3338,3472.3336,2310.0004,106784.3455
2754,2025-07-17,850.6666,869.0001,880.0001,1452.0004,4150.6673,6035.3341,6482.6676,6328.6674,5518.3342,4631.0005,4018.6671,4249.6671,4275.3338,4348.6668,4755.6676,5430.3338,6651.3343,7183.0011,7252.6678,5199.334,4480.6673,3802.3335,3395.3336,2255.0003,104496.3464
2755,2025-07-18,872.6667,854.3336,825.0002,1257.6669,2933.3336,4546.6673,4543.0005,4506.3339,4015.0005,3373.3339,3006.6671,2944.3338,2922.3339,3105.6668,3560.3336,4092.0006,4609.0006,4961.0004,4818.0004,3776.6671,3087.3339,2761.0003,2632.6671,1697.6668,75702.0095
2756,2025-07-19,1188.0002,1232.0001,1276.0001,1459.3336,3905.0003,4953.6671,5496.3339,5412.0009,4664.0006,4323.0003,4095.6673,4667.6668,5316.6674,5404.6676,5349.6671,5313.0003,5287.3339,5144.3336,4975.6671,4565.0003,3967.3338,3534.667,3377.0003,2020.3336,96928.3432
2757,2025-07-20,1199.0001,1257.6672,1111.0001,1114.6666,1903.0004,3102.0003,3135.0004,3300.0003,3567.667,3600.6671,3586.0006,3586.0006,3318.3335,3336.6671,3351.3338,3483.3338,3391.667,3505.3335,3604.3338,3421.0006,3681.3339,3663.0005,3069.0004,1213.6669,69501.6755
2758,2025-07-21,1030.3332,1089.0,1034.0,1265.0,4018.6672,6050.0012,6618.334,6409.334,5624.6672,4766.6672,4330.334,4194.6672,4180.0012,4495.334,4678.6672,5573.334,6501.0012,7340.668,7278.334,5676.0012,4411.0,3828.0,3318.334,2354.0,106065.68
2759,2025-07-22,1004.6672,927.6672,931.3332,1217.3332,4066.334,5863.0012,6255.334,5962.0012,5500.0012,4836.334,4440.334,4253.334,4367.0012,4477.0012,4638.334,5591.668,6578.0012,7183.0012,7201.334,5841.0012,4315.6672,3534.6672,3274.334,2178.0,104437.6848
2760,2025-07-23,880.0,905.6672,883.6672,1481.334,3688.6672,5797.0012,6347.0012,6237.0012,5731.0012,4825.334,4308.334,4308.334,4202.0012,4389.0012,4770.334,5485.334,6332.334,7131.668,7142.668,5910.668,4502.6672,3644.6672,3234.0,2145.0,104283.6852
2761,2025-07-24,957.0001,891.0002,869.0002,1305.3334,3938.0003,5918.0006,6075.6673,6288.3338,5617.3338,4781.3338,4180.0003,4044.3336,4220.3335,4477.0003,4565.0003,5338.6674,6812.6674,7395.6678,7153.6674,5727.3338,4495.3336,3762.0008,3311.0003,2247.6669,104371.6769
2762,2025-07-25,1147.6669,1118.3334,1338.3333,1378.6666,4132.3338,5899.6671,6512.0008,6068.3342,5577.0008,4807.0006,4682.3338,4495.3339,4183.6671,4389.0006,4843.6674,5404.6677,6743.0007,7359.001,7392.0008,5929.0004,4429.3336,3721.6668,3413.6671,2236.6668,107202.3452
2763,2025-07-26,1235.6669,1235.6669,1155.0001,1287.0001,3732.6671,4880.3342,5500.0006,5305.6674,4642.0003,4275.3338,4088.3335,4422.0006,5133.3341,5547.6672,5401.0003,5496.3341,4946.3341,4898.6674,4785.0006,4521.0003,4055.3338,3582.3335,3314.667,2163.3333,95604.6772
2764,2025-07-27,1078.0,1004.6672,1041.334,1147.6672,2075.334,3131.334,3322.0,3311.0,3501.6672,3501.6672,3637.334,3545.6672,3487.0,3421.0,3487.0,3505.334,3384.334,3424.6672,3490.6672,3710.6672,3487.0,3366.0,2929.6672,1261.3332,69252.342
2765,2025-07-28,1140.3336,1129.3337,1118.3334,1393.3334,3919.6673,5980.3338,6446.0009,6574.3344,5456.0006,4521.0006,4077.3341,4176.3336,4290.0003,4359.6671,4711.6668,5643.0009,6695.3344,7421.3343,7857.6678,5844.6672,4499.0007,3861.0,3516.3338,2431.0001,107063.0128
2766,2025-07-29,931.3334,883.6669,894.6669,1268.6669,3850.0006,5712.6674,6002.3342,6629.3341,5547.6671,4326.667,4070.0005,4110.3338,4150.667,4073.6668,4854.6671,5412.0003,6640.3341,7249.0012,7219.6676,5848.3338,4220.334,3498.0003,3234.0003,2207.3335,102835.3448
2767,2025-07-30,847.0001,883.6666,887.3336,1360.3334,3732.6668,5712.6676,6215.0008,6009.6671,5870.3342,4843.6674,4125.0005,4209.3336,4242.3338,4348.667,4568.6671,5533.0006,6695.3342,6963.0009,7109.6676,6141.6673,4565.0004,3516.3336,3340.3338,2262.3336,103983.0116
2768,2025-07-31,1045.0,1129.3332,1158.6672,1323.6672,3982.0012,5874.0012,6270.0012,6754.0012,5401.0012,5173.6672,4345.0012,4381.6672,4257.0012,4473.334,4741.0012,5371.6672,6647.668,7458.0012,7161.0012,5789.6672,4447.6672,3802.334,3362.334,2101.0,106450.6856
2769,2025-08-01,1191.6672,1114.6672,1085.3332,1290.6672,3879.334,5551.334,6365.334,5804.334,5778.6672,4612.6672,4330.334,4282.6672,4110.334,4422.0012,4686.0,5723.6672,6314.0012,6809.0012,7190.334,5723.6672,4722.6672,3894.0012,3318.334,3105.6672,105306.682
2770,2025-08-02,1694.0,1246.6672,1290.6672,1488.6672,3974.6672,5243.334,5536.6672,5408.334,4851.0012,4330.334,4150.6672,4788.6672,5210.334,5720.0012,5764.0012,5511.0012,5408.334,5133.334,4711.6672,4601.6672,3919.6672,3520.0,3461.334,3098.334,100063.3488
2771,2025-08-03,1789.3336,1140.3336,1107.3336,1166.0001,1976.3335,3175.3335,3479.6671,3234.0005,3179.0003,3472.3339,3490.6673,3402.6671,3622.667,3450.3338,3443.0003,3388.0003,3498.0003,3644.6668,3842.6673,3846.3338,3597.0004,3666.6671,2827.0004,1132.9999,70572.3415
2772,2025-08-04,1059.6672,1070.6672,1004.6672,1441.0,4018.6672,6130.668,6457.0012,6446.0012,5577.0012,4994.0012,4403.6672,4403.6672,4330.334,4495.334,4686.0,5463.334,6673.334,7146.334,7410.334,5914.334,4422.0012,3666.6672,3498.0012,2302.6672,107015.3508
2773,2025-08-05,909.3332,891.0,850.6672,1448.334,4136.0012,6090.334,6530.334,6171.0012,5929.0012,5093.0012,4264.334,4326.6672,4213.0012,4389.0012,4880.334,5496.334,6746.668,7571.668,7311.334,5819.0012,4546.6672,3864.6672,3314.6672,2203.6672,106997.0188
2774,2025-08-06,1151.334,1415.334,1342.0,1565.6672,4308.334,6050.0012,6431.334,6288.334,5701.6672,4601.6672,4521.0012,4675.0012,4330.334,4623.6672,4763.0012,5650.334,6677.0012,7128.0012,7135.334,6394.6672,4807.0012,3956.334,3542.0012,2280.6672,109340.0188
2775,2025-08-07,1004.6669,927.6668,902.0002,1023.0004,2053.3336,3395.3338,3523.667,3476.0005,3872.0006,3864.6671,4110.3338,4510.0003,4950.0006,4836.3338,5041.6671,5188.3341,5155.3341,4997.6671,4590.6671,4128.6671,3846.3335,3820.6674,2918.6671,1327.3334,83464.3434
2776,2025-08-08,1191.6667,1187.9999,1246.6672,1492.3334,4136.0007,6152.6674,6391.0011,6255.3338,5463.3341,4722.6673,4385.3338,4301.0003,4583.3336,4836.334,5225.0005,5577.0009,6325.0011,7032.6673,7238.0011,5485.3341,4594.3336,4062.6671,3758.3339,2145.0003,107789.0132
2777,2025-08-09,1316.3336,1242.9999,1287.0001,1437.3334,3908.6673,5045.3339,5591.6673,5826.3338,5573.3344,4671.3336,4590.6673,4895.0004,5584.3339,6112.3341,6266.3342,6123.3341,5914.3341,5562.3339,5357.0003,4953.6673,4667.6673,4158.0006,3828.0003,2082.6669,105996.012
2778,2025-08-10,1133.0,1063.3336,1162.3334,1162.3336,1947.0004,3347.667,3406.3336,3476.0003,3806.0006,3806.0003,3798.6674,4352.3341,4950.0003,4821.6673,4818.0004,4990.3338,4939.0003,5005.0006,5137.0009,4697.0006,4143.3338,3923.3339,2816.0001,1364.0004,84065.6767
2779,2025-08-11,1210.0001,1213.6666,1232.0004,1408.0002,4154.3339,5830.0003,6570.6673,6314.0009,6240.6676,5038.0006,4704.3339,4308.3338,4319.3339,4491.6671,4693.3339,5643.0006,6677.0004,7480.0011,7175.6678,5962.0008,4513.667,3897.6671,3575.0005,2097.3333,108749.6791
2780,2025-08-12,964.3334,902.0002,902.0001,1507.0004,4304.667,6171.0006,6596.3342,6325.0008,5830.0003,5232.334,4506.3336,4495.3338,4301.0008,4433.0004,4836.3335,5624.6671,6798.0009,6878.6677,7520.3343,6200.3341,4730.0006,3813.3336,3758.3338,2225.6669,108856.0121
2781,2025-08-13,1228.3336,1217.3333,1144.0002,1345.6669,4136.0003,6218.6674,6647.6674,6391.0012,5690.6674,4924.3339,4293.6671,4165.334,4143.3338,4425.6674,4598.0003,5360.6671,6779.6674,7326.0006,7260.0011,6020.6673,4631.0009,3776.6671,3512.6672,2427.3335,107664.3464
2782,2025-08-14,1162.3332,869.0,924.0,1422.6672,4136.0,6200.334,6251.6672,6255.334,6174.668,4840.0012,4139.6672,4381.6672,4128.6672,4279.0012,4631.0012,5294.6672,6684.334,7219.668,7300.334,6039.0012,4491.6672,3945.334,3325.6672,2126.6672,106223.3488
2783,2025-08-15,1078.0,1078.0,1092.6672,1683.0,4132.334,6141.668,6314.0012,6614.6672,5019.6672,4865.6672,4367.0012,4183.6672,4029.6672,4051.6672,4444.0012,5382.6672,6783.334,7223.334,6937.334,5907.0012,4961.0012,3868.334,3699.6672,2302.6672,106161.016
2784,2025-08-16,1481.334,1206.3332,1114.6672,1598.6672,3751.0,4847.334,5298.334,5423.0012,4829.0012,4546.6672,3842.6672,4055.334,5203.0012,5555.0012,5500.0012,5716.334,5419.334,5100.334,4741.0012,4224.0012,4066.334,3512.6672,3285.334,2002.0,96319.6836
2785,2025-08-17,1147.6669,1147.6668,1096.3334,1118.3334,1921.3334,3182.6671,3047.0006,3094.6673,3168.0003,3439.3335,3355.0005,3226.667,3567.6671,3564.0005,3476.0003,3446.6668,3597.0006,3542.0003,3813.3338,3685.0003,3729.0003,3490.6671,2706.0001,1323.6668,68885.6742
2786,2025-08-18,1290.6667,1158.6667,1132.9999,1213.6669,1881.0004,3025.0006,3054.3336,2871.0003,3281.6671,3274.3338,3325.6671,3516.3338,3545.6671,3402.6671,3567.6671,3659.3336,3567.667,3582.3338,4000.3336,3883.0003,3710.6673,3498.0003,3039.667,1144.0004,69626.3415
2787,2025-08-19,1129.3334,1019.3334,1004.6669,1309.0001,4011.3338,6185.6673,6255.3343,6182.0006,6119.6674,4986.6673,4367.0003,4150.6668,4242.3336,4414.6671,4612.6673,5613.6672,6713.6678,7348.001,7150.0011,5998.6674,5016.0008,3967.3339,3531.0004,2185.3335,107514.0127
2788,2025-08-20,1254.0002,1111.0002,1012.0002,1279.6667,3985.6674,5962.0005,6515.6679,6174.6672,6042.6674,4873.0003,4422.0006,4187.3338,4132.3341,4187.3338,4799.6671,5925.3341,6570.6674,7384.6677,7172.001,6218.6674,4704.3339,3743.6671,3600.6671,1994.6669,107253.68
2789,2025-08-21,1008.3337,1085.3333,1195.3334,1364.0001,3945.3338,5767.6673,6042.6677,5797.0006,5562.3339,4488.0006,4374.334,3798.6668,3945.3336,4117.6671,4499.0006,4946.3339,6237.0006,6123.3342,6475.3344,5390.0004,4532.0003,3501.6671,3237.6671,1994.6669,99429.0114
2790,2025-08-22,1059.6669,1074.3334,1217.3333,1382.3334,3762.0006,5720.0006,6090.3344,6211.3341,5261.6676,4664.0005,4007.667,4000.3336,3839.0006,3894.0007,4488.0006,5144.334,6512.0012,6570.6674,6589.0008,5327.6671,4205.6673,3281.6671,3157.0003,2046.0003,99506.0128
2791,2025-08-23,869.0001,689.3334,1100.0001,1562.0001,3685.0003,4799.6671,5162.6671,5126.0006,4840.0005,4187.3338,3776.6671,4458.6674,4854.6673,5562.3336,5657.6674,5423.0006,5342.3336,4444.0004,4455.0005,4099.3335,3725.334,3476.0005,3190.0,1892.0004,92378.0094
2792,2025-08-24,1019.3336,1026.6667,1100.0001,1143.9999,2009.3336,3116.6671,2904.0001,3336.6674,2896.667,3091.0,3171.6673,3105.667,3351.3338,3289.0003,3450.3336,3373.3336,3296.3338,3311.0005,3710.6671,3703.3338,3531.0005,3281.6671,2662.0001,1151.3334,66033.0074
2793,2025-08-25,1089.0,1092.6672,1045.0,1316.334,3809.6672,5731.0012,6189.334,6211.334,5727.334,5019.6672,4326.6672,4033.334,3945.334,4238.6672,4554.0012,5481.6672,6585.334,6853.0012,7058.334,5676.0012,4414.6672,3520.0,3017.6672,2115.6672,103051.6816
2794,2025-08-26,1140.3333,1217.3333,1243.0004,1345.6668,3754.6671,5969.3338,6394.6676,5844.6671,5503.6673,4400.0004,4114.0,4004.0003,3971.0004,4224.0003,4535.6673,5291.0006,6651.3341,6592.6673,6952.0008,5588.0008,4466.0003,3527.3336,3421.0006,2269.6671,102421.0106
2795,2025-08-27,1243.0001,1092.6669,1111.0002,1547.3336,4293.667,6163.6673,6383.6674,6776.0008,5683.3338,4990.3341,4275.3336,4099.3338,4165.3336,4414.6671,4803.3338,5562.3341,6541.3338,6706.3339,6849.3342,5899.6671,4671.3336,3868.3338,3582.3335,2438.3336,107162.0107
2796,2025-08-28,953.3334,788.3336,891.0001,1338.3332,4106.6671,6108.6671,6365.3341,6567.0006,5569.6673,4957.3339,4502.6671,4231.3336,4385.3335,4400.0,4788.6671,5606.3338,6794.3344,6809.0008,6798.0008,6094.0009,4781.3339,3824.3335,3318.3339,2031.3334,106010.6771
2797,2025-08-29,1111.0,810.3332,953.3337,1558.3336,4238.6673,6028.0006,6402.0009,6479.0008,5386.3341,4873.0003,4169.0006,4011.3339,4194.667,4352.3336,4821.6673,5540.3339,6402.0008,7051.0009,6838.3339,6094.0003,4693.3336,3846.3339,3703.3336,3252.3339,106810.0117
2798,2025-08-30,1866.3335,923.9999,883.6669,1283.3333,3901.3338,5052.6671,5445.0009,5551.3341,5023.3341,4330.3341,4176.3338,4638.3339,5276.3338,5965.6673,5855.6674,5617.3344,5250.6671,5184.667,4994.0005,4686.0005,4114.0,3622.6671,3435.6673,3098.3338,100177.0116
2799,2025-08-31,1958.0,1169.6672,1184.3332,1162.334,1950.6672,3351.334,3270.6672,3072.6672,3333.0,3380.6672,3256.0,3534.6672,3410.0,3454.0,3487.0,3542.0,3560.334,3641.0012,3890.334,3751.0,3663.0,3567.6672,2775.6672,1250.334,70616.342
2800,2025-09-01,1294.3333,1210.0002,1220.9999,1320.0001,3930.6668,5819.0005,6706.3341,6086.6673,5863.0006,4620.0006,4121.3338,4198.3335,4257.0003,4418.3338,4832.6673,5701.6671,6761.3344,7707.3346,7557.0008,5690.6673,4572.3338,3578.6671,3329.3338,2387.0004,107184.0114
2801,2025-09-02,1389.6668,1221.0002,1437.3336,1510.6666,4227.6671,6244.3341,6347.0008,6160.0008,5463.3338,4810.6671,4194.667,4139.667,4242.3338,4125.0004,4832.6671,5522.0007,6933.668,7700.0009,6966.6679,6182.0006,4873.0005,3725.3336,3476.0006,2218.3336,107943.0126
2802,2025-09-03,982.6666,824.9999,1122.0002,1360.3336,4106.6671,6072.0007,6464.3343,5522.0004,5833.6674,4865.6674,4601.6674,4194.6668,4070.0006,4077.3341,4935.3339,5511.0009,6776.0008,7392.0011,7249.0008,5855.6677,5005.0005,3952.6673,3516.3336,2255.0001,106546.0132
2803,2025-09-04,1268.6669,1169.6668,1180.6669,1243.0001,4312.0003,6075.6673,6596.3342,6358.0008,5390.0008,4781.3339,4337.6671,4246.0003,4092.0005,4172.6671,4821.6673,5621.0006,6886.0008,7542.3344,7307.6675,5676.0006,4627.3339,3751.0004,3388.0003,2009.3335,106854.0123
2804,2025-09-05,1034.0002,1129.3334,1103.6669,1360.3336,4139.6672,6086.6674,6706.3343,6438.6674,5595.3338,4799.6671,4114.0003,4037.0006,4279.0003,4418.3336,4865.6671,5650.3339,7073.0008,7586.3343,6717.3341,6057.3343,4785.0006,3809.6668,3512.6668,2079.0004,107378.3452
2805,2025-09-06,828.6666,685.6667,960.6669,1312.6672,4000.3339,5118.6671,5324.0003,5434.0006,5060.0004,4473.3341,3890.3336,4323.0006,5188.3338,5767.6676,5533.0005,5833.6677,5518.3341,4939.0006,4741.0006,4579.6672,4004.0003,3604.3336,3355.0006,2148.6668,96624.0114
2806,2025-09-07,1144.0002,1162.3333,1125.6669,1507.0001,3028.6671,2981.0003,2929.6671,3021.3338,3116.6673,3391.6671,3534.667,3303.667,3472.3335,3512.6671,3894.0003,3732.667,3743.6671,3681.3339,3769.3341,3696.0003,3560.3339,3578.6671,3120.3338,1173.3334,71181.0087
2807,2025-09-08,1052.3332,1008.3332,1004.6672,1397.0,4044.334,6002.334,6530.334,6167.334,5767.6672,4854.6672,4125.0012,4169.0,3934.334,4231.334,4708.0012,5415.6672,6721.0012,7263.668,7021.668,5793.334,4748.334,3758.334,3549.334,2130.334,105398.3488
2808,2025-09-09,850.6672,850.6672,825.0,1221.0,3938.0012,5786.0012,6141.6672,6244.334,5753.0012,4568.6672,4106.6672,3952.6672,4172.6672,4231.334,4715.334,5393.6672,6636.668,7249.0012,6673.334,5771.334,4488.0012,3707.0012,3443.0,1899.334,102619.0168
2809,2025-09-10,931.3332,916.6672,931.3332,1265.0,4051.6672,5965.6672,6116.0012,6482.668,5382.6672,4458.6672,4286.334,3956.334,4249.6672,4315.6672,4873.0012,5569.6672,6380.0012,6856.668,6941.0012,5929.0012,4418.334,3809.6672,3329.334,2031.334,103447.6832
2810,2025-09-11,979.0002,942.3336,1001.0001,1301.6669,3963.6674,5932.6673,6039.0006,6633.0004,5309.3341,4572.3338,4092.0006,4099.3336,3894.0006,4117.6673,4631.0006,5430.3336,6519.3339,7069.3341,6743.0008,5610.0006,4638.3338,3696.0005,3487.0004,2104.6669,102806.0117
2811,2025-09-12,920.3334,905.6666,865.3334,1151.3334,3985.667,5749.3339,6218.6671,5760.3339,5551.3338,4612.6671,3963.6673,3956.3341,3828.0003,3996.6674,4623.6671,5327.6677,6394.6674,7025.3342,6761.3343,5514.6673,4550.3341,3721.6673,3270.6671,1877.3336,100532.6788
2812,2025-09-13,839.6668,828.6667,817.6668,1397.0001,3960.0004,4990.3341,5247.0003,5646.6674,4590.6674,4488.0003,3930.667,4220.3338,5137.0003,5701.6674,5756.6673,5848.3341,5606.3341,5236.0006,5001.3341,4627.3338,3850.0003,3582.3338,3329.334,2280.6669,96913.6778
2813,2025-09-14,1166.0001,1026.6666,1111.0001,1136.6669,1925.0003,3149.6671,3021.3338,3047.0006,3197.3335,3204.6671,3391.6671,3270.6668,3498.0003,3483.3335,3608.0003,3622.6671,3641.0003,3721.6668,3754.6671,3912.3335,3556.6673,3523.6671,3010.3336,1312.6666,69292.6735
2814,2025-09-15,1301.6668,1272.3334,1158.6666,1463.0,4026.0003,5800.6671,6589.0006,6196.6673,5866.6673,4785.0003,4257.0003,4253.3338,4396.3341,4477.0006,4851.0006,5459.6671,6647.6673,6985.0009,7260.0009,6050.0009,4495.3341,3890.3338,3560.3338,2027.6671,107070.345
2815,2025-09-16,814.0001,821.3337,850.6669,1276.0001,3960.0006,6149.0007,6207.6671,6024.3341,5753.0003,4620.0003,3956.3338,4092.0004,4154.3338,4425.6673,4689.6674,5602.6673,6779.6673,7384.6676,7087.6676,5830.0008,4708.0006,3850.0006,3688.6673,2251.3336,104976.6793
2816,2025-09-17,957.0,993.6668,894.6669,1353.0002,4180.0006,6303.0009,6248.0007,6336.0008,5606.3341,4660.3339,4275.3339,4106.6671,4040.6673,4414.6671,4909.6671,5496.3338,6622.0006,7344.3346,7524.0011,6086.6676,4876.6674,3762.0003,3765.6671,1936.0001,106692.68
2817,2025-09-18,605.0,608.6672,682.0,1408.0,4095.6672,5896.0012,6251.668,6130.668,5738.334,4770.334,4055.334,3842.6672,3809.6672,4033.334,4722.6672,5309.334,6530.334,6933.6672,7531.334,5995.0012,4737.334,3828.0,3567.6672,2009.334,103092.0148
2818,2025-09-19,1078.0,971.6672,1059.6672,1294.334,3945.334,6094.0012,6424.0012,6163.6672,5595.334,4708.0012,4015.0012,4022.334,4022.334,4279.0012,4748.334,5338.6672,6658.668,7285.668,7003.334,5874.0012,4649.334,4015.0,3538.334,2002.0,104786.018
2819,2025-09-20,1151.3332,1026.6672,1129.3332,1367.6672,3890.334,4986.6672,5584.334,6013.334,4997.6672,4279.0012,3842.6672,4033.334,5199.334,5929.0012,5382.6672,5643.0012,5577.0012,4858.334,4865.6672,4506.334,4227.6672,3644.6672,3402.6672,2075.334,97614.0152
2820,2025-09-21,1056.0,949.6672,1111.0,1125.6672,1903.0,3105.6672,3171.6672,2845.334,2834.334,2907.6672,2852.6672,3333.0,3468.6672,3553.0012,3556.6672,3600.6672,3512.6672,3509.0,3751.0,3853.6672,3391.6672,3358.6672,2863.6672,1287.0,66902.01
2821,2025-09-22,1056.0,1111.0,1067.0,1323.6672,4040.6672,6284.668,6486.334,6354.334,5481.6672,4843.6672,4187.334,4187.334,4242.334,4304.6672,4840.0012,5668.668,6805.334,7267.334,7157.334,5855.6672,4935.334,3732.6672,3622.6672,2284.334,107140.0148
2822,2025-09-23,1195.3334,1158.6666,1118.3334,1510.6669,4367.0006,5679.6674,6200.3342,5771.3341,5731.0006,4524.6671,4180.0005,4139.6673,4103.0005,4381.6668,4928.0006,5492.6674,6721.0009,7252.6673,7520.3341,5918.0011,4935.3339,3831.667,3468.6673,2258.6668,106388.3458
2823,2025-09-24,1213.6672,1184.3337,1235.6666,1565.6669,4172.667,6152.6676,6193.0006,6420.3341,5936.3341,4631.0003,4436.6672,4282.667,4172.6671,4425.6671,4862.0003,5430.3339,6684.3341,7161.0006,7322.3341,6035.3341,4682.3335,3989.3335,3582.3338,2152.3336,107924.678
2824,2025-09-25,1180.6669,1228.3336,1184.3337,1367.6669,3941.6668,5698.0009,6574.3341,6251.6673,5786.0005,4708.0003,4275.3338,3952.6671,4081.0003,4253.334,5023.3341,5639.3342,6897.0009,7601.0011,7135.3344,5943.6674,4631.0006,3967.3339,3432.0003,2079.0003,106832.0134
2825,2025-09-26,953.3336,920.3336,942.3336,1430.0001,4253.3338,6127.0008,6600.0009,6361.6671,5694.3338,4814.3339,4301.0003,4051.6671,4110.3336,4114.0006,4759.3338,5430.3339,6688.0009,7146.3344,7014.3346,5760.3341,4686.0003,3721.6674,3597.0004,2240.3338,105717.3464
2826,2025-09-27,1199.0001,1213.6667,1224.6669,1437.3333,4235.0003,5155.3338,5734.6674,5584.3339,5115.0008,4224.0005,4169.0,4473.334,5250.6672,5555.0009,5173.6671,5445.0006,5690.6677,5210.3341,4803.3341,4579.6674,4092.0006,3476.0003,3303.6671,2955.3338,99300.6786
2827,2025-09-28,1173.3334,1147.6669,1136.6669,1228.3336,2046.0003,3223.0006,3138.6671,3036.0003,3219.3338,3355.0004,3351.3338,3274.3338,3501.6671,3428.3336,3498.0003,3578.6673,3809.6673,3681.3336,3674.0003,3784.0003,3553.0006,3600.6668,2977.3336,1265.0001,69681.3418
2828,2025-09-29,1059.6672,1059.6672,1100.0,1452.0,3949.0012,6050.0012,6446.0012,6490.0012,5305.6672,4994.0012,4286.334,4235.0012,4110.334,4198.334,4539.334,5650.334,6721.0012,7234.334,7047.334,5786.0012,4491.6672,3652.0,3417.334,2486.0,105761.3504
2829,2025-09-30,1034.0,1026.6672,1100.0,1437.334,4095.6672,5815.334,5969.334,5628.334,5804.334,4777.6672,4213.0012,3908.6672,3919.6672,3894.0012,4653.0012,5661.334,6394.6672,7458.0012,6783.334,5808.0012,4634.6672,3897.6672,3446.6672,2431.0,103792.3488
2830,2025-10-01,1166.0,1122.0,1180.6672,1378.6672,3978.334,6138.0012,6589.0012,6090.334,5635.668,4777.6672,4385.334,4106.6672,4150.6672,4114.0012,4572.334,5236.0012,6563.334,7384.668,6860.334,6002.334,4554.0012,3512.6672,3505.334,2409.0,105413.0172
2831,2025-10-02,1331.0001,1092.6668,1107.3336,1364.0001,4125.0005,6053.6674,6497.3341,5903.3341,5745.6673,4587.0006,4092.0003,4099.3339,4147.0006,4363.3338,4873.0003,5302.0004,6717.3339,7080.3344,7465.3344,5888.6673,4730.0003,3949.0005,3600.6671,2482.3337,106597.3455
2832,2025-10-03,971.6667,916.6669,938.6667,1235.6667,3802.3339,5687.0009,5921.6674,6156.3338,5463.3341,4495.3335,4282.6672,4147.0004,4121.3336,4334.0003,4627.3335,5555.0007,6776.0008,6853.001,7208.6676,5540.3341,4565.0006,3806.0003,3362.3338,2123.0004,102890.3449
2833,2025-10-04,927.6669,916.6666,971.6666,1224.6671,3798.6668,4851.0005,5419.3339,5734.6673,5115.0009,4506.3336,4059.0006,4491.6674,4997.6673,5426.6671,5775.0006,5463.3338,5441.3338,4961.0006,4473.3339,4268.0003,3776.6671,3333.0005,3006.6668,1492.3336,94431.3436
2834,2025-10-05,616.0001,616.0,784.6669,802.9999,2130.3333,3278.0006,3087.3336,2988.3338,3138.6673,3311.0006,3421.0003,3520.0003,3608.0003,3611.6671,3751.0006,3754.6668,3765.6674,3663.0007,3758.334,3692.3338,3586.0003,3402.6671,2845.3338,1514.3336,68647.3422
2835,2025-10-06,1213.6672,1177.0,1243.0,1430.0,4033.334,5984.0012,6255.334,6317.668,5569.6672,4495.334,4301.0012,4000.334,3945.334,4220.334,4649.334,5569.6672,6834.6672,7502.0012,7355.334,5800.668,4733.6672,4194.6672,3472.334,2339.334,106637.6828
2836,2025-10-07,1155.0,1100.0,1257.6672,1551.0,3996.6672,5903.334,6336.0012,6409.334,5859.334,4620.0012,4238.6672,4220.334,4117.6672,4568.6672,4759.334,5852.0012,6658.668,7535.0012,7322.334,6031.668,4796.0012,4073.6672,3501.6672,2222.0,108086.0164
2837,2025-10-08,1191.6672,1316.3332,1276.0,1448.334,4077.334,5998.668,6453.334,6266.334,5727.334,4884.0012,3989.334,3916.0012,3945.334,4216.6672,4565.0012,5305.6672,6600.0012,7340.668,7637.668,5954.668,4700.6672,4029.6672,3622.6672,2262.334,106725.6852
2838,2025-10-09,1217.3332,1188.0,1184.3332,1719.6672,4059.0012,6116.0012,6394.668,6288.334,5566.0012,4807.0012,4341.334,4037.0012,4194.6672,4114.0012,4770.334,5474.334,6537.668,6515.6672,7289.334,6068.334,4741.0012,3824.334,3292.6672,2321.0,106062.0176
2839,2025-10-10,968.0,949.6672,891.0,1364.0,4103.0012,5929.0012,6310.334,6266.334,5525.6672,4961.0012,4128.6672,3927.0,4088.334,4257.0012,4675.0012,5430.334,6383.668,7564.334,5815.334,6541.334,4693.334,3982.0012,3586.0,2218.334,104558.6828
2840,2025-10-11,1004.6672,997.3332,1045.0,1437.3332,3923.334,5137.0012,5386.334,5408.334,4763.0012,4326.6672,3963.6672,4323.0012,5294.6672,5261.6672,5496.334,5566.0012,4957.334,4396.334,4418.334,4279.0012,3776.6672,3527.334,3358.6672,2277.0,94325.0148
2841,2025-10-12,275.0,0.0,0.0,0.0,0.0,0.0,0.0,0.0,0.0,0.0,0.0,0.0,0.0,0.0,0.0,0.0,0.0,0.0,0.0,0.0,0.0,0.0,0.0,0.0,275.0
2842,2025-10-13,0.0,0.0,0.0,0.0,0.0,0.0,0.0,0.0,0.0,0.0,0.0,0.0,0.0,0.0,0.0,0.0,0.0,14.1252,96.456,101.178,104.18,98.878,102.676,97.5412,615.0344
2843,2025-10-14,654.642,816.918,1028.8932,1497.034,3901.808,5895.74,5862.05,4953.312,4702.62,3886.0292,3604.554,3345.9352,3382.9532,3573.5432,3962.484,4652.0072,5575.656,6230.35,6181.648,5154.382,3932.168,3463.578,2878.836,1736.222,90873.3632
2844,2025-10-15,862.796,988.346,1055.902,1195.3232,3324.926,5565.356,5673.09,5725.092,5206.5092,4373.68,3757.0132,3971.886,3716.6412,3888.574,4135.842,5001.964,6097.614,6443.094,6507.5852,5242.9232,4152.508,3198.606,3178.514,2110.284,95374.0692
2845,2025-10-16,1209.28,1312.2452,1229.916,1346.726,3636.072,5384.864,5859.8612,5730.982,5123.108,4599.21,4082.602,3794.296,3885.514,3878.7712,4133.604,4921.0472,5520.226,4688.82,5175.204,4009.0,4086.4052,3606.528,3480.938,2237.578,92932.798
2846,2025-10-17,1029.1832,975.816,1153.7732,1185.204,3794.6792,5650.486,6199.7852,5866.724,5131.804,4294.466,4049.9012,3771.3692,3698.728,3823.4452,4356.452,4846.254,5957.646,6389.486,6142.038,5182.866,4185.9932,3319.4192,3050.81,1966.456,96022.7848
2847,2025-10-18,1217.206,1554.5792,1069.538,1192.386,3463.118,4226.166,4882.9172,5078.418,4580.4092,3684.368,3526.566,4129.304,4454.6,4707.852,5299.308,4769.102,4558.5332,4504.7012,4079.952,3708.3472,3299.5532,2923.234,2832.9,1649.052,85392.1104
2848,2025-10-19,1045.088,933.734,943.108,1102.508,1755.892,2816.256,2683.4672,2659.53,2995.058,3003.374,2876.7692,2875.63,2989.98,3121.14,3105.3812,3116.0372,3246.65,3193.944,3069.9132,3101.764,2905.226,2734.572,2429.742,1034.1992,59738.9632
2849,2025-10-20,1114.638,1108.4,1075.118,1251.642,3523.6472,5452.948,5792.888,5631.11,4177.35,3537.606,3819.4412,3568.008,3713.246,3933.706,4087.9052,4475.1692,5381.2,5405.1332,5771.472,4573.308,3929.0072,3212.28,3034.032,2142.7892,89712.0444
2850,2025-10-21,1060.332,905.11,911.958,1047.5972,3569.93,4670.568,4640.664,4834.004,4072.722,3804.39,3635.634,3555.6152,3694.656,3644.98,4319.468,4975.18,5368.062,5427.754,5377.044,4487.608,3481.5112,2875.2932,2781.368,2232.492,85373.9408
2851,2025-10-22,1163.19,1059.45,1018.672,1148.042,3682.06,4878.1892,5128.128,5242.242,4415.162,3730.89,3612.0452,3657.066,3450.5492,3706.5,4302.192,4777.098,5047.0412,5041.536,5070.8552,4440.514,3525.702,3316.754,3122.206,2169.088,86705.172
2852,2025-10-23,1159.516,1075.8632,1176.048,1095.598,3682.252,5013.5912,5263.4372,5034.646,4552.6232,3826.632,3675.956,3646.6632,3773.6972,3642.2972,4188.886,4646.6492,4939.3452,5578.984,4961.41,4086.804,3244.3372,3259.396,2879.338,2340.444,86744.414
2853,2025-10-24,985.9292,1101.872,1085.76,1246.18,3654.932,4956.746,4931.476,5114.198,4270.076,3827.098,3702.878,3638.446,3690.8012,3658.754,4131.176,4614.7112,4938.4232,5254.938,5138.436,4344.428,3386.464,3037.058,2909.136,1940.9972,85560.914
2854,2025-10-25,889.506,683.9792,835.036,1193.1732,3563.3852,4497.312,4697.6192,5036.702,4229.85,3683.496,3715.346,4650.9212,4509.486,4425.41,4467.5492,4313.996,4318.386,3760.8132,3346.8332,3216.9992,3269.244,3059.828,2714.612,1906.272,80985.7548
2855,2025-10-26,1089.288,980.1932,1184.808,1169.0292,1786.884,2859.186,2810.192,2897.5112,3099.862,3013.374,3007.2272,3246.83,3255.69,3403.2932,3274.446,3410.0912,3327.888,3409.758,3267.83,3420.8672,3205.1792,3133.6592,2511.646,1213.896,63978.6288
2856,2025-10-27,1023.724,1272.24,1036.744,1354.244,3519.0392,5298.33,5385.0152,5284.606,5442.24,4566.308,4016.93,3948.5132,3410.446,3848.788,4852.8672,5667.42,6463.9432,6777.9332,7067.1092,5464.822,4518.568,3524.752,3375.194,2128.762,99248.5384
2857,2025-10-28,1145.404,1063.034,1097.6152,1364.376,3969.122,5966.2032,6222.1672,5741.9112,5675.4532,4570.4012,4145.4352,3964.138,4038.18,4014.67,4609.6932,5417.7732,6812.108,6984.818,6894.8572,5931.148,4690.2772,3840.0752,3414.84,1947.82,103521.5204
2858,2025-10-29,913.822,905.0452,936.3232,1151.532,3991.8312,6025.3192,6134.72,6223.5,5599.0052,4285.6972,4104.0532,4106.2692,4061.8392,4323.462,4878.4,5902.246,5795.306,7070.158,6538.486,6038.26,4656.616,3738.042,3394.978,2010.182,102785.0928
2859,2025-10-30,1104.448,937.164,958.5852,1327.6752,4117.156,5937.87,5800.834,6056.328,5780.032,4843.7812,4332.7312,3937.246,4045.184,4082.834,4669.71,5583.6012,6556.0712,7306.62,6921.7112,5482.6372,4748.2912,3779.1192,3459.908,2171.386,103940.924
2860,2025-10-31,1035.776,742.758,792.17,1174.3552,3785.15,5824.824,6332.098,5945.486,5467.786,4542.2532,4035.3332,3836.358,4066.892,4171.7632,4910.46,5690.4152,6292.3712,7337.07,6853.5532,5890.8112,4639.7912,3869.9052,3744.5712,2255.6592,103237.6104
2861,2025-11-01,1105.866,1107.4892,998.128,1118.9272,3754.1052,4792.2572,5397.424,5350.69,4832.768,4283.9,3949.2352,4239.0752,5216.946,5428.87,5835.58,5554.41,5120.546,4745.1652,4506.5172,4244.616,3871.0792,3338.6992,3285.82,1954.5892,94032.7032
2862,2025-11-02,1110.91,1257.6152,1168.748,1111.29,2176.5192,4003.7692,3945.42,4123.09,3867.926,3842.7812,4062.932,4039.164,4247.9752,4264.1572,4441.7832,4350.198,4448.1612,4735.42,4830.932,4488.9012,4376.4932,4116.7912,3202.3512,1456.304,83669.6324
2863,2025-11-03,1266.2472,1243.8932,1255.25,1156.778,2291.346,4046.006,3694.82,3728.416,3943.0052,3980.9992,4248.3892,4050.9672,4276.476,4462.1452,4417.974,4370.7332,4522.592,4659.242,4600.274,4405.75,4179.642,4061.486,3402.6272,1233.552,83498.6108
2864,2025-11-04,1215.1672,1160.7572,1327.3312,1356.0552,3822.1792,5948.684,6361.0992,6207.136,5755.098,4958.4512,4127.7612,3964.19,3947.0632,4149.256,4904.8772,5438.4952,6268.966,6971.986,6598.8532,6206.808,4687.3912,3670.656,3361.3752,2093.368,104503.0048
2865,2025-11-05,914.566,880.674,901.832,1358.3652,3816.072,5790.928,5940.296,5550.648,5452.326,4411.506,4021.1932,3995.742,4088.7792,4151.6232,4829.0772,5715.146,6800.724,7133.82,5744.642,5984.1112,4473.8672,3764.312,3357.624,2317.936,101395.8104
2866,2025-11-06,1008.2092,937.24,897.6832,1149.158,3723.608,5891.01,6694.4312,6301.9092,5472.5612,4624.798,4108.02,4199.8892,4207.0752,4023.206,4780.432,5670.092,6464.038,6881.8692,6479.756,5742.0712,4591.774,3821.388,3308.0272,2106.89,103085.136
2867,2025-11-07,988.254,938.224,880.194,1187.2712,3966.2472,6050.99,6377.06,6057.1432,5257.0372,4990.1012,4353.1452,4118.5192,4108.0412,4300.5832,4875.73,5755.2392,6548.528,6944.538,6903.8652,5636.9292,4718.2832,3884.354,3518.2892,2000.58,104359.1468
2868,2025-11-08,982.96,922.8812,1003.5932,1343.5652,3774.4612,4807.2012,5260.0052,5441.1172,4616.898,4120.542,3910.902,4266.2772,4975.0432,5262.218,5441.2212,5437.9972,5511.7092,4914.6212,4722.004,4297.4092,3727.7192,3492.95,3145.7072,1930.978,93309.9812
2869,2025-11-09,918.8412,847.0552,852.7912,1072.6312,1793.258,2911.4612,2998.5172,2916.6612,3064.1492,3275.034,3434.612,3263.2732,3523.0832,3514.3492,3305.724,3474.472,3462.3972,3343.4832,3696.43,3447.854,3267.6352,3280.954,2697.774,1034.2332,65396.674
2870,2025-11-10,817.4828,854.2408,846.7988,1059.8474,4115.525,6120.0101,6130.2636,5878.4414,5437.11,4747.3676,4109.4984,4141.0964,4234.9113,4256.8393,4857.2465,5606.9016,6752.2353,6910.7091,6999.4233,5808.0609,4494.1004,3701.2454,3215.0114,2226.3828,103320.7496
2871,2025-11-11,963.8652,915.85,879.6912,1176.4412,4013.4592,5996.638,6176.336,6318.2132,5567.2092,4597.4452,4116.6572,4153.29,4334.99,4227.094,4803.874,5471.9352,6629.894,7140.24,6965.9232,5811.2672,4682.666,3787.122,3555.4552,2025.8772,104311.4336
2872,2025-11-12,1022.5692,858.074,821.35,1262.0012,3986.514,5940.282,6046.176,6222.4692,5514.6912,4732.8432,4435.37,4274.308,4118.93,4311.0052,4854.07,5815.2732,6286.974,6991.2812,6454.2292,5698.592,4247.6092,3577.048,3152.068,2032.6592,102656.3872
2873,2025-11-13,1004.452,869.3892,965.7972,1190.64,4033.33,5732.932,6245.3152,6002.9132,5322.4952,4343.2472,4406.41,3933.1652,4073.4872,4109.9512,4773.2032,5704.3472,6869.2672,6831.5992,4519.008,4141.3572,5070.3552,3914.412,3419.0312,2163.4912,99639.5964
2874,2025-11-14,916.9492,894.6632,913.528,1219.688,3855.434,5680.5472,5746.614,6169.0452,5143.592,4925.234,4018.342,4096.2232,4045.716,4080.7492,4663.5432,5655.272,6292.8012,7198.6672,6539.8492,5696.73,4528.0172,3577.462,3376.7372,1942.6212,101178.0256
2875,2025-11-15,927.764,903.99,861.18,1101.9832,3580.6892,4685.64,5236.686,5311.818,4593.732,4043.1072,3756.2232,4444.974,5065.264,5271.684,5385.4972,5619.186,5368.39,4624.564,4762.72,4268.1952,3702.3152,3165.0332,2952.5392,1975.48,91608.6548
2876,2025-11-16,1239.1732,1253.8612,1197.262,1092.53,2096.712,3781.6812,3823.8612,3528.168,4015.8612,3879.4572,3998.816,4043.498,4363.55,4270.214,4284.7752,4270.288,4223.292,4203.2192,4461.0112,4055.876,3912.838,3999.398,3013.672,1270.2852,80279.3
2877,2025-11-17,1291.326,1184.362,1287.4572,1330.408,2460.0372,3852.7092,3947.1732,3597.5532,4167.4712,4115.8892,4240.482,4059.7432,4312.638,4339.0992,4506.7772,4590.7852,4543.5392,4709.3812,4771.2492,4799.114,4222.8472,4133.7672,3123.05,1234.6152,84821.4744
2878,2025-11-18,1117.218,1097.486,1126.812,1467.48,4318.7592,6042.22,6513.39,6446.246,5644.274,4566.5792,4391.948,4112.41,4122.3272,4340.712,4951.27,5775.0832,6768.972,7076.11,7153.608,5868.55,4357.7532,3877.404,3567.6992,2097.01,106801.3212
2879,2025-11-19,980.84,852.56,845.282,1440.802,4042.4012,5939.1892,6087.396,6104.5672,5659.1492,4554.234,3892.8372,3867.616,4056.5892,4125.1412,4687.5952,5684.252,6527.3732,7017.652,6776.766,5775.34,4265.9352,3476.3572,3222.292,1956.194,101838.3612
2880,2025-11-20,812.1552,812.7012,809.0612,1142.764,3896.908,5928.1052,6085.7492,6043.94,5376.7732,4549.1132,3905.578,3731.9812,3809.6792,3953.392,4454.672,5467.844,6650.594,6963.506,6773.5832,5806.5392,4464.5612,3579.7172,3535.7972,2030.7852,100585.5
2881,2025-11-21,977.8972,871.3952,910.7572,1012.9652,3836.5412,6022.7912,6141.0672,5847.9572,5628.6092,4385.346,4022.456,3837.8192,3902.74,4136.97,4849.16,5633.9992,6438.3172,7097.326,6487.332,5425.106,4504.6612,3470.626,3266.9592,2130.69,100839.4888
2882,2025-11-22,927.2872,907.944,848.284,1172.6372,3652.852,4653.8252,5346.3332,5367.3592,4687.6492,4445.5212,3995.702,4217.3012,5185.75,5763.3632,5725.6772,5505.318,5585.0412,4955.652,4565.414,4206.6932,3775.2192,3211.792,3302.576,1844.0712,93849.2628
2883,2025-11-23,955.1972,890.206,888.2632,933.246,1580.0532,2843.832,3014.7532,3026.56,3275.2332,3218.978,3124.328,3203.8892,3471.602,3395.396,3474.372,3471.0952,3369.882,3438.978,3581.972,3424.214,3468.822,3257.122,2530.388,1128.276,64966.6584
2884,2025-11-24,1093.502,913.936,902.2152,1098.9092,3784.4812,5994.1072,5860.2212,5928.2532,5612.1552,4452.6312,4129.344,3979.422,3835.712,4168.536,4853.6252,5301.1332,6711.3332,6756.5972,7039.38,5574.8092,4641.8492,3644.954,3342.044,2097.69,101716.8408
2885,2025-11-25,839.4592,910.1332,881.764,1180.3912,3829.864,5829.3312,6465.7452,6024.9072,5268.712,4417.768,4107.058,4165.2392,4037.0632,4303.678,4749.138,5699.1632,6692.326,7109.2292,6879.586,5710.208,4473.5832,3409.184,3437.388,2147.87,102568.7892
2886,2025-11-26,1008.9752,909.5652,856.634,1200.588,3904.5012,5965.262,6095.71,5981.768,5348.83,4707.5032,4205.8432,4168.2312,4153.5812,4237.418,4785.488,5776.3572,6567.34,7087.66,7273.672,5644.556,4536.484,3570.388,3279.6852,2105.9112,103371.952
2887,2025-11-27,943.744,910.4692,831.716,1143.948,3846.0212,6023.474,6315.924,6112.1032,5856.9212,4690.962,4378.3832,4010.238,4024.778,4111.9052,4711.154,5506.9912,6483.444,6939.4112,6909.102,5591.8152,4501.3332,3582.3,3410.9272,1991.066,102828.1312
2888,2025-11-28,930.3172,880.032,929.948,1363.4392,3997.5652,5855.8952,6143.834,6027.668,5475.066,4549.3492,3997.7632,3914.5432,3829.3072,4227.1252,4692.434,5466.9292,6729.3252,6965.4612,6678.896,5404.838,4357.6112,3718.094,3164.252,2094.22,101393.9136
2889,2025-11-29,910.5992,837.9692,869.1632,1114.9812,3757.756,4728.8372,5299.578,5681.5572,4862.672,4263.572,3832.452,4308.1552,5318.5292,5303.686,5334.8412,5634.392,5534.976,5061.5212,4746.366,4487.3812,3728.16,3404.238,3199.4732,2180.232,94401.0884
2890,2025-11-30,1539.468,1445.7512,1444.946,1788.8592,2333.902,3042.258,3031.3252,3021.0572,3029.136,3385.328,3381.6392,3480.758,3421.0492,3404.0072,3605.1452,3616.638,3674.5512,3765.0092,3741.7032,3735.738,3346.5972,3341.706,2864.2972,1008.4472,70449.3168
2891,2025-12-01,998.526,917.4432,944.806,1187.874,3782.588,5896.256,6066.458,6224.56,5328.2832,4679.8852,4113.0752,3914.354,3929.922,4243.2652,4719.518,5408.5152,6482.884,7045.5592,6729.0712,5592.8392,4553.308,3759.0612,3528.27,2080.2652,102126.5872
2892,2025-12-02,842.25,816.736,772.53,954.7292,2616.588,4002.2572,4256.06,4139.9892,3823.3412,3151.974,2906.2952,2624.206,2716.8632,2704.2812,3368.17,3803.1692,4326.9912,4412.1372,4189.0552,3702.5872,3064.944,2464.462,2212.0,1431.414,69303.0304
2893,2025-12-03,938.4392,1155.556,1073.43,1232.7012,3938.29,5798.0872,5959.9552,5843.1692,5680.9932,4354.2392,3957.7352,3892.7972,3917.966,4075.6972,5069.056,5731.1912,6350.76,7009.0572,7102.862,5592.158,4717.288,3747.2692,3236.3872,2165.0652,102540.15
2894,2025-12-04,1038.9352,872.032,1002.6032,1230.52,3985.2152,6065.3132,6191.546,5960.5652,5758.6592,4746.022,4230.094,3901.2572,4250.524,4358.6552,4866.18,5600.304,6872.9292,6489.6252,6275.308,6188.864,4846.04,3990.1912,3399.8,2377.33,104498.5132
2895,2025-12-05,1129.108,1100.872,1151.1652,1408.4312,4026.536,5961.0412,5858.16,6012.232,5738.8692,4744.344,4516.7192,3945.4172,4157.1352,4188.538,4900.624,5416.9112,6465.5552,6882.8132,6425.744,5864.7372,5017.004,3879.4292,3496.298,3210.2092,105497.8936
2896,2025-12-06,2216.7572,987.98,1115.0992,1244.09,3910.106,5011.618,5448.7672,5485.518,4719.0792,4225.152,4108.85,4394.1132,5431.706,5593.146,5691.5572,5652.12,5905.0232,4427.78,4805.596,4787.448,4146.544,3633.674,3325.8552,3200.702,99468.2816
2897,2025-12-07,1512.418,4.566,0.0,0.0,0.0,0.0,0.0,0.0,0.0,0.0,0.0,0.0,0.0,0.0,0.0,0.0,0.0,0.0,0.0,0.0,0.0,0.0,0.0,0.0,1516.984
2898,2025-12-08,0.0,0.0,0.0,0.0,0.0,0.0,0.0,0.0,0.0,0.0,0.0,0.0,0.0,0.0,0.0,0.0,7.062,0.0,0.0,0.0,0.0,0.0,0.0,92.24,99.302
2899,2025-12-09,987.3492,882.944,1017.794,1372.8292,4031.5832,6122.8912,6552.9412,6373.4092,5717.852,4761.7372,4225.0392,4058.604,4003.512,4499.4732,4897.19,5685.7992,6678.2892,7379.4832,7299.1752,6303.226,4738.9552,3381.514,3039.9852,1669.2392,105680.8152
2900,2025-12-10,428.428,482.534,391.256,716.566,3705.4992,5598.436,5870.3,6154.3052,5025.4612,4669.1992,3991.616,3790.7292,3720.624,3736.0352,4508.466,5225.576,6323.8052,6704.1452,6540.314,5858.87,4501.3392,3395.3872,2953.512,1898.6032,96191.0072
2901,2025-12-11,520.6192,26.2572,373.36,780.2152,3622.912,5644.0672,5744.6432,5843.8772,4914.188,4223.6072,3822.8132,3772.182,3601.504,3866.776,4385.6672,5057.5252,6085.352,6937.4472,6384.1772,5464.246,4402.834,3304.6892,2954.4592,1853.4872,93586.906
2902,2025-12-12,307.078,235.7852,290.878,575.0032,3296.3752,5535.922,5695.082,5494.6112,4926.8112,4070.4432,3362.0572,3331.758,3274.886,3725.8812,4138.7152,4852.4572,4292.938,5264.7192,4304.01,4184.9752,3875.6612,3163.422,2851.1852,2627.13,83677.7848
2903,2025-12-13,1353.156,167.26,386.14,668.3872,3236.626,4259.684,3468.8312,3180.8652,2843.1812,1429.57,2504.9432,2794.7172,3239.748,3580.3952,3600.026,3638.782,3598.704,1993.0752,1196.4672,1873.5612,2205.0132,1719.7852,1750.6332,1369.682,56059.2336
2904,2025-12-14,199.7632,251.3952,425.2512,549.0552,1365.7872,2355.862,1590.2632,1500.8472,1553.1832,2003.8892,1852.358,1811.73,1952.5812,2018.69,2016.994,1885.662,1919.086,1909.482,2062.75,1966.3412,1778.91,1731.298,1502.9,485.4,36689.4792
2905,2025-12-15,498.1792,409.6472,387.752,541.3312,2061.544,3727.054,3841.8,3811.4392,3264.1172,2785.0052,2519.2812,2145.0372,2143.662,2249.758,2568.226,3249.9252,4219.866,4207.8332,4313.7052,3312.8992,2683.7272,1817.0312,1667.96,877.594,59304.3748
2906,2025-12-16,500.5812,443.794,319.948,636.4992,2118.2772,3749.372,4008.992,3859.938,3264.8532,2796.516,2542.1492,2309.5,2121.53,2237.4252,2694.9472,3011.1712,3895.122,3940.986,4255.4052,3356.6832,2368.9632,1728.304,1546.412,1142.5332,58849.9024
2907,2025-12-17,619.5112,614.2032,627.4452,714.128,2099.7232,3650.4872,3907.5112,3639.4812,3518.868,2549.6672,2387.6092,2259.6332,1991.9392,2158.928,2549.3892,3099.228,3971.7012,3618.726,3875.0432,3197.728,2617.424,1882.932,1728.818,997.724,58277.8488
2908,2025-12-18,413.6152,597.4892,703.4252,781.814,2340.96,3937.6652,3852.1352,3853.042,3664.904,2758.0312,2279.9512,2303.7,2173.702,2267.1592,2616.484,3504.2872,4154.416,3941.1792,3592.102,3281.5232,2709.0472,1810.532,1637.712,803.944,59978.8204
2909,2025-12-19,532.064,296.5412,936.2312,1389.6372,4055.658,5859.9332,5988.524,6016.42,5273.7892,4807.5952,4419.1672,4249.862,4168.4172,4488.508,5074.132,6110.2392,6715.35,7229.1232,6425.92,6003.1,4961.34,3943.002,3599.96,3716.908,106261.422
2910,2025-12-20,2030.042,1182.588,1167.9952,1274.864,3841.368,4814.138,5306.862,5761.838,4945.99,4347.53,3897.7572,4568.7232,5157.8552,5753.1972,4836.076,4860.892,4978.2992,5011.958,4469.2032,4814.0372,3874.384,3533.9652,3621.042,3227.6392,97278.244
2911,2025-12-21,2240.8232,1138.668,1052.5712,1051.5252,1804.662,3111.35,2842.95,2826.096,3326.566,3619.8592,3609.062,3652.8372,3597.708,3428.298,3554.384,3711.6072,3577.254,3644.136,3904.162,3991.4012,3549.7532,3552.202,2896.762,1282.7552,70967.3928
2912,2025-12-22,1127.152,1049.7472,1244.2152,1356.748,3821.2272,5917.6692,6408.58,6085.3132,5566.5452,4898.374,4093.2232,3999.7812,3972.276,4278.8312,4964.7652,5686.9712,6716.7192,7274.1952,7133.21,6209.536,4895.1492,3775.066,3546.2352,2693.5772,106715.1072
2913,2025-12-23,1313.526,1187.1172,1109.2992,1289.5772,3993.358,5928.98,6464.42,6067.282,5611.7352,4833.774,4348.3292,4316.458,4218.2092,4209.13,4794.4392,5564.808,6607.9052,7022.352,6965.952,5818.566,4890.34,4308.4892,3573.984,2351.978,106790.0088
2914,2025-12-24,1188.2492,1185.924,1228.7352,1387.094,4041.5552,4983.628,5183.4252,5028.67,4848.462,4132.272,4116.3,4059.9732,4104.3092,4418.286,5348.708,5298.042,5343.3232,5516.8732,5508.4372,5228.012,4309.678,3750.9312,1957.8032,1040.522,93209.2132
2915,2025-12-25,989.544,978.472,974.962,984.0312,1746.7292,2997.598,3023.5252,2988.22,3019.2572,3198.9112,3169.722,3397.9152,3222.77,3159.714,3378.0052,3482.742,3295.8552,3412.21,3418.2232,3498.898,3506.1832,3459.23,2793.836,1206.5192,65303.0732
2916,2025-12-26,1215.386,1189.516,1214.512,1408.5132,3662.188,4846.75,5136.736,5072.9212,4790.906,4157.598,4000.192,3751.7892,4107.8892,4124.0992,4972.84,5161.8072,5343.8952,5561.1152,5594.2832,5303.8812,4366.9732,3710.8652,3442.9692,2139.388,94277.0136
2917,2025-12-27,1048.4252,1072.624,1038.354,1261.306,3859.8112,4967.576,5139.866,5285.21,4534.572,4259.106,3950.074,4283.61,4983.61,5875.208,5591.39,5592.8552,5434.534,5012.562,4710.2492,4520.7272,4157.9312,3559.512,3482.94,2020.0012,95642.0544
2918,2025-12-28,1086.3792,1029.134,1035.1312,1123.872,1731.3452,3056.3592,2988.6032,3044.8972,3077.76,3265.4592,3361.5052,3486.918,3489.204,3345.6852,3574.5732,3564.3872,3484.0432,3623.034,3961.4012,3719.0812,3600.346,3607.8352,2928.2352,1413.9092,68599.0984
2919,2025-12-29,1184.4992,1223.1612,1259.8852,1455.7592,3994.7812,5112.102,5219.7492,5311.8072,5023.0,4247.842,3918.7432,3990.592,4020.296,4277.528,5240.592,5356.67,5583.9332,5958.644,6057.642,5309.68,4388.786,3861.73,3462.452,2187.9192,97647.794
2920,2025-12-30,1144.814,1082.122,1033.8132,1071.4752,3757.8952,4720.9172,4967.6592,4910.308,4659.4612,4204.112,4039.6092,4231.6572,3978.2352,4113.502,5066.0372,5478.13,5372.2872,5615.58,5933.334,5276.4772,4193.738,3813.8412,3195.434,2072.6852,93933.1248
2921,2025-12-31,937.67,874.3212,1297.7212,1229.7612,3952.234,5028.142,5084.114,4677.932,3908.67,3710.392,3826.392,4067.782,4185.902,4182.326,5128.32,4979.0872,4390.462,3934.474,4110.272,3779.7832,3532.0972,3434.5092,2042.3952,1107.476,83402.2356
