,Fecha,H1,H2,H3,H4,H5,H6,H7,H8,H9,H10,H11,H12,H13,H14,H15,H16,H17,H18,H19,H20,H21,H22,H23,H24,Total
0,2018-01-01,515.1667,502.3336,498.6669,487.6666,496.8333,1118.3333,2201.8334,2159.6669,2166.9999,2361.3334,2326.4999,2399.8333,2343.0,2442.0001,2465.8334,2487.8333,2425.5001,2530.0001,2579.5004,2498.8334,2469.4999,2363.1666,1934.1666,524.3334,44298.8345
1,2018-01-02,462.0,458.3336,454.6669,740.6666,2801.3334,4277.1666,4405.5001,4062.6669,3384.3337,3195.5001,3248.6666,3124.0002,3100.1669,3092.8334,3081.8334,3391.6666,4022.3334,4295.5004,4401.8334,3767.4999,3353.1669,2850.833,2608.8334,1574.8334,70156.1688
2,2018-01-03,605.0002,562.8336,575.6669,836.0001,2590.5001,4251.5001,4400.0001,3965.4998,3311.0001,3389.8334,3386.1669,3096.5001,3168.0004,3270.6666,3199.1667,3459.4999,3828.0004,4396.3337,4447.6666,3925.1666,3224.8334,2933.3334,2608.8336,1516.1669,70948.1696
3,2018-01-04,661.8332,627.0004,590.3337,742.5002,2431.0004,3747.3333,4037.0001,3811.5,3252.3334,3021.3334,3074.5001,3089.1668,3101.9999,3215.6669,3349.4998,3466.8333,4169.0001,4433.0001,4711.6666,4185.5001,3415.5001,2971.8334,2682.1668,1591.3334,70379.8355
4,2018-01-05,583.0002,548.1668,528.0001,865.3333,2667.4999,4240.5001,4489.8336,3914.1666,3362.3334,3114.8334,3153.3333,2992.0001,3083.6666,3177.1667,3316.4998,3600.6669,4357.8334,4851.0001,4895.0001,4355.9999,3358.6669,2962.6666,2660.1666,1556.4999,72634.8343
5,2018-01-06,577.5001,571.9999,478.5001,762.6668,2535.5004,4088.3334,4203.8334,3974.6667,3409.9999,2783.0002,2663.8334,2860.0001,3417.3337,3785.8334,3890.3333,4121.3333,4055.3334,4165.3334,3796.8333,3397.1669,3015.8336,2942.4998,2583.1669,1529.0001,69609.8355
6,2018-01-07,544.5001,498.6672,509.6666,544.5004,1395.1667,2586.8336,2689.5004,2737.1666,2506.1668,2574.0004,2535.5002,2673.0001,2790.3332,2799.5004,3047.0001,2847.1669,2973.6669,2988.3334,3140.5001,3177.1669,2794.0001,2524.4999,2071.6668,539.0001,53487.5039
7,2018-01-08,469.3334,460.1666,491.3334,498.6669,1523.5001,2427.3332,2594.1666,2616.1667,2555.6666,2671.1666,2837.9999,2786.6666,2959.0004,2856.3331,3058.0002,3034.1667,3091.0001,3120.3334,3113.0002,2992.0001,2735.3336,2517.1666,2095.4999,586.6669,54090.6678
8,2018-01-09,505.9999,507.8333,531.6667,867.1669,2300.8334,4341.3334,4519.1666,4531.9999,3683.1667,3270.6666,3191.8337,3309.1668,3314.6666,3232.1672,3250.5002,3510.8333,4306.5002,4603.5,4684.1668,4240.5002,3450.3333,2973.6666,2742.6667,1455.6669,73326.0019
9,2018-01-10,432.6667,425.3334,419.8333,797.5001,2440.1666,4088.3334,4550.3333,4240.5002,3488.8337,3111.1668,2960.8333,3089.1668,3133.1666,3114.8334,3153.3333,3870.1667,4405.5001,4874.8331,5103.9996,4640.1672,3571.3337,3087.3334,2748.1667,1574.8336,73322.335
10,2018-01-11,592.1666,485.8336,462.0001,722.3336,2497.0004,4442.1668,5012.3336,4933.4998,3718.0001,3147.8333,3090.9999,3186.3333,3166.1672,3133.1668,3162.5001,3774.8336,4587.0002,4942.6669,5237.8334,4939.0001,3617.1666,3048.8334,2691.3336,1580.3333,76171.3363
11,2018-01-12,491.3334,462.0002,452.8334,848.8336,2733.5001,4907.8336,5217.6668,4671.3334,3675.8334,3069.0004,2905.8334,2850.8336,2781.1668,2709.6669,3028.6669,3840.8333,4451.3334,5104.0001,5247.0002,4911.5,3613.5001,2896.6666,2781.1669,1549.1668,75201.5033
12,2018-01-13,537.1668,502.3334,513.3333,955.1666,2519.0001,4203.8333,4524.6667,4161.6669,3545.6667,3094.6667,3109.3334,3228.5001,3545.6669,3972.8336,4040.6669,4093.8334,3925.1669,3996.6669,3815.1667,3586.0001,3136.8331,2740.8333,2572.1667,1398.8332,71720.0017
13,2018-01-14,480.3334,476.6667,473.0004,476.6667,1567.5001,2559.3333,2682.1672,2619.8336,2676.6669,2867.3334,2896.6669,3006.6668,3047.0001,2997.4999,2979.1666,3054.3336,3144.1669,3226.6669,3294.5001,3272.4999,2964.5001,2700.4998,2207.3334,647.1669,56318.1696
14,2018-01-15,506.0001,506.0001,511.5001,892.8336,2542.8334,4544.8333,4931.6666,4896.8337,4015.0001,3553.0001,3146.0001,3057.9999,2995.6666,2942.5002,2979.1669,3617.1666,4491.6668,4854.6667,4917.0004,4649.3332,3628.1666,2968.1666,2564.8334,1516.1667,75229.0018
15,2018-01-16,253.0001,14.6672,14.6672,14.6672,14.6672,14.6672,14.6672,14.6672,12.8337,14.6672,12.8337,12.8337,14.6672,12.8337,14.6672,12.8337,14.6672,12.8337,14.6672,14.6672,14.6672,12.8337,14.6672,14.6672,577.5112
16,2018-01-17,16.5004,14.6672,14.6672,14.6672,14.6672,14.6672,14.6672,14.6672,12.8337,14.6672,14.6672,12.8337,14.6672,14.6672,14.6672,14.6672,14.6672,14.6672,14.6672,14.6672,14.6672,14.6672,14.6672,14.6672,350.179
17,2018-01-18,16.5004,14.6672,14.6672,14.6672,14.6672,14.6669,16.5004,12.8337,14.6672,14.6672,14.6672,14.6672,14.6672,12.8337,14.6672,14.6672,14.6672,14.6672,14.6672,16.5004,14.6672,14.6672,14.6672,14.6672,353.8451
18,2018-01-19,16.5004,14.6672,14.6672,14.6672,14.6672,14.6672,14.6672,12.8337,14.6672,12.8337,14.6672,12.8337,14.6672,12.8337,14.6672,14.6672,12.8337,14.6672,14.6672,12.8337,14.6672,14.6672,14.6672,14.6672,342.845
19,2018-01-20,14.6672,14.6672,12.8337,14.6672,14.6672,14.6672,12.8337,14.6672,14.6672,14.6672,14.6672,12.8337,14.6672,14.6672,14.6672,14.6672,14.6672,14.6672,14.6672,14.6672,14.6672,14.6672,14.6672,14.6672,346.5123
20,2018-01-21,12.8337,16.5004,14.6672,14.6669,14.6672,14.6672,14.6672,14.6672,14.6672,14.6672,14.6672,14.6672,12.8337,14.6672,14.6672,14.6672,14.6672,14.6672,14.6672,14.6672,14.6672,14.6672,14.6672,14.6672,350.1787
21,2018-01-22,14.6672,14.6672,14.6672,14.6672,12.8337,14.6672,14.6672,14.6672,14.6672,12.8337,14.6672,14.6672,12.8337,14.6672,14.6672,14.6672,14.6672,14.6669,14.6672,14.6672,14.6672,14.6672,14.6672,14.6672,346.512
22,2018-01-23,14.6672,12.8337,14.6672,12.8337,14.6672,14.6672,12.8337,14.6672,14.6672,14.6672,12.8337,14.6672,12.8337,14.6672,12.8337,14.6672,12.8337,14.6672,14.6672,14.6672,14.6672,12.8337,14.6672,14.6672,337.3448
23,2018-01-24,14.6672,14.6672,14.6672,14.6669,16.5004,14.6672,12.8337,14.6672,14.6672,12.8337,14.6672,12.8337,14.6672,14.6672,12.8337,14.6672,14.6672,14.6672,14.6672,12.8337,14.6669,14.6672,14.6672,16.5004,346.5111
24,2018-01-25,14.6672,14.6672,14.6672,14.6672,14.6672,14.6672,14.6672,12.8337,14.6672,12.8337,14.6672,12.8337,14.6672,12.8337,14.6672,12.8337,14.6672,14.6672,2728.0004,3305.4999,3650.1668,2693.1668,2377.8337,1598.6669,16608.1766
25,2018-01-26,513.3337,452.8334,450.9999,918.5004,2454.8337,4180.0002,4836.3334,4651.1665,3664.8334,3061.6669,2957.1669,2905.8333,2990.1667,3296.3334,3270.6666,3928.8336,4565.0001,4823.5001,5399.1666,4898.6666,3642.8336,2779.3336,2524.4999,1463.0002,74629.5027
26,2018-01-27,418.0002,419.8334,416.1668,577.4999,1831.5002,3312.8334,3760.1666,3859.1666,3593.3336,2997.5001,3017.6669,3065.3333,3527.3331,4112.1672,4172.6669,3965.4998,3824.3334,3728.9999,3387.9999,3058.0001,2926.0002,2546.5004,2106.5002,1233.8334,65858.8355
27,2018-01-28,502.3336,484.0001,476.6672,484.0004,1338.3333,2542.8334,2471.3334,2438.3336,2354.0002,2289.8334,2249.5001,2376.0001,2486.0001,2621.6667,2636.3336,2700.5001,2782.9999,2982.8337,2863.6667,2671.1669,2497.0001,2399.8334,1996.5002,520.6669,49166.3371
28,2018-01-29,474.8334,474.8334,485.8334,738.8333,2018.5002,3864.6667,4528.3336,4321.1669,3382.5002,2806.8336,2603.3333,2583.1667,2810.5001,2794.0002,2746.3334,3534.6669,4337.6669,4616.3333,4812.5001,4455.0002,3164.3331,2365.0004,2112.0001,1457.4999,67488.6693
29,2018-01-30,408.8334,14.6672,55.0004,526.1666,2407.1666,4022.3334,4048.0001,4180.0004,3419.1667,3010.3336,2695.0004,2625.3336,2847.1666,2946.1669,3122.1666,3672.1669,4312.0001,4510.0004,5027.0001,4542.9999,3085.4999,2480.4999,2335.6669,1288.8333,67582.1699
30,2018-01-31,423.4999,421.6666,507.8334,869.0001,2478.6668,4436.6669,4883.9999,4541.1666,3565.8336,2859.9999,2852.6669,2770.1667,2903.9998,2852.6666,2850.8332,3432.0001,4214.8334,4524.6666,4488.0004,4517.3334,3204.6667,2665.6666,2548.3334,1402.5001,70216.6676
31,2018-02-01,548.1669,555.5001,551.8337,814.0001,2628.9999,4178.1666,4748.3333,4429.3336,3699.6666,3067.1668,2891.1666,2913.1667,2955.3336,2971.8331,3010.3333,3622.6666,4396.3334,4845.4999,4792.3331,4504.4999,3499.8334,2733.5001,2374.1667,1466.6669,72198.5009
32,2018-02-02,661.8334,709.5001,604.9999,865.3333,2381.5001,4081.0001,4654.8333,4491.6666,3488.8336,2907.6669,2761.0001,2777.5002,2935.1668,2995.6669,2955.3337,3397.1666,4539.3333,5069.1665,4590.6669,4603.5002,3553.0001,2860.0002,2548.3336,1562.0004,71995.0028
33,2018-02-03,658.1669,500.5004,504.1669,733.3337,2154.1669,3373.3333,3747.3331,3760.1667,3202.8334,2590.5001,2735.3336,2909.5002,3525.5001,3963.6668,3763.8334,3848.1666,3837.1667,3883.0001,3454.0001,3208.3334,3052.5001,2718.8334,2530.0004,1442.8334,66097.1697
34,2018-02-04,559.1669,539.0002,555.4999,590.3334,1292.5001,2244.0002,2460.3334,2458.4999,2319.1667,2359.5002,2326.5002,2775.6666,2913.1666,3043.3332,3127.6666,3025.0,2907.6666,3008.5002,3003.0002,2900.3337,2641.8337,2478.6669,2113.8336,559.1669,52202.3359
35,2018-02-05,507.8334,496.8336,506.0001,724.1668,2533.6669,4500.8332,4731.8331,4500.8334,3551.1669,2946.1669,2825.1668,2735.3334,2900.3336,2854.4998,2896.6666,3652.0002,4401.8334,4944.4999,5050.8331,4647.4999,3800.5002,3048.8333,2674.8336,1604.1666,73036.3347
36,2018-02-06,405.1668,397.8333,434.5001,812.1666,2555.6669,4345.0002,4750.1666,4348.6669,3276.1669,2788.5004,3164.3331,3118.5001,3221.1669,3122.1666,3006.6669,3629.9998,4541.1669,4902.3333,5248.8333,4917.0001,3602.5001,2988.3337,2671.1669,1563.8336,73811.836
37,2018-02-07,515.1666,518.8334,498.6666,830.5004,2515.3334,4381.6669,4929.8333,4735.5001,3650.1666,3030.5001,3015.8334,2881.9998,3142.3334,3182.6669,3138.6666,3591.5002,4390.8336,4905.9998,5019.6669,4266.1669,3419.1669,2878.3336,2575.8334,1474.0004,73489.1692
38,2018-02-08,363.0004,348.3336,370.3333,799.3334,2379.6669,4264.3334,4807.0002,4365.1667,3551.1669,2806.8334,2757.3334,2814.1666,2992.0001,3059.8334,3012.1666,3463.1666,4242.3334,4970.1669,5166.3331,4733.6666,3663.0002,2779.3336,2454.8334,1389.6669,71553.169
39,2018-02-09,375.8334,363.0001,386.8337,821.3334,2442.0002,4469.6668,4928.0001,4519.1666,3424.6666,2942.4998,2860.0004,2805.0001,2849.0001,3059.8334,2931.5001,3475.9999,4242.3334,5151.6666,4944.5002,4641.9998,3510.8334,3059.8334,2649.1667,1492.3334,72347.0016
40,2018-02-10,1037.6667,1076.1667,1057.8333,834.1669,2344.8334,3842.6666,3992.9998,4027.8331,3439.3333,2931.5004,2739.0001,2902.1665,3380.6668,3972.8334,3994.8333,4073.6669,4114.0004,4227.6667,3837.1667,3384.3332,2902.1668,2674.8336,2539.1667,1442.8332,70770.3345
41,2018-02-11,559.1668,509.6669,491.3334,529.8334,1442.8334,2572.1669,2650.9999,2676.6666,2511.6669,2757.3334,2717.0001,2808.6667,2849.0001,2786.6666,3102.0004,3171.6669,3074.5001,3151.5001,3171.6669,2947.9999,2782.9998,2519.0001,1939.6668,689.3334,54413.3355
42,2018-02-12,515.1667,496.8337,502.3333,795.6666,2299.0002,4251.5001,4180.0001,4040.6666,3543.8332,3061.6667,3116.6669,3030.5004,2984.6668,2995.6669,2953.5001,3575.0002,4475.1669,5056.3334,5292.8333,4841.8334,3615.3333,2784.8334,2579.5004,1598.6669,72587.1695
43,2018-02-13,473.0001,471.1666,454.6669,764.5004,2271.4998,4152.4999,3912.3331,2988.3333,2621.6667,3424.6665,3199.1664,2870.9998,3058.0001,3125.8334,2949.8331,2308.1672,2484.1669,2755.5001,2995.6667,2938.8334,2649.1666,2502.5001,2273.3334,1305.3333,58950.8338
44,2018-02-14,467.4999,414.3336,412.5004,656.3334,1890.1669,3050.6665,3516.3334,4275.3337,3523.6669,3232.1669,2929.6665,3160.6666,3272.5001,3272.5001,3245.0001,3740.0001,4203.8336,5272.6666,4993.9999,4671.3334,3749.1666,2973.6666,2661.9999,1305.3334,70891.3351
45,2018-02-15,392.3336,403.3334,363.0002,676.5001,2530.0001,4348.6669,4779.5001,4486.1667,3398.9999,3034.1666,2843.5002,2940.6666,3103.8336,3056.1668,2990.1666,3608.0002,4335.8334,4678.6666,4865.6669,4625.4999,3479.6669,2792.1667,2544.6669,1499.6669,71776.8358
46,2018-02-16,469.3334,484.0001,495.0004,923.9999,2352.1667,4458.6666,4849.1668,4433.0001,3743.6667,3111.1669,2893.0001,2379.6668,2931.5002,3102.0004,3037.8333,3608.0001,4334.0,3420.9999,3595.1668,4583.3333,3677.6667,2885.6669,2535.5001,1387.8336,69692.3358
47,2018-02-17,603.1667,500.5001,454.6672,678.3337,2178.0001,3690.4999,4154.3333,3893.9999,3529.1666,3107.5002,2915.0001,2909.5001,3507.1666,3778.5001,3850.0001,3991.1669,4055.3332,3928.8336,3756.5001,3499.8334,3334.8337,2852.6669,2546.5001,1446.5002,69162.5028
48,2018-02-18,495.0001,487.6666,496.8334,584.8334,1327.3336,2546.5001,2770.1666,2729.8334,2731.6666,2894.8331,2935.1669,2933.3334,3142.3332,3118.5001,3149.6669,3184.4999,3206.5001,3199.1666,3340.3332,3217.4999,2880.1667,2658.3337,2053.3337,599.4999,56683.0011
49,2018-02-19,548.1666,524.3334,515.1667,924.0004,2584.9999,4830.8337,4966.4998,4757.5001,3897.6669,3135.0001,3173.5001,3289.0001,3371.5002,3197.3334,3232.1667,3914.1668,4607.1667,5191.9996,5345.9999,4869.3337,3758.3334,2949.8333,2586.8333,1576.6669,77748.0017
50,2018-02-20,522.5001,498.6669,517.0001,812.1669,2783.0002,4840.0001,4867.5001,4579.6666,3901.3334,3217.5,3050.6668,2971.8333,3074.5002,3092.8334,3175.3333,3859.1664,4706.1666,5138.8334,5558.6666,5171.8331,3881.1667,2898.5004,2718.8333,1435.5,77273.1679
51,2018-02-21,462.0002,460.1669,449.1669,748.0004,2625.3334,4550.3333,4827.1666,4680.4998,3806.0004,3230.3333,3025.0002,3028.6668,3014.0001,3168.0002,3133.1667,3730.8331,4500.8336,4836.3331,5122.3332,4790.5001,3868.3334,3089.1666,2546.5002,1393.3337,75086.0022
52,2018-02-22,500.5001,518.8337,504.1669,863.5001,2672.9999,4691.5001,4689.6666,4722.6666,3868.3334,3457.6665,3404.5001,3310.9999,3342.1667,3377.0001,3155.1668,3745.5,4308.3337,4685.9998,4953.6666,5052.6667,3595.1667,3015.8337,2652.8332,1497.8336,76587.5015
53,2018-02-23,495.0002,462.0,462.0002,832.3334,2434.6669,4302.8337,4731.8334,4726.3331,3688.6669,3241.3331,3105.6666,2953.5001,3065.3334,3100.1669,3124.0004,3727.1666,4548.5001,4972.0002,5126.0001,4801.5002,3444.8334,2871.0001,2563.0001,1602.3334,74382.0025
54,2018-02-24,515.1669,498.6669,496.8336,885.5002,2531.8336,4062.6665,4387.1666,4183.6667,3525.4998,2962.6666,2773.8333,2865.5001,3455.8333,3802.3334,4121.3337,4264.3334,4236.8334,4026.0001,3615.3337,3239.4999,3006.6665,2872.8334,2632.6669,1518.0001,70480.6686
55,2018-02-25,474.8334,465.6667,460.1669,496.8333,1287.0001,2456.6667,2630.8336,2590.5001,2519.0002,2410.8336,2431.0001,2627.1666,2595.9999,2650.9999,2849.0001,2947.9998,3076.3334,3103.8334,3342.1666,2962.6667,2629.0001,2616.1667,2159.6667,638.0001,52422.3347
56,2018-02-26,515.1669,502.3336,496.8337,916.6669,2394.3334,4236.8334,4374.3334,4698.8334,3778.5004,3125.8334,3074.5001,2947.9999,3206.5001,3046.9999,3243.1669,3921.4999,4583.3334,5025.1666,5360.6666,4869.3334,3617.1666,2876.4999,2478.6666,1558.3334,74849.5018
57,2018-02-27,553.6666,491.3336,491.3334,889.1669,2843.5002,4733.6666,5223.1667,4667.6666,3745.5004,3103.8336,2951.6667,2960.8334,3056.1669,3092.8334,3125.8333,3784.0001,4489.8336,4992.1666,5179.1667,4862.0,3674.0001,2918.6667,2496.9999,1406.1668,75733.1688
58,2018-02-28,522.4999,515.1669,502.3336,988.1669,2746.3334,4814.333,5219.5001,4821.6666,3774.8333,3287.1669,2999.3336,3003.0001,3197.3333,3261.4999,3296.3334,4092.0001,4880.3334,5307.5001,5417.4998,4851.0004,3366.0001,2861.8334,2454.8334,1323.6669,77504.1685
59,2018-03-01,396.0,375.8334,403.3334,869.0002,2531.8334,4816.1666,5380.8334,5078.3334,3824.3333,3278.0001,2874.6672,2904.0001,3041.5004,3004.8334,3063.4999,3848.1669,4486.1667,4277.1668,4933.4998,4379.8336,3428.3333,2801.3334,2649.1668,1435.5001,74081.3356
60,2018-03-02,373.9999,352.0,366.6667,889.1669,2650.9999,4528.3331,4915.1667,4592.5002,3761.9999,3235.8336,2995.6668,3177.1666,3043.3334,3149.6667,3371.5,3941.6669,4621.8337,5294.6666,5179.1668,4722.6666,3558.5001,2900.3333,2603.3334,1402.4999,75628.6677
61,2018-03-03,401.5002,377.6669,370.3334,799.3334,2410.8334,3793.1669,4070.0002,3936.1666,3400.8334,2958.9999,2920.5001,3023.1667,3538.3334,3943.4999,3954.4999,4024.1667,3963.6669,3930.6666,3609.8336,3356.8336,3085.5004,2746.3334,2542.8334,1263.1669,68421.8358
62,2018-03-04,465.6669,436.3336,454.6669,460.1669,1499.6669,2458.5004,2577.6666,2487.8334,2370.5004,2464.0001,2592.3334,2759.1669,2940.6666,3021.3334,3076.3333,3221.1669,3162.5001,3296.3336,3349.5,3237.6669,2861.8332,2506.1667,1952.5001,550.0001,54202.5033
63,2018-03-05,507.8333,496.8337,502.3334,357.5001,0.0,0.0,0.0,3.6666,16.5004,12.8337,1677.5002,2845.3333,2988.3336,2874.6666,2883.8333,3503.4998,4135.9999,4660.3336,4610.8336,3721.6666,3032.3334,2706.0002,2167.0002,1112.8334,44817.6689
64,2018-03-06,155.8332,152.1672,185.1672,623.3332,2324.6672,4066.3332,4335.8332,4249.666,3197.3332,2863.6672,2594.1672,2535.5,2816.0,2898.5,2997.5,3831.666,4422.0,4583.3332,4493.5,3916.0,2786.6672,2390.6672,2207.3332,1133.0,65759.8348
65,2018-03-07,152.1669,143.0002,168.6669,656.3333,2368.6666,4286.3334,4610.8333,4306.5004,4026.0002,3312.8333,2929.6666,2751.8336,2733.5001,2858.1666,2845.3331,3576.8333,4246.0001,4673.1669,5036.1666,4675.0001,3318.3336,2555.6669,2399.8337,1230.1667,69861.0024
66,2018-03-08,185.1667,144.8337,144.8334,630.6668,2458.4999,4152.4999,4416.4999,4350.4998,3745.5001,3162.5001,2907.6666,2896.6666,2986.5002,2968.1667,3036.0001,3802.3334,4299.1668,4502.6666,4561.3334,4141.5001,3151.5,2392.5001,2145.0001,1045.0002,68227.5012
67,2018-03-09,177.8336,130.1668,139.3334,652.6667,2335.6667,4295.4999,4458.6668,4590.6666,3993.0001,3292.6666,2975.5002,2975.4998,3089.1669,3019.5004,3118.5001,3778.5001,4489.8334,4788.6665,5203.0001,4823.4998,3585.9998,2605.1668,2311.8336,1118.3334,71949.1681
68,2018-03-10,154.0004,150.3336,152.1668,572.0002,2051.4999,3342.1668,3582.3337,3661.1666,3048.8333,2773.8334,2572.1669,2729.8333,2893.0002,3518.1668,3619.0004,3510.8334,3543.8336,3509.0,3215.6668,3085.5001,2695.0001,2561.1668,2346.6669,1098.1669,60386.3369
69,2018-03-11,265.8334,238.3336,243.8336,267.6666,1094.5004,2150.4999,2337.5002,2234.8337,2104.6668,2269.6667,2493.3332,2784.8334,2898.4999,3025.0001,3237.6666,3195.5001,3267.0002,3004.8336,2761.0,2515.3336,2359.5001,2174.3334,1727.0002,412.5001,49063.6694
70,2018-03-12,352.0004,300.6669,324.5001,704.0004,2464.0002,4365.1669,4687.8337,4301.0001,3195.4999,2722.5002,2808.6666,2689.5,2709.6669,2687.6669,2838.0002,3278.0004,2412.6666,2841.6668,3219.3334,3312.8334,3094.6669,2388.8334,2223.8336,1127.5002,61050.0041
71,2018-03-13,267.6668,190.6666,172.3334,502.3334,2502.5002,4253.3336,4576.0001,4335.8337,3287.1669,2803.1665,2636.3333,2744.5001,2806.8334,2804.9999,2861.8336,3672.1666,4640.1665,5126.0004,4579.6669,4328.5004,3179.0001,2392.5002,2365.0004,1184.3333,68212.8363
72,2018-03-14,198.0001,192.5001,216.3337,553.6668,2586.8336,4332.1669,4409.1666,4478.8334,3477.8334,2905.8334,2819.6667,2706.0002,2727.9999,2616.1668,2651.0001,3353.1667,3982.0002,4409.1669,4510.0001,4099.3337,3199.1669,2535.5002,2412.6669,1437.3336,66810.3369
73,2018-03-15,242.0001,209.0004,212.6669,493.1668,2645.5002,4284.4999,4669.4999,4469.6669,3400.8334,3043.3337,2826.9999,2768.3333,2806.8333,2933.3333,3279.8333,3980.1667,4825.3334,5063.6672,4379.8331,4203.8337,3199.1669,2614.3333,2341.1668,1142.1668,70035.1692
74,2018-03-16,230.9999,205.3334,212.6672,652.6666,2370.5001,3965.5004,4179.9999,4040.6669,3292.6666,3129.5001,2975.4999,2819.6666,2750.0002,2773.8333,2850.8334,3499.8334,4286.3336,4620.0001,4581.4999,4143.3333,3056.1667,2502.5001,2357.6667,1182.5001,66680.1684
75,2018-03-17,201.6668,201.6669,254.8334,634.3336,2198.1668,3652.0002,3906.8334,3323.8337,3399.0002,3087.3334,3036.0002,3002.9999,3547.5001,3807.8333,3844.5001,3829.8333,3835.3334,3754.6665,3237.6667,2968.1668,2608.8337,2357.6666,2295.3334,1215.5001,64201.5025
76,2018-03-18,95.3336,14.6672,14.6672,14.6672,14.6672,14.6672,7.3336,0.0,0.0,0.0,0.0,0.0,0.0,0.0,11.0004,12.8337,14.6672,14.6672,14.6672,14.6672,12.8337,14.6672,14.6672,143.0001,443.6743
77,2018-03-19,307.9999,287.8333,260.3337,284.1669,1195.3334,2154.1669,2216.5001,2080.8334,2038.6669,2178.0,2174.3333,2310.0001,2394.3334,2286.1667,2280.6669,2344.8333,2249.5004,2409.0001,2508.0004,2482.3336,2256.8336,2104.6666,1518.0001,298.8334,42621.3364
78,2018-03-20,264.0004,256.6669,267.6666,683.8336,2115.6666,3947.1665,4044.3334,3994.8334,3081.8334,2619.8334,2590.5004,2667.5002,2735.3336,2629.0002,2755.5001,3532.8331,4181.8336,4548.5004,4687.8333,4284.5001,3140.4999,2546.5002,2436.5002,1076.1669,65088.8364
79,2018-03-21,300.6669,243.8333,256.6669,674.6669,2189.0001,4048.0001,4227.6669,4306.4999,3248.6666,2720.6669,2563.0002,2717.0001,2806.8333,2720.6669,2843.4999,3509.0001,4147.0002,4612.6668,4926.1663,4302.8334,2997.5,2561.1668,2330.1667,1008.3336,66262.1688
80,2018-03-22,174.1669,181.4999,207.1669,660.0001,2258.6666,4126.8337,4717.1665,4577.8337,3560.3331,3003.0001,2685.8337,2574.0002,2678.4999,2729.8337,2680.3334,3485.1665,4203.8333,4521.0001,4495.3337,4128.6667,3140.4998,2311.8334,2102.8334,1142.1666,66346.5019
81,2018-03-23,242.0004,207.1667,227.3337,667.3336,2297.1668,4104.8337,4546.6666,4225.8333,3268.8334,2808.6669,2663.8333,2542.8336,2693.1669,2685.8334,2709.6669,3382.4999,3972.8333,4445.8334,4713.5001,4220.3333,3081.8334,2520.8334,2355.8336,1310.8333,65895.5029
82,2018-03-24,262.1666,238.3333,254.8336,627.0004,2190.8337,3705.1669,3917.8333,3958.1669,2603.3334,2729.8333,2504.3333,2645.5002,3140.4998,3477.8331,3804.1666,3815.1666,3818.8333,3849.9999,3459.5001,3278.0002,2861.8334,2586.8334,2524.5002,1195.3334,63449.8349
83,2018-03-25,212.6667,14.6672,14.6672,14.6672,16.5004,14.6672,14.6672,14.6672,14.6672,14.6672,14.6672,14.6672,2599.6669,2685.8334,2662.0004,2625.3336,2671.1669,3017.6668,2981.0004,2848.9999,2632.6668,2368.6666,1774.6669,231.0001,29474.5078
84,2018-03-26,168.6666,177.8334,185.1669,612.3336,2475.0001,4427.4999,4608.9998,4137.8336,3234.0001,2783.0001,2826.9998,2781.1669,2874.6666,2861.8334,2905.8334,3457.6669,4148.8336,4117.6669,4658.5004,4266.1669,2973.6667,2564.8333,2282.5001,1147.6669,66678.3359
85,2018-03-27,264.0001,262.1669,238.3334,674.6669,2161.4999,4191.0001,4753.8334,4348.6666,3422.8333,2795.8333,2993.8337,3017.6669,2929.6669,2977.3334,3063.5002,3778.4999,4335.8336,4458.6666,4517.3334,3949.0001,3002.9999,2264.1669,2130.3336,946.0001,67477.6691
86,2018-03-28,185.1669,177.8334,183.3334,621.5001,2247.6669,4051.6666,4401.8334,4099.3336,3299.9999,2695.0001,2691.3336,2590.5004,2680.3334,2643.6667,2746.3336,3523.6667,4123.1666,4013.1669,4068.1667,3652.0001,2806.8334,2322.8333,2438.3333,1085.3334,63349.0024
87,2018-03-29,190.6669,141.1669,135.6666,146.6672,1134.8336,2421.8334,2484.1669,2535.5002,2385.1666,2605.1666,2797.6666,3017.6672,3094.6667,3131.3334,3118.4999,3157.0004,3320.1668,3399.0001,3404.5001,3307.3334,2962.6669,2618.0002,1950.6669,291.5004,53751.5039
88,2018-03-30,242.0,242.0,242.0,247.5,964.3336,1864.5001,1914.0002,1917.6666,1961.6669,2108.3333,2190.8334,2350.3333,2606.9999,2640.0002,2616.1666,2572.1667,2684.0001,2770.1666,2739.0004,2522.6669,2163.3334,2011.1666,1474.0001,280.4999,43325.3348
89,2018-03-31,234.6667,227.3332,249.3334,669.1669,1961.6669,3543.8333,3835.3334,3551.1668,3213.8331,2838.0002,2770.1666,3257.8334,3571.3334,3809.6669,3925.1669,3871.9999,4055.3334,3868.3337,3498.0004,2990.1668,2632.6669,2410.8337,2139.5004,1105.5004,64230.8367
90,2018-04-01,308.0002,297.0002,291.5002,328.1668,1180.6669,2117.5001,2247.6667,2280.6672,2266.0001,2297.1668,2506.1669,2564.8334,2652.8334,2656.5002,2570.3337,2337.5001,2407.1667,2761.0004,2805.0001,2643.6669,2350.3337,2104.6668,1492.3336,234.6669,45701.338
91,2018-04-02,124.6672,188.8336,192.5002,617.8334,1947.0002,4242.3334,4891.3333,4708.0001,3685.0001,2979.1666,2812.3334,2838.0001,2893.0001,2815.9999,2949.8334,3532.8333,4163.5001,4427.5004,4599.8334,3998.5004,2880.1668,2267.8336,2038.6669,1024.8334,66819.5033
92,2018-04-03,117.3334,124.6666,143.0002,557.3333,2278.8336,4196.4998,4684.1669,4374.3333,3243.1666,2702.3336,2619.8334,2607.0001,2739.0002,2713.3334,2729.8334,3433.8337,4337.6666,4634.6666,4911.5002,4158.0001,3171.6666,2533.6669,2132.1669,1041.3334,66185.1688
93,2018-04-04,175.9999,258.4999,225.5002,535.3334,2291.6667,4456.8334,4678.6667,4539.3332,3705.1663,3048.8337,2786.6669,2889.3334,2898.5,2924.1666,2938.8333,3659.3334,4306.5001,4874.8336,4312.0002,4055.3334,3034.1667,2322.8334,2146.8334,1149.4999,68214.6677
94,2018-04-05,251.1667,293.3334,284.1668,652.6667,2372.3334,4277.1666,4629.1668,4073.6667,3105.6666,2588.6668,2601.4999,2566.6666,2638.1667,2852.6668,2799.4999,3476.0001,4290.0001,4687.8334,4922.4998,4312.0004,3153.3332,2726.1669,2326.5001,1153.1669,67034.0013
95,2018-04-06,132.0001,141.1669,205.3336,592.1668,2504.3334,4337.6666,4718.9998,4537.5002,3514.4998,5.5001,14.6672,3.6668,0.0,0.0,3.6668,1428.1669,4137.8332,4623.6666,4772.1669,4183.6667,3041.4999,2568.5002,2253.1667,1120.1669,48840.0021
96,2018-04-07,159.4999,155.8333,159.5001,599.4999,2126.6669,3609.8334,4027.8331,3796.8331,3366.0001,2955.3334,2891.1669,3114.8334,3624.5001,3697.8336,3811.4999,3884.8332,4018.6669,4016.8334,3558.4999,3135.0001,2898.4999,2654.6669,2414.5001,1142.1666,65820.3341
97,2018-04-08,218.1667,212.6669,227.3334,275.0,1204.5001,2056.9999,2124.8336,2178.0,2229.3334,2405.3334,2500.6669,2566.6669,2707.8334,2762.8336,2834.3334,2775.6666,2797.6667,2660.1666,2759.1666,2700.5001,2544.6669,2066.1669,1446.5004,434.5002,46689.5026
98,2018-04-09,181.5002,139.3332,168.6669,573.8336,2286.1665,4227.6669,4647.4999,4150.6667,3250.5002,2731.6667,2667.5001,2724.3334,2816.0,2830.6666,2858.1666,3340.3336,4242.3334,4757.5001,4537.5001,4073.6666,2973.6667,2423.6669,2124.8334,1081.6669,65809.3352
99,2018-04-10,232.8333,194.3337,247.5002,654.5001,2365.0002,4242.3336,4596.1666,4458.6666,3336.6666,2614.3334,2568.5001,2511.6669,2601.5001,2691.3333,2640.0001,3378.8331,3901.3337,4550.3334,4719.0002,4235.0001,3096.5004,2529.9999,2260.5001,1107.3334,65734.1691
100,2018-04-11,339.1669,258.5004,265.8334,603.1669,2423.6667,4326.6669,4733.6669,4500.8334,3529.1669,3114.8334,2913.1669,2722.5001,2689.5004,2731.6666,2795.8334,3463.1669,4242.3334,4759.3336,4614.5001,4361.5001,3305.5001,2588.6668,2359.5001,1268.6668,68911.3371
101,2018-04-12,166.8334,177.8336,201.6666,704.0001,2392.4999,4429.3334,4581.5001,4427.4999,3333.0004,2854.5001,2625.3334,2557.4999,2671.1666,2685.8334,2797.6669,3430.1669,4123.1666,4484.3334,4167.1666,3774.8333,2935.1666,2473.1669,2388.8334,1030.3334,65413.3348
102,2018-04-13,201.6669,168.6672,172.3337,588.5002,2321.0002,4172.6667,4389.0002,4370.6668,3204.6666,2749.9999,2680.3336,2597.8334,2669.3336,2594.1668,2632.6672,3287.1663,4044.3334,4427.5002,4471.5,3971.0001,2913.1666,2355.8336,2112.0001,1101.8334,64197.8367
103,2018-04-14,196.1672,163.1667,166.8334,614.1669,1914.0001,3404.4999,3534.6669,3510.8333,2907.6665,2652.8334,2636.3334,3140.5,3551.1666,3184.5001,3195.4999,3146.0002,3525.5001,3872.0001,3411.8334,2799.5001,2618.0004,2398.0001,2201.8334,1094.5001,59840.0022
104,2018-04-15,352.0001,269.5001,275.0004,306.1667,1175.1669,1994.6669,2101.0001,2168.8336,2190.8337,2282.5002,2471.3334,2603.3337,2744.5001,2739.0001,2748.1666,2799.5001,2827.0001,2916.8334,3047.0001,2891.1667,2370.4999,2181.6667,1651.8333,271.3337,47378.8366
105,2018-04-16,187.0,205.3333,212.6666,691.1667,2271.4999,4201.9999,4709.8337,4172.6669,3347.6667,2812.3336,2724.3337,2707.8337,2826.9998,2946.1669,3046.9998,3613.4999,3595.1667,4467.8337,4594.3334,4300.9999,3112.9999,2717.0001,2205.5001,1136.6667,66808.5016
106,2018-04-17,267.6666,274.9999,240.1666,687.5001,2581.3334,4583.3334,4695.1669,4632.8334,3729.0002,3080.0001,2640.0001,2671.1669,2894.8334,2876.5001,2893.0004,3624.5002,4302.8337,4543.0001,4552.1666,4207.5001,2937.0001,2634.5001,2297.1667,1142.1667,68988.3358
107,2018-04-18,194.3337,210.8336,188.8333,588.5002,2198.1667,4079.1669,4379.8333,4288.1669,3366.0002,3028.6669,2779.3334,2718.8334,2740.8334,2815.9998,2858.1668,3529.1669,4161.6667,4601.6669,4724.4999,4084.6666,2839.8334,2401.6669,2273.3333,995.5002,66047.6693
108,2018-04-19,249.3333,249.3336,280.5002,616.0002,2317.3336,4249.6666,4588.8336,4418.3334,3411.8334,2772.0002,2636.3336,2641.8337,2727.9999,2847.1667,2828.8336,3488.8334,4081.0002,4618.1666,4803.3334,4158.0001,3001.1672,2377.8337,2214.6666,1076.1669,66654.5037
109,2018-04-20,155.8332,146.6668,139.3334,489.5001,2421.8334,4143.3334,4394.5004,4275.3333,3074.4999,2707.8334,2753.6669,2740.8334,2385.1669,2640.0,2838.0001,3591.5001,4148.8333,4585.1667,4495.3337,4359.6669,3124.0001,2447.5001,2146.8334,1103.6669,65308.8358
110,2018-04-21,185.1667,163.1667,262.1667,572.0002,2011.1668,3611.6667,3967.3333,3642.8334,2942.5001,2779.3332,2649.1666,2973.6667,3457.6666,3565.8334,3683.1669,3798.6666,3827.9999,3963.6666,3404.5002,2832.5001,2577.6666,2493.3333,2416.3336,1200.8337,62982.3346
111,2018-04-22,263.9999,247.4999,256.6672,293.3336,1276.0001,2198.1669,2337.5002,2210.9999,2284.3337,2214.6668,2409.0001,2313.6666,2623.5004,2733.5001,2812.3333,2926.0001,3087.3336,3019.5001,3021.3333,2795.8333,1268.6668,0.0,0.0,0.0,42593.8359
112,2018-04-23,0.0,0.0,0.0,0.0,0.0,0.0,0.0,0.0,0.0,0.0,0.0,0.0,0.0,0.0,0.0,234.6672,267.6672,2673.0,2735.3332,2427.3332,1851.6672,1514.3332,1441.0,729.6672,13874.6684
113,2018-04-24,176.0004,157.6667,219.9999,608.6666,1430.0001,2559.3334,2610.6667,2299.0004,1668.3332,1595.0001,1620.6669,1616.9999,1694.0002,1826.0002,1774.6669,1972.6669,2420.0004,2651.0001,2746.3333,2394.3333,1859.0004,1606.0001,1484.9999,755.3337,39746.6697
114,2018-04-25,120.9999,113.6667,183.3333,374.0001,1089.0001,2353.9999,2651.0002,2592.3332,1954.3336,1701.3336,1712.3337,1756.3337,1771.0002,1793.0004,1837.0001,2104.6666,2603.3336,2878.3334,2823.3333,2416.3334,1807.6669,1477.6666,1331.0001,700.3336,40146.3362
115,2018-04-26,157.6667,146.6669,242.0002,557.3336,1294.3334,2306.3336,2482.3332,2515.3337,2024.0001,1851.6666,1789.3334,1760.0001,1892.0001,1767.3334,1818.6668,2097.3334,2552.0002,2731.6668,2812.3334,2420.0001,1793.0001,1452.0001,1323.6667,718.6668,40505.6694
116,2018-04-27,128.3333,135.6666,223.6669,528.0001,1283.3334,2225.6666,2335.6669,2467.6666,1969.0001,1664.6668,1752.6669,1653.6666,1752.6666,1620.6666,1628.0001,1855.3334,2321.0002,2610.6669,2793.9999,2618.0001,1924.9999,1642.6666,1532.6667,773.6669,39442.3347
117,2018-04-28,102.6669,88.0001,91.6668,491.3336,1188.0001,2035.0001,2064.3334,1983.6667,1734.3333,1503.3336,1639.0001,1653.6669,1961.6667,2119.3334,2170.6666,2222.0001,2233.0004,2255.0004,2112.0004,1833.3337,1642.6667,1463.0001,1356.6667,722.3334,36666.6702
118,2018-04-29,216.3333,212.6666,256.6666,289.6668,869.0002,1345.6669,1474.0001,1551.0004,1389.6666,1473.9999,1459.3333,1529.0001,1411.6669,1598.6669,1598.6667,1569.3332,1650.0004,1694.0002,1760.0002,1672.0001,1312.6669,1228.3333,1019.3334,333.6666,28915.3356
119,2018-04-30,256.6666,260.3333,260.3333,608.6668,1459.3334,2588.6667,2511.6668,2420.0002,1969.0002,1705.0001,1712.3336,1774.6668,1815.0001,1804.0002,1796.6668,2053.3334,2548.3337,2610.6668,2629.0002,2423.6666,1760.0001,1422.6669,1404.3333,777.3336,40571.6695
120,2018-05-01,157.6669,135.6668,146.6669,220.0002,821.3336,1371.3333,1492.3334,1573.0001,1536.3332,1518.0002,1521.6669,1631.6669,1789.3334,1771.0004,1800.3336,1840.6668,1892.0001,1914.0001,1870.0,1840.6669,1536.3334,1496.0001,1199.0004,528.0001,31603.0037
121,2018-05-02,333.6669,263.9999,264.0001,575.6672,1375.0001,2544.6669,2698.6669,2823.3334,2145.0001,1822.3334,1829.6669,1767.3334,1785.6666,1774.6669,1771.0002,2075.3333,2537.3334,2698.6669,2783.0001,2456.6666,1811.3334,1657.3334,1532.6669,685.6669,42012.6698
122,2018-05-03,139.3336,139.3336,172.3333,469.3336,1415.3336,2504.3334,2782.9999,2577.6666,1888.3334,1690.3333,1642.6669,1657.3336,1715.9999,1686.6667,1668.3334,1983.6669,2504.3333,2805.0001,2885.6667,2486.0001,1851.6669,1481.3333,1309.0,638.0004,40095.0025
123,2018-05-04,179.6669,135.6669,150.3336,575.6669,1441.0004,2507.9999,2669.3336,2606.9999,2049.6667,1701.3336,1697.6669,1639.0002,1741.6667,1745.3336,1756.3333,1998.3334,2449.3334,2761.0001,2856.3334,2515.3334,2002.0001,1602.3336,1466.6669,689.3334,40938.3368
124,2018-05-05,165.0,201.6666,176.0001,487.6668,1257.6669,2200.0004,2170.6669,2112.0001,1778.3336,1587.6666,1613.3334,1719.6669,2042.3337,2122.9999,2324.6669,2324.6666,2251.3334,2280.6669,2053.3334,1628.0001,1430.0002,1441.0002,1393.3334,663.6669,37425.6699
125,2018-05-06,172.3334,124.6666,139.3336,238.3333,850.6669,1378.6669,1415.3332,1386.0004,1283.3334,1400.6672,1338.3333,1404.3334,1466.6669,1470.3337,1598.6666,1543.6669,1653.6666,1730.6666,1668.3333,1569.3332,1312.6666,1279.6668,1103.6666,267.6669,27797.0023
126,2018-05-07,175.9999,164.9999,209.0,447.3333,1301.6669,2332.0002,2533.6667,2562.9999,2134.0002,1770.9999,1719.6669,1584.0004,1613.3336,1587.6669,1617.0001,1939.6666,2401.6669,2500.6668,2713.3336,2420.0002,1774.6669,1551.0001,1492.3336,843.3334,39391.0029
127,2018-05-08,286.0001,245.6667,238.3337,517.0001,359.3333,0.0,11.0004,14.6672,11.0001,25.6672,1639.0004,1595.0004,1661.0001,1705.0002,1679.3334,1947.0004,2471.3334,2661.9999,2717.0002,2442.0002,1818.6669,1496.0,1382.3333,755.3336,27679.6712
128,2018-05-09,256.6669,205.3334,194.3337,517.0004,1422.6666,2456.6668,2643.6669,2662.0002,2086.3333,1705.0001,1569.3337,1573.0001,1646.3334,1664.6668,1693.9999,1991.0004,2438.3334,2852.6669,2871.0002,2548.3333,1833.3336,1620.6669,1536.3336,869.0004,40857.6709
129,2018-05-10,168.6669,150.3336,139.3336,502.3336,1441.0002,2548.3337,2607.0001,2508.0001,2196.3332,1881.0001,1892.0001,1796.6669,1826.0001,1804.0002,1785.6669,1965.3336,2317.3334,2530.0004,2541.0,2368.6669,1679.3334,1415.3336,1477.6666,733.3333,40274.6705
130,2018-05-11,253.0001,157.6668,154.0004,484.0001,1301.6666,2357.6667,2519.0002,2471.3333,1939.6669,1741.6668,1624.3337,1697.6668,1727.0002,1730.6669,1756.3334,2049.6669,2533.6669,2797.6666,2926.0001,2621.6669,1943.3334,1613.3334,1444.6669,733.3337,40579.0037
131,2018-05-12,128.3333,120.9999,135.6666,480.3334,1287.0001,2130.3334,2269.6668,2119.3336,1738.0001,1595.0004,1708.6669,1833.3334,2035.0002,2156.0001,2269.6666,2222.0004,2233.0004,2390.6669,2200.0002,1958.0002,1833.3334,1734.3334,1584.0,788.3337,38951.0034
132,2018-05-13,231.0,201.6672,205.3332,245.6672,986.3332,1470.3332,1463.0,1393.3332,1364.0,1474.0,1466.6672,1536.3332,1624.3332,1642.6672,1598.6672,1580.3332,1697.6672,1741.6672,1591.3332,1679.3332,1488.6672,1477.6672,1111.0,256.6672,29527.6708
133,2018-05-14,249.3332,252.9999,242.0002,231.0001,704.0004,1169.6669,1221.0001,1224.6666,1298.0002,1415.3334,1393.3334,1418.9999,1573.0001,1642.6669,1477.6667,1580.3334,1719.6668,1811.3337,1903.0001,1888.3336,1609.6667,1507.0002,1063.3337,231.0001,28827.3363
134,2018-05-15,143.0004,135.6668,201.6668,564.6667,1466.6667,2500.6666,2695.0001,2595.9999,1991.0002,1690.3334,1617.0001,1598.6667,1683.0004,1657.3334,1591.3333,1877.3334,2394.3334,2716.9999,2801.3336,2431.0001,1771.0001,1562.0001,1481.3334,740.6669,39908.0024
135,2018-05-16,172.3336,238.3336,374.0002,414.3336,1188.0002,2262.3334,2533.6666,2405.3334,1826.0004,1598.6666,1682.9999,1664.6668,1686.6668,1683.0001,1668.3336,1888.3334,2346.6669,2574.0001,2713.3334,2313.6667,1855.3337,1562.0004,1382.3333,722.3334,38756.6701
136,2018-05-17,227.3337,370.3334,443.6669,678.3336,1496.0004,2585.0001,2566.6667,2445.6666,1947.0001,1741.6669,1543.6666,1529.0001,1602.3337,1591.3333,1624.3333,1862.6666,2390.6669,2794.0002,2845.3334,2416.3334,1855.3337,1514.3334,1389.6668,652.6667,40113.3365
137,2018-05-18,205.3332,377.6667,201.6666,403.3334,1349.3334,2350.3334,2493.3337,2467.6669,1877.3334,1584.0001,1540.0001,1620.6668,1664.6668,1781.9999,1782.0002,2079.0002,2548.3334,2823.3336,2900.3336,2460.3334,1851.6666,1624.3334,1481.3334,762.6669,40230.6691
138,2018-05-19,168.6667,135.6668,190.6667,506.0001,1316.3336,2196.3333,2240.3334,2145.0001,1895.6666,1635.3334,1763.6667,1950.6666,2123.0004,2350.3334,2335.6668,2390.6667,2442.0004,2306.3333,2016.6668,1774.6668,1664.6668,1613.3337,1411.6672,766.3337,39339.67
139,2018-05-20,304.3334,300.6666,282.3334,308.0002,879.9999,1298.0002,1378.6669,1393.3334,1551.0001,1562.0001,1554.6668,1628.0002,1661.0002,1697.6669,1796.6666,1738.0001,1815.0001,1851.6666,1738.0001,1650.0001,1415.3336,1415.3334,1176.9999,311.6667,30708.3355
140,2018-05-21,311.6668,315.3336,308.0,612.3337,1283.3334,2449.3333,2544.6666,2419.9999,1881.0004,1694.0,1660.9999,1639.0001,1628.0002,1668.3334,1650.0002,1939.6667,2317.3336,2537.3333,2555.6666,2262.3334,1804.0001,1470.3334,1452.0001,722.3334,39127.0021
141,2018-05-22,154.0004,172.3336,128.3333,520.6669,1591.3334,2746.3333,2350.3333,1925.0001,1463.0002,1437.3337,1470.3334,1426.3337,1521.6666,1594.9999,1543.6669,1565.6668,1631.6667,1800.3337,1855.3334,1851.6666,1679.3337,1506.9999,1411.6668,1048.6669,34397.0032
142,2018-05-23,227.3334,190.6672,183.3336,612.3334,1558.3334,2629.0001,2750.0,2632.6669,1855.3336,1617.0001,1598.6669,1723.3334,1767.3334,1778.3334,1807.6669,2049.6669,2482.3334,2870.9998,2746.3332,2431.0004,1822.3336,1510.6666,1452.0002,759.0001,41055.6699
143,2018-05-24,143.0001,172.3334,135.6668,516.9999,1540.0001,2449.3337,2544.6669,2394.3334,1686.6666,1506.9999,1565.6667,1573.0001,1558.3337,1646.3334,1727.0004,2057.0001,2379.6669,2955.3332,2922.3334,2529.9999,1903.0001,1584.0001,1576.6669,781.0001,39849.3358
144,2018-05-25,275.0001,289.6666,260.3333,568.3337,1452.0002,2640.0,2695.0001,2541.0001,1866.3337,1609.6666,1580.3336,1763.6672,1862.6668,1833.3336,1829.6667,2152.3334,2669.3336,2992.0002,3145.9999,2753.6664,1983.6672,1642.6669,1455.6668,715.0002,42577.3369
145,2018-05-26,154.0002,157.6668,146.6666,341.0004,1158.6667,2119.3333,2324.6668,2163.3333,1884.6669,1628.0002,1635.3334,1818.6668,1998.3337,1892.0001,1939.6669,2126.6666,2218.3336,2232.9999,2035.0004,1837.0001,1650.0001,1492.3334,1397.0004,689.3334,37040.67
146,2018-05-27,212.6666,208.9999,208.9999,249.3334,902.0001,1349.3337,1510.6666,1518.0002,1433.6666,1587.6667,1998.3337,2035.0001,2082.6667,2141.3337,2244.0001,2317.3336,2420.0002,2247.6669,2042.3334,1683.0004,1463.0001,1433.6668,1114.6669,304.3334,34708.6697
147,2018-05-28,260.3334,231.0001,227.3333,440.0001,1514.3334,2566.6668,2570.3336,2618.0004,1950.6666,1551.0001,1507.0001,1532.6669,1580.3337,1550.9999,1664.6668,2035.0002,2508.0002,2797.6669,2874.6669,2515.3332,1866.3334,1664.6668,1576.6672,876.3336,40480.0036
148,2018-05-29,209.0001,231.0002,223.6667,582.9999,1452.0001,2632.6668,2706.0,2526.3332,1833.3334,1602.3336,1569.3337,1657.3336,1737.9999,1668.3334,1609.6668,1892.0004,2258.6667,2445.6669,2823.3334,2511.6666,1771.0004,1554.6668,1536.3337,883.6668,39919.0031
149,2018-05-30,143.0001,120.9999,172.3336,557.3334,1540.0002,2680.3336,2764.6667,2640.0002,1983.6669,1796.6669,1741.6668,1745.3334,1793.0001,1785.6669,1760.0001,2024.0001,2500.6667,2827.0001,2966.3337,2588.6672,1851.6669,1496.0002,1312.6666,671.0001,41462.6704
150,2018-05-31,344.6668,131.9999,139.3332,476.6667,1063.3333,2123.0002,2174.3334,2196.3334,1683.0002,1587.6667,1668.3334,1624.3334,1660.9999,1862.6666,1917.6666,2284.3334,2731.6672,3043.3334,2959.0001,2614.3334,1892.0001,1584.0001,1455.6666,806.6668,40025.3348
151,2018-06-01,142.9999,128.3334,150.3336,568.3334,1481.3334,2640.0004,2794.0001,2497.0002,2130.3334,1804.0004,1771.0001,1738.0001,1789.3334,1789.3333,1807.6666,2086.3336,2566.6672,2728.0001,2728.0001,2508.0004,1892.0004,1653.6667,1539.9999,960.6669,41895.337
152,2018-06-02,293.3334,234.6666,194.3337,495.0001,1320.0001,2265.9999,2357.6668,2185.3334,1950.6666,1767.3332,1862.6668,1906.6669,2178.0001,2280.6666,2310.0001,2365.0002,2489.6669,2471.3334,2302.6669,2046.0001,1965.3334,1690.3332,1551.0001,861.6669,41345.3354
153,2018-06-03,135.6668,238.3334,256.6667,296.9999,759.0002,1396.9999,1404.3333,1441.0001,1400.6666,1580.3337,1525.3334,1675.6667,1822.3334,1862.6669,1855.3336,1837.0001,1833.3337,1917.6672,1881.0001,1697.6668,1473.9999,1345.6669,1026.6669,377.6669,31042.0031
154,2018-06-04,216.3333,253.0004,256.6669,278.6669,748.0001,1239.3334,1265.0001,1309.0001,1375.0002,1360.3334,1411.6667,1474.0001,1573.0001,1631.6668,1690.3336,1701.3334,1730.6666,1804.0002,1730.6669,1510.6669,1400.6668,1327.3334,916.6669,252.9999,28457.0031
155,2018-06-05,128.3333,139.3336,238.3334,535.3334,1309.0,2398.0001,2816.0001,2592.3334,1903.0001,1712.3336,1716.0001,1771.0002,1796.6669,1745.3334,1778.3337,2020.3336,2478.6667,2728.0004,2830.6669,2412.6669,1870.0002,1481.3334,1349.3334,766.3334,40516.6702
156,2018-06-06,245.6669,231.0001,245.6668,473.0004,1451.9999,2533.6669,2709.6669,2229.3334,1811.3337,1617.0002,1613.3334,1628.0004,1686.6666,1694.0001,1752.6667,1950.6669,2445.6668,2929.6666,2970.0004,2665.6666,1972.6667,1595.0001,1503.3334,781.0002,40736.6701
157,2018-06-07,231.0004,183.3336,198.0,528.0001,1444.6669,2548.3334,2636.3336,2588.6669,1881.0001,1635.3334,1635.3333,1653.6667,1767.3334,1778.3333,1708.6669,2016.6666,2471.3334,2746.3334,2907.6669,2592.3336,1840.6666,1664.6666,1477.6669,850.6666,40986.0026
158,2018-06-08,252.9999,157.6667,161.3334,520.6669,1470.3336,2669.3337,2706.0001,2460.3336,1848.0001,1569.3334,1558.3336,1587.6668,1624.3334,1628.0001,1694.0004,2020.3334,2467.6668,2709.6667,2819.6672,2515.3333,1866.3334,1485.0,1371.3336,1210.0004,40373.6705
159,2018-06-09,1224.6666,465.6669,139.3336,421.6669,1276.0001,2317.3334,2335.6669,2284.3332,1917.6667,1683.0001,1749.0002,1855.3334,2082.6669,2222.0001,2387.0002,2398.0002,2364.9999,2467.6669,2321.0,2016.6666,1771.0004,1708.6666,1825.9999,1015.6669,42251.0026
160,2018-06-10,227.3334,132.0,161.3336,135.6668,806.6672,1294.3334,1396.9999,1367.6666,1404.3334,1492.3334,1481.3336,1613.3334,1598.6669,1624.3336,1661.0001,1624.3337,1661.0001,1716.0001,1657.3333,1638.9999,1452.0001,1430.0001,1162.3336,396.0001,29135.3363
161,2018-06-11,315.3336,385.0002,352.0001,341.0002,935.0001,1451.9999,1386.0001,1312.6666,1287.0002,1360.3332,1213.6666,1397.0001,1562.0001,1558.3334,1595.0001,1664.6669,1639.0002,1796.6668,1771.0004,1730.6666,1463.0001,1419.0,1085.3334,179.6666,29201.3355
162,2018-06-12,132.0,132.0,275.0004,627.0002,1389.6666,2533.6669,2687.6669,2581.3332,2027.6669,1778.3333,1763.6666,1664.6668,1708.6669,1756.3334,1829.6669,2090.0002,2519.0001,2845.3334,2933.3334,2636.3334,2071.6666,1602.3334,1554.6666,876.3333,42016.3354
163,2018-06-13,282.3333,209.0001,245.6666,546.3334,1312.6669,2636.3334,2629.0004,2610.6669,1877.3336,1756.3337,1704.9999,1631.6669,1569.3333,1694.0001,1701.3334,1906.6669,2302.6668,2651.0002,2937.0001,2632.6669,2060.6668,1774.6666,1602.3334,924.0002,41198.6698
164,2018-06-14,344.6666,275.0002,315.3336,601.3334,1444.6666,2574.0001,2709.6669,2541.0001,1947.0002,1657.3337,1631.6667,1646.3337,1672.0004,1683.0004,1745.3336,2013.0004,2500.6669,2845.3336,2933.3334,2647.3332,2060.6666,1701.3336,1562.0002,814.0001,41866.0042
165,2018-06-15,205.3334,187.0001,183.3334,377.6667,1558.3334,2482.3336,2519.0001,2515.3333,1881.0001,1723.3334,1686.6669,1536.3334,1628.0002,1712.3334,1664.6667,2009.3336,2625.3334,3113.0004,3028.6666,2636.3334,2024.0001,1723.3337,1591.3332,843.3334,41455.3359
166,2018-06-16,139.3334,135.6669,157.6668,649.0001,1243.0002,2229.3334,2218.3334,2090.0001,1866.3337,1752.6666,1760.0001,1774.6668,1972.6666,2126.6666,2218.3337,2321.0002,2288.0001,2368.6669,2236.6666,1928.6668,1723.3334,1642.6669,1580.3334,835.9999,39259.0026
167,2018-06-17,304.3334,304.3333,300.6666,370.3337,927.6669,1433.6669,1558.3336,1518.0001,1639.0004,1811.3337,1972.6669,2046.0001,2192.6668,2276.9999,2497.0001,2420.0001,2372.3334,2386.9999,2192.6668,1756.3334,1514.3336,1437.3334,1114.6669,348.3336,36696.0035
168,2018-06-18,304.3334,267.6669,286.0001,652.6666,1400.6668,2548.3334,2761.0001,2581.3337,1906.6669,1738.0001,1745.3336,1767.3333,1815.0004,1844.3334,1892.0001,2086.3336,2563.0004,3171.6665,3248.6668,2970.0001,2060.6666,1760.0001,1543.6669,821.3333,43736.0031
169,2018-06-19,271.3337,289.6666,286.0001,539.0001,1415.3332,2529.9999,2599.6668,2379.6669,1902.9999,1774.6669,1624.3337,1631.6666,1624.3333,1701.3337,1792.9999,1987.3337,2511.6666,2852.6666,2922.3334,2445.6669,1672.0001,1569.3336,1426.3336,744.3334,40494.6692
170,2018-06-20,187.0002,113.6667,117.3336,550.0004,1587.6666,2592.3337,2651.0002,2456.6666,2156.0002,1862.6668,1774.6669,1649.9999,1675.6668,1697.6669,1815.0,2123.0002,2555.6672,2889.3334,2977.3334,2684.0002,2090.0002,1708.6668,1488.6669,810.3333,42214.3371
171,2018-06-21,286.0001,256.6669,286.0002,601.3334,1631.6669,2643.6669,2453.0004,2148.6669,2086.3333,1829.6669,1745.3337,1701.3336,1730.6667,1595.0001,1701.3334,1983.6669,2456.6667,2940.6666,2940.6664,2632.6666,2042.3334,1782.0002,1587.6669,817.6669,41880.67
172,2018-06-22,245.6668,238.3333,242.0001,553.6666,1562.0004,2673.0002,2819.6669,2724.3333,2134.0004,1932.3333,1796.6668,1741.6666,1778.3334,1789.3337,1826.0001,2137.6666,2588.6669,2859.9999,3006.6667,2687.6666,2112.0004,1855.3336,1686.6666,861.6669,43853.3361
173,2018-06-23,253.0002,249.3334,223.6669,564.6669,1265.0002,2181.6667,2383.3333,2251.3333,2020.3334,1822.3334,1804.0002,1800.3334,2075.3334,2174.3336,2280.6669,2210.9999,2284.3333,2357.6668,2258.6669,1950.6668,1771.0001,1639.0001,1459.3334,869.0001,40150.0026
174,2018-06-24,99.0,14.6668,14.6668,14.6668,14.6668,0.0,0.0,0.0,0.0,0.0,0.0,16.5,1287.0,1639.0,1633.5,1633.5,1617.0,1749.0,1782.0,1776.5,1578.5,1468.5,1061.5,379.5,17779.6672
175,2018-06-25,379.5,396.0,401.5,627.0,1435.5,2546.5,2695.0,2673.0,2062.5,1853.5,1837.0,1771.0,1776.5,1765.5,1793.0,2051.5,2546.5,2821.5,2948.0,2546.5,1963.5,1694.0,1622.5,852.5,43059.5
176,2018-06-26,401.5,385.0,379.5,704.0,1353.0,2475.0,2673.0,2590.5,2002.0,1804.0,1820.5,1826.0,1919.5,1886.5,1908.5,2255.0,2640.0,2667.5,2832.5,2469.5,2018.5,1705.0,1496.0,874.5,43087.0
177,2018-06-27,352.0,341.0,352.0,588.5,1281.5,2491.5,2623.5,2508.0,2046.0,1710.5,1787.5,1798.5,1848.0,1947.0,1914.0,2205.5,2717.0,2810.5,2684.0,2552.0,2024.0,1793.0,1567.5,825.0,42768.0
178,2018-06-28,473.0,401.5,390.5,660.0,1386.0,2568.5,2750.0,2552.0,2090.0,1694.0,1721.5,1892.0,1958.0,1930.5,1941.5,2205.5,2519.0,2843.5,3025.0,2524.5,1886.5,1699.5,1534.5,885.5,43532.5
179,2018-06-29,374.0,368.5,368.5,627.0,1430.0,2497.0,2673.0,2557.5,1991.0,1837.0,1765.5,1765.5,1925.0,1892.0,1897.5,2277.0,2805.0,2882.0,2942.5,2436.5,2040.5,1815.0,1523.5,836.0,43527.0
180,2018-06-30,390.5,412.5,352.0,566.5,1160.5,2024.0,2134.0,2073.5,1804.0,1633.5,1705.0,1897.5,2178.0,2227.5,2128.5,2189.0,2090.0,2216.5,2117.5,1870.0,1556.5,1512.5,1408.0,759.0,38406.5
181,2018-07-01,357.5,330.0,330.0,341.0,627.0,1215.5,1259.5,1342.0,1342.0,1375.0,1545.5,1611.5,1699.5,1699.5,1474.0,1292.5,1551.0,1732.5,1809.5,1760.0,1556.5,1402.5,1061.5,390.5,29106.0
182,2018-07-02,363.0,363.0,352.0,368.5,918.5,1886.5,2024.0,2134.0,1963.5,2205.5,2398.0,2502.5,2634.5,2662.0,2794.0,2893.0,2816.0,2931.5,2948.0,2777.5,2293.5,2150.5,1551.0,407.0,46337.5
183,2018-07-03,357.5,363.0,451.0,764.5,2112.0,4488.0003,4768.5003,4873.0,3668.5,2915.0,2909.5,3250.5,3404.5,3415.5,3344.0,3899.5,4625.5,4889.5,4697.0003,4361.5,3338.5,2656.5,2145.0,1127.5,72825.5009
184,2018-07-04,352.0,352.0,423.5,687.5,2123.0,4394.5003,4862.0006,4603.5003,3547.5,2904.0,2964.5,3019.5,2970.0,3030.5,3085.5,3828.0,4609.0,5071.0003,5137.0003,4394.5,3168.0,2684.0,2299.0,1089.0,71599.0018
185,2018-07-05,467.5,396.0,418.0,786.5,2040.5,4295.5,4625.5,4598.0003,3448.5,2838.0,3096.5,3069.0,3041.5,3047.0,3041.5,3817.0003,4730.0006,4955.5,4977.5,4592.5003,3234.0,2700.5,2321.0,1210.0,71747.5015
186,2018-07-06,456.5,412.5,440.0,797.5,1864.5,4515.5,4862.0,4713.5,3641.0,2964.5,3085.5,3157.0,3124.0,3085.5,3206.5,3844.5,4862.0003,4961.0,5027.0003,4400.0,3294.5,2722.5,2227.5,1072.5,72737.5006
187,2018-07-07,401.5,385.0,390.5,715.0,2057.0,3619.0,3778.5,3811.5003,3234.0,2893.0,2953.5,3261.5,3833.5003,3998.5,3971.0,4004.0003,3723.5003,3960.0,3646.5006,3135.0,2783.0,2568.5,2304.5,1127.5,66555.5018
188,2018-07-08,445.5,429.0,423.5,423.5,1166.0,2018.5,2106.5,2073.5,2128.5,2326.5,2541.0,2634.5,2772.0,2882.0,2893.0,2854.5,2827.0,2821.5,2915.0,3025.0,2640.0,2365.0,1677.5,445.5,48834.5
189,2018-07-09,396.0,385.0,379.5,616.0,2211.0,4438.5,4768.5,4636.5,3492.5,2915.0,3096.5,3025.0,2992.0,3008.5,2959.0,3822.5,4763.0,5049.0,4878.5,4141.5003,3041.5,2425.5,2200.0,1166.0,70807.0003
190,2018-07-10,390.5,396.0,429.0,665.5,2167.0,4416.5,4757.5,4812.5,3745.5,3063.5,3146.0,3190.0,3184.5,3228.5,3201.0,3993.0,4543.0,4939.0,4543.0003,4433.0003,3162.5,2568.5,2167.0,1166.0,72308.5006
191,2018-07-11,495.0,429.0,390.5,786.5,2123.0,4350.5,4669.5,4422.0,3454.0,2887.5,2909.5,3008.5,2964.5,2799.5,3058.0,3701.5003,4609.0003,4708.0006,5098.5003,4262.5,3008.5,2436.5,2205.5,1061.5,69839.0015
192,2018-07-12,423.5,434.5,423.5,687.5,1963.5,4114.0003,4779.5,4708.0,3663.0,2997.5,2931.5,2937.0,3003.0,3003.0,3195.5,3932.5,4581.5003,4922.5003,4779.5,4158.0,3080.0,2409.0,2117.5,1061.5,70306.5009
193,2018-07-13,385.0,385.0,423.5,737.0,2007.5,4284.5003,4735.5,4691.5,3553.0003,2992.0,3025.0,3003.0,2992.0,3085.5,3069.0,3773.0003,4669.5,4664.0,4653.0003,4356.0,3041.5,2502.5,2112.0,1067.0,70207.5012
194,2018-07-14,368.5,385.0,390.5,709.5,1820.5,3470.5003,3690.5,3234.0,3294.5,2898.5,2854.5,3195.5,3740.0,3817.0,3987.5,3811.5,3811.5003,3811.5003,3591.5009,3107.5,2546.5,2376.0,2189.0,1023.0,64124.5018
195,2018-07-15,385.0,396.0,544.5,550.0,1688.5,3558.5003,3690.5,3569.5009,3487.0,3690.5003,4048.0,4279.0006,4251.5,4466.0,4389.0,4251.5,4636.5,4543.0,4477.0,4702.5006,4240.5003,3960.0006,2827.0,726.0,77357.5036
196,2018-07-16,401.5,396.0,396.0,671.0,2640.0003,5907.0006,6358.0006,6259.0,4900.5,3899.5,3778.5,3586.0,3789.5,3877.5,3993.0003,5082.0,6171.0012,6446.0012,6440.5006,5907.0,4152.5003,3289.0,2827.0,1391.5,92559.5051
197,2018-07-17,429.0,423.5,429.0,709.5,2535.5,6017.0009,6424.0006,5720.0006,4812.5003,3646.5003,3597.0,3888.5003,3927.0003,3861.0003,3927.0006,5010.5003,5863.0003,6066.5003,6270.0003,5434.0,3861.0,3008.5,2607.0,1248.5,89716.0054
198,2018-07-18,401.5,412.5,390.5,632.5,2541.0,5786.0003,6325.0006,5681.5003,4631.0003,3938.0,3795.0003,4053.5003,4136.0,3740.0003,3877.5,4977.5,5780.5006,6490.0009,6605.5009,5527.5003,4108.5003,3388.0,2728.0,1375.0,91322.0054
199,2018-07-19,445.5,423.5,451.0,808.5,2013.0,4526.5003,4779.5,4724.5,3531.0,3074.5,2992.0,2970.0,3036.0,3052.5,3162.5,3943.5,4763.0,5060.0,5252.5,4295.5,3069.0,2563.0,2216.5,1160.5,72314.0003
200,2018-07-20,489.5,390.5,412.5,385.0,1061.5,2090.0,2194.5,2040.5,2095.5,2128.5,2409.0,2678.5,2838.0,2744.5,2865.5,2766.5,2744.5,2854.5,2860.0,2772.0,2249.5,2112.0,1721.5,489.5,47393.5
201,2018-07-21,418.0,412.5,462.0,676.5,1936.0,3448.5,3872.0003,3569.5003,2788.5,2717.0,2799.5,3201.0,3712.5,3828.0,3850.0,3883.0006,3778.5006,3987.5006,3558.5,3008.5,2557.5,2387.0,2200.0,1122.0,64174.0024
202,2018-07-22,148.5,0.0,0.0,0.0,0.0,0.0,0.0,0.0,0.0,0.0,0.0,0.0,0.0,0.0,0.0,0.0,0.0,0.0,0.0,0.0,27.5,27.5,22.0,148.5,374.0
203,2018-07-23,396.0,379.5,407.0,775.5,2057.0,4570.5003,5054.5006,4482.5,3729.0,3184.5003,3047.0,2931.5,2887.5,2920.5,3074.5,3877.5,4774.0,5126.0,5115.0003,4587.0,3201.0,2502.5,2123.0,1083.5,72286.5015
204,2018-07-24,390.5,330.0,368.5,825.0,2139.5,4515.5,4966.5003,4900.5,3762.0,2953.5,2821.5,2920.5,2970.0,2986.5,3008.5,3850.0,4735.5003,5065.5,4917.0006,4262.5003,3118.5,2623.5,2233.0,1193.5,71857.5015
205,2018-07-25,374.0,385.0,390.5,858.0,2414.5,6253.5003,6556.0012,6583.5003,4889.5,3778.5003,3558.5,3723.5003,3839.0003,4004.0003,4026.0,4851.0,5791.5003,6611.0006,6682.5009,4823.5,4081.0,3289.0,2854.5,1314.5,91932.5048
206,2018-07-26,423.5,374.0,390.5,731.5,2535.5,6017.0003,6468.0003,6616.5006,5082.0,3943.5003,3850.0003,3932.5,3866.5006,3822.5,3949.0,4955.5003,6512.0009,6468.0006,6116.0003,5461.5003,4114.0,3168.0,2689.5,1303.5,92790.5048
207,2018-07-27,396.0,390.5,374.0,698.5,1969.0,4526.5,5142.5,4933.5,3492.5,2865.5,2904.0,2838.0,2821.5,2805.0,2920.5,3740.0003,4576.0,4724.5,4790.5,4207.5003,3322.0003,2530.0,2238.5,1171.5,70378.0009
208,2018-07-28,385.0,368.5,374.0,704.0,1925.0,3602.5003,3872.0003,3965.5003,3443.0,2953.5,3025.0,3338.5003,3657.5,3949.0006,4147.0,3998.5,3784.0,3828.0003,3652.0003,3124.0,2788.5,2359.5,2288.0,1188.0,66720.5024
209,2018-07-29,962.5,1023.0,1089.0,940.5,1870.0,3300.0,3415.5,3525.5,3712.5,4042.5,4174.5,4356.0,4317.5,4581.5,4609.0,4581.5,4504.5,4636.5,4642.0,4422.0,4081.0,3910.5,2942.5,1111.0,80751.0
210,2018-07-30,1067.0,1012.0,621.5,748.0,2051.5,4361.5,4504.5,4603.5,3393.5,2667.5,2948.0,2915.0,2893.0,2843.5,2832.5,3553.0,4636.5,4702.5,4834.5,4246.0003,3063.5,2695.0,2260.5,1204.5,70658.5003
211,2018-07-31,962.5,1116.5,632.5,775.5,2007.5,4180.0,4493.5,4812.5,3641.0,2843.5,2871.0,2975.5,3047.0,3014.0,2986.5,3877.5,4818.0,4719.0,4664.0,4180.0003,3168.0,2750.0,2156.0,1204.5,71896.0003
212,2018-08-01,401.5,407.0,423.5,693.0,2216.5,4543.0,4972.0003,5021.5003,3663.0,2981.0,3107.5,3113.0,3107.5,3234.0,3113.0,3960.0,4785.0,5153.5003,5082.0,3976.5,2920.5,2618.0,2315.5,1138.5,72946.5009
213,2018-08-02,407.0,385.0,396.0,654.5,2117.5,4592.5003,5071.0003,4895.0,3734.5,3085.5,3135.0,2986.5,3003.0,3041.5,2953.5,3679.5,4592.5,5164.5006,5373.5006,4246.0,3069.0,2656.5,2172.5,1133.0,72545.0018
214,2018-08-03,412.5,407.0,451.0,687.5,2046.0,4180.0,4422.0,4686.0003,3685.0,3124.0,3030.5,3014.0,3239.5,3168.0,3140.5,3998.5003,4581.5,4906.0,4757.5,4317.5,3206.5,2623.5,2117.5,1886.5,72088.5006
215,2018-08-04,1507.0,407.0,396.0,566.5,2018.5,3558.5003,4004.0006,3883.0,3344.0,2860.0,3036.0,3250.5,3762.0,3998.5003,4141.5,4163.5,4048.0003,3949.0,3712.5003,3140.5,2612.5,2370.5,2277.0,1881.0,68887.5018
216,2018-08-05,1369.5,445.5,434.5,434.5,1072.5,1897.5,1936.0,1881.0,1820.5,2046.0,2205.5,2469.5,2618.0,2645.5,2777.5,2744.5,2810.5,2832.5,2898.5,2794.0,2480.5,2249.5,1661.0,429.0,46953.5
217,2018-08-06,390.5,385.0,374.0,704.0,2200.0,4488.0,4950.0,4565.0,3602.5,3184.5,2948.0,2937.0,2981.0,3069.0,3179.0,3778.5,4713.5,5054.5,4950.0,4543.0,3102.0,2612.5,2233.0,1171.5,72116.0
218,2018-08-07,418.0,412.5,412.5,451.0,1111.0,2073.5,2090.0,2128.5,1980.0,2156.0,2365.0,2469.5,2678.5,2706.0,2783.0,2909.5,3008.5,2810.5,2948.0,2843.5,2552.0,2376.0,1743.5,456.5,47883.0
219,2018-08-08,390.5,390.5,423.5,599.5,2156.0,4521.0,4642.0,4790.5003,3932.5,3179.0,3311.0,3311.0003,3399.0,3294.5,3091.0,3806.0,4785.0,4994.0006,5159.0006,4570.5003,3107.5003,2607.0,2332.0,1182.5,73975.0024
220,2018-08-09,467.5,407.0,429.0,698.5,2095.5,4554.0003,4867.5003,4862.0003,3481.5,3041.5,3008.5,3074.5,3047.0,3129.5,3184.5,3855.5006,4807.0003,5071.0,5137.0009,4504.5,3267.0003,2722.5,2222.0,1138.5,73073.003
221,2018-08-10,418.0,412.5,434.5,737.0,2084.5,4499.0003,5109.5003,4719.0003,3575.0,3212.0,3146.0,3118.5,3212.0,3096.5,3206.5,4213.0003,5049.0003,5071.0003,4999.5006,4400.0,3404.5,2761.0,2332.0,1914.0,75124.5024
222,2018-08-11,1419.0,434.5,423.5,698.5,1974.5,3712.5,3987.5003,3866.5003,3344.0,3019.5,3074.5,3322.0003,3960.0,4169.0,4306.5,4125.0003,4169.0,4169.0,3811.5,3190.0,2717.0,2535.5,2277.0,1936.0,70642.0012
223,2018-08-12,1441.0,445.5,456.5,456.5,1133.0,2090.0,2233.0,2123.0,2161.5,2348.5,2497.0,2810.5,2849.0,3019.5,2904.0,2909.5,2975.5,3151.5,3085.5,3140.5,2623.5,2458.5,1661.0,462.0,51436.0
224,2018-08-13,418.0,401.5,418.0,775.5,2051.5,4499.0,4878.5003,4834.5003,3602.5,2937.0,2997.5,3019.5,3129.5,3102.0,3157.0,3855.5,4818.0,4999.5003,5098.5,4389.0,3261.5,2629.0,2233.0,1292.5,72798.0009
225,2018-08-14,456.5,407.0,423.5,753.5,2024.0,4614.5006,5049.0,4895.0,3553.0,3162.5,3179.0,3063.5,3091.0,2838.0,3041.5,3674.0,4636.5,4873.0,4867.5006,4471.5,3344.0,2750.0,2249.5,1127.5,72545.0012
226,2018-08-15,352.0,352.0,374.0,830.5,2150.5,4543.0003,5005.0003,4961.0003,3481.5,2871.0,3080.0,3267.0,3140.5,3030.5,3135.0,3822.5,4768.5,4950.0006,5021.5003,4455.0003,3261.5,2634.5,2293.5,1160.5,72941.0021
227,2018-08-16,407.0,346.5,374.0,726.0,2211.0,4801.5003,5027.0,4779.5006,3767.5,3201.0,3173.5,3080.0,3168.0,2931.5,3096.5,3734.5,4774.0,4977.5,5230.5003,4631.0,3635.5,2832.5,2304.5,1193.5,74404.0012
228,2018-08-17,456.5,462.0,456.5,742.5,2255.0003,4372.5,4999.5006,4735.5009,3712.5003,3041.5,3030.5,3250.5,3206.5,3162.5,3074.5,3866.5,4840.0,5027.0,5197.5,4411.0,3470.5,2783.0,2321.0,1281.5,74156.5021
229,2018-08-18,401.5,429.0,412.5,698.5,1771.0,3465.0006,3921.5,3833.5003,3250.5,2920.5,2942.5,3201.0,3905.0003,3872.0006,3949.0003,3800.5003,3861.0003,3734.5003,3608.0,2931.5,2612.5,2398.0,2255.0,1100.0,65274.003
230,2018-08-19,390.5,451.0,451.0,401.5,1111.0,1925.0,2101.0,2090.0,2145.0,2387.0,2480.5,2689.5,2761.0,2766.5,2876.5,2975.5,2920.5,2799.5,2920.5,2865.5,2497.0,2359.5,1765.5,451.0,48581.5
231,2018-08-20,407.0,412.5,379.5,390.5,1083.5,2007.5,2079.0,2079.0,2167.0,2354.0,2409.0,2601.5,2838.0,2876.5,2893.0,2794.0,2898.5,2926.0,2986.5,2898.5,2442.0,2178.0,1650.0,429.0,48180.0
232,2018-08-21,396.0,379.5,385.0,742.5,2046.0,4499.0003,4922.5,4840.0,3696.0,3168.0,3217.5,3179.0,3195.5,3239.5,3283.5,4092.0,4823.5,5115.0003,5142.5003,4636.5,3514.5,2535.5,2343.0,1078.0,74470.0009
233,2018-08-22,418.0,407.0,473.0,638.0,2123.0,4339.5,5027.0003,4598.0,3762.0,3195.5,3140.5,3206.5,3305.5,3129.5,3371.5,3960.0,4636.5,4807.0003,4944.5003,4438.5,3338.5,2739.0,2359.5,1215.5,73573.5009
234,2018-08-23,445.5,390.5,423.5,748.0,2101.0,4576.0,5010.5,4746.5,3619.0,3157.0,3201.0,3311.0,3190.0,3107.5,3124.0,3839.0,4757.5,5098.5,5054.5003,4570.5,3250.5,2794.0,2376.0,1127.5,74019.0003
235,2018-08-24,434.5,357.5,401.5,858.0,1980.0,4345.0,4301.0,4636.5,3723.5,3008.5,2981.0,3008.5,3190.0,3107.5,3223.0,3850.0003,4675.0,4939.0,5016.0003,4279.0003,3234.0003,2750.0,2398.0,1122.0,71819.0012
236,2018-08-25,429.0,423.5,473.0,803.0,1793.0,3707.0,4037.0,3861.0003,3333.0,2937.0,3151.5,3322.0,3833.5,4125.0,4108.5,3916.0003,3905.0006,3910.5006,3718.0006,3157.0,2612.5,2365.0,2194.5,1144.0,67259.5024
237,2018-08-26,506.0,429.0,374.0,412.5,1006.5,1804.0,1919.5,2106.5,2095.5,2200.0,2381.5,2568.5,2788.5,2788.5,2887.5,2843.5,2816.0,2816.0,2959.0,2805.0,2392.5,2189.0,1633.5,407.0,47129.5
238,2018-08-27,374.0,379.5,440.0,671.0,1963.5,4202.0,4779.5,4906.0003,3525.5,3014.0,2986.5,3157.0,3201.0,3239.5,3085.5,4510.0006,5885.0003,4944.5,5313.0003,4730.0,3278.0003,2585.0,2255.0,1281.5,74706.5018
239,2018-08-28,456.5,445.5,500.5,775.5,2200.0,4730.0,5219.5003,4856.5,3866.5003,3113.0,3129.5,3096.5,3184.5,3014.0,3113.0,3839.0,4961.0003,5241.5006,5065.5006,4378.0,3151.5,2623.5,2260.5,1100.0,74321.5021
240,2018-08-29,407.0,396.0,478.5,693.0,2145.0,4499.0,5016.0003,4702.5,3575.0,3091.0,2942.5,2871.0,3003.0,3102.0,2981.0,3833.5,4790.5,4900.5,5192.0003,4455.0003,3415.5,2623.5,2178.0,1116.5,72407.5009
241,2018-08-30,423.5,412.5,423.5,726.0,2233.0,4444.0,4884.0003,4735.5003,3707.0,3003.0,2964.5,2942.5,3102.0,3074.5,3129.5,3954.5003,4680.5,5164.5006,4994.0,4339.5003,3168.0,2640.0,2282.5,1221.0,72649.5018
242,2018-08-31,412.5,390.5,412.5,632.5,2200.0,4477.0,5181.0003,4840.0003,3685.0,3047.0,2959.0,3058.0,3135.0,3036.0,3030.5,4020.5003,5043.5,5131.5,5137.0,4460.5,3355.0,2662.0,2040.5,1171.5,73518.5009
243,2018-09-01,423.5,401.5,374.0,599.5,1853.5,3525.5,4031.5,3927.0,3355.0003,2810.5,2854.5,3118.5,3811.5003,4053.5,3916.0,4037.0,3723.5003,3910.5003,3800.5,3162.5,2744.5,2541.0,2343.0,1534.5,66852.5012
244,2018-09-02,951.5,462.0,462.0,429.0,1116.5,2068.0,2095.5,2051.5,2057.0,2106.5,2436.5,2524.5,2717.0,2678.5,2805.0,2728.0,2799.5,2772.0,2909.5,2981.0,2387.0,2106.5,1633.5,390.5,47668.5
245,2018-09-03,346.5,368.5,379.5,720.5,2145.0,4521.0,5104.0003,4862.0003,3630.0003,3789.5003,3470.5003,2898.5,2948.0,2964.5,2964.5,4081.0003,4807.0,4966.5006,5164.5,4262.5,2975.5,2530.0,2167.0,1116.5,73183.0024
246,2018-09-04,456.5,522.5,500.5,594.0,1930.5,4158.0,4829.0,4829.0,3668.5,2810.5,2893.0,2970.0,2981.0,2843.5,2942.5,3778.5003,4785.0,5087.5003,5093.0,4394.5,3124.0,2607.0,2150.5,1061.5,71010.5006
247,2018-09-05,341.0,319.0,357.5,748.0,2112.0,4559.5003,4955.5003,4867.5,3624.5,2805.0,2997.5,3014.0,3146.0,2898.5,3014.0,3723.5,4625.5006,5142.5003,5247.0006,4361.5,3140.5,2579.5,2365.0,1116.5,72061.0021
248,2018-09-06,209.0,22.0,170.5,627.0,2084.5,4059.0003,4801.5,4829.0,3674.0,3025.0,2898.5,2986.5,3069.0,3096.5,3025.0,3685.0003,4565.0,5137.0,5307.5003,4323.0,3234.0,2546.5,2084.5,1089.0,70548.5009
249,2018-09-07,253.0,55.0,93.5,621.5,2095.5,4356.0003,5137.0,4851.0003,3740.0,3091.0,3542.0,3250.5003,3041.5,3217.5,3058.0,3690.5,4636.5,5005.0003,5170.0003,4103.0,3025.0,2502.5,2068.0,1193.5,71797.0015
250,2018-09-08,363.0,346.5,401.5,693.0,1859.0,3536.5,3844.5006,3745.5006,3305.5,2755.5,2854.5,3250.5,3789.5,3954.5,3965.5006,3976.5,3938.0003,3954.5003,3668.5,3063.5,2662.0,2348.5,2200.0,1105.5,65582.0024
251,2018-09-09,412.5,407.0,484.0,473.0,1039.5,1881.0,1980.0,1908.5,2013.0,2084.5,2337.5,2535.5,2612.5,2568.5,2700.5,2656.5,2783.0,2843.5,2937.0,2915.0,2568.5,2310.0,1677.5,385.0,46513.5
252,2018-09-10,335.5,335.5,390.5,704.0,2150.5,4416.5,5076.5,4763.0003,3520.0,2893.0,2931.5,3085.5,3091.0,3173.5,3190.0,3877.5006,4774.0003,5181.0,5153.5006,4427.5003,3327.5,2777.5,2288.0,1232.0,73095.0021
253,2018-09-11,1133.0,1276.0,896.5,671.0,2293.5,4730.0,5120.5003,4884.0003,3696.0,2904.0,3047.0,3036.0,3140.5,3173.5,3432.0003,3987.5003,4724.5,5021.5,4675.0,4647.5,3096.5,2623.5,2266.0,1078.0,75553.5012
254,2018-09-12,379.5,352.0,434.5,742.5,1958.0,4378.0003,4548.5,4653.0,3388.0,2865.5,2755.5,2821.5,2865.5,2915.0,3014.0,3657.5003,4427.5,4928.0003,4939.0,4147.0,3140.5,2563.0,2117.5,995.5,68986.5009
255,2018-09-13,456.5,346.5,390.5,682.0,2073.5,4521.0,4834.5,4636.5,3635.5,3008.5,2783.0,2953.5,3113.0,2832.5,2783.0,3591.5003,4565.0003,5065.5,4972.0006,4235.0,3179.0003,2519.0,2128.5,1116.5,70422.0015
256,2018-09-14,1001.0,852.5,907.5,1259.5,2458.5,4752.0003,4966.5003,4933.5006,3619.0,3124.0,2970.0,3019.5,3107.5,3173.5003,3366.0,3932.5003,4840.0,5137.0,5329.5,4559.5,3734.5,3096.5,2695.0,1545.5,78380.5018
257,2018-09-15,869.0,863.5,869.0,1100.0,2293.5,3949.0,4246.0,4213.0,3492.5003,3223.0,3184.5,3300.0,3800.5,3861.0,3778.5,4042.5,4037.0,4284.5,4092.0,3404.5,3052.5,2821.5,2673.0,1556.5,73007.0003
258,2018-09-16,891.0,852.5,825.0,819.5,1408.0,2310.0,2249.5,2134.0,2139.5,2370.5,2535.5,2728.0,2865.5,2838.0,2915.0,2964.5,3036.0,3085.5,3168.0,3151.5,2904.0,2640.0,2161.5,797.5,53790.0
259,2018-09-17,764.5,737.0,781.0,1171.5,2645.5,4834.5,4955.5003,4812.5,3850.0003,3179.0,3377.0,3382.5,3360.5,3531.0003,3558.5,4372.5,5230.5,5263.5003,5599.0003,4845.5,3553.0003,3069.0,2662.0,1600.5,81136.0018
260,2018-09-18,808.5,808.5,841.5,1144.0,2640.0,5027.0,5098.5,4944.5003,3795.0003,3272.5,3377.0,3426.5,3388.0,3327.5,3432.0,4092.0,5065.5003,5516.5003,4625.5,4807.0,3718.0,2959.0,2420.0,1435.5,79970.0012
261,2018-09-19,561.0,478.5,484.0,918.5,2189.0,4477.0,4818.0,4801.5,3668.5,3069.0,3058.0,3080.0,3113.0,3140.5,3162.5,3949.0,4807.0,5203.0,4609.0,4603.5,3448.5,2761.0,2453.0,1193.5,74046.5
262,2018-09-20,550.0,434.5,473.0,836.0,2255.0,4598.0003,4999.5,4790.5,3591.5,2904.0,2926.0,3052.5,3069.0,3272.5,3190.0,4042.5,4950.0,5049.0003,5346.0003,4317.5003,3217.5003,2684.0,2392.5,1138.5,74079.5015
263,2018-09-21,412.5,418.0,434.5,748.0,2310.0,4708.0003,5065.5006,4477.0,3597.0,3102.0,3036.0,2959.0,3212.0,3091.0,3190.0,4015.0,4768.5003,5016.0003,5285.5003,4559.5003,3168.0,2656.5,2359.5,1204.5,73793.5021
264,2018-09-22,467.5,467.5,467.5,720.5,1958.0,3558.5,3899.5,3943.5003,3349.5,2893.0,2827.0,3129.5,3575.0,3888.5,4020.5003,4004.0,3795.0009,3971.0003,3817.0003,3206.5,2755.5,2530.0,2348.5,1171.5,66764.5021
265,2018-09-23,445.5,423.5,401.5,407.0,1133.0,2068.0,2035.0,1936.0,1985.5,2145.0,2343.0,2585.0,2849.0,2849.0,2832.5,3003.0,2816.0,2959.0,3025.0,2948.0,2640.0,2326.5,1760.0,451.0,48367.0
266,2018-09-24,379.5,374.0,385.0,885.5,2156.0,4587.0,4955.5003,4790.5,3586.0,3091.0,3008.5,2920.5,2937.0,3063.5,3146.0,3894.0,4631.0,5087.5006,5087.5,4449.5,3184.5,2788.5,2414.5,1188.0,72990.5009
267,2018-09-25,412.5,330.0,418.0,720.5,2161.5,4521.0003,5010.5,4774.0,3349.5,2695.0,2975.5,2970.0,3184.5,3096.5,3069.0,3866.5,4708.0006,4812.5,5049.0003,4328.5003,3014.0,2552.0,2139.5,1072.5,71230.5015
268,2018-09-26,379.5,374.0,390.5,825.0,2106.5,4581.5003,5049.0,4790.5003,3674.0,2909.5,2854.5,2805.0,2893.0,2992.0,2992.0,3850.0,4598.0,4889.5,4999.5009,4532.0,3162.5,2557.5,2238.5,1232.0,71676.0015
269,2018-09-27,401.5,368.5,390.5,704.0,2040.5,4092.0,4862.0,4735.5,3448.5,2854.5,2788.5,2915.0,3008.5,3047.0,3036.0,3883.0,4565.0003,4801.5,4702.5,4180.0,3047.0,2574.0,2073.5,1083.5,69602.5003
270,2018-09-28,363.0,396.0,407.0,748.0,2156.0,4532.0,4834.5,4796.0,3668.5006,2860.0,3003.0,2981.0,3091.0,3069.0,3091.0,3905.0003,4757.5,4994.0003,5093.0003,4284.5,3047.0,2623.5,2189.0,1116.5,72006.0015
271,2018-09-29,462.0,445.5,385.0,764.5,1776.5,3388.0003,3767.5003,3707.0,3278.0,2607.0,2854.5,3217.5,3690.5,3674.0003,3822.5006,3993.0003,3877.5003,3943.5,3624.5,3052.5,2618.0,2304.5,2183.5,995.5,64432.5021
272,2018-09-30,357.5,363.0,363.0,368.5,1056.0,1936.0,2018.5,1952.5,1914.0,2134.0,2288.0,2370.5,2486.0,2546.5,2546.5,2607.0,2645.5,2700.5,2684.0,2640.0,2381.5,2189.0,1551.0,363.0,44462.0
273,2018-10-01,313.5,319.0,324.5,781.0,1947.0,4389.0006,4845.5003,4405.5,3470.5,2964.5,2898.5,2904.0,2970.0,2937.0,3113.0,3756.5,4642.0,4862.0003,4950.0,4328.5003,3135.0,2574.0,2013.0,1083.5,69927.0015
274,2018-10-02,269.5,258.5,335.5,654.5,2123.0,4405.5003,4856.5,4763.0,3619.0,2887.5,3041.5,3080.0,3129.5,2981.0,3025.0,3817.0006,4686.0,4856.5003,5109.5,4141.5,2948.0,2574.0,2211.0,1039.5,70812.5012
275,2018-10-03,319.0,313.5,352.0,709.5,2139.5,4361.5003,4592.5,4735.5003,3608.0,2909.5,3036.0,3008.5,2975.5,3030.5,2656.5,3586.0,4554.0003,4906.0006,5230.5003,4235.0003,3091.0,2557.5,2002.0,1034.0,69943.5021
276,2018-10-04,390.5,319.0,346.5,704.0,2079.0,4405.5,4812.5,4834.5,3311.0003,2827.0,2783.0,2838.0,2970.0,2838.0,2816.0,3668.5,4642.0003,4807.0,4922.5,4224.0,3025.0,2519.0,1991.0,1012.0,69085.5006
277,2018-10-05,308.0,308.0,396.0,676.5,2161.5,4191.0,4746.5,4697.0003,3712.5006,2942.5,3085.5,3124.0003,3124.0,3179.0,3184.5,4031.5003,4631.0,4790.5,4845.5003,4257.0003,3058.0,2392.5,2216.5,1056.0,71115.0021
278,2018-10-06,374.0,357.5,346.5,693.0,1815.0,3327.5,3613.5003,3635.5003,3223.0,2810.5,2816.0,3212.0,3542.0,3844.5,3877.5,3778.5003,3822.5,3872.0,3602.5003,3041.5,2810.5,2447.5,2117.5,995.5,63976.0012
279,2018-10-07,357.5,352.0,357.5,368.5,1083.5,1952.5,2134.0,2095.5,1870.0,2156.0,2365.0,2568.5,2739.0,2700.5,2788.5,2695.0,2898.5,2865.5,2491.5,2739.0,2436.5,2233.0,1518.0,357.5,46123.0
280,2018-10-08,308.0,302.5,319.0,704.0,2106.5,4306.5,4642.0,4669.5,3388.0,2728.0,2970.0,2915.0,3019.5,2992.0,3052.5,3718.0003,4554.0,4834.5003,4686.0,3921.5,3008.5,2574.0,2150.5,1078.0,68948.0006
281,2018-10-09,363.0,346.5,390.5,759.0,2128.5,4444.0,4862.0003,4515.5,3492.5,3113.0,3036.0,2865.5,3102.0,3014.0,3212.0,3778.5003,4471.5,4477.0,4576.0,4020.5003,3014.0,2590.5,2233.0,1105.5,69910.5009
282,2018-10-10,456.5,412.5,456.5,764.5,1996.5,4400.0,5049.0006,4691.5,3283.5,2783.0,3014.0,3008.5,3151.5,3069.0,3162.5,3580.5,4504.5,4680.5,4922.5,4477.0003,3223.0,2590.5,2156.0,1023.0,70856.5009
283,2018-10-11,445.5,302.5,346.5,737.0,1936.0,4372.5003,4807.0,4713.5,3553.0003,2909.5,2953.5,2733.5,2893.0,2937.0,3041.5,3762.0003,4603.5003,4900.5,5032.5,4334.0,3135.0,2700.5,2244.0,1034.0,70427.5012
284,2018-10-12,445.5,396.0,396.0,643.5,2079.0,4444.0,4757.5,4559.5003,3278.0,2750.0,3019.5,3014.0,3146.0,3019.5,3074.5,3861.0,4603.5,4884.0003,4801.5,3982.0,3008.5,2546.5,2315.5,1039.5,70064.5006
285,2018-10-13,544.5,401.5,418.0,709.5,1859.0,3547.5003,3833.5,3701.5003,3250.5003,2871.0,3047.0,3371.5,3685.0,3987.5006,3943.5,3883.0,3641.0,3652.0,3575.0,2942.5,2464.0,2315.5,2106.5,1017.5,64768.0015
286,2018-10-14,379.5,357.5,357.5,396.0,984.5,1804.0,1897.5,1996.5,1963.5,2282.5,2420.0,2563.0,2623.5,2667.5,2750.0,2684.0,2788.5,2788.5,2893.0,2805.0,2409.0,2194.5,1545.5,363.0,45914.0
287,2018-10-15,357.5,363.0,352.0,368.5,1028.5,1908.5,1991.0,2051.5,1853.5,2128.5,2266.0,2585.0,2788.5,2717.0,2744.5,2810.5,2794.0,2959.0,3129.5,3003.0,2458.5,2134.0,1639.0,363.0,46794.0
288,2018-10-16,330.0,352.0,385.0,698.5,2156.0,4510.0,4834.5,4477.0,3487.0,2915.0,2920.5,2942.5,2909.5,2915.0,2623.5,3641.0,4642.0,5043.5003,4812.5003,4224.0,3063.5,2574.0,2194.5,1006.5,69657.5006
289,2018-10-17,368.5,368.5,396.0,687.5,2046.0,4455.0,4823.5003,4658.5,3316.5003,3025.0,3069.0,3003.0,3058.0,3008.5,3091.0,3905.0003,4818.0003,4807.0,4779.5003,4136.0003,3085.5,2579.5,2112.0,1012.0,70609.0018
290,2018-10-18,352.0,363.0,368.5,742.5,1974.5,4378.0003,4730.0003,4658.5,3448.5,2992.0,2909.5,2942.5,2909.5,2970.0,3052.5,3795.0,4741.0003,4988.5,4911.5,4152.5003,3063.5,2486.0,2156.0,1067.0,70152.5012
291,2018-10-19,412.5,385.0,363.0,588.5,2161.5,4449.5,4488.0003,4537.5,3509.0003,2975.5,3025.0,2909.5,3069.0,3058.0,3107.5,3833.5003,4785.0003,5016.0003,4779.5,3965.5003,3102.0,2656.5,2238.5,1061.5,70477.0018
292,2018-10-20,385.0,390.5,385.0,621.5,1798.5,3371.5,3833.5006,3817.0003,3327.5003,2805.0,2909.5,3212.0,3602.5,3954.5,3712.5,3712.5006,3652.0,3910.5006,3685.0003,2937.0,2486.0,2480.5,2249.5,1166.0,64405.0027
293,2018-10-21,379.5,374.0,374.0,407.0,984.5,1985.5,1881.0,1881.0,1952.5,2134.0,2370.5,2491.5,2667.5,2656.5,2816.0,2722.5,2717.0,2816.0,2645.5,2678.5,2348.5,2189.0,1518.0,401.5,45391.5
294,2018-10-22,291.5,308.0,302.5,649.0,2018.5,4064.5,4515.5,4394.5003,3316.5,2788.5,3019.5,3080.0,3052.5,3063.5,3118.5,3388.0,4444.0,5109.5006,4939.0003,3773.0003,2893.0,2480.5,2172.5,995.5,68178.0015
295,2018-10-23,291.5,330.0,346.5,792.0,2117.5,4372.5,4845.5,4680.5,3069.0,2783.0,2931.5,2992.0,3102.0,3107.5,3080.0,3338.5,4262.5,4939.0,5038.0,3778.5,2722.5,2464.0,2200.0,1045.0,68629.0
296,2018-10-24,302.5,302.5,324.5,731.5,2095.5,4361.5003,4576.0006,4598.0003,3547.5,2832.5,2920.5,3025.0,2981.0,3179.0,3179.0,3432.0,4378.0006,5175.5009,5076.5003,4015.0,2854.5,2568.5,2244.0,1039.5,69740.003
297,2018-10-25,588.5,484.0,511.5,869.0,2216.5,4240.5003,4785.0,4411.0,3465.0,2970.0,2887.5,2964.5,3008.5,2997.5,2970.0,3217.5,4163.5003,4922.5006,4983.0003,3987.5,2832.5,2519.0,2354.0,1078.0,69426.5015
298,2018-10-26,368.5,357.5,357.5,715.0,2057.0,4196.5,4713.5,4669.5,3267.0003,2689.5,2744.5,2766.5,2975.5,3030.5,3025.0,3327.5,4444.0003,5038.0,4598.0003,3476.0,2761.0,2282.5,2134.0,1050.5,67045.0009
299,2018-10-27,401.5,363.0,363.0,643.5,1820.5,3476.0,3300.0,2915.0,2750.0,3157.0,2761.0,3146.0,3745.5003,3899.5,3850.0,3927.0,3866.5,4037.0003,3778.5003,3102.0,2722.5,2425.5,2282.5,1050.5,63783.5009
300,2018-10-28,489.5,467.5,473.0,451.0,1023.0,1820.5,2035.0,1842.5,1914.0,2117.5,2183.5,2453.0,2596.0,2546.5,2634.5,2634.5,2662.0,2601.5,2750.0,2656.5,2293.5,2101.0,1809.5,621.5,45177.0
301,2018-10-29,533.5,544.5,561.0,825.0,2046.0,4515.5,4840.0,4587.0,3558.5,2810.5,2843.5,2898.5,2953.5,2920.5,3041.5,3762.0,4532.0,4741.0003,4933.5006,4301.0003,3272.5003,2585.0,2293.5,1160.5,71060.0015
302,2018-10-30,555.5,528.0,478.5,775.5,2073.5003,4614.5,4416.5003,4367.0003,3745.5,2788.5,2689.5,2816.0,3008.5,2986.5,2931.5,3608.0003,4713.5,4966.5,4939.0,4064.5003,3030.5,2519.0,2134.0,1094.5,69844.5015
303,2018-10-31,500.5,506.0,467.5,715.0,1974.5,4422.0,4708.0,4394.5,3630.0,3030.5,2964.5,2942.5,2975.5,2970.0,3080.0,3850.0003,4570.5003,4273.5,4477.0,4356.0,3140.5003,2579.5,2227.5,1215.5,69971.0009
304,2018-11-01,401.5,302.5,319.0,709.5,2095.5,4521.0,4856.5,4614.5,3393.5,2926.0,2975.5,2816.0,2959.0,2948.0,2942.5,3855.5003,4746.5,5054.5003,5208.5003,4257.0003,3041.5,2766.5,2266.0,1094.5,71071.0012
305,2018-11-02,379.5,324.5,379.5,638.0,2106.5,4389.0003,4746.5,4609.0,3465.0,2942.5,2953.5,2772.0,2810.5,2953.5,2975.5,3602.5,4499.0,4603.5,4658.5,3993.0003,3003.0,2453.0,2123.0,1061.5,68442.0006
306,2018-11-03,385.0,379.5,379.5,621.5,1771.0,3542.0,3646.5003,3685.0003,3333.0,2788.5,2667.5,3168.0003,3547.5003,3745.5,3778.5006,3712.5,3729.0,3679.5,3349.5,2909.5,2508.0,2365.0,2299.0,1111.0,63101.5018
307,2018-11-04,467.5,462.0,555.5,429.0,924.0,1798.5,2046.0,1837.0,1738.0,2073.5,2304.5,2546.5,2552.0,2546.5,2640.0,2530.0,2640.0,2865.5,2887.5,2711.5,2348.5,2145.0,1545.5,462.0,45056.0
308,2018-11-05,401.5,418.0,385.0,396.0,1017.5,1886.5,1996.5,1952.5,1886.5,2018.5,2304.5,2491.5,2568.5,2568.5,2634.5,2519.0,2530.0,2623.5,2574.0,2469.5,2403.5,2024.0,1540.0,511.5,44121.0
309,2018-11-06,462.0,473.0,418.0,577.5,1985.5,4581.5,4389.0003,4482.5,3514.5,2865.5,2799.5,2915.0,2970.0,3041.5,2992.0,3773.0,4631.0003,4867.5003,4950.0003,4504.5003,3058.0,2601.5,2249.5,1138.5,70240.5015
310,2018-11-07,539.0,517.0,484.0,627.0,2013.0,4466.0,4928.0,4598.0,3415.5,2827.0,2827.0,2871.0,3014.0,3091.0,3096.5,3729.0,4576.0,4966.5003,4889.5006,4136.0006,3124.0,2469.5,2227.5,1100.0,70532.0015
311,2018-11-08,374.0,352.0,385.0,566.5,2167.0,4312.0,4757.5006,4598.0,3355.0,2821.5,2876.5,2799.5,3008.5,3025.0,2992.0,3674.0,4257.0,4851.0,5054.5003,4323.0,3036.0,2392.5,2084.5,1083.5,69146.0009
312,2018-11-09,346.5,330.0,368.5,764.5,1958.0,4279.0,4884.0003,3949.0003,2128.5,3019.5,2915.0,2865.5,3025.0,2915.0,2948.0,3756.5003,4631.0,4686.0,4845.5,4240.5,3003.0,2574.0,2112.0,1133.0,67677.5009
313,2018-11-10,401.5,390.5,390.5,665.5,1859.0,3624.5003,3916.0003,3646.5006,3162.5003,2788.5,2821.5,3228.5003,3723.5,3822.5003,3756.5,3762.0003,3663.0,3795.0,3619.0003,2931.5,2480.5,2442.0,2310.0,1485.0,64685.5027
314,2018-11-11,544.5,412.5,440.0,390.5,995.5,1925.0,1941.5,1936.0,1963.5,2068.0,2304.5,2398.0,2579.5,2590.5,2574.0,2612.5,2667.5,2860.0,2810.5,2673.0,2293.5,2200.0,1743.5,1045.0,45969.0
315,2018-11-12,456.5,445.5,407.0,363.0,1045.0,1958.0,1936.0,1870.0,1969.0,2106.5,2128.5,2453.0,2491.5,2464.0,2684.0,2574.0,2590.5,2700.5,2728.0,2552.0,2277.0,2161.5,1650.0,566.5,44577.5
316,2018-11-13,473.0,467.5,462.0,715.0,2029.5,4416.5,4818.0,4812.5,3360.5,2783.0,2876.5,2783.0,3063.5,3041.5,3080.0,3850.0,4449.5,4911.5003,5137.0,4328.5003,3014.0,2634.5,2183.5,1259.5,70950.0006
317,2018-11-14,495.0,484.0,451.0,643.5,1958.0,4301.0,5005.0,4664.0006,3476.0,2783.0,2717.0,2882.0,3069.0,3003.0,3074.5,3751.0,4669.5,4961.0,4911.5003,4581.5,3014.0,2601.5,2189.0,1155.0,70840.0009
318,2018-11-15,390.5,291.5,313.5,698.5,2035.0,4581.5003,4768.5,4730.0003,3536.5,3107.5,3019.5,2920.5,3014.0,3118.5,3091.0,3806.0,4708.0009,4796.0,5043.5006,4361.5003,3322.0,2546.5,2128.5,1039.5,71368.0024
319,2018-11-16,330.0,341.0,412.5,676.5,2007.5,4328.5,4999.5,4592.5,3580.5003,2860.0,2854.5,2805.0,2997.5,3003.0,3008.5,3855.5,4664.0,4867.5,4785.0,4180.0,3058.0,2700.5,2326.5,1177.0,70411.0003
320,2018-11-17,319.0,302.5,357.5,671.0,1721.5,3459.5003,3943.5006,3943.5003,3267.0003,2810.5,2849.0,3124.0,3525.5,3696.0003,3877.5003,3993.0003,3921.5006,3778.5003,3608.0006,3047.0,2568.5,2409.0,2172.5,1061.5,64427.0039
321,2018-11-18,385.0,368.5,368.5,385.0,1017.5,1985.5,2018.5,1974.5,1892.0,2106.5,2403.5,2546.5,2651.0,2717.0,2744.5,2766.5,2711.5,2783.0,2838.0,2651.0,2381.5,2134.0,1545.5,396.0,45771.0
322,2018-11-19,335.5,341.0,418.0,638.0,2068.0,4235.0,4493.5,4543.0,3465.0003,2948.0,2788.5,2959.0,2926.0,2926.0,2926.0,3806.0,4724.5,4812.5006,4972.0,3987.5,3019.5,2469.5,2178.0,1094.5,69074.5009
323,2018-11-20,330.0,313.5,346.5,643.5,1930.5,4279.0003,4664.0003,4592.5003,3509.0,2898.5,2849.0,2920.5,3030.5,3047.0,2964.5,3734.5006,3976.5,4587.0,4620.0,4130.5,2986.5,2585.0,2194.5,1056.0,68189.0015
324,2018-11-21,324.5,319.0,335.5,649.0,2029.5,4587.0,4834.5003,4823.5,3635.5003,2887.5,2865.5,2876.5,3063.5,3091.0,2948.0,3822.5,4609.0,4873.0,4834.5,4284.5,3085.5,2717.0,2051.5,1017.5,70565.0006
325,2018-11-22,374.0,390.5,374.0,720.5,2145.0,4433.0,4862.0,4466.0003,3536.5,2821.5,2849.0,2838.0,3036.0,2942.5,2959.0,3844.5003,4477.0003,4554.0003,4856.5,4103.0,2970.0,2585.0,2216.5,1045.0,69399.0012
326,2018-11-23,313.5,308.0,379.5,726.0,2090.0,4383.5003,4840.0,4807.0,3657.5,2871.0,2953.5,2909.5,3091.0,3267.0,2975.5,3833.5,4719.0,4900.5003,4994.0003,4631.0,3168.0,2596.0,2227.5,1166.0,71808.0009
327,2018-11-24,396.0,385.0,374.0,616.0,1859.0,3217.5,3833.5,3784.0003,3393.5,2799.5,2843.5,3058.0,3498.0,3723.5006,3861.0003,3784.0,3745.5003,3943.5,3448.5,2860.0,2464.0,2255.0,2123.0,1034.0,63299.5015
328,2018-11-25,550.0,572.0,577.5,566.5,1254.0,2194.5,2145.0,1991.0,2062.5,2326.5,2464.0,2794.0,2827.0,2882.0,2832.5,2860.0,2805.0,3047.0,3113.0,3008.5,2772.0,2552.0,2073.5,665.5,50935.5
329,2018-11-26,330.0,357.5,363.0,682.0,2084.5,4554.0003,4900.5,4658.5,3635.5,2970.0,2832.5,2915.0,2975.5,3190.0,3025.0,3630.0,4680.5,4895.0,4779.5,4163.5003,3091.0,2607.0,2183.5,1100.0,70603.5006
330,2018-11-27,407.0,396.0,412.5,704.0,2002.0,4482.5003,4856.5,4631.0003,3360.5,2788.5,2849.0,2948.0,2915.0,3091.0,2992.0,3822.5,4669.5,4713.5003,5093.0006,4592.5,3096.5,2607.0,2156.0,1089.0,70675.0015
331,2018-11-28,341.0,330.0,363.0,621.5,2189.0,4559.5,4862.0003,4829.0003,3509.0,2887.5,2761.0,2832.5,2816.0,2926.0,2832.5,3822.5,4372.5,4889.5,4999.5003,4125.0,2893.0,2568.5,2150.5,1177.0,69657.5009
332,2018-11-29,396.0,379.5,379.5,786.5,2068.0,4372.5,4686.0,4724.5003,3487.0,2816.0,2755.5,2849.0,2898.5,2959.0,2909.5,3553.0,4774.0,4873.0006,4889.5006,4416.5003,3096.5,2403.5,2183.5,1116.5,69773.0018
333,2018-11-30,385.0,396.0,374.0,693.0,1974.5,4400.0,4884.0003,4581.5,3454.0,2992.0,2970.0,2997.5,3113.0,3140.5,3195.5,3839.0,4653.0006,5010.5,4999.5,4334.0,3146.0,2491.5,2112.0,1881.0,72017.0009
334,2018-12-01,1661.0,979.0,423.5,649.0,1903.0,3602.5003,3701.5003,3767.5003,3212.0,2750.0,2953.5,3366.0,3883.0,4108.5,4152.5,3828.0,3861.0003,3982.0003,3685.0003,3151.5,2656.5,2585.0,2216.5,1782.0,68860.0018
335,2018-12-02,929.5,374.0,363.0,363.0,1012.0,1930.5,1958.0,1892.0,1897.5,2024.0,2216.5,2497.0,2546.5,2530.0,2667.5,2629.0,2629.0,2766.5,2750.0,2645.5,2387.0,2156.0,1540.0,456.5,45160.5
336,2018-12-03,385.0,374.0,379.5,682.0,2079.0,4383.5,4675.0003,4614.5,3437.5,2920.5,2898.5,3003.0,2964.5,3047.0,3146.0,3921.5,4779.5003,4944.5,4460.5003,4339.5003,3107.5,2541.0,2183.5,990.0,70257.0012
337,2018-12-04,385.0,363.0,363.0,770.0,2112.0,4543.0,4933.5,4460.5,3575.0,2975.5,3008.5,3008.5,3063.5,3091.0,3140.5,3718.0003,4691.5003,5065.5003,5010.5003,4119.5,3080.0,2711.5,2205.5,1039.5,71434.0012
338,2018-12-05,401.5,390.5,407.0,709.5,2139.5,4361.5003,4719.0,4603.5,3360.5,2794.0,2860.0,2766.5,2882.0,2893.0,2920.5,3756.5,4664.0,4768.5003,5060.0,4218.5,3014.0,2491.5,2117.5,1006.5,69305.5006
339,2018-12-06,440.0,451.0,407.0,731.5,2079.0,4339.5006,4702.5,4477.0003,3487.0,2975.5,2959.0,2909.5,2986.5,2970.0,2981.0,3663.0,4532.0,4851.0,4906.0003,4224.0003,3047.0,2530.0,2365.0,1056.0,70070.0015
340,2018-12-07,467.5,423.5,407.0,753.5,2002.0,4301.0,4532.0003,4620.0,3272.5,2915.0,2997.5,3129.5,3091.0,3047.0,3085.5,3938.0003,4735.5,4867.5003,4867.5003,4268.0,3069.0,2640.0,2150.5,1881.0,71461.5012
341,2018-12-08,968.0,429.0,434.5,412.5,1193.5,2062.5,2150.5,1903.0,1969.0,2172.5,2381.5,2486.0,2722.5,2673.0,2794.0,2887.5,2755.5,2838.0,2761.0,2728.0,2563.0,2409.0,1985.5,1017.5,48697.0
342,2018-12-09,396.0,390.5,379.5,368.5,924.0,1848.0,1908.5,1974.5,1875.5,2150.5,2249.5,2497.0,2816.0,2656.5,2821.5,2777.5,2645.5,2662.0,2700.5,2634.5,2376.0,2244.0,1529.0,418.0,45243.0
343,2018-12-10,313.5,330.0,368.5,676.5,2123.0,4400.0003,4796.0,4647.5,3388.0,2838.0,2838.0,2799.5,2838.0,2832.5,2920.5,3762.0,4735.5,4829.0003,4873.0003,4449.5003,3019.5,2563.0,2161.5,1012.0,69514.5012
344,2018-12-11,429.0,390.5,379.5,693.0,2172.5,4312.0,4708.0,4554.0,3580.5,2926.0,2832.5,2766.5,2821.5,2937.0,2931.5,3773.0003,4796.0,4994.0003,5005.0,4323.0003,2959.0,2596.0,2211.0,1127.5,70218.5009
345,2018-12-12,440.0,440.0,445.5,764.5,2024.0,4191.0,4581.5,4565.0,3465.0,2755.5,2942.5,2926.0,3113.0,2876.5,3014.0,3784.0,4801.5,5010.5,4829.0003,4185.5,2992.0,2612.5,2266.0,1160.5,70185.5003
346,2018-12-13,440.0,445.5,423.5,770.0,2128.5,4257.0,4598.0,4493.5003,3234.0,2882.0,2832.5,2975.5,2926.0,2942.5,3146.0,3982.0006,4625.5,4939.0,5016.0,4581.5,3305.5,2579.5,2337.5,1127.5,70988.5009
347,2018-12-14,412.5,390.5,396.0,616.0,2172.5,4438.5,4752.0,4818.0003,3630.0,3069.0,3047.0,3047.0,3184.5,2981.0,2953.5,3701.5003,4609.0,4884.0,4719.0,4240.5003,3102.0,2475.0,2172.5,1936.0,71747.5009
348,2018-12-15,946.0,423.5,407.0,671.0,1859.0,3481.5006,3712.5003,3591.5,3201.0,2728.0,2821.5,2975.5,3443.0,3690.5003,3723.5003,3762.0,3877.5003,3800.5003,3690.5003,3041.5,2904.0,2744.5,2354.0,1941.5,65791.0024
349,2018-12-16,891.0,412.5,401.5,412.5,979.0,1991.0,1925.0,1793.0,1903.0,2090.0,2315.5,2425.5,2574.0,2546.5,2634.5,2585.0,2656.5,2794.0,2904.0,3096.5,2497.0,2233.0,1699.5,445.5,46205.5
350,2018-12-17,385.0,385.0,368.5,808.5,2073.5,4422.0,4807.0006,4565.0,3635.5,2887.5,2876.5,2986.5,3162.5,3151.5,3184.5,3927.0003,4741.0003,4977.5003,5098.5006,4284.5006,3091.0003,2541.0,2222.0,1023.0,71604.503
351,2018-12-18,401.5,385.0,390.5,775.5,2029.5,4372.5,4944.5003,4691.5,3514.5,3025.0,2926.0,2970.0,3129.5,3124.0,3113.0,3987.5,4878.5003,4845.5006,5032.5,4510.0,2942.5,2541.0,2222.0,1078.0,71830.0012
352,2018-12-19,385.0,379.5,374.0,737.0,2112.0,4499.0003,4911.5003,4680.5,3586.0003,2981.0,2992.0,2948.0,3019.5,3008.5,3113.0,3866.5,4851.0,5065.5003,4873.0003,4268.0,3239.5,2634.5,2238.5,1045.0,71808.0015
353,2018-12-20,407.0,396.0,423.5,704.0,2167.0,4427.5,4834.5,4631.0003,3481.5,2821.5,2893.0,3025.0,3201.0,3118.5,3124.0,3844.5,4653.0,5148.0003,5087.5006,4262.5003,3151.5,2607.0,2266.0,1094.5,71769.5015
354,2018-12-21,379.5,379.5,385.0,770.0,2051.5,4466.0,4911.5,4768.5,3641.0,2970.0,3030.5,3179.0,3261.5,3146.0,3910.5003,4130.5,4713.5,4977.5003,5049.0,4273.5003,3074.5,2579.5,2277.0,1914.0,74239.0009
355,2018-12-22,968.0,390.5,396.0,665.5,1864.5,3426.5003,3663.0003,3690.5,3338.5,2882.0,2805.0,3080.0,3685.0006,3855.5003,3773.0,3762.0003,3789.5,3855.5,3723.5003,3300.0,2959.0,2645.5,2299.0,1914.0,66731.5021
356,2018-12-23,990.0,390.5,390.5,379.5,1061.5,1919.5,1980.0,1925.0,2029.5,2167.0,2255.0,2431.0,2601.5,2673.0,2689.5,2728.0,2689.5,2915.0,3003.0,2975.5,2618.0,2354.0,1677.5,555.5,47399.0
357,2018-12-24,401.5,407.0,445.5,665.5,2018.5,4042.5,4477.0003,4048.0003,2992.0,2948.0,2953.5,2997.5,3091.0,3019.5,3195.5,3195.5,2937.0,3113.0,3096.5,2986.5,2744.5,2249.5,1094.5,368.5,59488.0006
358,2018-12-25,357.5,352.0,352.0,341.0,506.0,1738.0,1919.5,1738.0,1809.5,2458.5,2590.5,2601.5,2519.0,2563.0,2535.5,2585.0,2656.5,2706.0,2832.5,2717.0,2436.5,2211.0,1545.5,407.0,44478.5
359,2018-12-26,368.5,363.0,363.0,775.5,1980.0,3718.0,4207.5,3971.0003,3371.5,3140.5,3256.0,3190.0,3102.0,3239.5,3272.5,3476.0,4229.5,4488.0,4455.0,3839.0,3151.5,2750.0,2464.0,1111.0,68282.5003
360,2018-12-27,434.5,423.5,401.5,704.0,2046.0,3756.5003,4048.0,3877.5003,3272.5,2975.5,3140.5,3157.0,3096.5,3151.5,3228.5,3437.5,4218.5,4631.0,4851.0,3998.5,3250.5,2827.0,2392.5,1171.5,68491.5006
361,2018-12-28,412.5,390.5,396.0,786.5,2007.5,3756.5,4114.0,3905.0003,3212.0,3047.0,3184.5,3151.5,3283.5,3190.0,3096.5,3481.5,3982.0003,4378.0,4565.0003,3932.5,3129.5,2590.5,2398.0,1215.5,67606.0009
362,2018-12-29,445.5,407.0,434.5,698.5,1974.5,3393.5,3778.5003,3718.0,3212.0,2849.0,2876.5,3102.0,3569.5003,3861.0,4064.5003,4026.0,3855.5,3905.0,3811.5003,3195.5,2689.5,2376.0,2249.5,1215.5,65708.5012
363,2018-12-30,390.5,396.0,390.5,390.5,1089.0,1914.0,1952.5,1826.0,1969.0,2013.0,2178.0,2502.5,2596.0,2634.5,2651.0,2788.5,2700.5,2926.0,2920.5,2766.5,2469.5,2288.0,1804.0,495.0,46051.5
364,2018-12-31,418.0,462.0,390.5,814.0,2073.5,3663.0,3822.5006,3712.5,2937.0,2959.0,3052.5,3157.0,3294.5,3300.0,3355.0,3300.0,3058.0,3129.5,3256.0,3096.5,2629.0,1006.5,357.5,352.0,57596.0006
365,2019-01-01,363.0,368.5,379.5,363.0,583.0,1644.5,1859.0,1661.0,1787.5,1881.0,1875.5,1963.5,1963.5,2040.5,2117.5,2007.5,2167.0,2205.5,2359.5,2348.5,2392.5,2090.0,1600.5,484.0,38505.5
366,2019-01-02,368.5,357.5,357.5,605.0,2002.0,3481.5,3905.0006,3817.0006,3113.0,3135.0,3129.5,3146.0,3179.0,3151.5,3278.0,3514.5,3850.0,4312.0,4504.5,3723.5,2959.0,2667.5,2436.5,1105.5,66099.0012
367,2019-01-03,390.5,396.0,401.5,852.5,1963.5,3663.0003,4136.0,3751.0003,3113.0,3063.5,3234.0,3195.5,3151.5,2926.0,3272.5,3410.0,4158.0003,4174.5,4207.5,3866.5,3080.0,2706.0,2414.5,1083.5,66610.5009
368,2019-01-04,390.5,390.5,396.0,803.0,2046.0,3690.5,3976.5,3833.5,3096.5,3129.5,3179.0,3289.0,3135.0,3234.0,3267.0,3525.5,3910.5,4339.5,4620.0003,3993.0,3096.5,2579.5,2288.0,1182.5,67391.5003
369,2019-01-05,412.5,396.0,385.0,698.5,1809.5,3547.5,3718.0012,3696.0,3261.5,2904.0,3102.0,3311.0,3690.5,3745.5012,3795.0,3905.0,3877.5012,3954.5,3685.0,3041.5,2557.5,2442.0,2244.0,1160.5,65340.0036
370,2019-01-06,407.0,407.0,396.0,412.5,1089.0,2040.5,2238.5,2117.5,2271.5,2354.0,2585.0,2871.0,2931.5,2766.5,3008.5,2937.0,3118.5,3173.5,3014.0,2920.5,2392.5,2183.5,1650.0,412.5,49698.0
371,2019-01-07,374.0,368.5,341.0,363.0,1061.5,1914.0,2183.5,2095.5,2101.0,2299.0,2475.0,2744.5,2876.5,2909.5,3003.0,2827.0,3014.0,2997.5,2948.0,2832.5,2535.5,2095.5,1578.5,374.0,48312.0
372,2019-01-08,346.5,313.5,390.5,770.0,2200.0,3740.0,4125.0,3663.0,3382.5,3091.0,3261.5,3223.0003,3168.0,3349.5,3333.0,3641.0003,4147.0003,4950.0003,4394.5,3795.0003,3063.5,2546.5,2194.5,1061.5,68150.5015
373,2019-01-09,374.0,379.5,385.0,742.5,2062.5,3850.0003,4141.5003,4053.5003,3360.5,3322.0,3256.0,3250.5,3085.5,3168.0,3267.0,3432.0003,4136.0,4669.5,4724.5003,3822.5,3140.5,2546.5,2376.0,1193.5,68739.0015
374,2019-01-10,352.0,401.5,341.0,797.5,2106.5,3916.0003,4389.0003,4119.5,3283.5,3069.0,3217.5,3217.5,3091.0,3168.0,3223.0,3498.0,4284.5,4730.0,4917.0,4086.5009,3234.0,2755.5,2480.5,1155.0,69833.5015
375,2019-01-11,357.5,357.5,374.0,808.5,2211.0,3883.0,4312.0,4092.0003,3426.5,3140.5,3311.0,3316.5,3278.0,3201.0,3278.0,3509.0,4301.0,4735.5,4972.0006,3844.5003,3195.5,2783.0,2337.5,1089.0,70114.0012
376,2019-01-12,198.0,27.5,27.5,27.5,22.0,27.5,27.5,27.5,22.0,27.5,27.5,27.5,22.0,11.0,0.0,0.0,0.0,0.0,0.0,16.5,27.5,27.5,22.0,27.5,643.5
377,2019-01-13,401.5,533.5,528.0,566.5,1617.0,3195.5,3426.5,3322.0,3399.0,3674.0006,3828.0003,4152.5003,4339.5,4438.5003,4246.0,4422.0,4735.5,4713.5,4609.0003,4559.5,4015.0003,3558.5003,2623.5,429.0,75333.5024
378,2019-01-14,214.5,687.5,940.5,1237.5,4405.5006,8030.0012,9053.0012,8552.5012,6539.5003,5516.5,5351.5003,5313.0,5296.5003,5296.5003,5626.5006,7397.5006,8904.5012,9295.0014,5005.0006,3135.0,2145.0,1699.5,1331.0,489.5,111463.0098
379,2019-01-15,82.5,781.0,610.5,671.0,2150.5,4565.0003,4994.0,4763.0,3553.0,3014.0,3036.0,3162.5,3355.0,3289.0,3300.0,3745.5,4730.0003,5082.0,5186.5006,4609.0003,3503.5,2656.5,2244.0,1050.5,74134.5015
380,2019-01-16,456.5,445.5,401.5,841.5,2095.5,4691.5,5093.0,4988.5,3569.5003,3080.0,3091.0,3129.5,3179.0,3091.0,3146.0,4147.0,5109.5,5274.5006,5390.0,4812.5003,3443.0,2684.0,2326.5,1232.0,75718.5012
381,2019-01-17,440.0,467.5,374.0,880.0,2194.5,4675.0003,4955.5006,4889.5003,3608.0,3019.5,2843.5,2953.5,3003.0,2997.5,3118.5,4042.5,5010.5,5109.5003,5258.0006,4455.0,3245.0,2513.5,2178.0,1237.5,73469.0021
382,2019-01-18,423.5,429.0,396.0,753.5,2117.5,4477.0003,5005.0003,4906.0003,3674.0,2992.0,3162.5,3008.5,3052.5,3041.5,3157.0,4059.0,4834.5,5131.5006,5225.0003,4400.0,3256.0,2772.0,2288.0,1452.0,74013.5018
383,2019-01-19,918.5,990.0,825.0,715.0,2068.0,3619.0003,3998.5,3899.5003,3393.5,2876.5,3052.5,3267.0003,3888.5,4119.5,4141.5003,4185.5,4119.5,3932.5,3740.0003,3113.0,2623.5,2453.0,2304.5,1149.5,69393.5015
384,2019-01-20,429.0,412.5,434.5,434.5,1226.5,1980.0,1991.0,2024.0,2106.5,2211.0,2530.0,2607.0,2783.0,2838.0,2975.5,2816.0,1996.5,2717.0,2975.5,2799.5,2590.5,2420.0,1738.0,451.0,47487.0
385,2019-01-21,390.5,374.0,379.5,803.0,2112.0,4103.0,4983.0006,5049.0003,3679.5,3146.0,3014.0,2964.5,3129.5,3250.5,3267.0,4086.5,4840.0006,5258.0006,5395.5006,4515.5,3124.0003,2651.0,2326.5,1199.0,74041.003
386,2019-01-22,572.0,533.5,528.0,841.5,2200.0,4680.5006,5120.5003,4917.0003,3657.5003,3168.0003,3151.5,3179.0,3421.0,3245.0,3289.0,4097.5003,4889.5,5093.0003,5236.0,4482.5,3135.0,2568.5,2326.5,1138.5,75471.0024
387,2019-01-23,451.0,407.0,401.5,803.0,2244.0,4730.0,5170.0,5032.5006,3817.0,3289.0,3283.5,3415.5,3503.5,3344.0,3421.0006,3998.5,4900.5,5241.5003,5357.0003,4658.5,3338.5,2678.5,2354.0,1325.5,77165.0018
388,2019-01-24,583.0,484.0,451.0,951.5,2376.0,4790.5003,5225.0,4730.0,3767.5,3459.5,3316.5,3250.5,3206.5,3212.0,3223.0,4037.0,4983.0006,5324.0006,5555.0,4999.5,3586.0,2827.0,2585.0,1303.5,78226.5015
389,2019-01-25,467.5,462.0,456.5,951.5,2403.5,4708.0,5269.0006,4939.0,3778.5,3190.0,3080.0,3063.5,3388.0,3338.5,3525.5,4097.5,5109.5006,5137.0003,5329.5003,4708.0003,3355.0,2761.0,2414.5,1243.0,77176.0021
390,2019-01-26,528.0,495.0,484.0,825.0,2112.0,3899.5003,4207.5,4059.0,3564.0,3030.5,2970.0,3465.0,3938.0,4229.5,4279.0,4411.0,4081.0003,4152.5,3888.5,3448.5,3113.0,2739.0,2469.5,1391.5,71780.5006
391,2019-01-27,539.0,495.0,478.5,528.0,1353.0,2255.0,2299.0,2255.0,2222.0,2244.0,2409.0,2535.5,2744.5,2810.5,2805.0,2799.5,2920.5,2865.5,3157.0,2904.0,2601.5,2398.0,1870.0,533.5,50022.5
392,2019-01-28,434.5,412.5,429.0,847.0,2398.0,4730.0,5159.0006,5258.0,3965.5003,3190.0003,2986.5,3014.0,2992.0,3124.0,3113.0,3993.0006,4664.0003,5269.0006,5379.0003,4658.5,3228.5003,2689.5,2359.5,1166.0,75460.0033
393,2019-01-29,418.0,346.5,181.5,808.5,2238.5,4697.0003,4961.0003,4862.0006,3751.0,2981.0,3003.0,3052.5,3184.5,3173.5,3140.5,4004.0,4675.0,5373.5003,5384.5003,4345.0,3063.5,2651.0,2354.0,1270.5,73920.0018
394,2019-01-30,242.0,27.5,159.5,781.0,2145.0,4691.5003,5164.5,4999.5,3729.0003,3179.0,3206.5,3080.0,3206.5,3118.5,3058.0,3954.5,4801.5003,5131.5003,5439.5006,4730.0,3410.0003,2706.0,2409.0,1215.5,74585.5021
395,2019-01-31,484.0,456.5,401.5,715.0,2343.0,4845.5003,5296.5009,5225.0003,3899.5,3256.0,3047.0,3118.5,3322.0,3157.0,3195.5,3932.5,4785.0,5142.5,5417.5,4532.0003,3360.5,2832.5,2359.5,1193.5,76318.0018
396,2019-02-01,379.5,363.0,368.5,825.0,2260.5,4636.5003,5115.0003,4977.5006,3646.5,3058.0,3223.0,3074.5,3201.0,3052.5,2986.5,3899.5,4801.5,5016.0,5137.0,4438.5,3146.0,2535.5,2123.0,1221.0,73485.5012
397,2019-02-02,957.0,1496.0,1287.0,1067.0,1941.5,3630.0,3833.5,3877.5003,3382.5,3102.0,3140.5,3223.0,3756.5003,3943.5,3987.5,3949.0,3993.0,3998.5003,3800.5,3146.0,2618.0,2453.0,2381.5,1149.5,70114.0009
398,2019-02-03,456.5,429.0,423.5,407.0,1215.5,2002.0,2051.5,2062.5,1908.5,2106.5,2420.0,2447.5,2623.5,2810.5,2882.0,2849.0,2876.5,2810.5,2783.0,2744.5,2376.0,2189.0,1628.0,412.5,46915.0
399,2019-02-04,390.5,379.5,374.0,775.5,2200.0,4532.0006,4878.5003,4675.0,3465.0,3107.5,3014.0,3157.0,3250.5,3151.5,3206.5,3828.0,4680.5,5263.5003,5159.0006,4400.0,2915.0,2557.5,2167.0,1188.0,72715.5018
400,2019-02-05,352.0,335.5,346.5,632.5,2167.0,4653.0,4928.0,4829.0003,3580.5,2876.5,2843.5,2876.5,3014.0,3052.5,3047.0,3872.0,4922.5003,5082.0,5269.0003,4444.0,3234.0,2651.0,2227.5,1171.5,72407.5009
401,2019-02-06,330.0,297.0,330.0,632.5,1974.5,4394.5,4840.0,5010.5,3476.0,2882.0,2986.5,2920.5,3014.0,3206.5,3124.0,3795.0,4719.0,4950.0003,5027.0,4323.0,3124.0,2667.5,2178.0,1127.5,71329.5003
402,2019-02-07,396.0,379.5,385.0,720.5,2194.5,4543.0006,4774.0003,5054.5003,3685.0,3014.0,2981.0,3091.0,3195.5,3201.0,3206.5,3954.5003,4966.5003,5137.0,5071.0,4180.0003,2876.5,2678.5,2183.5,1023.0,72891.5021
403,2019-02-08,357.5,346.5,346.5,583.0,2084.5,4389.0,5016.0003,4823.5,3740.0,3036.0,2992.0,3190.0,3283.5,3206.5,3190.0,3987.5003,5021.5,5131.5,5071.0,4466.0003,3030.5,2535.5,2282.5,1127.5,73238.0009
404,2019-02-09,418.0,517.0,511.5,742.5,3085.5,6231.5003,6704.5006,6600.0006,5604.5003,4741.0,4576.0,5483.5,6512.0009,6776.0006,6380.0006,6490.0009,6369.0012,6611.0009,6149.0006,4900.5003,4598.0,4361.5,4361.5,1771.0,110495.0078
405,2019-02-10,522.5,379.5,418.0,462.0,1111.0,1864.5,2013.0,1853.5,1974.5,2128.5,2260.5,2442.0,2579.5,2497.0,2728.0,2755.5,2755.5,2695.0,2887.5,2860.0,2431.0,2183.5,1562.0,451.0,45815.0
406,2019-02-11,412.5,385.0,385.0,638.0,2046.0,4383.5,4691.5003,4631.0,3652.0,3041.5,3096.5,3289.0,3294.5,3256.0,3173.5,4053.5,4757.5,5236.0009,5098.5003,4191.0,3096.5,2513.5,2090.0,1001.0,72413.0015
407,2019-02-12,401.5,434.5,401.5,638.0,2145.0,4411.0003,4653.0003,4730.0006,3580.5,3228.5,3047.0,2997.5,3080.0,3118.5,3151.5,3894.0,4999.5,4983.0,5285.5,4378.0,3058.0,2673.0,2211.0,1072.5,72572.5012
408,2019-02-13,297.0,269.5,313.5,737.0,2150.5,4449.5003,5192.0003,4598.0003,3740.0003,3129.5,3184.5,3245.0,3294.5,3052.5,3129.5,3987.5006,4955.5003,5087.5,5225.0,4581.5,3388.0,2612.5,2101.0,1039.5,73760.5021
409,2019-02-14,335.5,313.5,352.0,748.0,2222.0,4218.5006,4856.5,4768.5,3690.5,3096.5,3223.0,3278.0,3272.5,3239.5,3272.5,4048.0,4895.0003,5241.5003,5313.0003,4554.0,3355.0,2673.0,2200.0,1089.0,74255.5015
410,2019-02-15,363.0,324.5,368.5,627.0,2167.0,4548.5,5148.0003,4955.5,3811.5,3256.0,3168.0,3360.5,3349.5,3360.5,3382.5,3894.0003,4631.0,5120.5006,5021.5,4559.5003,3267.0,2739.0,2370.5,1061.5,74855.0015
411,2019-02-16,341.0,302.5,335.5,671.0,1958.0,3652.0,3971.0,3954.5,3289.0,2915.0,3041.5,3349.5,3916.0,4224.0,4026.0003,3569.5,3756.5,3844.5003,3663.0,3118.5,2574.0,2436.5,2101.0,1160.5,66170.5006
412,2019-02-17,511.5,390.5,401.5,418.0,1105.5,2035.0,2134.0,2200.0,2178.0,2227.5,2381.5,2541.0,2827.0,2810.5,3052.5,3124.0,2981.0,2975.5,2860.0,2981.0,2706.0,2365.0,1798.5,484.0,49489.0
413,2019-02-18,390.5,401.5,423.5,852.5,2189.0003,4598.0003,5098.5,4878.5,3690.5,3135.0,3151.5,3223.0,3234.0,3151.5,3063.5,3899.5,4213.0,4873.0006,5005.0,4031.5003,2948.0,2579.5,2134.0,973.5,72138.0015
414,2019-02-19,434.5,429.0,429.0,726.0,2172.5,4427.5,4273.5,4977.5,3646.5,2926.0,3102.0,3019.5,3151.5,3063.5,3217.5,4020.5003,4834.5,4999.5,5296.5006,4603.5,3157.0,2766.5,2238.5,1072.5,72985.0009
415,2019-02-20,445.5,379.5,385.0,742.5,2073.5,4345.0,4697.0,4878.5003,3740.0,3146.0,3047.0,3080.0,3069.0,3041.5,3201.0,3844.5003,4345.0,4873.0,5010.5003,4455.0003,3124.0,2508.0,2150.5,995.5,71577.0012
416,2019-02-21,308.0,253.0,99.0,676.5,2112.0,4444.0003,4301.0,4653.0,3833.5,2920.5,3135.0,3102.0,3074.5,2926.0,3080.0,3828.0,4664.0003,5175.5009,5214.0003,4444.0,3135.0003,2585.0,2337.5,1045.0,71346.0021
417,2019-02-22,401.5,313.5,335.5,654.5,2266.0,4532.0003,4790.5003,4636.5,3498.0,3184.5,3212.0,3245.0,3239.5,3173.5,3250.5,3954.5,4768.5,4994.0006,4977.5,3652.0,2458.5,2172.5,1980.0,836.0,70526.5012
418,2019-02-23,379.5,352.0,247.5,627.0,2035.0,3696.0,3855.5,3938.0,3426.5,2838.0,2722.5,3036.0,3778.5,4031.5,4070.0,4114.0,3899.5,3960.0,3773.0,2893.0,2574.0,2332.0,2117.5,1028.5,65725.0
419,2019-02-24,385.0,368.5,555.5,445.5,1127.5,2139.5,2211.0,2310.0,2194.5,2365.0,2568.5,2882.0,2997.5,3069.0,3140.5,3074.5,3091.0,3162.5,3212.0,3047.0,2744.5,2343.0,1738.0,423.5,51595.5
420,2019-02-25,396.0,396.0,401.5,786.5,2200.0,4647.5,4774.0,4752.0003,3630.0,3509.0003,3267.0,3256.0,3421.0,3278.0,3437.5,4103.0,5060.0003,5423.0003,5181.0,4372.5,3448.5003,2849.0,2293.5,1259.5,76142.0015
421,2019-02-26,489.5,500.5,500.5,764.5,2387.0,4565.0,4911.5,5054.5006,3591.5,3030.5,3294.5,3190.0,3421.0003,3217.5,3234.0,4158.0003,4966.5003,5291.0003,4933.5,4224.0,3465.0,2733.5,2233.0,1127.5,75284.0018
422,2019-02-27,550.0,407.0,390.5,737.0,2310.0003,4554.0,4719.0,4790.5,4026.0003,3234.0,3113.0,2992.0,3151.5,3063.5,3080.0,3740.0,4785.0,5252.5,5192.0003,4350.5,3234.0,2750.0,2348.5,1034.0,73804.5009
423,2019-02-28,434.5,451.0,368.5,577.5,2359.5,4504.5003,5010.5,5054.5,3734.5003,3146.0,3344.0003,3448.5,3470.5,3377.0,3509.0,4235.0,5230.5,5340.5003,5093.0,4944.5003,3575.0003,2882.0,2706.0,1281.5,78078.0018
424,2019-03-01,390.5,396.0,390.5,742.5,2326.5,4867.5,5247.0003,5186.5,3795.0,3294.5,3300.0,3107.5,3190.0,3355.0,3294.5,4026.0,4906.0,5181.0006,5274.5003,4515.5,3443.0,2893.0,2579.5,1270.5,76972.5012
425,2019-03-02,434.5,396.0,401.5,649.0,2090.0,3800.5003,4235.0,4257.0,3712.5003,3184.5,3206.5,3355.0,3976.5,4273.5,4081.0,4026.0,4119.5,4213.0,3976.5003,3421.0,2920.5,2711.5,2486.0,1259.5,71186.5009
426,2019-03-03,836.0,1149.5,1138.5,1166.0,2079.0,3619.0,3828.0006,3888.5003,4114.0,4658.5,4785.0,4983.0,5098.5003,5021.5006,4944.5,4922.5,4653.0,4922.5003,5208.5009,5230.5006,4713.5,4207.5003,3245.0,995.5,89408.0039
427,2019-03-04,390.5,396.0,418.0,781.0,2381.5,4796.0,5318.5006,5170.0006,3707.0003,3305.5,3239.5,3404.5,3190.0,3503.5003,3520.0003,4229.5,4966.5003,5379.0003,5445.0003,4631.0003,3509.0003,2761.0,2475.0,1254.0,78171.5036
428,2019-03-05,434.5,385.0,418.0,627.0,2491.5,4834.5003,5318.5009,6528.5006,5142.5003,4152.5,4262.5,4053.5003,4400.0,4350.5,4548.5,5736.5006,6902.5009,7282.0012,7727.5012,6671.5009,5005.0,3822.5003,3327.5,1727.0,100149.5075
429,2019-03-06,473.0,522.5,500.5,880.0,3195.5,6704.5009,7700.0006,7386.5009,5494.5003,4306.5,4488.0,4444.0,4460.5,4499.0,4686.0,6006.0006,7221.5012,7865.0009,8101.5012,7216.0012,5159.0,3861.0003,3459.5,1732.5,110363.0081
430,2019-03-07,451.0,495.0,561.0,946.0,3415.5,6616.5003,7386.5009,7177.5009,5516.5003,4587.0,4537.5003,4614.5,4724.5003,4840.0,4988.5,6011.5,7282.0003,7689.0009,7837.5006,6726.5003,5021.5003,3839.0,3404.5,1699.5,110368.5054
431,2019-03-08,467.5,561.0,467.5,924.0,3250.5003,6732.0009,7326.0009,7089.5009,5571.5006,4587.0,4625.5,4620.0,4823.5,4994.0003,4900.5003,5819.0009,7227.0006,7777.0009,7667.0006,6611.0006,4961.0003,3674.0,3316.5,1853.5,109846.0081
432,2019-03-09,665.5,511.5,577.5,1017.5,2931.5003,5230.5003,5863.0009,6044.5009,4999.5,4361.5,4246.0,4554.0003,5329.5006,5703.5,5852.0006,6149.0012,5725.5006,5659.5009,5467.0009,4554.0,4284.5,3877.5,3569.5003,1820.5,98994.5078
433,2019-03-10,467.5,440.0,594.0,550.0,1397.0,2783.0,2937.0,2695.0,2997.5,3382.5,3685.0003,3850.0003,3850.0003,4064.5,3965.5003,4086.5,4086.5,4213.0,4246.0,4196.5003,3811.5003,3344.0,2480.5,583.0,68706.0018
434,2019-03-11,605.0,484.0,478.5,979.0,3173.5,6440.5009,7309.5009,6968.5003,5511.0006,4460.5,4433.0,4565.0,4741.0,4603.5003,4867.5003,5714.5003,6715.5006,7188.5009,7447.0012,5907.0006,4449.5,3608.0,3179.0,1727.0,105556.0069
435,2019-03-12,451.0,429.0,456.5,1050.5,3107.5,6688.0009,7359.0009,7249.0009,5362.5003,4493.5,4394.5,4499.0,4548.5,4548.5,4609.0003,5626.5003,6715.5006,7287.5009,7513.0006,6231.5006,4647.5,3586.0,3140.5,1606.0,105600.0063
436,2019-03-13,577.5,467.5,423.5,940.5,2453.0,4983.0,5401.0003,5192.0,3883.0003,3388.0,3454.0,3410.0,3569.5,3509.0,3564.0003,4191.0,4994.0006,5555.0003,5439.5006,4779.5003,3663.0009,2920.5,2590.5,1342.0,80690.5036
437,2019-03-14,462.0,429.0,434.5,786.5,2585.0003,5065.5,5263.5,5313.0003,3998.5003,3388.0,3322.0,3366.0003,3404.5,3283.5,3454.0,4136.0,5027.0003,5379.0006,5362.5003,4680.5,3371.5,2821.5,2453.0,1298.0,79084.5024
438,2019-03-15,462.0,456.5,462.0,852.5,2288.0003,4790.5003,5434.0006,5131.5003,3960.0,3344.0,3399.0,3382.5003,3437.5,3470.5,3685.0003,4422.0,4977.5003,5555.0006,5670.5,4889.5,3723.5,2893.0,2651.0,1424.5,80762.003
439,2019-03-16,467.5,423.5,445.5,753.5,2315.5,4114.0003,4543.0,4378.0,3839.0003,3393.5,3322.0,3531.0003,4119.5,4427.5,4262.5,4141.5,4196.5,4125.0,4075.5,3509.0,3102.0,2887.5,2662.0,1336.5,74371.0009
440,2019-03-17,313.5,27.5,27.5,27.5,27.5,0.0,0.0,0.0,0.0,0.0,0.0,0.0,0.0,0.0,0.0,22.0,27.5,33.0,22.0,27.5,27.5,27.5,27.5,27.5,665.5
441,2019-03-18,286.0,429.0,434.5,891.0,2453.0,4972.0003,5428.5003,5071.0006,4251.5003,3322.0,3311.0,3421.0003,3553.0006,3366.0003,3459.5003,4092.0006,5214.0006,5687.0009,5659.5003,4812.5003,3635.5,2920.5,2596.0,1325.5,80591.5057
442,2019-03-19,440.0,418.0,412.5,786.5,2464.0,4768.5,5170.0,4972.0,4053.5,3261.5,3344.0,3399.0003,3487.0,3388.0,3564.0003,4372.5,5087.5003,5390.0,5390.0006,4664.0,3547.5,2832.5,2612.5,1364.0,79189.0015
443,2019-03-20,440.0,423.5,412.5,825.0,2332.0,4928.0,5357.0006,5417.5006,3987.5,3377.0,3366.0,3256.0,3426.5,3465.0,3509.0,4290.0,5126.0003,5043.5,5401.0003,4999.5,3531.0,2926.0,2722.5,1353.0,79915.0018
444,2019-03-21,467.5,473.0,489.5,896.5,2458.5,4845.5,5362.5012,5313.0,3932.5,3272.5,3223.0,3250.5,3531.0,3410.0,3333.0,4092.0,4961.0,5192.0012,4856.5012,4631.0,3498.0,2805.0,2568.5,1270.5,78133.0036
445,2019-03-22,511.5,528.0,440.0,869.0,2348.5,4845.5003,5368.0006,4999.5,4169.0,3536.5003,3289.0,3250.5,3316.5,3316.5,3404.5003,4163.5003,5115.0,5252.5006,5384.5003,4548.5003,3344.0,2607.0,2519.0,1446.5,78573.003
446,2019-03-23,434.5,407.0,412.5,841.5,2337.5,4103.0003,4477.0,4125.0,3685.0,3377.0,3333.0,3382.5,3965.5,4339.5,4207.5,4378.0,4202.0,4301.0,4163.5003,3509.0,3041.5,2744.5,2574.0,1276.0,73617.5006
447,2019-03-24,429.0,566.5,583.0,605.0,1782.0,3327.5,3668.5,3360.5,2992.0,2299.0,2480.5,2590.5,2623.5,2673.0,2601.5,2673.0,2618.0,2706.0,2700.5,2651.0,2409.0,2244.0,1754.5,451.0,52789.0
448,2019-03-25,423.5,412.5,396.0,401.5,1210.0,2200.0,2321.0,2200.0,2145.0,2486.0,2634.5,3008.5,3118.5,3250.5,3234.0,3212.0,2524.5,2601.5,2909.5,2810.5,2502.5,2271.5,1655.5,456.5,50385.5
449,2019-03-26,489.5,451.0,467.5,830.5,2337.5003,4763.0,5368.0009,5252.5009,3987.5,3267.0,3305.5,3333.0,3349.5003,3349.5,3432.0,4273.5,5087.5,5439.5,5445.0003,4686.0,3613.5,2959.0,2640.0,1369.5,79497.0027
450,2019-03-27,506.0,445.5,418.0,814.0,2436.5,5027.0,5626.5003,5192.0003,3888.5003,3300.0,3371.5,3360.5,3377.0003,3289.0,3415.5003,4196.5,5065.5,5478.0003,5555.0006,4812.5,3630.0,2849.0,2568.5,1237.5,79860.0024
451,2019-03-28,451.0,412.5,407.0,874.5,2348.5003,5126.0,5285.5003,5126.0006,3833.5,3338.5,3448.5,3344.0,3553.0,3542.0006,3498.0,4229.5003,5082.0003,5016.0006,5098.5003,4653.0003,3443.0,2816.0,3041.5,1375.0,79343.0036
452,2019-03-29,528.0,500.5,500.5,858.0,2931.5,4900.5,5307.5003,5252.5003,4229.5,3399.0,3289.0,3146.0,3388.0,3465.0,3575.0,4345.0,5054.5,5241.5003,5362.5003,4735.5,3575.0,2750.0,2645.5,1331.0,80311.0012
453,2019-03-30,561.0,500.5,517.0,693.0,2442.0,4130.5,4466.0,4455.0003,3861.0,3250.5,3228.5,3487.0,4059.0,4301.0,4367.0,4240.5,4257.0,4345.0,4048.0,3597.0006,3069.0,2904.0,2805.0,1331.0,74915.5009
454,2019-03-31,489.5,467.5,467.5,467.5,1171.5,2205.5,2343.0,2194.5,2227.5,2535.5,2651.0,2920.5,3124.0,3212.0,3217.5,3080.0,3124.0,3360.5,3333.0,3316.5,2871.0,2667.5,2106.5,528.0,54081.5
455,2019-04-01,434.5,418.0,412.5,825.0,2277.0,4768.5,5461.5009,5329.5,4262.5003,3448.5,3322.0,3388.0,3410.0,3415.5,3608.0003,4400.0,5153.5,5368.0,5203.0003,4713.5,3641.0006,2805.0,2513.5,1369.5,79948.0024
456,2019-04-02,423.5,357.5,363.0,808.5,2387.0,4383.5,5109.5,5291.0003,4295.5,3525.5,3333.0,3388.0,3597.0,3448.5,3591.5,4482.5,5252.5003,5637.5006,5566.0006,5010.5003,3525.5,2931.5,2596.0,1435.5,80740.0021
457,2019-04-03,423.5,396.0,401.5,825.0,2348.5,4735.5,5406.5009,5296.5006,4328.5003,3487.0,3305.5,3465.0,3586.0,3619.0,3685.0003,4438.5,5263.5003,5665.0006,5665.0003,5164.5009,3586.0,2970.0,2596.0,1254.0,81911.5042
458,2019-04-04,390.5,374.0,368.5,737.0,2563.0,4977.5003,5505.5003,5362.5003,4257.0,3388.0,3250.5,3338.5,3393.5003,3432.0,3586.0,4356.0,5021.5,5439.5003,5489.0003,5120.5003,3696.0,2887.5,2689.5,1254.0,80877.5021
459,2019-04-05,346.5,352.0,379.5,819.5,2332.0,4565.0,5368.0006,5164.5006,4224.0,3586.0,3415.5,3256.0,3470.5,3415.5,3608.0003,4559.5,5384.5,5115.0003,4977.5,4851.0006,3553.0,2805.0,2585.0,1336.5,79469.5024
460,2019-04-06,478.5,462.0,467.5,748.0,2304.5,4191.0,4510.0003,4433.0,3657.5006,3294.5,3399.0,3509.0,4119.5,4477.0,4543.0,4433.0,3861.0,3553.0,3987.5003,3399.0,3030.5,2810.5,2667.5,1303.5,73639.5012
461,2019-04-07,440.0,429.0,434.5,451.0,1144.0,2238.5,2398.0,2392.5,2304.5,2673.0,2563.0,2816.0,3030.5,3129.5,3212.0,3190.0,2970.0,3102.0,3261.5,3217.5,2783.0,2541.0,1859.0,462.0,53042.0
462,2019-04-08,346.5,341.0,319.0,770.0,2365.0,4752.0003,5335.0003,5230.5003,4158.0003,3432.0,3454.0003,3624.5,3547.5,3558.5003,3696.0,4576.0,5252.5012,5654.0006,5560.5003,4741.0,3542.0003,2975.5,2436.5,1155.0,80822.5042
463,2019-04-09,324.5,330.0,434.5,742.5,2585.0,4851.0006,5478.0006,5318.5,4086.5,3525.5003,3388.0,3195.5,3421.0,3404.5,3399.0,4306.5003,5098.5003,5439.5006,5582.5003,4818.0,3624.5,2882.0,2656.5,1221.0,80113.003
464,2019-04-10,352.0,335.5,379.5,731.5,2458.5,4906.0003,5384.5003,5285.5006,4235.0,3624.5003,3421.0003,3542.0003,3564.0,3382.5003,3586.0003,4488.0003,5335.0003,5527.5,5296.5003,4796.0,3514.5,2843.5,2634.5,1331.0,80954.5036
465,2019-04-11,473.0,473.0,473.0,896.5,2480.5,4768.5,5511.0,5285.5003,4251.5,3569.5,3443.0,3377.0003,3448.5,3432.0003,3498.0,4488.0,5214.0,5588.0006,5802.5,5126.0003,3712.5,3118.5,2700.5,1265.0,82395.5018
466,2019-04-12,341.0,275.0,396.0,726.0,2458.5,4878.5003,5335.0003,5241.5003,4086.5,3602.5003,3536.5,3498.0,3536.5003,3487.0,3745.5006,4526.5,5269.0,5588.0006,5472.5003,5038.0006,3569.5006,2799.5,2464.0,1336.5,81207.5042
467,2019-04-13,522.5,396.0,462.0,742.5,2387.0,4202.0,4576.0003,4389.0,3734.5003,3261.5,3338.5,3459.5,4202.0,4389.0,4328.5,4262.5,4400.0,4229.5,4097.5,3498.0,2909.5,2761.0,2728.0,1265.0,74541.5006
468,2019-04-14,484.0,500.5,484.0,478.5,1226.5,2211.0,2337.5,2310.0,2277.0,2541.0,2695.0,2755.5,2953.5,2975.5,2920.5,2942.5,2909.5,3003.0,2937.0,2915.0,2684.0,2321.0,1787.5,506.0,51155.5
469,2019-04-15,550.0,495.0,533.5,808.5,2200.0,4466.0,5269.0003,5131.5003,3938.0003,3355.0,3338.5,3388.0,3300.0,3289.0,3459.5,4565.0,5324.0,5439.5009,5566.0,4785.0003,3404.5,2634.5,2310.0,1270.5,78820.5021
470,2019-04-16,676.5,654.5,517.0,753.5,2348.5003,4488.0,4966.5003,5159.0,4092.0003,3404.5003,3415.5,3448.5,3366.0,3388.0,3542.0003,4532.0,5082.0003,5296.5003,5274.5006,4548.5,3454.0003,2772.0,2524.5,1221.0,78925.003
471,2019-04-17,401.5,368.5,412.5,874.5,2376.0,4581.5006,5208.5,5109.5003,3784.0,3250.5,3333.0,3267.0,3294.5,3338.5,3410.0,4378.0,5115.0003,5230.5006,4708.0003,3927.0,3256.0,2750.0,2491.5,1314.5,76180.5021
472,2019-04-18,445.5,363.0,478.5,434.5,1094.5,2079.0,2392.5,2425.5,2414.5,2469.5,2508.0,2788.5,2953.5,2926.0,3030.5,2981.0,3008.5,3036.0,3162.5,2898.5,2678.5,2552.0,2002.0,429.0,51551.5
473,2019-04-19,324.5,308.0,341.0,418.0,1259.5,2172.5,2299.0,2304.5,2288.0,2453.0,2579.5,2739.0,2915.0,2915.0,2794.0,2282.5,2315.5,2337.5,2486.0,2244.0,2260.5,2172.5,1727.0,484.0,46420.0
474,2019-04-20,357.5,330.0,346.5,847.0,2222.0,3646.5003,3564.0,3443.0,3135.0,3069.0,3173.5,3113.0,3690.5003,3800.5006,3762.0,3327.5,3140.5,3157.0,2904.0,3047.0,2728.0,2530.0,2513.5,1188.0,63035.5012
475,2019-04-21,407.0,401.5,374.0,385.0,1116.5,2189.0,2183.5,2183.5,2183.5,2321.0,2293.5,2557.5,2772.0,2750.0,2827.0,2816.0,2805.0,2964.5,2860.0,2689.5,2403.5,2431.0,1837.0,429.0,48180.0
476,2019-04-22,341.0,335.5,412.5,962.5,2271.5,4449.5,5005.0003,5120.5003,4081.0,3459.5,3190.0,3283.5,3261.5003,3294.5,3509.0,4350.5003,5203.0012,5637.5,5626.5006,4719.0003,3877.5006,3729.0,3388.0,1518.0,81026.0039
477,2019-04-23,401.5,346.5,368.5,819.5,2365.0,4801.5,5461.5006,5456.0,4312.0,3707.0003,3514.5,3388.0,3668.5,3762.0,3696.0003,4515.5,5225.0003,5709.0003,5643.0006,4829.0006,4020.5003,3151.5,2733.5,1226.5,83121.5033
478,2019-04-24,352.0,335.5,385.0,770.0,2513.5,4829.0003,5406.5003,5307.5,4081.0,3487.0003,3360.5,3476.0003,3448.5,3437.5,3503.5006,4284.5,5203.0003,5516.5006,5538.5003,4933.5,3707.0003,2959.0,2574.0,2161.5,81570.5033
479,2019-04-25,786.5,363.0,330.0,786.5,2376.0,4818.0003,4818.0003,5230.5,4356.0,3503.5,3470.5,3300.0,3355.0,3382.5,3575.0003,4636.5,5379.0003,5670.5,5714.5006,4592.5006,3817.0003,3190.0003,2634.5,1336.5,81422.003
480,2019-04-26,440.0,429.0,434.5,803.0,2453.0,4477.0,5296.5,5230.5,4229.5,3437.5,3179.0,3316.5003,3432.0,3487.0003,3652.0003,4636.5,5071.0006,5434.0012,5263.5003,4504.5,3712.5,2997.5,2601.5,1314.5,79832.503
481,2019-04-27,407.0,390.5,390.5,676.5,2211.0,4180.0,4471.5,4323.0,3619.0003,3283.5,3217.5,3388.0,4009.5006,4350.5,4400.0,4378.0,4411.0,4224.0,3888.5,3305.5,3102.0,2909.5,2640.0,1325.5,73502.0009
482,2019-04-28,462.0,451.0,440.0,456.5,1149.5,2178.0,2447.5,2299.0,2414.5,2546.5,2816.0,2849.0,3146.0,3014.0,3091.0,3069.0,3118.5,3168.0,3278.0,3272.5,2832.5,2464.0,1699.5,649.0,53311.5
483,2019-04-29,352.0,352.0,396.0,1006.5,2326.5,4708.0003,5412.0003,5368.0,4251.5003,3591.5003,3294.5,3366.0,3575.0003,3597.0,3751.0003,4730.0003,5401.0003,5692.5003,5329.5006,4862.0,3685.0006,3047.0,2519.0,1276.0,81889.5039
484,2019-04-30,588.5,621.5,627.0,847.0,2431.0003,4532.0,4730.0003,5148.0006,4339.5003,3718.0,3465.0,3564.0,3366.0,3316.5,3481.5,4196.5,5170.0003,5423.0,5401.0003,4900.5,3949.0003,3091.0,2689.5,1292.5,80888.5024
485,2019-05-01,440.0,434.5,451.0,440.0,1127.5,2227.5,2431.0,2447.5,2579.5,2843.5,2810.5,2992.0,3118.5,3179.0,3305.5,3267.0,3140.5,3190.0,3305.5,3267.0,2805.0,2640.0,1864.5,671.0,54978.0
486,2019-05-02,561.0,566.5,561.0,1078.0,2645.5,4944.5,5428.5006,5351.5003,4328.5,3586.0,3481.5,3569.5,3751.0,3476.0003,3674.0,4664.0,5467.0003,5923.5003,5824.5009,4768.5,4015.0,3223.0,3113.0,1743.5,85745.0027
487,2019-05-03,462.0,423.5,445.5,847.0,2673.0,5027.0003,5527.5003,5313.0012,4279.0003,3663.0,3278.0,3338.5,3492.5,3514.5006,3685.0,4510.0,5164.5003,5747.5006,5654.0006,5170.0,3949.0003,3129.5,2838.0,1479.5,83611.0045
488,2019-05-04,555.5,572.0,550.0,918.5,2568.5,4158.0,4455.0,4427.5,3844.5,3448.5,3426.5,3520.0,4268.0,4515.5,4488.0,4251.5,4174.5,4383.5,4438.5003,3630.0,3146.0,2909.5,2755.5,1606.0,77011.0003
489,2019-05-05,770.0,770.0,775.5,753.5,1512.5,3641.0,3613.5,3800.5003,3861.0003,4103.0,4620.0,4675.0003,4702.5003,4900.5,4878.5,4950.0003,4818.0,4972.0,5027.0003,4895.0003,4675.0,3872.0003,2865.5003,632.5,84084.0027
490,2019-05-06,924.0,1094.5,786.5,863.5,2530.0,4642.0,5329.5,5142.5006,4350.5003,3547.5,3597.0006,3608.0,3619.0003,3470.5003,3580.5,4405.5003,5208.5003,5791.5006,5626.5003,5043.5003,3899.5003,3107.5,2783.0,1298.0,84249.0042
491,2019-05-07,572.0,517.0,539.0,946.0,2436.5,4961.0003,5615.5006,5285.5009,4312.0,3822.5006,3525.5,3415.5,3608.0006,3481.5,3657.5,4691.5,5357.0003,5725.5006,5775.0009,5219.5006,4037.0,3228.5,2772.0,1463.0,84964.0054
492,2019-05-08,610.5,478.5,517.0,1012.0,2541.0,4697.0,5346.0003,5230.5003,4246.0003,3597.0003,3146.0,3311.0,3366.0,3404.5,3564.0,4576.0,5362.5003,5819.0006,5841.0,4812.5,3877.5006,3140.5,2805.0,1529.0,82830.0027
493,2019-05-09,489.5,495.0,451.0,946.0,2546.5003,4862.0,5373.5003,5472.5,4240.5003,3619.0006,3250.5,3316.5,3498.0,3597.0,3685.0003,4576.0,5291.0003,5626.5003,5566.0006,4719.0,3745.5,2898.5,2673.0,1507.0,82445.003
494,2019-05-10,555.5,478.5,528.0,891.0,2409.0,4482.5003,5324.0003,5214.0003,4070.0003,3388.0,3239.5,3487.0003,3668.5,3536.5,3558.5003,4251.5003,5164.5003,5588.0003,5032.5,4702.5,3833.5,3085.5,2810.5,1419.0,80718.0027
495,2019-05-11,528.0,473.0,550.0,874.5,2414.5,3899.5,4526.5,4339.5,3096.5,3294.5,3327.5,3410.0003,4119.5,4438.5,4416.5,4521.0,4295.5,4592.5003,4301.0,3520.0,2920.5,2772.0,2656.5,1419.0,74706.5006
496,2019-05-12,803.0,1061.5,924.0,610.5,1138.5,2090.0,2189.0,2194.5,2211.0,2497.0,2557.5,2706.0,2821.5,2931.5,2799.5,2882.0,2926.0,2992.0,3283.5,3129.5,2728.0,2585.0,1991.0,621.5,52673.5
497,2019-05-13,456.5,423.5,467.5,759.0,2530.0,4466.0003,5291.0006,5412.0006,4042.5,3355.0,3096.5,3267.0,3360.5,3338.5,3437.5,4515.5,5236.0006,5654.0,5709.0006,4504.5,3509.0,2766.5,2502.5,1232.0,79332.0027
498,2019-05-14,456.5,511.5,539.0,929.5,2596.0,4933.5003,5582.5003,5406.5,4081.0,3305.5,3228.5,3256.0,3404.5,3404.5003,3509.0,4532.0,5071.0,5599.0006,5725.5012,5076.5003,3756.5003,3118.5,2777.5,1424.5,82225.0033
499,2019-05-15,484.0,451.0,467.5,1034.0,2772.0,4713.5,5610.0,5483.5006,4246.0003,3685.0003,3278.0,3509.0003,3712.5006,3646.5006,3690.5,4559.5,5219.5006,5907.0006,5791.5003,4895.0003,4042.5,3234.0,2805.0,1375.0,84612.0045
500,2019-05-16,583.0,445.5,478.5,1017.5,2508.0,4851.0006,5632.0003,5252.5,4163.5003,3608.0006,3344.0,3448.5,3690.5003,3520.0003,3619.0,4664.0,5181.0009,5769.5009,5681.5006,4950.0,3635.5,3003.0,2959.0,1446.5,83451.5048
501,2019-05-17,500.5,407.0,423.5,896.5,2425.5,4647.5003,5456.0006,5186.5003,4202.0,3619.0,3437.5006,3586.0,3663.0,3503.5,3641.0003,4642.0003,5252.5003,5813.5,5599.0003,4961.0,3883.0,3085.5,2799.5,1584.0,83215.003
502,2019-05-18,566.5,533.5,533.5,825.0,2447.5,4207.5003,4466.0,4251.5,3630.0003,3272.5,3239.5,3410.0003,4097.5,4356.0,4345.0,4427.5,4328.5,4449.5,4389.0,3509.0,2948.0,2876.5,2849.0,1435.5,75394.0009
503,2019-05-19,654.5,693.0,610.5,577.5,1265.0,2172.5,2282.5,2420.0,2189.0,2535.5,2706.0,2904.0,3003.0,2953.5,2953.5,3003.0,3041.5,3107.5,2992.0,3041.5,2898.5,2695.0,1958.0,638.0,53295.0
504,2019-05-20,555.5,566.5,599.5,1083.5,2475.0,4449.5,5538.5,5203.0006,4064.5003,3509.0,3366.0,3437.5003,3558.5,3602.5,3547.5,4372.5003,5285.5003,5775.0003,5632.0003,4856.5,3899.5,3096.5,2777.5,1457.5,82709.0024
505,2019-05-21,643.5,627.0,605.0,935.0,2871.0,6055.5009,7150.0009,7161.0006,5907.0006,4372.5,4218.5,4196.5,4548.5,4614.5,4620.0,6077.5009,7117.0006,7348.0009,7639.5009,6484.5003,5010.5,3921.5,3360.5003,1655.5,107140.0069
506,2019-05-22,423.5,412.5,451.0,726.0,2552.0,4823.5003,5351.5009,5450.5,4301.0003,3421.0,3399.0,3448.5,3586.0,3514.5,3443.0,4394.5,5120.5003,5830.0006,5571.5006,4719.0,3679.5,3063.5,2645.5,1507.0,81834.503
507,2019-05-23,643.5,599.5,632.5,1078.0,2574.0,4499.0003,5604.5009,5417.5003,4020.5003,3492.5003,3074.5,3151.5,3118.5,3190.0,3316.5,4378.0,5071.0003,5258.0003,5434.0003,4757.5003,3630.0,3107.5,2695.0,1468.5,80212.0033
508,2019-05-24,566.5,533.5,555.5,990.0,2359.5003,4592.5,5241.5009,5104.0,4092.0,3553.0,3228.5,3327.5,3498.0,3459.5,3498.0003,4515.5,5197.5,5489.0,5538.5003,4669.5,3536.5,3008.5,2695.0,1589.5,80839.0018
509,2019-05-25,671.0,682.0,627.0,1006.5,2304.5,3883.0,4130.5,4372.5,3586.0003,3008.5,3129.5,3421.0003,3877.5003,4004.0003,4119.5,4053.5003,3987.5003,4169.0,4059.0003,3399.0,2821.5,2667.5,2772.0,1567.5,72319.5021
510,2019-05-26,610.5,599.5,610.5,588.5,1232.0,2189.0,2271.5,2178.0,2183.5,2348.5,2414.5,2557.5,2816.0,2898.5,2937.0,2964.5,2970.0,3212.0,3300.0,3135.0,2860.0,2623.5,2057.0,610.5,52167.5
511,2019-05-27,467.5,473.0,555.5,1023.0,2414.5003,4653.0,5500.0,5346.0003,4235.0,3311.0,3239.5,3388.0,3481.5,3399.0,3586.0,4526.5,5126.0009,5709.0009,5956.5006,5087.5003,3657.5,2953.5,2634.5,1468.5,82192.0033
512,2019-05-28,616.0,599.5,671.0,973.5,2403.5,4697.0,5544.0003,5296.5003,4158.0003,3536.5,3195.5,3206.5,3305.5,3173.5,3305.5003,4136.0003,4955.5003,5626.5003,5610.0003,4829.0,3767.5003,2904.0,3025.0,1716.0,81251.5027
513,2019-05-29,698.5,704.0,665.5,990.0,2425.5003,4686.0,5555.0003,5340.5,4328.5003,3635.5,3261.5,3289.0,3503.5,3454.0,3602.5003,4620.0,5390.0003,5555.0003,5698.0003,4818.0,3652.0,2931.5,2706.0,1419.0,82929.0021
514,2019-05-30,572.0,610.5,632.5,869.0,2425.5003,4917.0003,5483.5006,5566.0009,4372.5003,3514.5,3327.5,3399.0,3245.0,3377.0,3470.5,3960.0,4878.5003,5170.0006,5456.0,4867.5,3822.5006,3080.0,2761.0,1468.5,81246.0039
515,2019-05-31,572.0,533.5,561.0,962.5,2656.5,4790.5,5384.5006,5335.0,4224.0,3657.5003,3338.5,3289.0,3333.0003,3410.0,3476.0,4603.5,5362.5006,5599.0009,5588.0003,4873.0,3707.0,3008.5,2695.0,1716.0,82676.003
516,2019-06-01,599.5,588.5,610.5,1023.0,2293.5,3976.5,4361.5,4246.0,3690.5003,3168.0,3124.0,3465.0,4048.0,4196.5,4202.0,4147.0,4202.0003,4361.5,4218.5003,3487.0003,2783.0,2651.0,2629.0,1534.5,73606.5012
517,2019-06-02,522.5,500.5,522.5,555.5,1182.5,2260.5,2436.5,2222.0,2337.5,2497.0,2541.0,2739.0,2915.0,2871.0,3058.0,3008.5,2992.0,3003.0,3316.5,3322.0003,2838.0,2574.0,1848.0,484.0,52547.0003
518,2019-06-03,401.5,390.5,396.0,451.0,1254.0,2310.0,2431.0,2535.5,2552.0,2563.0,2629.0,2557.5,2860.0,3036.0,3118.5,3014.0,2981.0,3124.0,3184.5,3096.5,3003.0,2508.0,1765.5,588.5,52750.5
519,2019-06-04,550.0,544.5,566.5,1039.5,2436.5003,4719.0,5483.5006,5434.0006,4510.0,3844.5006,3514.5,3492.5,3630.0003,3580.5,3652.0003,4339.5,5087.5006,5720.0006,5857.5009,5082.0003,3839.0003,3052.5,2777.5,1424.5,84177.5054
520,2019-06-05,495.0,467.5,489.5,880.0,2552.0,4977.5003,5571.5006,5362.5,4246.0006,3536.5,3448.5,3415.5003,3613.5,3547.5,3696.0003,4372.5,5153.5003,5659.5003,5654.0006,4625.5,3811.5003,3102.0,2733.5,1397.0,82808.0036
521,2019-06-06,539.0,506.0,511.5,979.0,2508.0,4944.5003,5505.5003,5313.0003,4378.0,3718.0006,3520.0,3470.5,3531.0003,3410.0,3624.5003,4493.5,5313.0003,5692.5006,5786.0,5054.5003,3828.0,2992.0,2849.0,1479.5,83946.5033
522,2019-06-07,555.5,511.5,517.0,748.0,2491.5,4686.0,5324.0006,5186.5,4048.0,3377.0,3360.5,3212.0,3459.5003,3377.0,3547.5,4477.0,5280.0009,5632.0006,5659.5006,4818.0,3927.0,3157.0,2909.5,1452.0,81713.503
523,2019-06-08,533.5,566.5,539.0,792.0,2453.0,4229.5,4543.0,4389.0,3751.0,3316.5,3234.0,3371.5,3905.0,4290.0,4350.5,4427.5,4312.0,4262.5,4163.5,3624.5,3036.0,2865.5,2799.5,1397.0,75152.0
524,2019-06-09,627.0,599.5,550.0,533.5,1243.0,2277.0,2447.5,2425.5,2271.5,2530.0,2722.5,2810.5,2986.5,3003.0,3036.0,3008.5,3096.5,3124.0,2909.5,3146.0,2728.0,2574.0,1886.5,440.0,52976.0
525,2019-06-10,390.5,390.5,456.5,929.5,2524.5,4845.5,5390.0003,5252.5003,4240.5003,3465.0,3322.0,3393.5,3542.0003,3448.5003,3613.5003,4554.0,5280.0009,5571.5,5582.5003,5005.0003,3921.5,3014.0,2739.0,1419.0,82291.0033
526,2019-06-11,621.5,572.0,605.0,1012.0,2612.5,4851.0003,5461.5006,5296.5009,4180.0,3509.0,3404.5,3498.0,3525.5,3514.5,3712.5006,4587.0003,5390.0003,5731.0009,5890.5009,5131.5003,3960.0,3080.0,2838.0,1408.0,84392.0051
527,2019-06-12,489.5,484.0,511.5,946.0,2508.0,4526.5,5076.5,5274.5003,4405.5,3503.5003,3344.0003,3377.0,3443.0003,3382.5,3575.0003,4262.5,5324.0,5566.0006,5241.5006,4823.5006,3767.5,3135.0,2810.5,1518.0,81295.5033
528,2019-06-13,544.5,583.0,550.0,869.0,2695.0,4867.5,5395.5003,5296.5003,3982.0003,3289.0,3162.5,3278.0,3228.5,3245.0,3443.0,4543.0,5401.0,5791.5003,5709.0,4785.0,3663.0,2937.0,2645.5,1347.5,81251.5012
529,2019-06-14,588.5,517.0,517.0,880.0,2469.5,4845.5006,5296.5003,4994.0,4257.0003,3663.0,3492.5003,3476.0,3421.0,3366.0,3509.0,4438.5,5241.5003,5824.5006,5714.5,4939.0,3861.0003,2981.0,2810.5,1419.0,82522.0027
530,2019-06-15,572.0,561.0,594.0,863.5,2447.5,3987.5,4174.5,4345.0,3558.5,3036.0,3063.5,3338.5003,4108.5,4306.5,4279.0,4301.0,4389.0,4273.5,3932.5,3349.5,2887.5,2904.0,2739.0,1529.0,73540.5003
531,2019-06-16,594.0,588.5,627.0,594.0,1364.0,2458.5,2304.5,2370.5,2409.0,2535.5,2629.0,2898.5,3085.5,2970.0,3080.0,3063.5,3025.0,3096.5,3184.5,3184.5,2849.0,2849.0,2128.5,583.0,54472.0
532,2019-06-17,528.0,511.5,506.0,973.5,2601.5,4911.5003,5362.5003,5192.0003,4295.5,3536.5,3338.5,3459.5,3437.5,3448.5,3514.5,4372.5,5274.5,5505.5003,5890.5006,4878.5003,3861.0,3267.0,2810.5,1589.5,83066.5021
533,2019-06-18,489.5,434.5,451.0,896.5,2502.5,4735.5,5505.5006,5373.5006,4207.5,3569.5003,3432.0003,3547.5006,3597.0,3514.5,3613.5,4389.0,4592.5003,4510.0,4653.0,4526.5,3888.5,3173.5,2755.5,1342.0,79700.5027
534,2019-06-19,583.0,522.5,522.5,874.5,2623.5,4807.0,5379.0003,5247.0003,3987.5,3514.5009,3355.0,3465.0,3745.5003,3745.5,4048.0,4565.0003,5423.0003,5582.5009,5522.0006,4966.5,3789.5,2992.0,2810.5,1512.5,83583.5039
535,2019-06-20,555.5,544.5,522.5,935.0,2568.5,4779.5003,5478.0003,4873.0003,4372.5,3454.0003,3305.5,3322.0,3492.5,3514.5,3443.0,4185.5,5186.5,5753.0009,5555.0006,4746.5,3767.5003,2970.0,2684.0,1424.5,81433.003
536,2019-06-21,495.0,489.5,489.5,874.5,2497.0,4526.5,5395.5009,5346.0006,4235.0003,3652.0003,3399.0,3448.5,3327.5,3228.5,3349.5,4191.0,5137.0003,5522.0003,5797.0,5016.0006,3872.0003,3091.0,2805.0,1595.0,81779.5036
537,2019-06-22,528.0,517.0,528.0,830.5,2420.0,4081.0,4471.5,4246.0,3586.0003,3173.5,3085.5,3349.5,4152.5,4455.0,4433.0,4405.5,4339.5,4185.5,4334.0003,3674.0,3179.0,2942.5,2755.5,1617.0,75289.5006
538,2019-06-23,484.0,440.0,434.5,467.5,1210.0,1875.5,2299.0,2387.0,2282.5,2574.0,2579.5,2695.0,3014.0,3036.0,2986.5,2981.0,3052.5,3041.5,3360.5,3217.5,2898.5,2739.0,1952.5,528.0,52536.0
539,2019-06-24,528.0,500.5,533.5,544.5,1265.0,2299.0,2244.0,2167.0,2299.0,2469.5,2563.0,2788.5,3151.5,3036.0,2898.5,2986.5,2997.5,3289.0,3377.0,3096.5,2909.5,2722.5,1853.5,500.5,53020.0
540,2019-06-25,374.0,363.0,418.0,825.0,2579.5,4614.5,5291.0006,5060.0,4152.5,3536.5,3300.0,3432.0,3509.0,3520.0,3635.5,4581.5,5236.0003,5577.0,5549.5003,4807.0003,3756.5,2975.5,2585.0,1545.5,81224.0015
541,2019-06-26,544.5,522.5,528.0,951.5,2662.0,4691.5012,5219.5,5043.5,4301.0,3465.0,3294.5,3470.5003,3382.5,3371.5,3553.0,4416.5,5109.5006,5703.5009,5665.0006,4807.0,3641.0,3074.5,2733.5,1364.0,81515.5036
542,2019-06-27,500.5,462.0,451.0,819.5,2579.5,4752.0,5340.5006,5335.0003,4081.0003,3663.0,3349.5,3465.0,3531.0,3564.0003,3745.5,4741.0,5280.0,5599.0,5802.5006,4917.0,3817.0003,3245.0,2865.5,1435.5,83341.5024
543,2019-06-28,621.5,566.5,555.5,913.0,2722.5,4834.5003,5544.0003,5296.5003,4180.0,3553.0003,3316.5,3344.0,3404.5,3465.0003,3558.5003,4394.5,5274.5,5593.5,5478.0006,4757.5003,3685.0,3245.0,2788.5,1364.0,82456.0027
544,2019-06-29,451.0,467.5,484.0,836.0,2502.5,4207.5,4400.0,4301.0,3624.5,3388.0,3294.5,3492.5,4114.0,4279.0,4356.0003,4152.5003,4279.0,4477.0,4207.5003,3635.5006,3168.0003,2898.5,2750.0,1303.5,75069.5018
545,2019-06-30,566.5,550.0,544.5,610.5,1292.5,2244.0,2326.5,2271.5,2354.0,2634.5,2645.5,2766.5,2953.5,3102.0,2970.0,3063.5,3036.0,3124.0,3487.0,3338.5,3014.0,2816.0,1903.0,588.5,54202.5
546,2019-07-01,544.5,528.0,539.0,577.5,1320.0,2414.5,2420.0,2354.0,2249.5,2469.5,2563.0,2799.5,3014.0,3019.5,3047.0,2997.5,3118.5,3140.5,2832.5,2722.5,2981.0,2667.5,1925.0,621.5,52866.0
547,2019-07-02,500.5,506.0,522.5,1001.0,2387.0,4812.5003,5241.5003,5247.0003,4158.0,3514.5,3179.0,3388.0,3520.0,3437.5,3542.0,4411.0,5401.0003,5742.0006,5824.5009,4895.0003,3602.5003,2959.0,2711.5,1402.5,81906.0033
548,2019-07-03,572.0,555.5,566.5,869.0,2508.0,4499.0,5494.5,5126.0,4229.5,3525.5,3382.5,3300.0,3327.5,3256.0,3437.5,4724.5,4994.0003,5346.0006,5764.0006,4686.0,3707.0003,3184.5,2843.5,1540.0,81438.5018
549,2019-07-04,572.0,555.5,577.5,863.5,2678.5003,4779.5,5274.5006,4752.0003,3993.0003,3421.0,3355.0,3448.5,3459.5,3393.5,3531.0,4471.5003,5362.5012,5940.0009,5973.0006,5076.5,3767.5,3140.5,2733.5,1419.0,82538.5045
550,2019-07-05,643.5,583.0,627.0,902.0,2458.5,4675.0,5450.5006,5082.0006,4174.5003,3327.5,3305.5,3465.0,3558.5,3476.0,3630.0,4570.5,5269.0003,5577.0,5472.5009,4807.0,3641.0003,2849.0,2612.5,1424.5,81581.503
551,2019-07-06,621.5,555.5,605.0,946.0,2552.0,4158.0,4438.5,4268.0,3613.5,3322.0,3377.0003,3608.0,4174.5003,4328.5,4394.5,4405.5,4114.0,4477.0,4389.0003,3740.0,3124.0,2893.0,2700.5,1501.5,76307.0009
552,2019-07-07,627.0,610.5,621.5,627.0,1578.5,2480.5,2409.0,2266.0,2282.5,2722.5,2860.0,3102.0,3261.5,3333.0003,3272.5,3289.0,3162.5,3327.5,3289.0,3322.0,2937.0,2772.0,2084.5,698.5,56936.0003
553,2019-07-08,649.0,654.5,649.0,1083.5,2590.5,4719.0,5412.0,5230.5,4306.5006,3509.0,3283.5,3344.0,3393.5,3481.5003,3624.5003,4592.5,5109.5009,5681.5003,5797.0006,5043.5,3828.0003,2975.5,2739.0,1435.5,83132.5033
554,2019-07-09,621.5,632.5,627.0,968.0,2678.5,4812.5,5368.0003,5208.5,4235.0003,3531.0003,3250.5,3349.5,3393.5,3344.0,3520.0,4757.5006,5137.0003,4955.5,5549.5,5109.5006,3817.0003,2975.5,2744.5,1347.5,81933.5027
555,2019-07-10,605.0,577.5,583.0,940.5,2513.5,4763.0003,5549.5003,5472.5003,4372.5003,3580.5003,3443.0,3311.0,3448.5003,3415.5003,3619.0,4691.5,5483.5,5764.0009,5775.0006,4779.5,3910.5,3080.0,2772.0,1562.0,84012.5036
556,2019-07-11,627.0,627.0,616.0,885.5,2662.0,4856.5,5434.0012,5368.0006,4224.0003,3437.5,3327.5,3360.5,3569.5,3531.0006,3767.5,4713.5003,5505.5006,5500.0,5428.5012,4796.0003,3998.5,2931.5,2601.5,1501.5,83270.0051
557,2019-07-12,660.0,621.5,654.5,979.0,2612.5,4812.5,5417.5003,5225.0006,4477.0,3679.5,3448.5,3608.0006,3679.5006,3531.0,3674.0003,4812.5,5637.5003,5890.5009,5989.5,5148.0,3789.5,2970.0,2805.0,1534.5,85657.0036
558,2019-07-13,704.0,676.5,649.0,962.5,2255.0,4218.5,4636.5,4356.0,3943.5,3421.0,3338.5,3602.5003,4323.0003,4422.0,4603.5003,4620.0003,4455.0,4658.5,4504.5003,3778.5003,3311.0,3157.0,2937.0,1435.5,78969.0018
559,2019-07-14,638.0,616.0,616.0,605.0,1303.5,2337.5,2359.5,2304.5,2376.0,2480.5,2530.0,2865.5,3069.0,3019.5,3085.5,3179.0,3151.5,3283.5,3338.5,3129.5,2849.0,2876.5,2134.0,660.0,54807.5
560,2019-07-15,555.5,555.5,522.5,786.5,2645.5003,4741.0003,5544.0003,5467.0003,4592.5,3828.0,3553.0,3366.0,3536.5,3542.0003,3718.0,4642.0,5362.5006,5703.5,5973.0003,5027.0,3806.0,3041.5,2810.5,1424.5,84744.0024
561,2019-07-16,599.5,599.5,583.0,929.5,2563.0,4911.5003,5555.0006,5373.5003,4328.5003,3509.0,3481.5,3542.0003,3476.0,3448.5006,3575.0003,4669.5,5467.0006,5962.0006,6011.5006,4713.5,3707.0006,3074.5,2717.0,1441.0,84238.0051
562,2019-07-17,500.5,489.5,588.5,984.5,2420.0,4933.5,5329.5009,5362.5,4273.5003,3459.5,3393.5,3382.5,3580.5003,3514.5,3608.0,4867.5,5472.5006,5863.0003,5885.0006,5032.5003,4009.5003,3228.5,2849.0,1446.5,84474.5036
563,2019-07-18,632.5,583.0,572.0,1023.0,2656.5,4752.0,5450.5006,5340.5003,4163.5,3828.0006,3503.5,3470.5,3558.5003,3531.0,3718.0,4658.5003,5643.0003,5879.5006,6000.5009,4939.0,3723.5003,3239.5,2816.0,1386.0,85068.5042
564,2019-07-19,599.5,610.5,627.0,885.5,2662.0,4862.0,5445.0006,5615.5003,4262.5,3646.5,3558.5,3575.0003,3635.5003,3663.0,3762.0,4845.5,5549.5,5637.5003,5714.5009,5170.0006,3998.5,3102.0,2876.5,1765.5,86069.5033
565,2019-07-20,572.0,561.0,555.5,561.0,1314.5,2502.5,2519.0,2381.5,2442.0,2700.5,2766.5,3107.5,3162.5,3234.0,3234.0,3245.0,3124.0,3245.0,3448.5,3305.5,2986.5,2854.5,2271.5,660.0,56754.5
566,2019-07-21,561.0,561.0,544.5,660.0,1325.5,2321.0,2447.5,2343.0,2387.0,2777.5,2816.0,2898.5,3162.5,3173.5,3245.0,3190.0,2992.0,2502.5,3613.5,3316.5,2975.5,2854.5,2398.0,737.0,55803.0
567,2019-07-22,643.5,605.0,572.0,946.0,2634.5,4955.5003,5478.0009,5401.0,4235.0,3602.5,3234.0,3432.0,3498.0,3525.5003,3701.5006,4675.0003,5417.5003,5687.0003,5577.0,5005.0,3844.5003,3041.5,2788.5,1633.5,84133.5033
568,2019-07-23,687.5,643.5,671.0,907.5,2535.5,4845.5003,5588.0006,5219.5,4235.0,3470.5003,3333.0,3404.5,3498.0,3448.5003,3762.0006,4812.5003,5406.5006,5830.0006,6072.0,4763.0003,3767.5003,3228.5,2717.0,1452.0,84298.5042
569,2019-07-24,654.5,632.5,687.5,1012.0,2678.5,4917.0006,5494.5,5379.0006,4180.0,3470.5,3349.5,3272.5,3344.0,3421.0,3503.5,4548.5,5329.5006,5989.5006,6022.5003,5148.0003,3899.5,3278.0,2777.5,1699.5,84689.003
570,2019-07-25,731.5,698.5,693.0,990.0,2689.5,4977.5,5533.0003,5384.5003,4279.0003,3569.5,3360.5003,3305.5,3421.0006,3415.5,3586.0,4504.5,5181.0003,5615.5003,5962.0006,5109.5003,3652.0003,2970.0,2739.0,1573.0,83941.0036
571,2019-07-26,704.0,698.5,726.0,1012.0,2733.5,4928.0,5472.5003,5274.5006,4631.0,3674.0,3333.0,3437.5,3531.0003,3498.0,3718.0,4587.0,5269.0006,5500.0,5544.0006,5137.0003,3938.0,3124.0,2860.0,1562.0,84892.5027
572,2019-07-27,731.5,698.5,704.0,1006.5,2937.0,5302.0009,5720.0006,5489.0006,4856.5,4350.5,4273.5,4570.5,5588.0006,5538.5009,5654.0003,5467.0003,5159.0003,5571.5003,5604.5003,4713.5,4147.0003,3910.5,3646.5003,1776.5,97416.0057
573,2019-07-28,720.5,709.5,737.0,737.0,1699.5,3096.5,3052.5,2799.5,3025.0,3377.0,3459.5,3657.5003,3872.0006,3888.5,3921.5,3976.5003,3888.5,4009.5,4224.0,4103.0003,3767.5003,3575.0003,2590.5,797.5,69685.0021
574,2019-07-29,660.0,737.0,742.5,1171.5,3212.0,6292.0009,7133.5012,7216.0009,5786.0006,4565.0,4510.0003,4460.5,4603.5,4653.0,4620.0,6242.5,7183.0006,7612.0,7392.0009,6006.0006,5456.0,4064.5,3553.0,1617.0,109488.506
575,2019-07-30,654.5,665.5,726.0,973.5,2711.5,4917.0,5714.5003,5599.0006,4312.0003,3399.0,3278.0,3272.5,3443.0003,3476.0,3580.5,4658.5003,5362.5003,5692.5,5923.5,4944.5,3855.5,3047.0,2909.5,1452.0,84568.0021
576,2019-07-31,682.0,682.0,720.5,1012.0,2640.0,5005.0006,4235.0003,4257.0,4504.5006,3696.0003,3278.0003,3404.5,3470.5,3459.5,3608.0,4554.0003,5208.5,5621.0,5852.0006,4928.0,3982.0,3195.5,2750.0,1595.0,82340.503
577,2019-08-01,737.0,715.0,682.0,1012.0,2667.5,4823.5,5472.5006,5335.0003,4378.0,3580.5006,3382.5003,3575.0,3525.5,3580.5003,3740.0,4576.0,5373.5,5830.0003,5824.5009,5027.0006,3872.0,3217.5,2893.0,1507.0,85327.0039
578,2019-08-02,720.5,704.0,676.5,902.0,2629.0,4895.0,5060.0,5324.0003,4301.0,3663.0003,3459.5003,3503.5006,3542.0,3492.5,3696.0003,4565.0003,5329.5006,5560.5,5714.5003,5148.0006,3982.0,3080.0,2882.0,2519.0,85349.0036
579,2019-08-03,1936.0,781.0,709.5,984.5,2744.5,4202.0,4345.0,4400.0003,3734.5,3250.5,3382.5,3437.5003,4081.0,4427.5,4433.0,4466.0,4416.5,4449.5,4301.0003,3630.0003,3151.5,3036.0,3047.0,2557.5,79904.0012
580,2019-08-04,1947.0,720.5,621.5,594.0,1358.5,2398.0,2590.5,2524.5,2513.5,2684.0,2711.5,2810.5,3003.0,3025.0,3030.5,3074.5,3217.5,3360.5,3360.5003,3344.0,3162.5,2898.5,2134.0,797.5,57882.0003
581,2019-08-05,638.0,599.5,605.0,984.5,2530.0,4939.0003,5428.5,5401.0009,4185.5,3503.5,3454.0,3509.0,3608.0,3509.0,3652.0003,4642.0,5362.5003,5703.5006,6094.0006,5181.0,3943.5,3228.5,2882.0,1556.5,85140.003
582,2019-08-06,742.5,731.5,781.0,1050.5,2535.5,4642.0003,5417.5003,5384.5006,4185.5,3580.5,3349.5003,3377.0,3635.5003,3591.5,3844.5003,4669.5003,5401.0009,5456.0003,6132.5009,5439.5,3921.5,3184.5,3107.5,2480.5,86641.5045
583,2019-08-07,1842.5,720.5,676.5,671.0,1314.5,2420.0,2469.5,2337.5,2431.0,2711.5,2711.5,2937.0,3261.5,3140.5,3217.5,3355.0003,3267.0,3421.0,3393.5,3283.5,2948.0,2596.0,2684.0,1925.0,59735.5003
584,2019-08-08,621.5,583.0,577.5,1050.5,2629.0,4807.0,5483.5006,5335.0003,4356.0,3674.0003,3399.0003,3525.5,3597.0,3547.5,3619.0,4576.0003,5412.0,5824.5009,5890.5003,5263.5003,4009.5003,3245.0,2865.5,1408.0,85299.5036
585,2019-08-09,616.0,588.5,594.0,1006.5,2722.5,4955.5003,5692.5009,5434.0003,4438.5003,3591.5,3371.5,3443.0,3503.5003,3558.5,3624.5006,4284.5,5021.5006,5483.5003,5945.5006,5318.5006,4240.5,3327.5,2915.0,2590.5,86267.5048
586,2019-08-10,1996.5,687.5,704.0,902.0,2447.5,4262.5003,4493.5,4284.5,3844.5,3415.5003,3531.0,3778.5003,4411.0,4565.0003,4796.0003,4653.0,4273.5,4515.5,4433.0003,4196.5,3503.5,3025.0,3052.5,2596.0,82368.0018
587,2019-08-11,1842.5,748.0,687.5,665.5,1325.5,2304.5,2321.0,2255.0,2321.0,2656.5,2623.5,3102.0,3179.0,3151.5,3201.0,3278.0,3580.5,3707.0003,3542.0,3146.0,2893.0,2755.5,2106.5,643.5,58036.0003
588,2019-08-12,627.0,649.0,627.0,1039.5,2706.0,4884.0003,5533.0,5203.0,4444.0,3597.0,3476.0,3465.0,3569.5,3635.5,3850.0,4631.0,5313.0003,5582.5003,5874.0006,4895.0,3844.5003,3195.5,2975.5,1501.5,85118.0018
589,2019-08-13,610.5,599.5,594.0,891.0,2486.0,4823.5,5450.5003,5450.5003,4394.5003,3668.5003,3300.0,3289.0,3388.0,3426.5,3520.0,4449.5,5329.5006,5874.0006,6000.5003,5252.5006,3998.5,3206.5,2843.5,1534.5,84381.0033
590,2019-08-14,726.0,671.0,715.0,918.5,2733.5,4961.0003,5505.5009,5329.5003,4444.0,3525.5,3305.5,3443.0,3459.5,3498.0,3608.0003,4548.5,5252.5,5665.0006,5780.5006,4818.0,3866.5,3069.0,2865.5,1408.0,84117.003
591,2019-08-15,627.0,605.0,599.5,929.5,2678.5003,4735.5,5373.5006,5318.5003,4460.5,3564.0,3283.5,3498.0,3547.5003,3349.5,3668.5006,4620.0,5390.0003,5758.5009,5835.5012,5126.0003,3795.0,2986.5,2750.0,1380.5,83880.5048
592,2019-08-16,577.5,544.5,544.5,918.5,2596.0,4724.5012,5533.0012,5445.0012,4191.0012,3531.0,3250.5,3360.5,3509.0,3437.5,3619.0,4438.5,5313.0,5500.0,5874.0,4796.0,3916.0012,3201.0,2816.0,1485.0,83121.506
593,2019-08-17,627.0,610.5,610.5,990.0,2871.0,4317.5006,4526.5,4416.5003,3685.0003,3327.5,3294.5,3448.5,4097.5,4477.0,4218.5,4306.5,4394.5,4383.5,4284.5,3646.5,3322.0,2948.0,2772.0,1331.0,76906.5012
594,2019-08-18,869.0,1089.0,1023.0,588.5,1342.0,2392.5,2403.5,2321.0,2365.0,2524.5,2656.5,2706.0,2816.0,2959.0,2959.0,3019.5,3107.5,3267.0,3272.5,3173.5,2931.5,2645.5,2002.0,588.5,55022.0
595,2019-08-19,555.5,533.5,528.0,544.5,1325.5,2497.0,2376.0,2414.5,2502.5,2579.5,2706.0,2711.5,2733.5,3036.0,3234.0,3173.5,3129.5,3305.5,3311.0,3300.0,2970.0,2816.0,2013.0,781.0,55077.0
596,2019-08-20,544.5,533.5,605.0,1017.5,2772.0,4944.5,4708.0,4972.0003,4537.5,3586.0003,3388.0,3305.5,3366.0,3349.5,3602.5,4455.0003,5241.5003,5659.5003,5456.0003,4757.5003,3751.0003,3036.0,2744.5,1435.5,81768.5024
597,2019-08-21,632.5,566.5,561.0,869.0,2695.0,4757.5,5274.5,5401.0006,4202.0003,3613.5003,3459.5,3448.5,3586.0,3547.5,3641.0003,4697.0006,5280.0006,5764.0009,6028.0009,5109.5006,4103.0003,3168.0,2915.0,1507.0,84826.5054
598,2019-08-22,847.0,1028.5,770.0,907.5,2755.5,4988.5003,5417.5003,5214.0003,4125.0,3613.5,3327.5003,3437.5,3503.5,3514.5003,3608.0,4532.0,5219.5006,5808.0006,5230.5,4961.0003,3872.0003,3206.5,2953.5,1413.5,84254.5033
599,2019-08-23,572.0,566.5,583.0,918.5,2805.0,5021.5,5329.5003,5115.0,4499.0003,3602.5,3503.5006,3481.5,3558.5003,3558.5003,3729.0,4598.0,5456.0,5951.0009,5967.5003,5214.0,4004.0,3278.0,2931.5,1463.0,85706.503
600,2019-08-24,737.0,676.5,693.0,1050.5,2821.5,4378.0003,4532.0003,4345.0,3646.5,3311.0,3382.5,3492.5003,4152.5,4422.0,4394.5,4477.0,4279.0,4268.0003,4301.0003,3723.5003,3283.5,2970.0,2849.0,1402.5,77588.5018
601,2019-08-25,594.0,572.0,544.5,654.5,1397.0,2354.0,2332.0,2343.0,2425.5,2623.5,2794.0,2887.5,3058.0,3217.5,3327.5,3278.0,3459.5,3344.0,3377.0,3597.0006,3052.5,2777.5,1991.0,863.5,56864.5006
602,2019-08-26,1034.0,1050.5,1012.0,1089.0,2579.5,4785.0,4361.5,4048.0,4510.0,3789.5006,3608.0003,3767.5003,3789.5003,3756.5,3866.5,4785.0,5291.0009,5764.0006,6160.0009,5340.5006,4053.5,3294.5,2904.0,1314.5,85954.0045
603,2019-08-27,863.5,1001.0,737.0,891.0,2805.0,5027.0003,5698.0003,5258.0006,4185.5,3652.0003,3718.0003,3674.0003,3806.0,3608.0003,3624.5,4724.5,5335.0006,6066.5006,6215.0012,5087.5,3960.0003,3162.5,2827.0,1479.5,87406.0051
604,2019-08-28,676.5,726.0,742.5,902.0,2634.5003,4878.5,5450.5,5098.5006,4460.5,3641.0,3481.5003,3685.0003,3800.5003,3679.5,3872.0,4598.0,5258.0,5610.0003,5731.0003,4928.0,3965.5,3195.5,2920.5,1485.0,85420.5024
605,2019-08-29,704.0,682.0,649.0,1006.5,2563.0,4922.5,5577.0006,5318.5006,4235.0003,3773.0003,3481.5,3514.5,3591.5,3641.0003,3740.0,4895.0,5318.5006,5654.0003,5978.5009,5104.0,4059.0,3278.0,2849.0,1507.0,86042.0039
606,2019-08-30,671.0,649.0,627.0,786.5,2607.0,5054.5006,5280.0003,5318.5003,4427.5,3751.0,3575.0,3586.0003,3575.0,3498.0,3652.0,4741.0,5291.0,5621.0006,5615.5,5153.5003,4086.5,3360.5,3019.5,1424.5,85371.0024
607,2019-08-31,847.0,764.5,478.5,792.0,2183.5,3965.5,4229.5,4268.0,3619.0,3283.5,3289.0,3393.5003,3938.0,4191.0,4185.5,4180.0,4262.5,4400.0,4097.5003,3217.5,2816.0,2750.0,2574.0,1897.5,73623.0006
608,2019-09-01,1105.5,748.0,1023.0,918.5,1023.0,2035.0,2255.0,2326.5,2244.0,2535.5,2728.0,3008.5,3008.5,3041.5,3162.5,3151.5,3085.5,3151.5,3250.5,3168.0,2827.0,2585.0,2277.0,896.5,55555.5
609,2019-09-02,572.0,484.0,506.0,940.5,2288.0,4526.5003,5164.5006,5280.0009,4449.5,3641.0,3349.5,3470.5006,3492.5003,3492.5,3674.0003,4664.0,5379.0006,5753.0003,5450.5,4636.5003,3745.5003,3118.5,2783.0,1342.0,82203.0045
610,2019-09-03,533.5,528.0,555.5,957.0,2596.0,4790.5003,5483.5,5005.0003,3910.5,3487.0003,3476.0,3520.0,3586.0003,3498.0,3663.0006,4598.0,5153.5006,5439.5,5747.5003,4933.5003,3751.0,2931.5,2585.0,1171.5,81900.503
611,2019-09-04,522.5,517.0,566.5,814.0,2541.0,4686.0,5478.0009,5423.0,4367.0006,3586.0003,3294.5,3338.5003,3597.0,3525.5003,3701.5,4565.0,5087.5,5478.0,5544.0,4889.5,3817.0003,2981.0,2651.0,1342.0,82313.0027
612,2019-09-05,478.5,467.5,500.5,709.5,2502.5,4642.0003,5247.0,5401.0003,4471.5,3685.0,3432.0,3487.0,3575.0006,3476.0,3531.0,4438.5,5027.0,5395.5,5615.5003,4829.0006,3718.0006,3003.0,2739.0,1369.5,81741.0027
613,2019-09-06,500.5,528.0,506.0,742.5,2733.5003,5951.0006,6539.5006,6726.5009,5731.0006,4433.0003,4378.0,4339.5,4378.0003,4356.0,4301.0,5786.0006,6924.5012,7513.0012,7078.5009,6226.0003,4763.0003,3751.0006,3333.0,1710.5,103229.5087
614,2019-09-07,528.0,539.0,550.0,847.0,2799.5,5362.5003,5610.0003,5604.5,4658.5003,4119.5003,4086.5,4504.5,5340.5006,5494.5003,5819.0006,5775.0006,5648.5003,5747.5009,5236.0003,4499.0,3751.0,3586.0003,3520.0003,2755.5,96382.0054
615,2019-09-08,1441.0,467.5,478.5,550.0,1540.0,2893.0,2970.0,2909.5,3091.0,3278.0,3360.5,3591.5,3712.5,3828.0,3800.5,3762.0003,3685.0,3833.5003,4020.5003,4158.0,4114.0003,3179.0,2315.5,693.0,67672.0012
616,2019-09-09,583.0,572.0,550.0,858.0,2920.5003,6363.5009,6996.0009,7271.0012,5725.5006,4708.0,4356.0,4328.5003,4389.0,4268.0,4422.0,5544.0006,6605.5009,7524.0012,7425.0012,6391.0006,4592.5003,3635.5,3201.0,1749.0,104978.509
617,2019-09-10,737.0,797.5,676.5,1050.5,2959.0,6055.5009,6088.5006,6853.0006,5703.5009,4427.5,4207.5,4251.5003,4477.0,4416.5,4400.0,5665.0009,6688.0009,7260.0006,7293.0009,6138.0006,4686.0,3883.0,3168.0,1545.5,103427.5072
618,2019-09-11,709.5,753.5,616.0,880.0,2898.5,6039.0003,7166.5003,7045.5006,5549.5003,4581.5,4268.0,4213.0,4378.0,4444.0,4697.0003,5395.5003,6957.5006,7386.5009,7282.0009,4823.5003,3740.0,2876.5,2480.5,1474.0,100655.5048
619,2019-09-12,737.0,715.0,627.0,902.0,2315.5,4702.5006,5439.5006,5472.5009,4273.5003,3679.5,3404.5,3333.0,3487.0,3536.5006,3591.5,4438.5003,5329.5,5670.5006,5995.0009,5005.0,3663.0,2942.5,2563.0,1292.5,83116.0048
620,2019-09-13,473.0,467.5,473.0,819.5,2321.0,4515.5003,5115.0,4922.5003,4317.5003,3201.0,3151.5,3206.5,3283.5,3465.0,3432.0003,4378.0,5456.0003,5659.5003,5648.5003,4829.0,3729.0012,3047.0,2744.5,1402.5,80058.0033
621,2019-09-14,676.5,638.0,660.0,913.0,3437.5003,6792.5009,7227.0003,7089.5009,5973.0,5208.5,5060.0,5357.0,6451.5009,7067.5006,7342.5009,6743.0009,6792.5009,6781.5006,6770.5006,5615.5003,5010.5003,4862.0,4631.0003,1903.0,119003.5087
622,2019-09-15,517.0,533.5,473.0,495.0,1226.5,2150.5,2365.0,2524.5,2486.0,2799.5,2733.5,2821.5,3201.0,3195.5,3234.0,3349.5,3085.5,3184.5,3239.5,3025.0,2711.5,2497.0,1875.5,687.5,54411.5
623,2019-09-16,671.0,627.0,544.5,709.5,2310.0,4790.5003,5285.5003,5142.5006,4323.0,3377.0,3025.0,3179.0,3294.5,3388.0,3646.5,4460.5003,5357.0006,5665.0006,5593.5006,4994.0003,3773.0,2975.5,2634.5,1413.5,81180.0036
624,2019-09-17,638.0,583.0,605.0,907.5,2359.5,4724.5,5450.5003,5423.0,4284.5003,3432.0,3382.5,3415.5,3415.5003,3432.0,3564.0,4306.5003,5280.0,5516.5,5731.0003,5230.5,3663.0,2953.5,2662.0,1386.0,82346.0015
625,2019-09-18,599.5,605.0,528.0,770.0,2409.0,4647.5,5098.5,5186.5006,4180.0003,3366.0,3223.0,3316.5,3470.5003,3234.0,3234.0,4136.0,4779.5,5296.5003,5725.5006,4669.5003,3542.0003,2882.0,2409.0,1347.5,78655.5027
626,2019-09-19,660.0,572.0,511.5,841.5,2436.5003,4625.5,5258.0003,5461.5,4284.5,3476.0,3206.5,3162.5,3278.0,3283.5,3063.5,3476.0,4939.0,5384.5009,5582.5006,4823.5,3586.0,2893.0,2502.5,1314.5,78622.5021
627,2019-09-20,693.0,781.0,643.5,902.0,2552.0,4510.0,5324.0003,5285.5003,4202.0,3459.5003,3261.5,3399.0,3470.5,3366.0,3344.0,4334.0,5197.5006,5467.0003,5082.0006,4697.0003,3619.0006,2920.5,2673.0,1413.5,80597.0033
628,2019-09-21,500.5,473.0,511.5,770.0,2211.0,4042.5,4306.5,4086.5,3465.0,3074.5,3063.5,3305.5,3949.0,4279.0,4224.0,4290.0,4108.5,4268.0,4009.5,3443.0,2920.5,2755.5,2640.0,1226.5,71923.5
629,2019-09-22,467.5,456.5,445.5,484.0,1171.5,2233.0,2293.5,2189.0,2205.5,2524.5,2656.5,2733.5,2904.0,2948.0,2948.0,3008.5,3063.5,3113.0,3162.5,3102.0,2838.0,2689.5,1848.0,555.5,52041.0
630,2019-09-23,561.0,528.0,511.5,874.5,2266.0,4532.0,5313.0006,5291.0003,4295.5,3322.0,3118.5,3195.5,3338.5003,3300.0,3443.0,4301.0003,4862.0006,5021.5,5192.0003,4614.5,3487.0,2816.0,2403.5,1292.5,77880.0024
631,2019-09-24,616.0,572.0,506.0,770.0,2458.5,4697.0003,5346.0009,5494.5003,4334.0,3520.0003,3322.0,3239.5,3201.0,3437.5,3531.0003,4427.5003,5291.0,5549.5006,5637.5009,4757.5,3509.0,2865.5,2546.5,1347.5,80976.5039
632,2019-09-25,638.0,599.5,467.5,803.0,2266.0,4625.5003,5362.5003,5351.5003,4048.0003,3575.0003,3327.5,3289.0,3327.5,3377.0,3267.0,4323.0,5054.5003,5318.5003,5071.0,4471.5,3333.0,2871.0,2524.5,1347.5,78639.0021
633,2019-09-26,687.5,478.5,539.0,825.0,2442.0,4361.5003,5203.0003,5027.0,4246.0,3338.5003,3146.0,3228.5,3382.5,3316.5,3415.5,4554.0,5181.0,5549.5006,5582.5006,4609.0,3630.0003,2865.5,2546.5,1320.0,79475.0024
634,2019-09-27,693.0,693.0,627.0,676.5,2392.5,4680.5003,5472.5,5401.0,3960.0,3316.5,3404.5,3355.0,3454.0,3426.5,3597.0,4515.5,5296.5006,5560.5003,5670.5003,4845.5003,3789.5,2953.5,2695.0,1375.0,81851.0018
635,2019-09-28,539.0,588.5,572.0,808.5,2244.0,4114.0,4235.0,3916.0,3943.5,3245.0,3234.0,3448.5003,4103.0,4400.0,4251.5,4290.0,4081.0,4169.0,4279.0,3443.0,2920.5,2772.0,2777.5,1358.5,73733.0003
636,2019-09-29,500.5,500.5,440.0,500.5,1281.5,2167.0,2244.0,2337.5,2321.0,2453.0,2530.0,2904.0,3008.5,2981.0,3085.5,3096.5,3047.0,3085.5,3030.5,2942.5,2750.0,2805.0,1941.5,616.0,52569.0
637,2019-09-30,610.5,643.5,517.0,830.5,2392.5,4741.0003,5230.5003,5258.0003,4290.0003,3327.5,3162.5,3399.0,3327.5,3399.0,3217.5,4273.5,5379.0009,5445.0012,5868.5009,5076.5003,3718.0003,2920.5,2612.5,1628.0,81268.0048
638,2019-10-01,588.5,632.5,588.5,973.5,2458.5,4620.0,5390.0003,5296.5003,4290.0006,3459.5003,3454.0,3531.0,3410.0003,3459.5,3657.5,4438.5,5280.0003,5445.0006,5516.5,4939.0003,3646.5003,2953.5,2662.0,1413.5,82104.0033
639,2019-10-02,594.0,594.0,522.5,924.0,2425.5003,4653.0003,5241.5003,5109.5,4130.5,3459.5,3267.0003,3443.0,3635.5,3602.5,3712.5006,4559.5,5428.5003,5764.0009,5648.5006,4928.0006,3745.5,2970.0,2634.5,1265.0,82258.0042
640,2019-10-03,627.0,566.5,511.5,847.0,2420.0003,4620.0,5445.0006,5450.5003,4136.0,3415.5,3206.5,3206.5,3388.0,3135.0,3261.5003,4180.0,5115.0003,5582.5003,5577.0003,4834.5003,3613.5009,2893.0,2618.0,1474.0,80124.0036
641,2019-10-04,533.5,599.5,599.5,880.0,2409.0,4581.5003,5384.5003,5346.0009,4191.0,3492.5,3234.0,3349.5,3388.0,3371.5,3503.5,4405.5,5263.5003,5736.5006,5824.5006,5027.0003,3674.0,3030.5,2926.0,1397.0,82148.0033
642,2019-10-05,495.0,511.5,462.0,792.0,2414.5,4070.0,4345.0,4224.0003,3432.0,3025.0,2970.0,3267.0003,4064.5003,4334.0,4147.0003,4114.0003,4229.5,4108.5,4053.5,3283.5,2854.5,2755.5,2684.0,1358.5,71995.0015
643,2019-10-06,418.0,385.0,484.0,500.5,1358.5,2227.5,2145.0,2161.5,2304.5,2403.5,2508.0,2662.0,2821.5,2805.0,2909.5,2942.5,2876.5,3173.5,3168.0,2893.0,2667.5,2579.5,1771.0,555.5,50721.0
644,2019-10-07,451.0,495.0,566.5,929.5,2491.5,4708.0,5549.5006,5351.5003,4268.0,3591.5003,3349.5,3393.5,3465.0,3454.0003,3520.0,4741.0,5445.0006,5775.0003,5940.0003,4834.5,3707.0003,3003.0,2667.5,1320.0,83017.003
645,2019-10-08,484.0,500.5,544.5,775.5,2464.0,4746.5,5423.0009,5401.0003,4328.5003,3608.0006,3355.0,3245.0,3415.5,3261.5003,3322.0,4471.5,5329.5006,5720.0009,5632.0006,4730.0,3668.5,3014.0,2739.0,1413.5,81592.5045
646,2019-10-09,577.5,566.5,495.0,924.0,2409.0,4702.5,5456.0003,5280.0,4196.5,3338.5,3267.0,3421.0,3481.5,3498.0,3602.5,4631.0,5445.0006,5566.0,5560.5006,4592.5,3701.5,3085.5,2656.5,1375.0,81829.0015
647,2019-10-10,643.5,610.5,544.5,825.0,2414.5,4900.5003,5555.0006,5384.5003,4345.0,3564.0,3272.5,3349.5,3498.0,3465.0,3509.0003,4444.0,5434.0006,5637.5003,5593.5003,4768.5,3712.5,3014.0,2684.0,1402.5,82571.5027
648,2019-10-11,665.5,676.5,539.0,841.5,2491.5,4763.0,5428.5009,5296.5003,4152.5,3575.0003,3360.5,3206.5,3448.5,3448.5006,3624.5,4609.0,5225.0,5516.5003,5379.0003,4592.5003,3663.0,2904.0,2612.5,1342.0,81361.503
649,2019-10-12,561.0,566.5,577.5,929.5,2332.0,4196.5003,4356.0,4251.5,3580.5,3074.5,3113.0,3338.5003,4081.0,4317.5,4092.0,4086.5,4257.0,4383.5,4218.5003,3272.5,2876.5,2563.0,2453.0,1226.5,72704.5009
650,2019-10-13,511.5,478.5,451.0,511.5,1325.5,2365.0,2359.5,2315.5,2310.0,2530.0,2469.5,2585.0,2854.5,2799.5,3014.0,3047.0,2931.5,3008.5,2964.5,3184.5,2684.0,2458.5,1881.0,462.0,51502.0
651,2019-10-14,429.0,423.5,429.0,423.5,1116.5,2029.5,2167.0,2227.5,2249.5,2524.5,2486.0,2596.0,2849.0,2755.5,2953.5,2898.5,2865.5,3102.0,3047.0,2838.0,2590.5,2464.0,1853.5,566.5,49885.0
652,2019-10-15,594.0,550.0,572.0,891.0,2486.0,4730.0,5307.5,5159.0003,4229.5003,3404.5,3201.0,3250.5,3283.5,3333.0,3338.5,4334.0,5164.5006,5742.0003,5731.0,4812.5003,3624.5,3025.0,2568.5,1254.0,80586.0018
653,2019-10-16,544.5,511.5,506.0,797.5,2530.0,4625.5,4818.0006,4977.5,4152.5,3421.0,3278.0,3366.0,3525.5,3316.5,3366.0,4356.0,5164.5003,5461.5003,5390.0,4796.0003,3784.0003,3069.0,2651.0,1397.0,79805.0018
654,2019-10-17,561.0,550.0,577.5,924.0,2398.0,4405.5,5093.0,5258.0006,4136.0006,3388.0003,3212.0,3245.0,3305.5003,3355.0,3498.0,3921.5,4609.0,5478.0,5483.5,4895.0003,3778.5,2948.0,2711.5,1435.5,79167.0021
655,2019-10-18,528.0,478.5,511.5,770.0,2431.0,4466.0003,5346.0009,5159.0,3619.0,3487.0,3140.5,3311.0,3454.0,3426.5,3294.5,4229.5,4884.0003,5302.0003,5291.0,4708.0003,3652.0003,2849.0,2618.0,1369.5,78325.5024
656,2019-10-19,550.0,528.0,500.5,841.5,2266.0,4086.5,4367.0,4394.5,3751.0003,3349.5,3311.0,3476.0003,4114.0,4207.5,4411.0,4246.0,4290.0,4229.5,4097.5,3355.0,2981.0,2783.0,2612.5,1298.0,74046.5006
657,2019-10-20,544.5,621.5,643.5,676.5,1402.5,2381.5,2376.0,2392.5,2337.5,2497.0,2689.5,2832.5,3003.0,3107.5,3074.5,3129.5,3107.5,3267.0,3366.0,3300.0,2975.5,2893.0,2271.5,808.5,55698.5
658,2019-10-21,665.5,649.0,451.0,847.0,2354.0,4493.5,5060.0,5005.0,4389.0,3663.0003,3355.0,3393.5,3498.0,3421.0,3564.0,4482.5,4983.0003,5522.0006,5010.5,4581.5003,3591.5,2805.0,2436.5,1287.0,79508.0015
659,2019-10-22,522.5,522.5,533.5,902.0,2370.5,4334.0,5016.0,5148.0,4301.0003,3586.0,3366.0,3344.0,3344.0003,3338.5,3454.0003,4290.0003,5230.5009,5610.0,5307.5006,4724.5,3789.5,2981.0,2629.0,1204.5,79849.0027
660,2019-10-23,489.5,533.5,423.5,759.0,2431.0,4576.0012,5406.5,5412.0012,4350.5012,3619.0012,3146.0,3415.5,3459.5,3657.5,3712.5012,4587.0,5148.0012,5049.0012,5379.0012,4697.0012,3646.5,3058.0,2673.0,1386.0,81015.0108
661,2019-10-24,533.5,500.5,478.5,885.5,2398.0,4229.5,5230.5003,5236.0,4350.5,3404.5,3162.5,3151.5,3344.0003,3514.5,3536.5,4202.0,5164.5003,5423.0,5632.0003,4609.0,3498.0003,2887.5,2563.0,1336.5,79271.5015
662,2019-10-25,484.0,484.0,528.0,929.5,2288.0,4510.0,5527.5006,5181.0,4163.5006,3448.5,3223.0,3195.5,3305.5,3157.0,3239.5,4328.5,5120.5,5483.5006,5478.0006,4587.0,3613.5003,2865.5,2579.5,1215.5,78936.0027
663,2019-10-26,566.5,528.0,539.0,759.0,2244.0,4070.0,4306.5,4037.0,3652.0,3151.5,3003.0,3267.0,3855.5,3971.0,4317.5,4323.0,4075.5,4202.0,4103.0,3377.0,2777.5,2645.5,2431.0,1243.0,71445.0
664,2019-10-27,500.5,484.0,462.0,495.0,1287.0,2189.0,2458.5,2425.5,2266.0,2876.5,3036.0,3564.0,3690.5003,3850.0003,3965.5,3822.5,3800.5,3646.5006,3283.5,3025.0,2750.0,2596.0,1991.0,500.5,58965.5012
665,2019-10-28,495.0,423.5,434.5,979.0,2420.0,4702.5,5335.0003,5126.0006,4092.0003,3360.5,3410.0,3333.0,3283.5,3289.0,3443.0003,4449.5,5258.0003,5852.0003,5797.0003,4510.0,3547.5,2876.5,2574.0,1281.5,80272.5024
666,2019-10-29,539.0,533.5,555.5,786.5,2508.0,4746.5,5043.5,5258.0012,4114.0,3404.5,3234.0,3239.5,3212.0,3289.0,3355.0,4312.0003,4983.0006,5615.5003,5764.0006,4818.0003,3569.5003,3052.5,2904.0,1248.5,80085.5036
667,2019-10-30,434.5,440.0,506.0,803.0,2502.5003,4741.0003,5406.5003,5428.5003,4262.5006,3564.0,3212.0,3201.0,3415.5003,3327.5,3388.0,4334.0,4763.0,5274.5003,5648.5006,4862.0,3652.0003,2975.5,2607.0,1254.0,80003.0033
668,2019-10-31,594.0,517.0,566.5,836.0,2491.5,4537.5,5395.5003,5181.0003,4158.0003,3333.0,3063.5,3371.5003,3311.0,3267.0,3432.0,4532.0,5478.0,5593.5003,5599.0006,4757.5,3602.5,2931.5,2678.5,1369.5,80597.0021
669,2019-11-01,616.0,572.0,511.5,902.0,2409.0,4647.5,5560.5,5296.5003,4284.5,3701.5003,3481.5,3520.0,3646.5003,3657.5003,3745.5003,4603.5003,4427.5006,5082.0,5142.5003,4873.0,3514.5,2931.5,2711.5,1402.5,81240.5027
670,2019-11-02,632.5,660.0,660.0,1039.5,3091.0,6611.0012,6886.0006,6886.0006,6319.5003,5065.5003,5197.5,5852.0,6787.0003,7205.0009,6952.0012,7001.5006,6957.5006,7073.0006,6952.0006,5615.5003,4922.5,4680.5003,4537.5003,1991.0,119575.5087
671,2019-11-03,715.0,665.5,660.0,687.5,1705.0,3712.5003,4081.0006,3872.0006,3949.0,3943.5003,4625.5003,4735.5,4807.0,4944.5,4664.0,4939.0003,4933.5,5082.0,5076.5003,4521.0,4504.5,4064.5003,2860.0,627.0,84375.503
672,2019-11-04,610.5,654.5,654.5,682.0,1776.5,3657.5003,3674.0,3729.0006,3630.0,3888.5,4598.0003,4455.0,4834.5,4807.0,4790.5,4543.0,4741.0,4955.5,5115.0003,4933.5,4774.0,4213.0,3091.0,720.5,83528.5015
673,2019-11-05,544.5,456.5,484.0,748.0,2348.5,4592.5,5357.0,5500.0003,4279.0,3476.0,3190.0,3399.0,3443.0003,3531.0003,3646.5003,4768.5,5252.5,5560.5006,5478.0003,4713.5,3415.5,2953.5,2634.5,1413.5,81185.5021
674,2019-11-06,511.5,478.5,500.5,885.5,2370.5,4906.0,5500.0,5351.5006,4284.5,3619.0,3564.0,3393.5003,3619.0,3591.5003,3619.0,4565.0,5324.0003,5483.5003,5780.5006,4834.5,3591.5,2953.5,2920.5,1292.5,82940.0024
675,2019-11-07,522.5,484.0,555.5,731.5,2442.0,4801.5,5549.5012,5252.5012,4202.0012,3624.5012,3316.5,3278.0,3300.0,3382.5,3437.5,4482.5012,5362.5,5659.5012,5593.5012,4664.0012,3674.0,2893.0,2585.0,1380.5,81174.5096
676,2019-11-08,440.0,385.0,500.5,863.5,2436.5,4796.0003,5362.5,5192.0003,4356.0,3503.5,3575.0,3454.0,3437.5,3470.5003,3613.5,4367.0,5329.5,5692.5006,5582.5003,4537.5,3437.5003,2953.5,2557.5,1369.5,81213.0021
677,2019-11-09,209.0,0.0,0.0,0.0,0.0,0.0,0.0,0.0,0.0,0.0,0.0,0.0,0.0,0.0,0.0,0.0,0.0,0.0,0.0,0.0,0.0,0.0,0.0,0.0,209.0
678,2019-11-10,0.0,0.0,0.0,0.0,0.0,0.0,0.0,0.0,0.0,0.0,0.0,0.0,0.0,0.0,0.0,0.0,0.0,0.0,0.0,0.0,0.0,0.0,0.0,0.0,0.0
679,2019-11-11,0.0,0.0,0.0,0.0,0.0,0.0,0.0,0.0,0.0,0.0,0.0,0.0,0.0,0.0,0.0,0.0,0.0,0.0,0.0,5.5,27.5,27.5,27.5,27.5,115.5
680,2019-11-12,462.0,594.0,616.0,869.0,2585.0,4636.5,4944.5,5159.0003,4438.5,3421.0,3239.5,3322.0,3426.5,3421.0,3564.0,4471.5,5302.0,4873.0,4911.5,4499.0003,3806.0003,2876.5,2612.5,1204.5,79255.0009
681,2019-11-13,572.0,522.5,517.0,808.5,2453.0003,4752.0,5241.5,5302.0003,4257.0,3520.0,3322.0003,3344.0,3338.5,3371.5003,3459.5,4240.5,5060.0,5335.0003,4977.5003,4878.5003,3641.0,2992.0,2607.0,1386.0,79898.5021
682,2019-11-14,533.5,506.0,495.0,896.5,2502.5,4625.5,5434.0008,5197.5008,4323.0008,3520.0,3245.0,3316.5,3608.0,3487.0,3800.0,4400.0,4950.0,4950.0,6050.0,4400.0,3850.0,3300.0,2200.0,1650.0,81240.0024
683,2019-11-15,550.0,550.0,550.0,550.0,2750.0,4400.0,5500.0,5500.0,3850.0,3850.0,2750.0,3300.0,3850.0,3300.0,3300.0,4400.0,5500.0,5500.0,6050.0012,4400.0,3850.0,2750.0,2750.0,1650.0,81400.0012
684,2019-11-16,1100.0,550.0,1100.0,1650.0,4400.0,7150.0,7150.0,7700.0012,6600.0,5500.0,5500.0,6050.0012,6600.0,7700.0012,7150.0,7700.0012,7150.0,7700.0012,7150.0,6050.0012,4950.0,4400.0,4400.0,2200.0,127600.0072
685,2019-11-17,1100.0,1100.0,1100.0,1100.0,2200.0,3850.0,3850.0,3850.0,4400.0,3850.0,4950.0,4400.0,4950.0,4950.0,4950.0,4950.0,4950.0,5500.0,4950.0,4950.0,4950.0,4400.0,3300.0,1100.0,89650.0
686,2019-11-18,550.0,550.0,550.0,550.0,2750.0,4400.0,5500.0,5500.0,3850.0,3850.0,3300.0,3300.0,3850.0,3300.0,3850.0,4400.0,4950.0,5500.0,5500.0,4950.0,3850.0,2750.0,2750.0,1100.0,81400.0
687,2019-11-19,550.0,550.0,550.0,550.0,2750.0,4400.0,4400.0,5500.0,4400.0,3300.0,3300.0,3850.0,3300.0,3850.0,3300.0,3850.0,4950.0,5500.0,5500.0,4950.0,3300.0,3300.0,2750.0,1650.0,80300.0
688,2019-11-20,550.0,550.0,550.0,550.0,2750.0,4400.0,5500.0,4950.0,3850.0,3300.0,2750.0,3300.0,3300.0,3300.0,3300.0,4400.0,4950.0,5500.0,5500.0,4400.0,3300.0,2750.0,2750.0,1650.0,78100.0
689,2019-11-21,0.0,550.0,550.0,1100.0,2200.0,4950.0,4950.0,4950.0,3300.0,2750.0,2750.0,2750.0,2750.0,2750.0,2750.0,4400.0,4950.0,4950.0,4400.0,3850.0,3850.0,2750.0,2200.0,1100.0,71500.0
690,2019-11-22,550.0,550.0,550.0,1100.0,2200.0,4400.0,4400.0,4950.0,4400.0,3300.0,3300.0,3300.0,3300.0,3300.0,3300.0,3850.0,4400.0,4950.0,5500.0,4400.0,3300.0,3300.0,2750.0,1100.0,76450.0
691,2019-11-23,550.0,0.0,550.0,1100.0,2200.0,3850.0,4400.0,4400.0,3300.0,3300.0,3300.0,3300.0,3850.0,4400.0,3850.0,4400.0,3850.0,3850.0,3850.0,3300.0,2750.0,2750.0,2200.0,1650.0,70950.0
692,2019-11-24,0.0,550.0,550.0,550.0,1650.0,2200.0,2200.0,2200.0,2200.0,2750.0,2750.0,2750.0,2750.0,2750.0,3300.0,3300.0,3300.0,2750.0,2750.0,3300.0,2750.0,2200.0,2200.0,550.0,52250.0
693,2019-11-25,550.0,550.0,550.0,550.0,2750.0,4400.0,5500.0,5500.0,3850.0,3850.0,3300.0,3300.0,3850.0,3300.0,3850.0,4400.0,4950.0,5500.0,5500.0,4950.0,3850.0,2750.0,2750.0,1650.0,81950.0
694,2019-11-26,550.0,1100.0,550.0,1100.0,2200.0,4950.0,4950.0,5500.0,4400.0,3850.0,3300.0,3850.0,3300.0,3850.0,3850.0,4400.0,5500.0,6050.0012,4950.0,4950.0,3850.0,3300.0,2750.0,1650.0,84700.0012
695,2019-11-27,550.0,0.0,550.0,1100.0,2200.0,4950.0,4950.0,4950.0,4400.0,3850.0,3850.0,3300.0,3850.0,3300.0,3850.0,4950.0,5500.0,4950.0,4950.0,4400.0,3300.0,3300.0,2750.0,1100.0,80850.0
696,2019-11-28,1100.0,550.0,550.0,1100.0,2200.0,4400.0,5500.0,4950.0,4400.0,3850.0,3300.0,3850.0,3850.0,3300.0,3850.0,4950.0,5500.0,5500.0,6050.0012,4950.0,3850.0,2750.0,2750.0,1650.0,84700.0012
697,2019-11-29,550.0,550.0,0.0,1100.0,2200.0,4950.0,5500.0,4950.0,4400.0,3300.0,3300.0,3300.0,3850.0,3300.0,3850.0,4400.0,5500.0,5500.0,5500.0,4950.0,3850.0,3300.0,2750.0,2200.0,83050.0
698,2019-11-30,1650.0,550.0,550.0,1100.0,2200.0,4400.0,3850.0,4400.0,3850.0,3300.0,3300.0,3300.0,3850.0,4400.0,3850.0,4400.0,4400.0,4400.0,4400.0,3850.0,3300.0,2750.0,2750.0,2200.0,77000.0
699,2019-12-01,1650.0,550.0,550.0,550.0,1100.0,2750.0,2200.0,2750.0,2200.0,2750.0,2200.0,3300.0,2750.0,3300.0,2750.0,3300.0,3300.0,3300.0,3850.0,3300.0,2750.0,2750.0,2200.0,550.0,56650.0
700,2019-12-02,550.0,550.0,0.0,1100.0,2200.0,4950.0,5500.0,5500.0,4400.0,3300.0,3850.0,3300.0,3850.0,3300.0,3850.0,4950.0,4950.0,6050.0012,5500.0,4950.0,3850.0,3300.0,2750.0,1100.0,83600.0012
701,2019-12-03,550.0,550.0,550.0,550.0,2750.0,4400.0,5500.0,5500.0,3850.0,3300.0,3300.0,3300.0,3300.0,3850.0,3300.0,4950.0,4950.0,5500.0,5500.0,4950.0,3850.0,3300.0,2750.0,1100.0,81400.0
702,2019-12-04,1100.0,550.0,550.0,550.0,2750.0,4400.0,5500.0,5500.0,3850.0,3850.0,3300.0,3300.0,3300.0,3300.0,3850.0,3300.0,4950.0,5500.0,5500.0,4950.0,3300.0,3300.0,2750.0,1650.0,80850.0
703,2019-12-05,550.0,550.0,550.0,550.0,2750.0,4400.0,5500.0,5500.0,3850.0,3850.0,3300.0,3850.0,3300.0,3300.0,3300.0,4400.0,5500.0,5500.0,5500.0,4950.0,3850.0,3300.0,2750.0,1650.0,82500.0
704,2019-12-06,550.0,550.0,550.0,1100.0,2200.0,4950.0,5500.0,5500.0,3850.0,3300.0,3300.0,3300.0,3300.0,3850.0,3300.0,4950.0,4950.0,6050.0012,5500.0,4950.0,3850.0,2750.0,2750.0,2750.0,83600.0012
705,2019-12-07,1100.0,550.0,550.0,1100.0,2750.0,3850.0,4400.0,4400.0,3300.0,3300.0,3300.0,3850.0,3850.0,4400.0,3850.0,4400.0,3850.0,3850.0,4400.0,3850.0,3300.0,2750.0,2750.0,2200.0,75900.0
706,2019-12-08,1100.0,550.0,550.0,1100.0,1100.0,2200.0,2750.0,2200.0,2200.0,2750.0,2750.0,3300.0,2750.0,3300.0,3300.0,3300.0,3300.0,3300.0,3850.0,2750.0,3300.0,2750.0,2200.0,1650.0,58300.0
707,2019-12-09,550.0,1100.0,550.0,1100.0,2200.0,4950.0,4950.0,5500.0,3850.0,3300.0,3300.0,3300.0,3300.0,3300.0,3300.0,4400.0,4950.0,5500.0,5500.0,4400.0,3850.0,3300.0,2200.0,1650.0,80300.0
708,2019-12-10,550.0,550.0,550.0,550.0,2750.0,4400.0,5500.0,5500.0,3850.0,3300.0,3850.0,3300.0,3300.0,3850.0,3300.0,4400.0,4950.0,6050.0012,5500.0,4950.0,3850.0,3300.0,2750.0,1100.0,81950.0012
709,2019-12-11,550.0,550.0,550.0,1100.0,2200.0,4950.0,5500.0,5500.0,3850.0,3850.0,3300.0,3300.0,3300.0,3850.0,3300.0,4400.0,5500.0,5500.0,5500.0,4950.0,3300.0,3300.0,2750.0,1100.0,81950.0
710,2019-12-12,550.0,550.0,550.0,1100.0,2200.0,4950.0,4950.0,5500.0,4400.0,3300.0,3300.0,3300.0,3850.0,3300.0,3850.0,4400.0,5500.0,5500.0,5500.0,4950.0,3850.0,2750.0,2750.0,1100.0,81950.0
711,2019-12-13,550.0,550.0,550.0,550.0,2750.0,4400.0,5500.0,4950.0,4400.0,3300.0,3300.0,3300.0,3300.0,3300.0,3850.0,4400.0,5500.0,5500.0,5500.0,4950.0,3850.0,3300.0,2750.0,2200.0,82500.0
712,2019-12-14,1100.0,550.0,550.0,550.0,2200.0,4400.0,3850.0,4400.0,3850.0,3300.0,3850.0,3300.0,4400.0,3850.0,4400.0,4400.0,4400.0,4400.0,4400.0,3850.0,3300.0,2750.0,3300.0,2200.0,77550.0
713,2019-12-15,1100.0,550.0,550.0,550.0,1650.0,2200.0,2750.0,2200.0,2750.0,2750.0,2750.0,2750.0,3300.0,3300.0,3300.0,3300.0,3300.0,3300.0,3850.0,3300.0,3300.0,3300.0,2200.0,550.0,58850.0
714,2019-12-16,1100.0,550.0,550.0,1100.0,2750.0,4950.0,5500.0,5500.0,4950.0,3300.0,3850.0,3300.0,3850.0,3300.0,3850.0,4400.0,5500.0,5500.0,6050.0012,4950.0,4400.0,2750.0,3300.0,1650.0,86900.0012
715,2019-12-17,1100.0,550.0,550.0,550.0,2750.0,4400.0,5500.0,5500.0,3850.0,3850.0,3300.0,3300.0,3300.0,3300.0,3300.0,4400.0,5500.0,5500.0,5500.0,4400.0,3850.0,3300.0,2750.0,1100.0,81400.0
716,2019-12-18,550.0,550.0,550.0,1100.0,2200.0,4400.0,5500.0,5500.0,4400.0,3300.0,3300.0,3300.0,3850.0,3300.0,3850.0,4400.0,5500.0,5500.0,6050.0012,4950.0,3850.0,2750.0,2750.0,1100.0,82500.0012
717,2019-12-19,550.0,550.0,550.0,1100.0,2200.0,4400.0,5500.0,5500.0,3850.0,3300.0,3300.0,3300.0,3300.0,3300.0,3850.0,4400.0,5500.0,5500.0,5500.0,4950.0,3850.0,2750.0,2750.0,1650.0,81400.0
718,2019-12-20,550.0,550.0,550.0,550.0,2750.0,4400.0,5500.0,4950.0,4400.0,3850.0,3300.0,3300.0,3300.0,3300.0,3850.0,4400.0,4950.0,5500.0,6050.0012,4950.0,3850.0,2750.0,2750.0,2200.0,82500.0012
719,2019-12-21,1100.0,550.0,550.0,1100.0,2200.0,4400.0,3850.0,4400.0,3300.0,3300.0,3300.0,3850.0,3850.0,4400.0,4400.0,4400.0,4400.0,4400.0,3850.0,3850.0,3300.0,2750.0,2750.0,2200.0,76450.0
720,2019-12-22,1100.0,550.0,550.0,550.0,1100.0,2200.0,2750.0,2200.0,2200.0,2750.0,3300.0,2750.0,3300.0,2750.0,3300.0,3300.0,2750.0,3300.0,2750.0,3300.0,2750.0,2750.0,2200.0,550.0,55000.0
721,2019-12-23,550.0,550.0,550.0,550.0,2200.0,4950.0,4950.0,4950.0,4400.0,3850.0,3300.0,3850.0,3850.0,3850.0,3850.0,4400.0,5500.0,4950.0,5500.0,4950.0,3850.0,2750.0,2750.0,1100.0,81950.0
722,2019-12-24,550.0,550.0,550.0,550.0,2750.0,3850.0,4950.0,4950.0,3850.0,3850.0,3300.0,3300.0,3850.0,3850.0,3850.0,3850.0,4950.0,4400.0,4400.0,3850.0,3850.0,2750.0,1650.0,0.0,74250.0
723,2019-12-25,550.0,550.0,550.0,550.0,1100.0,1650.0,2200.0,1650.0,2200.0,2200.0,2750.0,2200.0,2750.0,3300.0,3300.0,3300.0,2750.0,3300.0,3300.0,2750.0,2750.0,2200.0,1650.0,550.0,50050.0
724,2019-12-26,550.0,550.0,550.0,1100.0,2200.0,4400.0,4400.0,4400.0,3850.0,3850.0,3300.0,3300.0,3300.0,3850.0,3300.0,3850.0,4950.0,4950.0,5500.0,4400.0,3850.0,2750.0,2750.0,1650.0,77550.0
725,2019-12-27,550.0,1100.0,550.0,1100.0,2750.0,3850.0,4950.0,3850.0,3850.0,3300.0,3300.0,3300.0,3300.0,3300.0,3850.0,3300.0,4950.0,4950.0,4950.0,4950.0,3300.0,3300.0,2750.0,1100.0,76450.0
726,2019-12-28,550.0,550.0,550.0,1100.0,2200.0,3850.0,4400.0,4400.0,3850.0,3300.0,3300.0,3300.0,3850.0,3300.0,3850.0,3850.0,3850.0,3300.0,4400.0,3300.0,3300.0,3300.0,2750.0,1650.0,72050.0
727,2019-12-29,0.0,550.0,550.0,550.0,1100.0,2750.0,2200.0,2200.0,2200.0,2750.0,2750.0,2750.0,2750.0,2750.0,2200.0,3300.0,2750.0,2750.0,2750.0,2750.0,2750.0,2750.0,1650.0,550.0,50050.0
728,2019-12-30,550.0,550.0,550.0,1100.0,2200.0,3850.0,4400.0,4400.0,3850.0,3300.0,3300.0,3300.0,3300.0,3300.0,3850.0,3300.0,4400.0,4950.0,4400.0,3850.0,3300.0,3300.0,2200.0,1650.0,73150.0
729,2019-12-31,550.0,550.0,0.0,1100.0,2200.0,3850.0,3850.0,3850.0,3300.0,3300.0,3300.0,3300.0,3850.0,3300.0,3850.0,3300.0,3300.0,3300.0,3300.0,2750.0,2750.0,1650.0,550.0,550.0,61600.0
730,2020-01-01,550.0,550.0,550.0,550.0,550.0,1650.0,2200.0,2200.0,2200.0,2200.0,2200.0,2200.0,2200.0,2200.0,2750.0,2200.0,2200.0,2750.0,2200.0,3300.0,2200.0,2750.0,1650.0,1100.0,45100.0
731,2020-01-02,550.0,550.0,550.0,1100.0,2200.0,4400.0,4400.0,4400.0,3300.0,3300.0,3300.0,3850.0,3850.0,3300.0,3850.0,3300.0,4400.0,4950.0,4950.0,4400.0,3300.0,3300.0,2200.0,1650.0,75350.0
732,2020-01-03,550.0,550.0,0.0,1100.0,2200.0,4400.0,4400.0,4400.0,3850.0,3300.0,3300.0,3300.0,3850.0,3300.0,3850.0,3850.0,4400.0,4950.0,4400.0,4400.0,3850.0,3300.0,2750.0,1650.0,75900.0
733,2020-01-04,550.0,550.0,0.0,1100.0,2200.0,3850.0,4400.0,3850.0,3850.0,2750.0,3300.0,3300.0,3850.0,4400.0,4400.0,4400.0,3850.0,4400.0,4400.0,3300.0,3300.0,2750.0,2750.0,1100.0,72600.0
734,2020-01-05,550.0,550.0,550.0,550.0,1650.0,2200.0,2200.0,2200.0,2750.0,2750.0,2200.0,3300.0,2750.0,3300.0,2750.0,3300.0,3300.0,3300.0,3300.0,2750.0,3300.0,2200.0,2200.0,550.0,54450.0
735,2020-01-06,550.0,550.0,550.0,550.0,1650.0,2200.0,2200.0,2200.0,2750.0,2200.0,2750.0,2750.0,3300.0,2750.0,3300.0,2750.0,3300.0,3300.0,3300.0,3300.0,2750.0,2750.0,2200.0,550.0,54450.0
736,2020-01-07,550.0,550.0,550.0,1100.0,2200.0,4950.0,4950.0,5500.0,4400.0,3300.0,3300.0,3850.0,3300.0,3850.0,3300.0,4950.0,5500.0,5500.0,5500.0,4950.0,3300.0,3300.0,2200.0,1650.0,82500.0
737,2020-01-08,550.0,550.0,550.0,1100.0,2200.0,4400.0,4950.0,5500.0,4400.0,3300.0,3300.0,3850.0,3300.0,3850.0,3850.0,4400.0,5500.0,5500.0,5500.0,4950.0,3850.0,2750.0,2750.0,1650.0,82500.0
738,2020-01-09,550.0,550.0,550.0,550.0,2200.0,4950.0,5500.0,4400.0,3850.0,3300.0,3300.0,3850.0,3300.0,3300.0,3850.0,4400.0,5500.0,5500.0,4950.0,4950.0,3850.0,3300.0,2200.0,1650.0,80300.0
739,2020-01-10,550.0,550.0,550.0,1100.0,2200.0,4950.0,4950.0,4950.0,3850.0,3850.0,3300.0,3300.0,3300.0,3850.0,3300.0,4950.0,4950.0,6050.0012,5500.0,4400.0,3850.0,3300.0,2750.0,1650.0,81950.0012
740,2020-01-11,550.0,0.0,550.0,1100.0,2750.0,3850.0,4400.0,4400.0,3850.0,3850.0,3300.0,3300.0,4400.0,4400.0,4950.0,4400.0,4400.0,4400.0,4400.0,3850.0,3300.0,2750.0,2750.0,1650.0,77550.0
741,2020-01-12,550.0,0.0,550.0,550.0,1650.0,2200.0,2200.0,2200.0,2200.0,2200.0,2750.0,3300.0,2750.0,3300.0,3300.0,3300.0,2750.0,3300.0,3300.0,2750.0,2750.0,2750.0,2200.0,550.0,53350.0
742,2020-01-13,550.0,550.0,550.0,1100.0,2750.0,4400.0,5500.0,5500.0,4400.0,3850.0,3300.0,3850.0,3300.0,3850.0,3850.0,4400.0,5500.0,5500.0,6050.0012,4950.0,3300.0,3300.0,2200.0,1650.0,84150.0012
743,2020-01-14,550.0,550.0,550.0,550.0,2750.0,4950.0,5500.0,5500.0,4400.0,3850.0,3300.0,3850.0,3300.0,3850.0,3850.0,4400.0,4950.0,5500.0,5500.0,4950.0,3850.0,2750.0,2750.0,1650.0,83600.0
744,2020-01-15,550.0,550.0,550.0,550.0,2750.0,4950.0,5500.0,5500.0,4400.0,3850.0,3300.0,3300.0,3850.0,3300.0,3850.0,4400.0,5500.0,5500.0,5500.0,4950.0,3850.0,2750.0,2750.0,1650.0,83600.0
745,2020-01-16,550.0,550.0,550.0,550.0,2750.0,4400.0,4950.0,4950.0,4400.0,3300.0,3850.0,3300.0,3300.0,3300.0,3850.0,4400.0,5500.0,5500.0,5500.0,4400.0,3850.0,2750.0,2750.0,1650.0,80850.0
746,2020-01-17,550.0,550.0,550.0,550.0,2750.0,4400.0,5500.0,5500.0,4400.0,3300.0,3850.0,3300.0,3300.0,3300.0,3850.0,4950.0,5500.0,5500.0,5500.0,4950.0,4400.0,2750.0,3300.0,1100.0,83600.0
747,2020-01-18,1100.0,0.0,550.0,1100.0,2750.0,4400.0,4400.0,4400.0,3850.0,3300.0,3300.0,3850.0,3850.0,4400.0,4400.0,4950.0,4400.0,3850.0,4400.0,3300.0,2750.0,2750.0,2750.0,1650.0,76450.0
748,2020-01-19,550.0,550.0,550.0,550.0,1100.0,2750.0,2200.0,2200.0,2200.0,2200.0,2750.0,2750.0,2750.0,2750.0,3300.0,2750.0,3300.0,3300.0,3300.0,2750.0,2750.0,2750.0,2200.0,550.0,52800.0
749,2020-01-20,550.0,550.0,550.0,1100.0,2750.0,4950.0,5500.0,5500.0,3850.0,3850.0,3300.0,3300.0,3300.0,3850.0,3300.0,4950.0,4950.0,6050.0012,5500.0,4950.0,3300.0,3300.0,2750.0,1100.0,83050.0012
750,2020-01-21,550.0,550.0,550.0,550.0,2750.0,4400.0,5500.0,5500.0,4400.0,3850.0,3300.0,3300.0,3300.0,3850.0,3300.0,4400.0,4400.0,4950.0,5500.0,4400.0,3300.0,3300.0,2200.0,1650.0,79750.0
751,2020-01-22,550.0,550.0,550.0,550.0,2750.0,4400.0,4950.0,5500.0,4400.0,3300.0,3300.0,3300.0,3300.0,3300.0,3300.0,4950.0,4950.0,6050.0012,5500.0,4950.0,3300.0,3300.0,2750.0,1100.0,80850.0012
752,2020-01-23,550.0,550.0,550.0,550.0,2750.0,4400.0,6050.0,4950.0,4400.0,3300.0,3300.0,3300.0,3850.0,3300.0,3300.0,4950.0,5500.0,5500.0,5500.0,4950.0,3300.0,3300.0,2750.0,1100.0,81950.0
753,2020-01-24,550.0,550.0,550.0,1100.0,2200.0,4400.0,5500.0,4950.0,4400.0,3850.0,3300.0,3300.0,3300.0,3300.0,3850.0,4400.0,5500.0,5500.0,5500.0,4950.0,3850.0,3300.0,2750.0,1100.0,81950.0
754,2020-01-25,550.0,550.0,1100.0,550.0,2750.0,4400.0,4400.0,4400.0,3300.0,3850.0,3300.0,3300.0,3850.0,4400.0,4950.0,4400.0,4400.0,4400.0,4400.0,3300.0,3300.0,2750.0,2750.0,1100.0,76450.0
755,2020-01-26,1100.0,550.0,1100.0,1100.0,2200.0,3850.0,3850.0,3850.0,4400.0,4400.0,4400.0,4400.0,4950.0,4950.0,4400.0,4950.0,4950.0,4950.0,4950.0,5500.0,4400.0,4400.0,3300.0,1100.0,88000.0
756,2020-01-27,550.0,550.0,0.0,1100.0,2200.0,4950.0,5500.0,4950.0,4400.0,3300.0,3300.0,3300.0,3850.0,3300.0,3300.0,4400.0,5500.0,5500.0,5500.0,5500.0,3850.0,2750.0,2750.0,1100.0,81400.0
757,2020-01-28,550.0,550.0,0.0,1100.0,2200.0,4950.0,5500.0,5500.0,3850.0,3850.0,3300.0,3300.0,3300.0,3300.0,3300.0,4950.0,5500.0,5500.0,6050.0012,4950.0,3300.0,3300.0,2750.0,1100.0,81950.0012
758,2020-01-29,550.0,550.0,550.0,550.0,2750.0,4950.0,5500.0,5500.0,4400.0,3300.0,3300.0,3850.0,3300.0,3300.0,3850.0,4950.0,5500.0,5500.0,6050.0012,4950.0,3850.0,3300.0,2750.0,1100.0,84150.0012
759,2020-01-30,550.0,550.0,0.0,1100.0,2750.0,4950.0,5500.0,4950.0,4400.0,3300.0,3850.0,3300.0,3300.0,3850.0,3300.0,4950.0,4950.0,6050.0012,6050.0012,4950.0,3850.0,2750.0,2750.0,1100.0,83050.0024
760,2020-01-31,1100.0,1100.0,550.0,550.0,2750.0,4400.0,5500.0,4950.0,4400.0,3850.0,3300.0,3300.0,3850.0,3300.0,3850.0,4950.0,5500.0,5500.0,5500.0,4950.0,3850.0,2750.0,2750.0,1650.0,84150.0
761,2020-02-01,550.0,550.0,550.0,550.0,2750.0,4400.0,4400.0,4400.0,3850.0,3300.0,3300.0,3300.0,4400.0,4400.0,4400.0,4400.0,3850.0,4400.0,4400.0,3850.0,3300.0,3300.0,2750.0,1650.0,77000.0
762,2020-02-02,550.0,550.0,550.0,550.0,1650.0,2200.0,2200.0,2200.0,2750.0,2200.0,2750.0,2750.0,3300.0,2750.0,2750.0,3300.0,3300.0,2750.0,3300.0,3300.0,2750.0,2750.0,2200.0,550.0,53900.0
763,2020-02-03,550.0,550.0,550.0,1100.0,2200.0,4950.0,5500.0,5500.0,4400.0,3300.0,3300.0,3850.0,3300.0,3850.0,3850.0,4950.0,5500.0,5500.0,6050.0012,4950.0,3850.0,3300.0,2750.0,1100.0,84700.0012
764,2020-02-04,550.0,550.0,0.0,1100.0,2750.0,4400.0,5500.0,5500.0,4400.0,3300.0,3300.0,3850.0,3300.0,3300.0,3850.0,4950.0,5500.0,5500.0,6050.0012,4950.0,3850.0,2750.0,3300.0,1100.0,83600.0012
765,2020-02-05,550.0,550.0,550.0,550.0,2750.0,4950.0,5500.0,5500.0,3850.0,3300.0,3300.0,3300.0,3300.0,3850.0,3300.0,4950.0,4950.0,6050.0,5500.0,4950.0,3850.0,2750.0,2750.0,1650.0,82500.0
766,2020-02-06,550.0,550.0,0.0,1100.0,2200.0,4400.0,5500.0,5500.0,4400.0,3300.0,3300.0,3300.0,3300.0,3300.0,3850.0,4400.0,5500.0,6050.0012,5500.0,4950.0,3850.0,3300.0,2200.0,1650.0,81950.0012
767,2020-02-07,550.0,550.0,550.0,550.0,2200.0,4950.0,5500.0,4950.0,4400.0,3300.0,3300.0,3300.0,3300.0,3300.0,3300.0,4400.0,4950.0,5500.0,4950.0,4950.0,3300.0,3300.0,2200.0,1650.0,79200.0
768,2020-02-08,550.0,0.0,550.0,1100.0,2200.0,3850.0,4400.0,3850.0,3850.0,3300.0,2750.0,3300.0,3850.0,4400.0,4400.0,4400.0,3850.0,4400.0,4400.0,3300.0,2750.0,2750.0,2750.0,1100.0,72050.0
769,2020-02-09,550.0,550.0,550.0,550.0,1100.0,2200.0,2200.0,2750.0,2200.0,2750.0,2750.0,2750.0,2750.0,2750.0,3300.0,2750.0,2750.0,2750.0,3300.0,2750.0,2750.0,2200.0,2200.0,550.0,51700.0
770,2020-02-10,550.0,0.0,550.0,1100.0,2200.0,4950.0,4950.0,4950.0,4400.0,3300.0,3300.0,3300.0,3300.0,3300.0,3850.0,4400.0,5500.0,5500.0,5500.0,4950.0,3850.0,2750.0,2750.0,1650.0,80850.0
771,2020-02-11,550.0,550.0,550.0,550.0,2750.0,4400.0,5500.0,4950.0,4400.0,3300.0,3300.0,3300.0,3300.0,3850.0,3300.0,4400.0,5500.0,5500.0,5500.0,4950.0,3850.0,2750.0,2200.0,1650.0,80850.0
772,2020-02-12,550.0,550.0,550.0,550.0,2200.0,4950.0,4950.0,5500.0,4400.0,3300.0,3300.0,3300.0,3300.0,3850.0,3300.0,4950.0,4950.0,5500.0,5500.0,4950.0,3300.0,3300.0,2750.0,1100.0,80850.0
773,2020-02-13,550.0,550.0,550.0,550.0,2750.0,4400.0,5500.0,5500.0,3850.0,3300.0,3300.0,3300.0,3300.0,3300.0,3850.0,4400.0,4950.0,5500.0,5500.0,4400.0,3850.0,2750.0,2750.0,1100.0,79750.0
774,2020-02-14,550.0,550.0,550.0,1100.0,2200.0,4400.0,5500.0,5500.0,3850.0,3300.0,3300.0,3300.0,3300.0,3300.0,3300.0,4950.0,4950.0,5500.0,5500.0,4950.0,3850.0,3300.0,2200.0,1650.0,80850.0
775,2020-02-15,550.0,550.0,0.0,1100.0,2200.0,3850.0,4400.0,4400.0,3850.0,2750.0,3300.0,3850.0,3850.0,4400.0,4400.0,3850.0,4400.0,3850.0,4400.0,3300.0,2750.0,2750.0,2750.0,1100.0,72600.0
776,2020-02-16,550.0,550.0,550.0,550.0,1100.0,2200.0,2200.0,2200.0,2200.0,2200.0,2750.0,2750.0,2750.0,2750.0,3300.0,2750.0,2750.0,3300.0,3300.0,2750.0,2750.0,2750.0,2200.0,550.0,51700.0
777,2020-02-17,550.0,550.0,550.0,550.0,2750.0,4400.0,5500.0,5500.0,3850.0,3850.0,2750.0,3300.0,3300.0,3300.0,3850.0,4400.0,5500.0,5500.0,5500.0,4950.0,3850.0,2750.0,2750.0,1650.0,81400.0
778,2020-02-18,550.0,1100.0,550.0,1100.0,2200.0,4950.0,4950.0,5500.0,3850.0,3300.0,3300.0,3300.0,3850.0,3300.0,3850.0,3850.0,5500.0,4950.0,6050.0012,4400.0,3850.0,3300.0,2750.0,1100.0,81400.0012
779,2020-02-19,1100.0,1100.0,550.0,1100.0,2200.0,4400.0,4400.0,4950.0,4400.0,3850.0,3300.0,3300.0,3300.0,3300.0,3850.0,4400.0,5500.0,5500.0,5500.0,4950.0,3850.0,3300.0,2750.0,1100.0,81950.0
780,2020-02-20,550.0,550.0,550.0,1100.0,2200.0,4950.0,5500.0,5500.0,4400.0,3850.0,3300.0,3300.0,3850.0,3300.0,3300.0,4950.0,4950.0,6050.0012,5500.0,4950.0,3300.0,3300.0,2750.0,1100.0,83050.0012
781,2020-02-21,550.0,550.0,550.0,1100.0,2750.0,4950.0,5500.0,4950.0,4400.0,3850.0,3850.0,3300.0,3300.0,3850.0,3300.0,4400.0,4950.0,4950.0,5500.0,4400.0,3850.0,3300.0,2750.0,1100.0,81950.0
782,2020-02-22,1100.0,0.0,550.0,1100.0,2200.0,3850.0,4400.0,4400.0,3300.0,3300.0,3300.0,3300.0,3850.0,3850.0,4400.0,4400.0,4400.0,4400.0,3850.0,3300.0,3300.0,2200.0,2750.0,1100.0,72600.0
783,2020-02-23,550.0,550.0,550.0,550.0,1650.0,2200.0,2200.0,2200.0,2200.0,2750.0,2750.0,2750.0,2750.0,3300.0,3300.0,3300.0,3300.0,3300.0,3300.0,3300.0,2750.0,2750.0,1650.0,550.0,54450.0
784,2020-02-24,550.0,550.0,550.0,1100.0,2200.0,4950.0,4950.0,5500.0,3850.0,3300.0,3300.0,3300.0,3850.0,3300.0,3300.0,4950.0,4950.0,6050.0,5500.0,4400.0,3850.0,3300.0,2200.0,1100.0,80850.0
785,2020-02-25,1100.0,550.0,550.0,550.0,2200.0,4950.0,5500.0,4950.0,4400.0,3300.0,3300.0,3300.0,3850.0,3300.0,3850.0,4400.0,4950.0,5500.0,5500.0,4950.0,3850.0,2750.0,2750.0,1100.0,81400.0
786,2020-02-26,550.0,550.0,550.0,1100.0,2200.0,4400.0,5500.0,4950.0,3850.0,3300.0,3300.0,3300.0,3300.0,3300.0,3850.0,4400.0,5500.0,5500.0,5500.0,5500.0,3300.0,3300.0,2200.0,1650.0,80850.0
787,2020-02-27,550.0,550.0,550.0,550.0,2200.0,4950.0,5500.0,4950.0,4400.0,3300.0,3300.0,3300.0,3300.0,3300.0,3300.0,4400.0,5500.0,5500.0,4950.0,4950.0,3300.0,3300.0,2200.0,1650.0,79750.0
788,2020-02-28,550.0,550.0,550.0,1100.0,2200.0,4400.0,4950.0,4950.0,4400.0,3300.0,3850.0,3300.0,3300.0,3300.0,3300.0,4950.0,4950.0,5500.0,5500.0,5500.0,3300.0,3300.0,2750.0,1100.0,80850.0
789,2020-02-29,550.0,550.0,550.0,1100.0,2200.0,3850.0,4400.0,3850.0,3850.0,3300.0,2750.0,3300.0,4400.0,4400.0,3850.0,4400.0,4400.0,4400.0,3850.0,3850.0,2750.0,2750.0,2750.0,1100.0,73150.0
790,2020-03-01,550.0,1650.0,1100.0,1100.0,1100.0,2200.0,2200.0,2200.0,2750.0,2750.0,2200.0,3300.0,2750.0,3300.0,3300.0,2750.0,3300.0,3300.0,3300.0,3300.0,2750.0,2200.0,2200.0,550.0,56100.0
791,2020-03-02,550.0,550.0,550.0,1100.0,2200.0,4950.0,4400.0,2750.0,3850.0,3300.0,3300.0,3850.0,3300.0,3300.0,3300.0,4950.0,5500.0,5500.0,6050.0012,4950.0,3850.0,3300.0,2750.0,1100.0,79200.0012
792,2020-03-03,550.0,550.0,550.0,550.0,2750.0,4400.0,4950.0,5500.0,4400.0,3300.0,3300.0,3300.0,3850.0,3300.0,3300.0,4950.0,4950.0,5500.0,6050.0012,4950.0,3850.0,2750.0,2750.0,1650.0,81950.0012
793,2020-03-04,0.0,550.0,550.0,1100.0,2750.0,4400.0,5500.0,4950.0,4400.0,3850.0,3300.0,3300.0,3300.0,3300.0,3300.0,4400.0,5500.0,5500.0,6050.0,4950.0,3850.0,3300.0,2750.0,1100.0,81950.0
794,2020-03-05,550.0,550.0,550.0,1100.0,2200.0,4400.0,5500.0,4950.0,4400.0,3850.0,3300.0,3300.0,3850.0,3300.0,3300.0,4400.0,5500.0,5500.0,5500.0,5500.0,3850.0,2750.0,2750.0,1650.0,82500.0
795,2020-03-06,550.0,550.0,0.0,1100.0,2750.0,4400.0,5500.0,5500.0,4400.0,3850.0,3300.0,3300.0,3300.0,3850.0,3850.0,4400.0,5500.0,5500.0,6050.0012,4400.0,4400.0,2750.0,2750.0,1650.0,83600.0012
796,2020-03-07,550.0,550.0,550.0,550.0,2750.0,3850.0,4400.0,4400.0,3850.0,3300.0,3300.0,3850.0,3850.0,4400.0,4950.0,4400.0,3850.0,4400.0,4400.0,3850.0,2750.0,2750.0,2750.0,1650.0,75900.0
797,2020-03-08,550.0,550.0,550.0,550.0,1100.0,2200.0,2200.0,2200.0,2200.0,2200.0,2750.0,2750.0,2750.0,3300.0,2750.0,2750.0,3300.0,2750.0,3300.0,2750.0,2750.0,2750.0,1650.0,1100.0,51700.0
798,2020-03-09,0.0,550.0,550.0,1100.0,2200.0,4400.0,4950.0,4400.0,4400.0,3850.0,3300.0,3300.0,3300.0,3850.0,3300.0,4950.0,4950.0,5500.0,5500.0,4400.0,3300.0,2750.0,2750.0,1100.0,78650.0
799,2020-03-10,550.0,550.0,550.0,1100.0,2200.0,4400.0,5500.0,4950.0,4400.0,3300.0,3300.0,3300.0,3300.0,2750.0,3300.0,4400.0,5500.0,5500.0,5500.0,4400.0,2750.0,2750.0,2750.0,1100.0,78100.0
800,2020-03-11,550.0,550.0,550.0,550.0,2750.0,4400.0,4950.0,5500.0,3850.0,3850.0,3300.0,3300.0,3300.0,3300.0,3850.0,4400.0,5500.0,5500.0,5500.0,4400.0,3300.0,2750.0,2750.0,1100.0,79750.0
801,2020-03-12,550.0,550.0,550.0,550.0,2750.0,4400.0,5500.0,5500.0,4400.0,3300.0,3300.0,3300.0,3300.0,3850.0,3300.0,4400.0,5500.0,5500.0,6050.0012,4950.0,3300.0,3300.0,2200.0,1650.0,81950.0012
802,2020-03-13,550.0,550.0,550.0,1100.0,2200.0,4400.0,5500.0,4950.0,4400.0,3850.0,3300.0,3300.0,3300.0,3300.0,3300.0,4400.0,5500.0,4950.0,5500.0,4950.0,3850.0,2750.0,2750.0,1650.0,80850.0
803,2020-03-14,550.0,0.0,550.0,1100.0,2200.0,4400.0,4400.0,4400.0,3300.0,3300.0,3300.0,3300.0,3850.0,3850.0,4400.0,3850.0,4400.0,3850.0,3850.0,3300.0,2750.0,2200.0,2750.0,1650.0,71500.0
804,2020-03-15,550.0,0.0,550.0,550.0,1100.0,2200.0,2200.0,2200.0,2200.0,2200.0,2750.0,2750.0,2750.0,3300.0,2750.0,3300.0,2750.0,3300.0,2750.0,3300.0,2750.0,2200.0,2200.0,0.0,50600.0
805,2020-03-16,550.0,550.0,550.0,1100.0,2200.0,4950.0,4950.0,5500.0,3850.0,3850.0,2750.0,3300.0,3300.0,3850.0,3300.0,4400.0,4950.0,6050.0012,5500.0,4400.0,3850.0,2750.0,2750.0,1100.0,80300.0012
806,2020-03-17,550.0,550.0,0.0,1100.0,2200.0,4400.0,5500.0,4950.0,3850.0,3300.0,3300.0,2750.0,3300.0,3300.0,3300.0,4400.0,5500.0,5500.0,5500.0,4400.0,3300.0,3300.0,2200.0,1650.0,78100.0
807,2020-03-18,550.0,550.0,550.0,550.0,2200.0,3850.0,4400.0,4950.0,3850.0,2750.0,3300.0,3300.0,3300.0,3300.0,3300.0,4400.0,5500.0,4950.0,5500.0,4950.0,3300.0,2750.0,2200.0,1650.0,75900.0
808,2020-03-19,550.0,550.0,0.0,1100.0,2200.0,4400.0,5500.0,4950.0,3850.0,2750.0,3300.0,3300.0,2750.0,3300.0,3850.0,4400.0,4400.0,4400.0,4400.0,4400.0,2750.0,2750.0,2750.0,1100.0,73700.0
809,2020-03-20,550.0,0.0,550.0,1100.0,2200.0,4400.0,4400.0,4400.0,3850.0,2750.0,3300.0,3300.0,3850.0,3850.0,3850.0,3850.0,4400.0,4400.0,4400.0,2200.0,1650.0,1650.0,2200.0,1100.0,68200.0
810,2020-03-21,550.0,550.0,0.0,1100.0,1650.0,2200.0,2200.0,1650.0,2200.0,1650.0,1100.0,2200.0,1650.0,1650.0,1650.0,2200.0,1650.0,1650.0,2200.0,1650.0,1650.0,1650.0,1650.0,1100.0,37400.0
811,2020-03-22,550.0,550.0,0.0,550.0,1100.0,1650.0,1650.0,1650.0,1650.0,1100.0,1650.0,1650.0,1650.0,1650.0,1650.0,1650.0,1650.0,2200.0,1650.0,2200.0,1650.0,1650.0,1100.0,550.0,33000.0
812,2020-03-23,550.0,550.0,550.0,550.0,1100.0,1650.0,1650.0,1650.0,1650.0,1650.0,1650.0,2200.0,1650.0,1650.0,2200.0,2200.0,1650.0,1650.0,2200.0,1650.0,1650.0,2200.0,1100.0,550.0,35750.0
813,2020-03-24,550.0,550.0,550.0,550.0,2200.0,2750.0,2750.0,2750.0,2750.0,2200.0,2200.0,1650.0,2200.0,2750.0,2750.0,3300.0,3850.0,3300.0,3300.0,3300.0,2200.0,1650.0,1650.0,1100.0,52800.0
814,2020-03-25,0.0,550.0,550.0,550.0,2200.0,3300.0,3850.0,3300.0,3300.0,2200.0,2200.0,1650.0,2200.0,2200.0,2200.0,2750.0,3300.0,3300.0,3300.0,3300.0,2200.0,1650.0,1650.0,550.0,52250.0
815,2020-03-26,550.0,550.0,550.0,550.0,2200.0,3850.0,3300.0,3850.0,2750.0,2750.0,1650.0,2200.0,2200.0,2200.0,2750.0,3300.0,3850.0,3850.0,3300.0,3300.0,2200.0,2200.0,1650.0,550.0,56100.0
816,2020-03-27,550.0,550.0,550.0,1100.0,1650.0,3300.0,3300.0,2750.0,2200.0,2200.0,2200.0,2200.0,2200.0,1650.0,2200.0,2750.0,2750.0,3300.0,3300.0,2750.0,2200.0,1650.0,2200.0,550.0,50050.0
817,2020-03-28,550.0,550.0,550.0,1100.0,1650.0,3300.0,3300.0,2750.0,2200.0,2200.0,2200.0,1650.0,2200.0,2200.0,2200.0,2750.0,2200.0,2200.0,2200.0,2200.0,1650.0,2200.0,1650.0,550.0,46200.0
818,2020-03-29,550.0,550.0,550.0,550.0,1100.0,1650.0,2200.0,1650.0,1650.0,1650.0,1650.0,1650.0,1650.0,1650.0,1650.0,1650.0,1650.0,1650.0,1650.0,1650.0,1650.0,1650.0,1650.0,0.0,33550.0
819,2020-03-30,550.0,550.0,550.0,550.0,2200.0,2750.0,2750.0,3300.0,1650.0,2200.0,1650.0,2200.0,1650.0,2200.0,2200.0,2750.0,3300.0,2750.0,2750.0,2200.0,2200.0,1650.0,1650.0,550.0,46750.0
820,2020-03-31,550.0,550.0,550.0,1100.0,1650.0,2750.0,3300.0,2750.0,1650.0,2200.0,1650.0,2200.0,1650.0,2200.0,2200.0,2750.0,2750.0,2750.0,2750.0,2200.0,1650.0,2200.0,1650.0,550.0,46200.0
821,2020-04-01,550.0,550.0,550.0,550.0,1650.0,2750.0,3300.0,2200.0,2200.0,1650.0,2200.0,1650.0,1650.0,1650.0,2200.0,2750.0,2750.0,2200.0,2750.0,2750.0,1650.0,2200.0,1650.0,550.0,44550.0
822,2020-04-02,0.0,550.0,550.0,1100.0,1650.0,2750.0,1650.0,2200.0,1650.0,1650.0,2200.0,1650.0,2200.0,2200.0,2200.0,2750.0,2750.0,3300.0,2750.0,2200.0,1650.0,2200.0,1650.0,550.0,44000.0
823,2020-04-03,550.0,0.0,550.0,1100.0,1650.0,3300.0,2750.0,2750.0,2200.0,1650.0,2200.0,1650.0,2200.0,2200.0,2200.0,2750.0,2750.0,2750.0,3300.0,2200.0,1650.0,2200.0,1100.0,550.0,46200.0
824,2020-04-04,550.0,550.0,550.0,550.0,2200.0,2750.0,2750.0,2200.0,2200.0,1650.0,2200.0,1650.0,2200.0,1650.0,2200.0,2750.0,2750.0,2750.0,2750.0,2200.0,2200.0,1650.0,1650.0,550.0,45100.0
825,2020-04-05,550.0,550.0,0.0,550.0,1100.0,2200.0,1650.0,1650.0,1650.0,1650.0,1650.0,1650.0,1650.0,1650.0,2200.0,1650.0,1650.0,1650.0,1650.0,2200.0,1650.0,1650.0,1100.0,550.0,34100.0
826,2020-04-06,550.0,550.0,550.0,550.0,1650.0,2750.0,3300.0,2200.0,2200.0,2200.0,1650.0,2200.0,1650.0,2200.0,2200.0,2750.0,2750.0,2750.0,2750.0,2200.0,2200.0,1650.0,1650.0,550.0,45650.0
827,2020-04-07,550.0,550.0,550.0,1100.0,1650.0,2750.0,2750.0,2750.0,2200.0,1650.0,2200.0,1650.0,1650.0,2200.0,2200.0,2200.0,2750.0,2750.0,2750.0,2750.0,1650.0,2200.0,1650.0,550.0,45650.0
828,2020-04-08,550.0,550.0,550.0,550.0,2200.0,2750.0,2750.0,2200.0,2200.0,2200.0,1650.0,2200.0,1650.0,2200.0,2200.0,2200.0,2750.0,2750.0,2200.0,2750.0,1650.0,2200.0,1100.0,550.0,44550.0
829,2020-04-09,550.0,550.0,550.0,550.0,1100.0,1650.0,1650.0,1650.0,1650.0,2200.0,1100.0,1650.0,1650.0,1650.0,2200.0,1650.0,1650.0,1650.0,1650.0,2200.0,1650.0,1650.0,1100.0,550.0,34100.0
830,2020-04-10,550.0,0.0,550.0,550.0,1100.0,2200.0,1650.0,1650.0,1100.0,1650.0,1650.0,1650.0,1650.0,1650.0,1650.0,1650.0,1650.0,1650.0,1650.0,2200.0,1650.0,1650.0,1100.0,550.0,33000.0
831,2020-04-11,550.0,550.0,550.0,550.0,2200.0,2750.0,2750.0,2200.0,2200.0,1650.0,2200.0,1650.0,2200.0,1650.0,2200.0,2200.0,2200.0,2200.0,2200.0,1650.0,2200.0,1650.0,1650.0,550.0,42350.0
832,2020-04-12,550.0,550.0,550.0,0.0,1100.0,2200.0,1650.0,1650.0,1650.0,1650.0,1650.0,1650.0,1650.0,1650.0,2200.0,1650.0,1650.0,1650.0,1650.0,1650.0,2200.0,1650.0,1100.0,550.0,34100.0
833,2020-04-13,550.0,550.0,550.0,550.0,2200.0,3300.0,3850.0,3850.0,2750.0,2750.0,2200.0,2200.0,2200.0,2750.0,3300.0,3300.0,3300.0,3850.0,3850.0,2750.0,2200.0,2200.0,1650.0,1100.0,57750.0
834,2020-04-14,550.0,550.0,550.0,550.0,2200.0,3300.0,3850.0,3300.0,3300.0,2200.0,2200.0,2200.0,2200.0,2200.0,2750.0,3300.0,3300.0,3850.0,3300.0,2750.0,2750.0,2200.0,1650.0,550.0,55550.0
835,2020-04-15,550.0,550.0,550.0,550.0,2200.0,3850.0,3850.0,3300.0,2750.0,2750.0,2200.0,2200.0,2200.0,2200.0,2750.0,3300.0,3850.0,3850.0,3300.0,2750.0,2750.0,2200.0,1650.0,550.0,56650.0
836,2020-04-16,550.0,550.0,550.0,550.0,2200.0,3850.0,3300.0,3850.0,3300.0,2750.0,2750.0,2200.0,2750.0,2200.0,2750.0,3850.0,3300.0,3850.0,3300.0,2750.0,2750.0,2200.0,1650.0,550.0,58300.0
837,2020-04-17,550.0,550.0,550.0,550.0,2200.0,3850.0,3850.0,3850.0,3300.0,2750.0,2200.0,2200.0,2750.0,1650.0,3300.0,3300.0,3300.0,3850.0,3300.0,3300.0,2200.0,2750.0,1650.0,550.0,58300.0
838,2020-04-18,550.0,550.0,550.0,550.0,2200.0,3300.0,3850.0,3300.0,3300.0,2750.0,2200.0,2200.0,2750.0,2200.0,2200.0,2750.0,2200.0,2200.0,2750.0,2200.0,2200.0,2750.0,1650.0,550.0,51700.0
839,2020-04-19,550.0,550.0,550.0,550.0,1100.0,2200.0,2200.0,1650.0,2200.0,2200.0,2200.0,2200.0,2750.0,2200.0,2750.0,1650.0,2200.0,2200.0,2200.0,2200.0,2200.0,1650.0,1650.0,550.0,42350.0
840,2020-04-20,550.0,550.0,0.0,1100.0,2200.0,3850.0,3850.0,3850.0,3300.0,2750.0,2200.0,2750.0,2200.0,2750.0,3300.0,3850.0,3850.0,4400.0,3300.0,3300.0,2200.0,2750.0,1650.0,550.0,61050.0
841,2020-04-21,550.0,550.0,550.0,550.0,2200.0,4400.0,4400.0,3850.0,3300.0,2750.0,2200.0,2750.0,2200.0,2750.0,3300.0,3300.0,3850.0,3850.0,3300.0,3300.0,2750.0,2200.0,1650.0,550.0,61050.0
842,2020-04-22,550.0,550.0,550.0,550.0,2200.0,4400.0,4400.0,3850.0,3300.0,2750.0,2200.0,2750.0,2200.0,2200.0,3850.0,3850.0,3300.0,3850.0,3850.0,3300.0,2200.0,2750.0,1650.0,550.0,61600.0
843,2020-04-23,550.0,550.0,550.0,550.0,2200.0,4400.0,4400.0,4400.0,3300.0,2750.0,2750.0,2750.0,2200.0,3300.0,3850.0,3850.0,3850.0,3850.0,3850.0,2750.0,2750.0,2200.0,2200.0,550.0,64350.0
844,2020-04-24,0.0,550.0,550.0,550.0,2750.0,3850.0,4400.0,4400.0,3300.0,2750.0,2750.0,2750.0,2200.0,2750.0,3300.0,3850.0,3850.0,3850.0,3850.0,3300.0,2200.0,2750.0,1650.0,550.0,62700.0
845,2020-04-25,550.0,550.0,550.0,550.0,2200.0,3300.0,3850.0,3300.0,3300.0,2750.0,2750.0,3300.0,3300.0,3300.0,3850.0,3850.0,3300.0,3850.0,3300.0,3300.0,2200.0,2200.0,2200.0,550.0,62150.0
846,2020-04-26,550.0,550.0,550.0,0.0,1650.0,1650.0,2200.0,2200.0,1650.0,2200.0,2750.0,2200.0,2750.0,2750.0,2200.0,2750.0,2750.0,2200.0,2200.0,2200.0,2200.0,2200.0,1650.0,550.0,44550.0
847,2020-04-27,550.0,550.0,550.0,550.0,2200.0,4400.0,4400.0,4400.0,3850.0,2750.0,3300.0,3300.0,2750.0,3300.0,3300.0,4400.0,4400.0,4950.0,4400.0,4400.0,2750.0,2750.0,1650.0,550.0,70400.0
848,2020-04-28,550.0,550.0,550.0,550.0,2200.0,3850.0,4950.0,3850.0,3850.0,2750.0,2750.0,2750.0,3300.0,2750.0,3300.0,3850.0,4400.0,4950.0,4950.0,3850.0,3300.0,2200.0,2200.0,550.0,68750.0
849,2020-04-29,550.0,550.0,550.0,550.0,2200.0,4400.0,4400.0,4400.0,3850.0,2750.0,2750.0,2750.0,3300.0,2750.0,3300.0,4400.0,4400.0,4950.0,4400.0,4400.0,2750.0,2750.0,2200.0,550.0,69850.0
850,2020-04-30,550.0,550.0,550.0,550.0,2200.0,3850.0,4950.0,4400.0,3850.0,3300.0,2750.0,2750.0,3300.0,3300.0,3300.0,3850.0,4950.0,4400.0,4950.0,4400.0,2750.0,2750.0,2200.0,550.0,70950.0
851,2020-05-01,550.0,550.0,550.0,550.0,1100.0,2200.0,2750.0,2200.0,2200.0,1650.0,2200.0,2750.0,2200.0,2750.0,2750.0,2750.0,2750.0,2750.0,2750.0,2750.0,2200.0,2200.0,1650.0,550.0,47300.0
852,2020-05-02,550.0,550.0,550.0,550.0,2200.0,3850.0,3850.0,3850.0,2750.0,2750.0,3300.0,2750.0,3850.0,3850.0,3850.0,3850.0,3300.0,3850.0,3300.0,3300.0,2200.0,2200.0,2200.0,550.0,63800.0
853,2020-05-03,550.0,550.0,550.0,550.0,1100.0,2200.0,2200.0,2200.0,2200.0,2200.0,2200.0,2200.0,2750.0,2750.0,2750.0,2200.0,2750.0,2750.0,2750.0,2750.0,2200.0,2200.0,1650.0,550.0,46750.0
854,2020-05-04,550.0,550.0,0.0,1100.0,2200.0,3850.0,4950.0,4400.0,3850.0,2750.0,3300.0,2750.0,2750.0,2750.0,3850.0,3850.0,4400.0,4950.0,4950.0,3850.0,3300.0,2750.0,1650.0,1100.0,70400.0
855,2020-05-05,550.0,550.0,550.0,550.0,2750.0,3850.0,4950.0,4400.0,3300.0,2750.0,3300.0,2750.0,2750.0,3300.0,3300.0,3850.0,4950.0,4950.0,4400.0,3850.0,3850.0,2200.0,2200.0,550.0,70400.0
856,2020-05-06,550.0,550.0,550.0,550.0,2750.0,4400.0,4950.0,4400.0,3300.0,2750.0,2750.0,3300.0,2750.0,3300.0,3300.0,3850.0,4400.0,4950.0,4400.0,3850.0,2750.0,2750.0,2200.0,550.0,69850.0
857,2020-05-07,550.0,550.0,0.0,1100.0,2750.0,4400.0,4950.0,4400.0,3300.0,3300.0,2750.0,2750.0,2750.0,3300.0,3300.0,3850.0,4950.0,4950.0,4400.0,3850.0,3300.0,2750.0,2200.0,550.0,70950.0
858,2020-05-08,550.0,550.0,550.0,550.0,2750.0,4400.0,4950.0,4400.0,3300.0,2750.0,2750.0,3300.0,3300.0,2750.0,3300.0,3850.0,4400.0,4950.0,4950.0,3850.0,3300.0,2200.0,2200.0,550.0,70400.0
859,2020-05-09,1650.0,1100.0,1100.0,1100.0,2750.0,4400.0,4400.0,4400.0,3300.0,3300.0,3300.0,3300.0,3850.0,4400.0,3850.0,3850.0,3850.0,4400.0,4400.0,3300.0,2200.0,2200.0,2200.0,1100.0,73700.0
860,2020-05-10,550.0,550.0,1100.0,550.0,2200.0,4400.0,4950.0,3850.0,3850.0,3300.0,3850.0,3300.0,3850.0,3300.0,3850.0,3300.0,2750.0,3300.0,3850.0,3300.0,3300.0,2750.0,2750.0,550.0,69300.0
861,2020-05-11,550.0,550.0,0.0,1100.0,2750.0,3850.0,4950.0,4400.0,3850.0,2750.0,2750.0,3300.0,2750.0,2750.0,3300.0,4400.0,4400.0,4400.0,4400.0,3850.0,3300.0,2750.0,2200.0,550.0,69850.0
862,2020-05-12,550.0,550.0,550.0,1100.0,2200.0,4400.0,4400.0,4400.0,3300.0,3300.0,2750.0,2750.0,3300.0,2750.0,3300.0,3850.0,4400.0,4950.0,4400.0,3850.0,3300.0,2200.0,2200.0,550.0,69300.0
863,2020-05-13,550.0,550.0,550.0,1100.0,2750.0,4400.0,4400.0,4950.0,3300.0,3300.0,2750.0,2750.0,2750.0,2750.0,3850.0,3850.0,4950.0,4950.0,4400.0,3850.0,3300.0,2200.0,2200.0,550.0,70950.0
864,2020-05-14,550.0,1100.0,550.0,550.0,2750.0,4400.0,4950.0,4400.0,3850.0,2750.0,3300.0,3300.0,2750.0,3300.0,2750.0,3850.0,4950.0,4950.0,4950.0,4400.0,3300.0,2200.0,2200.0,550.0,72600.0
865,2020-05-15,550.0,550.0,550.0,1100.0,2750.0,4400.0,4400.0,4950.0,3300.0,3300.0,2750.0,3300.0,3300.0,3300.0,2750.0,3850.0,4950.0,4950.0,4950.0,3850.0,2750.0,2750.0,2200.0,550.0,72050.0
866,2020-05-16,550.0,550.0,550.0,1100.0,2200.0,3850.0,4400.0,3850.0,3300.0,2750.0,2750.0,2750.0,3850.0,3850.0,3850.0,3300.0,3850.0,3850.0,3300.0,2750.0,2200.0,2200.0,2200.0,0.0,63800.0
867,2020-05-17,550.0,0.0,0.0,0.0,0.0,0.0,0.0,0.0,0.0,0.0,0.0,0.0,0.0,0.0,0.0,0.0,0.0,0.0,0.0,0.0,0.0,0.0,0.0,0.0,550.0
868,2020-05-18,0.0,0.0,550.0,1100.0,2200.0,4400.0,4400.0,4950.0,3300.0,3300.0,2750.0,2750.0,3300.0,3300.0,3300.0,3850.0,4950.0,4950.0,4400.0,4400.0,3300.0,2200.0,2200.0,550.0,70400.0
869,2020-05-19,0.0,0.0,0.0,1100.0,2200.0,4400.0,4950.0,4400.0,3300.0,2750.0,3300.0,2750.0,2200.0,3300.0,2750.0,3850.0,4400.0,4950.0,4400.0,4400.0,2750.0,2750.0,2200.0,550.0,67650.0
870,2020-05-20,550.0,550.0,550.0,550.0,2750.0,4400.0,4950.0,4400.0,3300.0,2750.0,3300.0,2750.0,3300.0,3300.0,2750.0,4400.0,4400.0,4950.0,4400.0,3850.0,3300.0,2750.0,1650.0,1100.0,70950.0
871,2020-05-21,550.0,550.0,550.0,550.0,2750.0,4400.0,4950.0,4400.0,3850.0,2750.0,3300.0,2750.0,3300.0,2750.0,3300.0,4400.0,4950.0,4950.0,4950.0,3850.0,3300.0,2750.0,2200.0,550.0,72600.0
872,2020-05-22,550.0,550.0,550.0,550.0,2750.0,4950.0,4400.0,4950.0,3850.0,2750.0,3300.0,2750.0,3300.0,3300.0,3300.0,3850.0,4400.0,4950.0,4950.0,3850.0,3300.0,2750.0,2200.0,550.0,72600.0
873,2020-05-23,550.0,550.0,550.0,1100.0,2750.0,4400.0,4400.0,3850.0,3850.0,2750.0,2750.0,3300.0,3850.0,3850.0,4400.0,3850.0,3850.0,3850.0,3850.0,3300.0,2200.0,2200.0,2200.0,550.0,68750.0
874,2020-05-24,550.0,550.0,550.0,550.0,1650.0,4950.0,4400.0,3300.0,3850.0,3300.0,4400.0,3850.0,4400.0,4400.0,4400.0,4400.0,3300.0,3300.0,3850.0,3850.0,3300.0,3850.0,2200.0,550.0,73700.0
875,2020-05-25,0.0,550.0,550.0,550.0,1650.0,3300.0,2750.0,2750.0,2200.0,2750.0,2200.0,3300.0,2750.0,3300.0,2750.0,3300.0,2200.0,2750.0,2750.0,2200.0,2750.0,2200.0,2200.0,550.0,52250.0
876,2020-05-26,550.0,550.0,550.0,1100.0,2750.0,4400.0,4950.0,4400.0,3300.0,3300.0,3300.0,3300.0,2750.0,3300.0,3300.0,3850.0,4950.0,4400.0,4950.0,4400.0,2750.0,2750.0,2200.0,550.0,72600.0
877,2020-05-27,1100.0,550.0,550.0,550.0,2750.0,4400.0,4950.0,4950.0,3850.0,2750.0,3300.0,2750.0,2750.0,3300.0,3300.0,3850.0,4400.0,4400.0,4950.0,3850.0,2750.0,2750.0,2200.0,550.0,71500.0
878,2020-05-28,550.0,550.0,550.0,550.0,2750.0,4400.0,4950.0,4400.0,3300.0,3300.0,3300.0,2750.0,2750.0,2750.0,3300.0,3850.0,4400.0,4950.0,4400.0,3850.0,3300.0,2750.0,2200.0,550.0,70400.0
879,2020-05-29,550.0,550.0,550.0,550.0,2750.0,4400.0,4400.0,4950.0,3850.0,2750.0,3300.0,2750.0,3300.0,2750.0,3300.0,3850.0,4400.0,4950.0,4400.0,4400.0,3300.0,2750.0,1650.0,1100.0,71500.0
880,2020-05-30,550.0,0.0,550.0,1100.0,1650.0,3850.0,3850.0,3850.0,3300.0,2750.0,2200.0,2750.0,3300.0,3300.0,3850.0,3300.0,3300.0,3300.0,3300.0,2750.0,2200.0,1650.0,2200.0,550.0,59400.0
881,2020-05-31,0.0,550.0,550.0,550.0,1100.0,2200.0,2200.0,2200.0,2200.0,1650.0,2200.0,2750.0,2750.0,2750.0,2200.0,2750.0,2200.0,2750.0,2750.0,2200.0,2750.0,1650.0,1650.0,550.0,45100.0
882,2020-06-01,550.0,550.0,550.0,550.0,2750.0,4400.0,4400.0,4400.0,3850.0,3300.0,2750.0,2750.0,3300.0,2750.0,3300.0,4400.0,4400.0,4950.0,4400.0,3850.0,3300.0,2750.0,1650.0,550.0,70400.0
883,2020-06-02,550.0,550.0,550.0,550.0,2750.0,4400.0,4950.0,4400.0,3850.0,2750.0,3300.0,2750.0,3300.0,3300.0,2750.0,3850.0,4950.0,4400.0,4950.0,3850.0,3850.0,2200.0,2200.0,550.0,71500.0
884,2020-06-03,550.0,550.0,550.0,550.0,2750.0,4400.0,4400.0,4950.0,3850.0,2750.0,2750.0,2750.0,3300.0,2750.0,3300.0,3850.0,4400.0,3850.0,4400.0,4400.0,3300.0,2750.0,2200.0,550.0,69850.0
885,2020-06-04,550.0,550.0,550.0,550.0,2750.0,4950.0,4400.0,4950.0,3300.0,3300.0,3300.0,2750.0,3300.0,2750.0,3300.0,4400.0,4400.0,4950.0,4950.0,4400.0,3300.0,2750.0,2200.0,550.0,73150.0
886,2020-06-05,550.0,550.0,550.0,1100.0,2750.0,4400.0,4950.0,4400.0,3850.0,2750.0,3300.0,2750.0,2750.0,3300.0,3300.0,3850.0,4400.0,4950.0,4400.0,4400.0,3300.0,2750.0,2200.0,550.0,72050.0
887,2020-06-06,0.0,550.0,550.0,1100.0,4950.0,7150.0,7700.0012,6600.0,5500.0,4950.0,4950.0,4950.0,6050.0012,6600.0,7150.0,6600.0,6600.0,6600.0,6050.0012,4950.0,3850.0,3300.0,2750.0,1100.0,110550.0036
888,2020-06-07,1100.0,1650.0,550.0,1100.0,2750.0,4400.0,4400.0,3300.0,3300.0,3850.0,3850.0,4400.0,3850.0,4400.0,4400.0,3850.0,4400.0,3300.0,3850.0,3850.0,3300.0,3850.0,2750.0,550.0,77000.0
889,2020-06-08,550.0,550.0,550.0,550.0,2750.0,4400.0,4950.0,4400.0,3850.0,3300.0,2750.0,3300.0,2750.0,3300.0,3300.0,3850.0,4400.0,4950.0,4950.0,3850.0,3300.0,2750.0,2200.0,550.0,72050.0
890,2020-06-09,550.0,550.0,550.0,550.0,2750.0,4400.0,4400.0,4400.0,3850.0,3300.0,2750.0,2750.0,3300.0,2750.0,3300.0,3300.0,4400.0,4950.0,4950.0,3850.0,3300.0,2750.0,1650.0,550.0,69850.0
891,2020-06-10,550.0,550.0,1100.0,550.0,2750.0,4400.0,4950.0,4400.0,3300.0,3300.0,3300.0,2750.0,2750.0,3300.0,3300.0,3850.0,4400.0,4400.0,4950.0,3850.0,3300.0,2750.0,2200.0,550.0,71500.0
892,2020-06-11,550.0,0.0,550.0,1100.0,2750.0,4400.0,4400.0,4400.0,3850.0,3300.0,3300.0,2750.0,3300.0,3300.0,3300.0,3300.0,4400.0,4950.0,4400.0,4400.0,2750.0,2750.0,2200.0,550.0,70950.0
893,2020-06-12,550.0,550.0,0.0,1100.0,2200.0,4400.0,4400.0,4400.0,3850.0,2750.0,3300.0,2750.0,2750.0,2750.0,3300.0,3850.0,4400.0,4400.0,4400.0,4400.0,3300.0,2750.0,2200.0,550.0,69300.0
894,2020-06-13,550.0,0.0,550.0,550.0,2750.0,4400.0,3850.0,3850.0,3300.0,3300.0,2750.0,2750.0,3300.0,3850.0,3850.0,3850.0,3850.0,3850.0,3850.0,3300.0,2200.0,2200.0,1650.0,550.0,64900.0
895,2020-06-14,550.0,550.0,550.0,550.0,1100.0,2750.0,2750.0,2200.0,1650.0,2750.0,2200.0,2750.0,2750.0,2750.0,2750.0,2750.0,2750.0,2200.0,2750.0,2200.0,2200.0,2200.0,1650.0,550.0,47850.0
896,2020-06-15,550.0,550.0,550.0,550.0,1100.0,2750.0,2750.0,2200.0,2200.0,2200.0,2200.0,2750.0,2750.0,2750.0,2750.0,2200.0,2750.0,2200.0,2200.0,2200.0,1650.0,2200.0,1650.0,550.0,46200.0
897,2020-06-16,0.0,550.0,550.0,550.0,2750.0,4950.0,4400.0,4950.0,3300.0,3300.0,3300.0,2750.0,3300.0,2750.0,3300.0,3850.0,4400.0,4950.0,4950.0,4400.0,3300.0,2750.0,2200.0,550.0,72050.0
898,2020-06-17,0.0,550.0,550.0,1100.0,2750.0,4400.0,4950.0,4400.0,3850.0,3300.0,3300.0,2750.0,2750.0,3300.0,2750.0,3850.0,4400.0,4400.0,4950.0,3850.0,3300.0,2750.0,2200.0,550.0,70950.0
899,2020-06-18,550.0,550.0,550.0,550.0,2750.0,4400.0,4400.0,4950.0,3850.0,3300.0,2750.0,3300.0,2750.0,3300.0,3300.0,3850.0,4400.0,4400.0,4950.0,3850.0,3300.0,2200.0,2200.0,550.0,70950.0
900,2020-06-19,550.0,550.0,550.0,550.0,2750.0,4400.0,4950.0,4400.0,3850.0,3300.0,2750.0,3300.0,2750.0,3300.0,3300.0,3850.0,4400.0,4950.0,4950.0,3850.0,3850.0,2750.0,2200.0,1650.0,73700.0
901,2020-06-20,1100.0,550.0,550.0,550.0,2200.0,4400.0,4400.0,3850.0,3300.0,2750.0,2750.0,2750.0,3850.0,3850.0,3850.0,3850.0,3850.0,3850.0,3300.0,2750.0,2200.0,2200.0,1650.0,550.0,64900.0
902,2020-06-21,550.0,550.0,550.0,550.0,550.0,2750.0,3300.0,2200.0,1650.0,2750.0,2200.0,2750.0,2200.0,2750.0,2750.0,2750.0,2200.0,2750.0,2200.0,2200.0,1650.0,2200.0,1650.0,550.0,46200.0
903,2020-06-22,550.0,0.0,550.0,550.0,1100.0,2750.0,2750.0,1650.0,2200.0,2200.0,2200.0,2750.0,2750.0,2750.0,2750.0,2750.0,2200.0,2200.0,1650.0,2200.0,2200.0,2200.0,1650.0,0.0,44550.0
904,2020-06-23,550.0,550.0,0.0,1100.0,2750.0,4400.0,4950.0,4950.0,3850.0,2750.0,3300.0,3300.0,3300.0,2750.0,3850.0,3850.0,4400.0,4950.0,5500.0,4400.0,2750.0,2750.0,2200.0,550.0,73700.0
905,2020-06-24,550.0,550.0,550.0,550.0,2750.0,4400.0,4950.0,4400.0,3850.0,3300.0,3300.0,3300.0,2750.0,2750.0,3850.0,3850.0,4400.0,4950.0,4950.0,4400.0,3300.0,2750.0,2200.0,550.0,73150.0
906,2020-06-25,550.0,550.0,550.0,550.0,2750.0,4950.0,4400.0,4400.0,4400.0,3300.0,2750.0,2750.0,3300.0,2750.0,3300.0,4400.0,4400.0,4400.0,4950.0,4400.0,3300.0,2750.0,2200.0,550.0,72600.0
907,2020-06-26,0.0,550.0,550.0,550.0,2750.0,4400.0,4950.0,4400.0,3850.0,3300.0,2750.0,2750.0,3300.0,2750.0,3300.0,4400.0,4400.0,4950.0,4400.0,4400.0,3300.0,2750.0,2200.0,550.0,71500.0
908,2020-06-27,550.0,550.0,550.0,550.0,2750.0,3850.0,4400.0,3850.0,3300.0,2750.0,2750.0,2750.0,3850.0,3850.0,3850.0,3850.0,3850.0,3300.0,3850.0,3300.0,2200.0,2200.0,1650.0,550.0,64900.0
909,2020-06-28,1100.0,1100.0,550.0,1100.0,2200.0,4950.0,4400.0,3850.0,3300.0,3850.0,3850.0,3850.0,3850.0,4400.0,3850.0,4400.0,3850.0,3850.0,4400.0,4400.0,3850.0,3300.0,2750.0,1100.0,78100.0
910,2020-06-29,1100.0,0.0,550.0,550.0,1100.0,2750.0,3300.0,2200.0,2200.0,2200.0,2200.0,2200.0,2750.0,2750.0,2750.0,2750.0,2750.0,2750.0,2200.0,2750.0,2750.0,2200.0,1650.0,0.0,48400.0
911,2020-06-30,550.0,550.0,550.0,550.0,2750.0,4400.0,4950.0,4400.0,3850.0,3300.0,3300.0,3300.0,2750.0,3300.0,3300.0,3850.0,4400.0,4950.0,4950.0,4400.0,3300.0,2750.0,2200.0,550.0,73150.0
912,2020-07-01,550.0,550.0,0.0,1100.0,2750.0,4400.0,4400.0,4950.0,3850.0,3300.0,3300.0,2750.0,2750.0,3300.0,3300.0,3850.0,4400.0,4950.0,4950.0,3850.0,3300.0,2750.0,2200.0,550.0,72050.0
913,2020-07-02,550.0,0.0,550.0,1100.0,2200.0,4400.0,4950.0,4400.0,3850.0,3300.0,3300.0,3300.0,2750.0,3300.0,3300.0,3850.0,4400.0,4950.0,4950.0,3850.0,3300.0,3300.0,2200.0,550.0,72600.0
914,2020-07-03,0.0,550.0,550.0,1100.0,2200.0,4950.0,4400.0,4400.0,3850.0,3300.0,3300.0,3300.0,3300.0,2750.0,3850.0,3850.0,4400.0,4950.0,4950.0,4400.0,3300.0,2200.0,2750.0,1650.0,74250.0
915,2020-07-04,1100.0,550.0,550.0,550.0,2200.0,4400.0,4400.0,3850.0,3300.0,2750.0,2200.0,3300.0,3300.0,3850.0,3850.0,3850.0,3850.0,3850.0,3850.0,2750.0,2200.0,2200.0,2200.0,550.0,65450.0
916,2020-07-05,550.0,0.0,550.0,550.0,1100.0,2750.0,2750.0,2200.0,2200.0,2200.0,2200.0,2750.0,2750.0,2750.0,2750.0,2750.0,2750.0,2750.0,2750.0,2750.0,2200.0,2750.0,1100.0,550.0,48400.0
917,2020-07-06,550.0,550.0,550.0,550.0,2750.0,4400.0,4950.0,4400.0,3300.0,3300.0,3300.0,3300.0,2750.0,3300.0,3300.0,3850.0,4400.0,4950.0,4400.0,4400.0,3850.0,2750.0,1650.0,1100.0,72600.0
918,2020-07-07,0.0,550.0,550.0,1100.0,2200.0,4950.0,4950.0,4400.0,3850.0,3300.0,2750.0,3300.0,3300.0,2750.0,3850.0,3850.0,4400.0,4400.0,4950.0,4400.0,3300.0,2750.0,2200.0,550.0,72600.0
919,2020-07-08,550.0,0.0,550.0,1100.0,2750.0,4400.0,4950.0,4400.0,3850.0,3300.0,2750.0,3300.0,3300.0,2750.0,3300.0,3850.0,4400.0,4950.0,4950.0,4400.0,3300.0,2200.0,2200.0,550.0,72050.0
920,2020-07-09,550.0,550.0,550.0,550.0,2750.0,4400.0,4950.0,4400.0,3300.0,3300.0,3300.0,3300.0,2750.0,3300.0,3850.0,3850.0,4400.0,4950.0,4950.0,4400.0,3300.0,2750.0,2200.0,550.0,73150.0
921,2020-07-10,550.0,550.0,550.0,550.0,2750.0,4400.0,4950.0,4950.0,3850.0,3300.0,2750.0,3300.0,2750.0,3300.0,3300.0,4400.0,4400.0,4950.0,4400.0,4400.0,3300.0,2750.0,2200.0,550.0,73150.0
922,2020-07-11,550.0,550.0,550.0,550.0,2200.0,4400.0,4400.0,3850.0,3300.0,2750.0,2750.0,2750.0,3300.0,3850.0,3850.0,3850.0,3850.0,3300.0,3850.0,2750.0,2200.0,2200.0,2200.0,550.0,64350.0
923,2020-07-12,550.0,550.0,0.0,550.0,1100.0,2750.0,2200.0,2200.0,2200.0,2200.0,2200.0,2200.0,2750.0,2750.0,2200.0,2750.0,2750.0,2200.0,2200.0,2200.0,2200.0,1650.0,1650.0,550.0,44550.0
924,2020-07-13,550.0,550.0,0.0,1100.0,2750.0,4400.0,4950.0,4400.0,3850.0,4400.0,3850.0,3850.0,3850.0,3850.0,4400.0,5500.0,5500.0,6600.0,6600.0,5500.0,3850.0,3850.0,2200.0,550.0,86900.0
925,2020-07-14,550.0,550.0,550.0,550.0,3300.0,6050.0012,6600.0,6050.0012,4950.0,4950.0,3850.0,3850.0,3850.0,4400.0,4400.0,4950.0,6050.0012,6600.0,6050.0012,5500.0,3850.0,3300.0,2200.0,550.0,93500.0048
926,2020-07-15,550.0,550.0,550.0,550.0,3300.0,6050.0012,6600.0,6050.0012,5500.0,3850.0,3850.0,3850.0,3300.0,3850.0,4400.0,5500.0,6050.0012,6050.0012,6600.0,5500.0,4400.0,3300.0,2200.0,1100.0,93500.0048
927,2020-07-16,550.0,550.0,550.0,550.0,3300.0,6050.0012,6600.0,6600.0,4950.0,4400.0,3850.0,3850.0,3850.0,4400.0,4400.0,4950.0,6050.0012,6050.0012,6600.0,5500.0,4400.0,3300.0,2200.0,1100.0,94600.0036
928,2020-07-17,550.0,550.0,550.0,550.0,2750.0,4950.0,4400.0,3850.0,3850.0,3300.0,2750.0,2750.0,2750.0,2750.0,2750.0,2750.0,5346.0,3696.0,3734.5,3184.5,2766.5,2601.5,2101.0,522.5,65752.5
929,2020-07-18,467.5,451.0,445.5,726.0,2717.0,4565.0,4647.5012,4279.0,3657.5012,3058.0,2447.5,2563.0,2211.0,2315.5,2321.0,2354.0,2315.5,2200.0,2216.5,2233.0,2150.5,2079.0,1881.0,484.0,54785.5024
930,2020-07-19,423.5,423.5,418.0,418.0,1100.0,2051.5,1969.0,1765.5,1903.0,1963.5,1947.0,1958.0,1996.5,1947.0,1661.0,1622.5,1600.5,1666.5,1875.5,1864.5,1793.0,1782.0,1490.5,456.5,36096.5
931,2020-07-20,517.0,489.5,467.5,467.5,1314.5,2046.0,1980.0,2007.5,1683.0,1710.5,1622.5,1650.0,1622.5,1617.0,1573.0,1573.0,1628.0,1694.0,1793.0,1732.5,1771.0,1688.5,1358.5,484.0,34490.5
932,2020-07-21,462.0,429.0,500.5,726.0,2640.0,4383.5,4724.5,4625.5,3916.0,3465.0,3030.5,3058.0,3184.5,3074.5,3421.0,3965.5,4554.0,4807.0,4862.0,4284.5,3212.0,2744.5,2156.0,627.0,72853.0
933,2020-07-22,561.0,500.5,484.0,770.0,2722.5,4543.0,4867.5012,4477.0,3712.5,3063.5,2854.5,2860.0,3129.5,3118.5,3454.0,4042.5,4548.5,4807.0012,4884.0,4449.5,3212.0,2673.0,2040.5,500.5,72275.5024
934,2020-07-23,423.5,429.0,462.0,731.5,2673.0,4488.0,4642.0,4290.0,3696.0,3151.5,2788.5,2629.0,2783.0,2821.5,3212.0,3745.5012,4136.0,4664.0,4664.0,4147.0,3184.5,2645.5,2139.5,522.5,69069.0012
935,2020-07-24,434.5,429.0,418.0,687.5,2002.0,3355.0012,3487.0,3113.0,2739.0,2222.0,2255.0,2211.0,2139.5,1969.0,2018.5,2057.0,2414.5,2612.5,2739.0,2128.5,1897.5,1974.5,1716.0,676.5,47696.0012
936,2020-07-25,473.0,484.0,473.0,748.0,2062.5,3487.0,3498.0,3019.5,2568.5,2128.5,2079.0,1908.5,2002.0,2216.5,2277.0,2431.0,2343.0,2101.0,2062.5,2024.0,2051.5,1991.0,1743.5,522.5,46695.0
937,2020-07-26,610.5,940.5,1083.5,913.0,2046.0,3344.0,3173.5,3184.5,3206.5,3173.5,3008.5,2772.0,2711.5,2717.0,2678.5,2733.5,3118.5,3228.5,3360.5,3135.0,2810.5,2898.5,2491.5,962.5,60302.0
938,2020-07-27,935.0,440.0,445.5,748.0,2513.5,4499.0012,4834.5,4576.0,4015.0012,3388.0,2975.5,2964.5,3047.0,2975.5,3388.0,3976.5012,4504.5,4966.5,4664.0,4097.5,3212.0,2744.5,2194.5,599.5,72704.5036
939,2020-07-28,544.5,583.0,550.0,792.0,2568.5,4493.5,4785.0,4592.5,3927.0,3245.0,2920.5,2959.0,3030.5,3003.0,3437.5,3965.5,4548.5,4972.0,4961.0012,4411.0012,3641.0,2717.0,2183.5,588.5,73419.5024
940,2020-07-29,511.5,467.5,495.0,759.0,2733.5,4532.0,4911.5,4691.5,3762.0,3173.5,3091.0,3113.0,3157.0,3135.0,3498.0,4020.5,4504.5,4873.0012,4917.0012,4383.5,3580.5,2882.0,2062.5,517.0,73771.5024
941,2020-07-30,489.5,511.5,462.0,676.5,2673.0,4614.5,4851.0,4554.0012,3855.5,3195.5,3085.5,3003.0,3168.0,3058.0,3344.0,3894.0,4405.5,4598.0,4383.5,4339.5,3492.5,2629.0,2101.0,572.0,71956.5012
942,2020-07-31,451.0,451.0,462.0,693.0,2073.5,3509.0012,3822.5,3575.0,3190.0,2882.0,2783.0,2711.5,2695.0,2970.0,3421.0,3498.0,3553.0,3789.5012,3652.0,2623.5,2194.5,2156.0,1969.0,517.0,59642.0024
943,2020-08-01,522.5,517.0,572.0,748.0,2200.0,3487.0,3564.0,3443.0,3102.0,2579.5,2062.5,2095.5,2172.5,2585.0,2937.0,2838.0,2442.0,2194.5,2123.0,2029.5,2035.0,2073.5,1727.0,495.0,50545.0
944,2020-08-02,445.5,440.0,429.0,506.0,1193.5,2007.5,1853.5,1754.5,1540.0,1655.5,1688.5,1738.0,1776.5,1732.5,1688.5,1644.5,1611.5,1666.5,1699.5,1677.5,1644.5,1622.5,1303.5,451.0,33770.0
945,2020-08-03,434.5,434.5,418.0,715.0,2805.0,4686.0,4741.0,4389.0,3800.5,3256.0,3074.5,3047.0,3151.5,3146.0,3437.5,3976.5012,4537.5,4856.5,5082.0012,4378.0,3366.0,2761.0,2079.0,588.5,73161.0024
946,2020-08-04,500.5,456.5,467.5,698.5,2821.5,4741.0,4972.0,4339.5,3943.5,3399.0,3135.0,2981.0,3124.0,3124.0,3382.5,4026.0,4570.5012,4994.0012,4972.0,4339.5,3212.0,2777.5,2123.0,544.5,73645.0024
947,2020-08-05,456.5,462.0,473.0,753.5,2656.5,4752.0,5016.0,4581.5,3674.0,3063.5,3085.5,2893.0,3118.5,3074.5,3289.0,3877.5,4598.0012,4493.5,4735.5,4306.5,3316.5,2827.0,2211.0,561.0,72275.5012
948,2020-08-06,473.0,456.5,495.0,764.5,2629.0,4361.5,4697.0,4576.0012,3954.5,3410.0012,3085.5,2937.0,3019.5,3146.0,3388.0,4070.0,4570.5,4752.0,4906.0012,4460.5,3366.0,2854.5,2343.0,544.5,73260.0036
949,2020-08-07,462.0,462.0,456.5,484.0,1089.0,1996.5,2128.5,1776.5,1776.5,1875.5,1672.0,1721.5,1716.0,1644.5,1886.5,2024.0,2068.0,2167.0,2167.0,1969.0,1815.0,1864.5,1490.5,517.0,37229.5
950,2020-08-08,467.5,456.5,484.0,687.5,2128.5,3503.5,3811.5,3096.5,2678.5,2497.0,2381.5,2370.5,2392.5,2420.0,2414.5,2480.5,2288.0,2359.5,2442.0,2453.0,2172.5,2117.5,1881.0,522.5,50506.5
951,2020-08-09,467.5,456.5,456.5,511.5,1127.5,2062.5,2035.0,2145.0,1991.0,2024.0,1914.0,1853.5,1991.0,1875.5,1958.0,2002.0,2095.5,2244.0,2194.5,2161.5,1754.5,1749.0,1391.5,473.0,38934.5
952,2020-08-10,418.0,418.0,440.0,814.0,2612.5,4460.5,4933.5012,4378.0012,3806.0,3333.0,3102.0,3019.5,3272.5,3184.5,3443.0,4048.0,4521.0,4779.5,4867.5,4240.5,3492.5,2920.5,2304.5,588.5,73397.5024
953,2020-08-11,539.0,467.5,462.0,792.0,2717.0,4526.5,4862.0,4521.0012,3877.5,3223.0,3124.0,3206.5,3157.0,3091.0,3432.0,3806.0,4339.5,4741.0,4680.5012,4240.5,3305.5,2750.0,2178.0,599.5,72638.5024
954,2020-08-12,489.5,473.0,467.5,803.0,2750.0,4702.5,4955.5,4493.5,3850.0012,3217.5,3129.5,3190.0,3129.5,3168.0,3415.5,3866.5,4488.0,4763.0,4928.0012,4339.5,3536.5,2766.5,2018.5,605.0,73546.0024
955,2020-08-13,506.0,462.0,445.5,720.5,2849.0,4625.5,5032.5012,4609.0,4031.5012,3267.0,3008.5,3047.0,3179.0,3041.5,3454.0,4026.0,4647.5,4812.5,4246.0,3250.5,2816.0,2436.5,1798.5,665.5,70977.5024
956,2020-08-14,456.5,462.0,500.5,654.5,2134.0,4064.5,4917.0,4620.0,3910.5,3168.0,2926.0,2959.0,3058.0,2981.0,3289.0,3949.0,4576.0,4823.5,4856.5012,4477.0012,3393.5,2733.5,2002.0,583.0,71494.5024
957,2020-08-15,489.5,511.5,473.0,726.0,2117.5,3404.5,3663.0,3553.0,3124.0,2722.5,2689.5,2739.0,2794.0,3047.0,2975.5,2898.5,2926.0,2860.0,3025.0,2717.0,2271.5,2128.5,1732.5,511.5,56100.0
958,2020-08-16,456.5,440.0,429.0,489.5,1182.5,1980.0,1969.0,1848.0,1743.5,1831.5,1716.0,1584.0,1644.5,1727.0,1721.5,1721.5,1798.5,1721.5,1771.0,1738.0,1661.0,1617.0,1446.5,489.5,34727.0
959,2020-08-17,445.5,473.0,506.0,489.5,1221.0,1919.5,1974.5,2007.5,1848.0,1798.5,1782.0,1677.5,1606.0,1650.0,1633.5,1644.5,1617.0,1677.5,1787.5,1738.0,1672.0,1600.5,1358.5,577.5,34705.0
960,2020-08-18,522.5,456.5,495.0,742.5,2656.5003,4653.0,4977.5003,4603.5,3888.5009,3278.0,3157.0,3129.5,3261.5,3157.0,3525.5,4119.5003,4537.5003,4807.0003,4911.5,4174.5003,3360.5,2755.5,2145.0,555.5,73870.5027
961,2020-08-19,511.5,473.0,533.5,665.5,2711.5,4537.5,4840.0,4394.5,3806.0003,3223.0,2876.5,3085.5,3052.5,2986.5,3239.5,3938.0006,4537.5,4829.0,4939.0,4372.5,3333.0003,2810.5,2073.5,511.5,72281.0012
962,2020-08-20,533.5,467.5,495.0,731.5,2568.5,4609.0,4961.0012,4559.5,3877.5012,3322.0,3135.0,3030.5,2964.5,2992.0,3245.0,3674.0,4224.0012,4922.5,4906.0,4306.5012,3388.0,2810.5,2117.5,583.0,72424.0048
963,2020-08-21,478.5,572.0,583.0,698.5,2717.0,4636.5,4895.0,4449.5003,3778.5,3283.5,2810.5,2893.0,2970.0,2997.5,3355.0,3921.5,4598.0,4768.5,4873.0,4460.5,3421.0003,2783.0,2024.0,572.0,72539.5006
964,2020-08-22,627.0,654.5,528.0,764.5,2612.5,3910.5003,4147.0,3855.5003,3322.0,2849.0,2898.5,3107.5,3481.5,3520.0,3613.5003,3646.5003,3602.5,3685.0003,3520.0,2832.5,2321.0,2211.0,1881.0,627.0,64218.0015
965,2020-08-23,726.0,973.5,957.0,946.0,2414.5,4345.0003,4702.5,4053.5,3745.5003,3767.5,3987.5003,3976.5,3795.0,3003.0,3129.5,2975.5,3030.5,3217.5,3223.0,3190.0,3454.0003,3234.0,2530.0,1034.0,70411.0012
966,2020-08-24,698.5,429.0,445.5,770.0,2552.0,4686.0,4741.0003,4312.0,3888.5003,3151.5,2953.5,2799.5,2821.5,2750.0,2986.5,3591.5,4295.5,4862.0,4724.5,3921.5,3245.0,2535.5,1886.5,506.0,69553.0006
967,2020-08-25,456.5,429.0,423.5,742.5,2700.5003,4631.0003,4955.5,4719.0006,3899.5,3228.5,2981.0,2816.0,3003.0,3014.0,3421.0,3943.5,4504.5,4823.5,4647.5,4158.0,3223.0,2519.0,2013.0,506.0,71758.5012
968,2020-08-26,429.0,429.0,429.0,671.0,2722.5,4603.5,4922.5,4697.0,3833.5003,3399.0,3069.0,2953.5,2948.0,3069.0,3366.0,3971.0,4477.0,4922.5006,4878.5,4202.0,3338.5,2662.0,1980.0,528.0,72501.0009
969,2020-08-27,500.5,462.0,473.0,715.0,2552.0,4477.0,4939.0,4444.0,3679.5003,3190.0,2909.5,2926.0,2942.5,3063.5,3355.0003,3943.5,4394.5,4746.5003,4686.0003,4235.0,3564.0,2766.5,2172.5,616.0,71753.0012
970,2020-08-28,489.5,500.5,500.5,792.0,2684.0,4526.5,4928.0003,4350.5,3547.5,3261.5,3030.5,2909.5,3102.0,3030.5,3124.0,3795.0,4394.5,4862.0,4895.0,4389.0,3267.0,2783.0,1974.5,517.0,71654.0003
971,2020-08-29,627.0,462.0,478.5,676.5,2475.0,4114.0,4361.5,3855.5,3140.5,2744.5,2733.5,3014.0,3124.0,3228.5,3619.0,3690.5003,3690.5006,3569.5,3487.0,2931.5,2365.0,2304.5,1991.0,522.5,63206.0009
972,2020-08-30,467.5,467.5,440.0,456.5,1171.5,2854.5,2717.0,2112.0,2205.5,2266.0,2299.0,2541.0,2722.5,2656.5,2673.0,2090.0,2018.5,2062.5,2469.5,2359.5,2156.0,2134.0,1727.0,489.5,45556.5
973,2020-08-31,456.5,456.5,445.5,770.0,2662.0,4526.5,4807.0,4680.5003,3586.0,3080.0,3074.5,2926.0,2970.0,3036.0,3355.0,3921.5,4383.5,4631.0,4625.5,4064.5,3239.5,2645.5,2134.0,616.0,71093.0003
974,2020-09-01,577.5,583.0,467.5,770.0,2673.0,4169.0,4686.0003,4818.0,3965.5,3492.5003,3140.5,3019.5,3151.5,3184.5,3492.5003,4053.5,4427.5,4983.0003,4757.5,4092.0,3168.0,2321.0,1864.5,627.0,72484.5012
975,2020-09-02,500.5,434.5,291.5,445.5,2101.0,3855.5,3998.5003,3800.5003,3283.5,2711.5,2706.0,2678.5,2612.5,2645.5,2876.5,3333.0,3905.0003,4070.0003,4295.5,3800.5,3036.0,2381.5,1864.5,451.0,62078.5012
976,2020-09-03,423.5,445.5,440.0,759.0,2887.5,4559.5,5032.5003,4680.5,3773.0006,3338.5,3118.5,3267.0,3151.5,2992.0,3261.5,4185.5003,4730.0,5076.5003,4983.0,4235.0,3267.0,2695.0,2079.0,627.0,74008.0015
977,2020-09-04,451.0,478.5,462.0,726.0,2574.0,4345.0,4702.5,4653.0003,4015.0,3388.0,3162.5,3118.5,3190.0,3234.0,3542.0,4196.5,4680.5,4911.5003,4708.0,4273.5003,3360.5,2667.5,2051.5,687.5,73579.0009
978,2020-09-05,517.0,467.5,462.0,759.0,2508.0,4229.5,4339.5,3954.5003,3300.0,2997.5,2942.5,3245.0,4009.5,4301.0,4383.5,4416.5,4141.5,4218.5,3943.5003,3437.5,2849.0,2739.0,2260.5,522.5,70944.5006
979,2020-09-06,451.0,445.5,440.0,434.5,1221.0,2772.0,2733.5,2711.5,2420.0,2579.5,2667.5,2783.0,2871.0,2898.5,2931.5,2909.5,2926.0,3074.5,2953.5,2733.5,2612.5,2464.0,1776.5,528.0,52338.0
980,2020-09-07,478.5,429.0,451.0,676.5,2722.5,4565.0,4884.0,4625.5,4196.5,3470.5,2970.0,2997.5,3069.0,3151.5,3531.0,3993.0,4702.5,5060.0,4823.5,4015.0,3239.5,2618.0,1958.0,627.0,73254.5
981,2020-09-08,924.0,990.0,572.0,693.0,2662.0,4196.5,4807.0003,4614.5,3998.5,3239.5,3179.0,3030.5,2981.0,3014.0,3360.5,4059.0,4543.0,4268.0,4405.5,4015.0003,3190.0,2557.5,2167.0,753.5,72220.5006
982,2020-09-09,495.0,495.0,462.0,726.0,2794.0,4471.5003,4906.0,4449.5,3905.0003,3459.5003,3025.0,3025.0,3080.0,3091.0,3503.5,4075.5003,4565.0003,4466.0,4471.5,3905.0,3327.5,2700.5,2057.0,632.5,72088.5015
983,2020-09-10,489.5,522.5,495.0,671.0,2645.5,4466.0,5060.0006,4581.5003,3839.0,3377.0,3124.0,3080.0,3294.5,3212.0,3542.0003,4053.5003,4515.5,4444.0,4521.0,3866.5006,3036.0,2288.0,1771.0,709.5,71604.5021
984,2020-09-11,605.0,561.0,489.5,715.0,2799.5,4873.0,4977.5003,4708.0,3888.5,3278.0,3014.0,3041.5,3135.0,3250.5,3525.5,3872.0003,4097.5,4477.0,4609.0,3927.0003,3278.0,2590.5,1947.0,616.0,72275.5009
985,2020-09-12,379.5,352.0,352.0,764.5,2381.5,4207.5,4383.5,4020.5003,3371.5,2909.5,2909.5,3096.5,3905.0,4284.5,4240.5,4422.0,4444.0003,4262.5,3811.5003,3305.5,3014.0,2700.5,2354.0,522.5,70394.5009
986,2020-09-13,528.0,445.5,429.0,467.5,1155.0,2552.0,2678.5,2508.0,2387.0,2557.5,2568.5,2695.0,2673.0,2744.5,2684.0,2640.0,2574.0,2695.0,2667.5,2480.5,2453.0,2337.5,1661.0,632.5,49214.0
987,2020-09-14,880.0,891.0,660.0,792.0,2706.0003,4636.5,4961.0003,4543.0,3800.5,3410.0003,3151.5,3140.5,3173.5,3173.5,3459.5,4009.5,4763.0003,5368.0006,4906.0,3784.0,2926.0,2585.0,2040.5,555.5,74316.0018
988,2020-09-15,478.5,462.0,478.5,726.0,2794.0,4510.0,5038.0,4587.0,3828.0003,3190.0,2997.5,2986.5,3019.5,3206.5,3366.0,3993.0003,4592.5,5016.0,5137.0003,4526.5,3432.0003,2810.5,2002.0,577.5,73755.0012
989,2020-09-16,517.0,467.5,467.5,737.0,2777.5,4609.0,5016.0,4675.0,3811.5,3294.5,2904.0,3085.5,3124.0,3014.0,3250.5,3910.5,4554.0,4994.0,4966.5003,4191.0003,3366.0,2788.5,2112.0,583.0,73216.0006
990,2020-09-17,577.5,451.0,451.0,792.0,2684.0,4664.0003,5082.0,4878.5006,4075.5,3437.5,2953.5,3129.5,3212.0,3129.5,3305.5,3800.5003,4570.5,4944.5006,4961.0003,4169.0,3256.0,2843.5,2057.0,654.5,74079.5021
991,2020-09-18,407.0,308.0,423.5,698.5,2469.5,4625.5,5236.0003,4598.0,4103.0,3586.0003,3201.0,3107.5,3063.5,3135.0,3371.5,3993.0003,4713.5003,5098.5012,5307.5006,4312.0,3245.0,2596.0,1892.0,627.0,74118.003
992,2020-09-19,385.0,352.0,341.0,748.0,2475.0,4180.0,4504.5,4070.0,3355.0,3041.5,3091.0,3333.0,4224.0,4394.5,4361.5,4251.5,4339.5,4026.0003,3657.5,3085.5,2827.0,2607.0,1985.5,577.5,70213.0003
993,2020-09-20,445.5,390.5,445.5,517.0,1204.5,2519.0,2695.0,2585.0,2381.5,2458.5,2596.0,2629.0,2667.5,2777.5,2816.0,2546.5,2750.0,2893.0,2805.0,2711.5,2673.0,2552.0,1760.0,506.0,50325.0
994,2020-09-21,522.5,566.5,533.5,775.5,2541.0,4636.5,4977.5,4763.0,4031.5,3234.0,3179.0,3047.0,3041.5,3014.0,3426.5003,3866.5,4114.0,4680.5003,4372.5,3459.5003,3080.0,2860.0,2524.5,1193.5,72440.5009
995,2020-09-22,467.5,462.0,473.0,913.0,2739.0,4752.0006,5142.5003,4647.5,4064.5003,3459.5,3096.5,3135.0,3190.0,3245.0,3564.0,4086.5,4664.0,5010.5006,5153.5,4471.5,3432.0,2799.5,2519.0,1204.5,76692.0018
996,2020-09-23,550.0,528.0,863.5,1292.5,3069.0,5241.5,5522.0009,5252.5003,4372.5,3718.0003,3399.0003,3454.0,3498.0,3542.0003,3888.5003,4477.0,4906.0003,5450.5012,5736.5012,5131.5006,4125.0003,3498.0,3261.5,1820.5,86597.506
997,2020-09-24,1078.0,1006.5,1056.0,1342.0,3410.0,4988.5003,5307.5003,5450.5003,4493.5,3872.0006,3723.5,3696.0,3690.5,3674.0003,3976.5006,4708.0003,5148.0006,5478.0,5687.0003,4933.5,4009.5,3426.5,3129.5,1826.0,89111.0036
998,2020-09-25,973.5,968.0,973.5,1358.5,3250.5,5098.5,5390.0003,5027.0,4372.5003,3888.5009,3685.0,3641.0003,3613.5003,3641.0003,3927.0003,4636.5,5170.0,5593.5003,5769.5003,4950.0003,4152.5,3459.5,3239.5,1936.0,88715.0036
999,2020-09-26,1116.5,1012.0,1001.0,1298.0,3195.5,4851.0,4922.5,4400.0,3806.0003,3553.0003,3514.5,3635.5003,4493.5,4900.5,4928.0003,4537.5003,4609.0,4625.5003,4196.5003,3866.5,3481.5,3091.0,3063.5,1771.0,83869.5021
1000,2020-09-27,1034.0,995.5,946.0,990.0,1782.0,2832.5,3360.5,3074.5,2997.5,3069.0,3102.0,3344.0,3360.5003,3404.5006,3503.5,3338.5,3360.5,3333.0,3360.5003,3250.5,3267.0,3173.5,2304.5,1127.5,64311.5012
1001,2020-09-28,1100.0,1045.0,1023.0,1314.5,3190.0003,5104.0,5637.5006,5329.5006,4279.0,4042.5,3800.5,3635.5,3745.5,3668.5,3971.0003,4554.0,5087.5,5775.0003,6072.0003,5049.0003,4075.5003,3437.5,3074.5,1765.5,89776.503
1002,2020-09-29,1138.5,1149.5,1089.0,1358.5,3278.0,5269.0006,5428.5,5137.0,4367.0003,3828.0,3784.0,3432.0,2843.5,3003.0,3580.5,4510.0,5021.5,5566.0006,5549.5006,4944.5006,4004.0,3503.5,3124.0,1749.0,86658.0027
1003,2020-09-30,1149.5,1061.5,995.5,1270.5,3201.0,5219.5003,5599.0,5335.0003,4339.5,3300.0,2915.0,2882.0,3113.0,3212.0,3855.5003,4438.5003,5137.0003,5692.5003,5879.5003,5126.0006,4163.5003,3426.5003,3184.5,1798.5,86295.0033
1004,2020-10-01,1259.5,1226.5,1105.5,1303.5,3327.5,5208.5006,5538.5003,5109.5,4416.5,3553.0,3118.5,3080.0,3014.0,3113.0,3740.0006,4493.5,5148.0,5555.0009,5753.0003,5098.5,4064.5,3503.5,3212.0,1886.5,86828.5027
1005,2020-10-02,1221.0,1171.5,1083.5,1259.5,3316.5,5208.5006,5560.5,5335.0003,4603.5,3580.5,3338.5,3245.0,3228.5,3223.0,3998.5,3938.0,4576.0003,5538.5006,5610.0006,5005.0003,4246.0,3322.0,3129.5,1826.0,86564.5027
1006,2020-10-03,880.0,792.0,786.5,1215.5,3041.5,4900.5,4917.0003,4532.0003,3811.5,3404.5003,3437.5,3635.5006,4515.5,4785.0003,4548.5,4466.0,4598.0,4290.0,3839.0003,3723.5006,3327.5,3388.0,3102.0,1716.0,81653.0027
1007,2020-10-04,764.5,748.0,836.0,891.0,1831.5,3162.5,3135.0,2992.0,2898.5,2931.5,2926.0,3096.5,3091.0,3179.0,3124.0,2948.0,3096.5,2975.5,3052.5,3140.5,3267.0,3239.5,2354.0,1045.0,60725.5
1008,2020-10-05,1023.0,979.0,968.0,1160.5,3201.0,5203.0006,5599.0003,5329.5006,4422.0,3580.5,3327.5,3366.0,3278.0,3234.0,3982.0,4570.5,5016.0,5615.5003,5863.0006,5285.5006,4158.0,3426.5003,3113.0,1771.0,87472.0033
1009,2020-10-06,1116.5,1072.5,1023.0,1287.0,3272.5,5197.5,5571.5006,5181.0,4345.0,3311.0,3008.5,3003.0,3025.0,3118.5,3921.5,4664.0,5038.0003,5703.5003,5797.0003,5032.5003,4015.0003,3602.5,3267.0,1991.0,86564.5021
1010,2020-10-07,1116.5,1111.0,1089.0,1292.5,3338.5,5236.0,5516.5012,5236.0012,4576.0,3646.5,3190.0,3069.0,3184.5,3179.0,3866.5,4664.0,5137.0012,5753.0012,5786.0012,5219.5,4169.0,3448.5,3223.0,1793.0,87840.506
1011,2020-10-08,1210.0,1155.0,1127.5,1391.5,3514.5,5219.5012,5731.0012,5307.5012,4306.5,3569.5,3157.0,3129.5,3190.0,3228.5,3729.0012,4565.0,5043.5,5769.5012,5863.0012,4955.5012,3993.0,3234.0,3074.5,1815.0,87279.5084
1012,2020-10-09,1155.0,1155.0,1127.5,1452.0,3305.5012,5197.5012,5434.0012,5280.0012,4477.0,3696.0,3289.0,3283.5,3311.0,3421.0,4009.5,4829.0012,5280.0012,5632.0012,5923.5012,5049.0012,3899.5,3360.5,3030.5,1688.5,88286.0108
1013,2020-10-10,869.0,825.0,968.0,1331.0,3217.5,5043.5012,5076.5,4482.5,3723.5,3575.0,3547.5,3872.0,4416.5,4812.5,4785.0,4631.0,4752.0,4064.5012,3877.5012,3740.0012,3388.0,3261.5,3151.5,1804.0,83215.0048
1014,2020-10-11,962.5,935.0,929.5,940.5,1903.0,3360.5,3184.5,3173.5,2827.0,2953.5,3030.5,3245.0,3272.5,3294.5,3311.0,3278.0,3157.0,3162.5,3278.0,3256.0,3195.5,3058.0,2282.5,1034.0,63024.5
1015,2020-10-12,1001.0,929.5,913.0,907.5,1831.5,3360.5,3432.0,3135.0,2942.5,3003.0,3069.0,3256.0,3168.0,3184.5,3333.0,3410.0003,3305.5,3305.5,3195.5,2684.0,3135.0,3162.5,2211.0,1028.5,62903.5003
1016,2020-10-13,973.5,995.5,962.5,1292.5,3195.5,4922.5,5384.5006,5285.5003,4400.0,3564.0003,3151.5,3146.0,3223.0,3283.5,3696.0003,4515.5,5021.5,5698.0003,5769.5,5071.0,4196.5,3344.0,3030.5,1699.5,85822.0018
1017,2020-10-14,1089.0,1039.5,995.5,1226.5,3415.5,5170.0003,5533.0009,5115.0,4350.5003,3641.0,3102.0,3206.5,3135.0,3360.5,3899.5,4675.0,5142.5003,5720.0003,5813.5003,4966.5006,4323.0,3487.0003,3124.0,1798.5,87329.0033
1018,2020-10-15,1138.5,1089.0,1072.5,1309.0,3421.0,5181.0003,5357.0009,5285.5006,4383.5003,3492.5,3036.0,3069.0,3096.5,3173.5,3641.0,4510.0,5016.0003,5659.5003,5747.5,5153.5006,4207.5,3773.0003,3327.5,1837.0,86977.0036
1019,2020-10-16,1133.0,1105.5,1039.5,1303.5,3316.5,5302.0,5401.0003,5252.5003,4015.0,3646.5,3008.5,3239.5,3107.5,3239.5,3998.5,4658.5003,5170.0,5742.0006,5934.5003,5104.0,4031.5003,3333.0,2997.5,1793.0,86872.5021
1020,2020-10-17,979.0,913.0,946.0,1309.0,3184.5,4741.0,5098.5,4603.5003,3723.5006,3360.5,3525.5,3756.5003,4554.0,4642.0,4669.5,4719.0,4680.5,4213.0003,3806.0003,3734.5,3344.0,3267.0,3124.0,1688.5,82582.5018
1021,2020-10-18,957.0,957.0,885.5,891.0,1892.0,3267.0,3338.5,3256.0,2821.5,3217.5,3322.0,3212.0,3525.5,3542.0003,3344.0,3162.5,3426.5,3448.5,3481.5003,3360.5,3272.5,3146.0,2381.5,792.0,64900.0006
1022,2020-10-19,594.0,511.5,731.5,1270.5,3311.0003,4999.5003,5280.0,5318.5003,4537.5,3371.5,3019.5,3184.5,3190.0,3217.5,3822.5003,4394.5,5010.5003,5769.5003,5802.5006,5241.5,4273.5,3503.5,3102.0,1826.0,85283.0024
1023,2020-10-20,654.5,704.0,990.0,1430.0,3140.5,5153.5,5467.0003,5082.0,4273.5003,3382.5,2959.0,2860.0,3173.5,3080.0,3888.5003,4559.5003,4598.0,5175.5006,5483.5003,5016.0003,4240.5,3305.5,3228.5,1716.0,83561.5024
1024,2020-10-21,1039.5,1050.5,1012.0,1298.0,3162.5,5071.0,5252.5003,5054.5,4361.5,3404.5,3047.0,3008.5,3151.5,3157.0,3509.0,4081.0,4526.5,4972.0003,5395.5006,4823.5,4114.0,3448.5,3135.0,1864.5,82940.0012
1025,2020-10-22,825.0,671.0,1001.0,1298.0,3047.0,4972.0003,5588.0003,5269.0003,4510.0,3465.0,3184.5,3151.5,3206.5,3426.5,3954.5,4532.0,4955.5003,5555.0,5841.0,4862.0,4169.0,3553.0006,3085.5,1716.0,85838.5018
1026,2020-10-23,1028.5,990.0,1006.5,1303.5,3096.5003,5087.5003,5252.5,5153.5003,4471.5,3635.5,3135.0,3278.0,3168.0,3250.5,3839.0,4554.0,5060.0003,5692.5006,5687.0003,4917.0,4141.5006,3448.5,2959.0,1600.5,85756.0027
1027,2020-10-24,841.5,698.5,660.0,918.5,2717.0,4383.5,4521.0,4114.0003,3470.5,3129.5,3124.0,3168.0,4042.5003,4383.5,4361.5,4301.0,4191.0003,3723.5,3465.0,3283.5,2684.0,2711.5,2563.0,1237.5,72693.5009
1028,2020-10-25,550.0,484.0,495.0,500.5,1430.0,2799.5,2871.0,2854.5,2656.5,2546.5,2722.5,2904.0,2816.0,2739.0,2854.5,2799.5,2794.0,2816.0,2689.5,2711.5,2618.0,2469.5,1798.5,511.5,52431.5
1029,2020-10-26,489.5,935.0,902.0,1210.0,3069.0003,5005.0,5296.5006,4829.0003,3635.5,3025.0,3118.5,3179.0,3195.5,3140.5,3465.0,3888.5003,4504.5,5346.0006,5241.5,4372.5,3690.5,3179.0,2964.5,1699.5,79381.5021
1030,2020-10-27,995.5,951.5,946.0,1265.0,3190.0,5241.5003,5560.5003,5153.5006,3833.5,3289.0003,3157.0,3300.0,3217.5,3338.5,3784.0003,4207.5,4812.5,5511.0006,5137.0003,4405.5003,3811.5003,3206.5,2942.5,1710.5,82967.5033
1031,2020-10-28,1078.0,973.5,1045.0,1155.0,3069.0003,4768.5,5192.0,4680.5,3613.5006,2937.0,3069.0,3052.5,2997.5,3041.5,3327.5,3800.5003,4570.5,5406.5006,5307.5,4202.0003,3536.5006,3272.5,2931.5,1699.5,78727.0027
1032,2020-10-29,957.0,924.0,940.5,1215.5,2981.0003,4823.5003,5236.0003,4730.0003,3767.5,3080.0,3069.0,3047.0,3102.0,3206.5,3443.0,3844.5003,4636.5,5005.0,4719.0003,4169.0003,3503.5,2959.0,2673.0,1573.0,77605.0021
1033,2020-10-30,990.0,968.0,957.0,1309.0,3250.5003,4878.5,5093.0,4741.0006,3674.0003,3041.5,2904.0,2832.5,2706.0,3036.0,3371.5,3910.5006,5010.5003,5280.0009,4950.0,4383.5,3575.0003,3063.5,2403.5,979.0,77308.0033
1034,2020-10-31,935.0,913.0,924.0,1226.5,3003.0003,4521.0,4224.0006,4048.0,3415.5,3322.0,3366.0,3509.0,4207.5,4565.0,4603.5,4521.0,4400.0,4070.0,3712.5003,3437.5006,3305.5,3107.5,2552.0,1006.5,76895.5018
1035,2020-11-01,962.5,968.0,940.5,940.5,1743.5,3162.5,3129.5,2986.5,2777.5,2810.5,3025.0,2959.0,2898.5,2860.0,2992.0,2766.5,2552.0,2689.5,2805.0,2557.5,2552.0,2563.0,2128.5,935.0,56705.0
1036,2020-11-02,918.5,924.0,924.0,902.0,1842.5,3234.0,3206.5,3074.5,2816.0,2860.0,3052.5,3030.5,2986.5,2964.5,3102.0,3025.0,2810.5,2904.0,3129.5,2920.5,2915.0,2904.0,2271.5,1023.0,59741.0
1037,2020-11-03,951.5,891.0,924.0,1221.0,3250.5,5203.0003,5489.0006,5093.0,3960.0,3410.0,3212.0,3124.0,3256.0,3547.5003,3910.5003,4306.5003,5186.5009,5692.5009,5676.0006,4493.5003,3685.0003,3311.0,3052.5,1760.0,84606.5048
1038,2020-11-04,1039.5,968.0,962.5,1314.5,3239.5,5159.0003,5511.0,5186.5003,3976.5,3261.5,3074.5,3162.5,3184.5,3388.0,3608.0003,3965.5003,4966.5003,5687.0006,5434.0,4559.5,3624.5,3327.5,3014.0,1892.0,83506.5021
1039,2020-11-05,1067.0,1039.5,1045.0,1298.0,3415.5,5241.5006,5560.5003,5153.5003,3877.5,3206.5,2975.5,2975.5,3036.0,3239.5,3652.0,4152.5,5076.5003,5791.5006,5681.5006,4570.5003,3778.5003,3388.0,3151.5,1842.5,84216.0033
1040,2020-11-06,1078.0,1061.5,1039.5,1188.0,3333.0,5252.5,5505.5006,4922.5003,3938.0,3223.0,3085.5,3019.5,3080.0,3377.0,3701.5003,4169.0,4961.0006,5500.0003,5610.0003,4581.5003,3613.5,3250.5,3063.5,1760.0,83314.0027
1041,2020-11-07,863.5,814.0,874.5,1243.0,3140.5003,4856.5003,4922.5006,4438.5,3740.0,3426.5,3476.0,3668.5,4444.0,4763.0,4669.5003,4708.0,4664.0,4317.5,3954.5003,3778.5006,3580.5003,3360.5,3223.0,1683.0,82610.0027
1042,2020-11-08,1100.0,1078.0,1100.0,1138.5,1732.5,3052.5,3195.5,2937.0,2788.5,2937.0,2898.5,3058.0,3135.0,3157.0,3190.0,3228.5,3212.0,3019.5,3124.0,3129.5,3140.5,3025.0,2321.0,1034.0,61732.0
1043,2020-11-09,984.5,957.0,935.0,1215.5,3190.0,5285.5009,5555.0003,5208.5003,4053.5006,3272.5,3267.0,3300.0,3201.0,3272.5,3646.5,4037.0,4988.5,5709.0,5010.5006,4708.0,3569.5,3074.5,2964.5,1809.5,83215.0027
1044,2020-11-10,1023.0,957.0,1001.0,1221.0,3360.5,4829.0003,5357.0003,5170.0003,4053.5,3283.5,3019.5,2992.0,3047.0,3344.0,3734.5003,4125.0,4895.0,5896.0003,5648.5003,4471.5003,3630.0003,3289.0,2975.5,1798.5,83121.5024
1045,2020-11-11,1116.5,1012.0,1028.5,1248.5,3212.0,5071.0,5483.5006,5225.0,3899.5,3415.5,3047.0,3113.0,3030.5,3278.0,3454.0003,4042.5,4851.0,5527.5003,5621.0003,4537.5,3795.0,3432.0,3124.0,1787.5,83352.5015
1046,2020-11-12,1061.5,1034.0,1039.5,1336.5,3239.5003,5076.5006,5516.5006,4977.5003,3921.5,3250.5,2953.5,2904.0,2992.0,3118.5,3465.0,3894.0006,4862.0,5665.0,5401.0,4427.5,3696.0003,3360.5,3096.5,1820.5,82109.5027
1047,2020-11-13,1012.0,1017.5,1067.0,1380.5,3316.5003,5054.5006,5236.0006,5104.0003,3784.0006,3195.5,2909.5,3157.0,3344.0,3773.0,4284.5,4697.0,5120.5003,5472.5,5126.0003,4279.0,3437.5,3195.5,2986.5,1809.5,83759.503
1048,2020-11-14,1012.0,1056.0,990.0,1336.5,3245.0,4658.5,4823.5,4499.0,3509.0003,3344.0,3173.5,3388.0,4400.0,4658.5,4818.0,4724.5,4559.5,4130.5,3954.5006,3773.0003,3377.0,3201.0,3124.0,1749.0,81504.5012
1049,2020-11-15,1017.5,995.5,946.0,990.0,1952.5,3228.5,3184.5,2403.5,2464.0,2656.5,2607.0,2656.5,2673.0,2684.0,2805.0,2799.5,2926.0,2898.5,3008.5,2898.5,2904.0,2849.0,2271.5,841.5,56661.0
1050,2020-11-16,676.5,682.0,764.5,902.0,1683.0,3052.5,2750.0,2348.5,2447.5,2524.5,2574.0,2656.5,2667.5,2788.5,2805.0,2673.0,2761.0,2816.0,2904.0,2854.5,2882.0,2893.0,2271.5,1017.5,54395.0
1051,2020-11-17,973.5,561.0,165.0,770.0,2700.5,4669.5003,5005.0003,4966.5,3553.0,3003.0,2788.5,2678.5,2777.5,3025.0,3316.5,3520.0003,4460.5,4730.0,4075.5,3707.0,2964.5,2629.0,2282.5,1094.5,70416.5009
1052,2020-11-18,495.0,511.5,484.0,660.0,2722.5,4647.5,4917.0,4620.0,3311.0,2772.0,2618.0,2612.5,2755.5,2832.5,3124.0,3569.5003,4334.0003,5296.5003,4955.5006,3729.0003,2953.5,2612.5,2442.0,1243.0,70218.5018
1053,2020-11-19,550.0,517.0,484.0,1001.0,3355.0,5170.0006,5489.0,5137.0006,3828.0,3184.5,2986.5,2964.5,3008.5,3135.0,3531.0,4064.5,4961.0,5775.0,5208.5003,4328.5,3586.0,3146.0,2981.0,1831.5,80223.0015
1054,2020-11-20,1056.0,1050.5,1050.5,1276.0,3272.5,5148.0,5456.0003,5109.5,3998.5,3239.5,2986.5,3063.5,3256.0,3470.5,3690.5003,4240.5,5115.0,5654.0003,5549.5012,4433.0003,3624.5,3085.5,2959.0,1721.5,83506.5024
1055,2020-11-21,902.0,885.5,913.0,1177.0,3151.5,4625.5003,4944.5,4565.0,3613.5,3443.0003,3371.5,3707.0,4383.5003,4488.0,4851.0,4873.0006,4653.0,4977.5,4504.5,3960.0,3536.5003,3300.0,3102.0,1721.5,83649.5018
1056,2020-11-22,913.0,808.5,874.5,863.5,1870.0,3135.0,2926.0,2387.0,2365.0,2491.5,2519.0,2508.0,2590.5,2667.5,2678.5,2700.5,2772.0,2986.5,3014.0,2937.0,2915.0,2931.5,2299.0,1171.5,55324.5
1057,2020-11-23,924.0,907.5,929.5,1149.5,3239.5,5219.5,5549.5003,5043.5003,3756.5,3190.0,3157.0,3140.5,3151.5,3426.5,3844.5009,4356.0003,5082.0,5802.5006,5676.0,4389.0,3514.5,3124.0,3041.5,1804.0,83418.5024
1058,2020-11-24,1023.0,1001.0,1001.0,1215.5,3371.5003,5126.0,5406.5003,4895.0006,3916.0003,3294.5,2948.0,3063.5,3250.5,3360.5,3696.0,3960.0,5087.5003,5863.0003,5687.0006,4477.0,3630.0006,3256.0,2937.0,1771.0,83237.0033
1059,2020-11-25,1012.0,979.0,1006.5,1325.5,3366.0006,5098.5,5527.5003,4713.5003,3965.5,3311.0,3074.5,2970.0,3052.5,3294.5,3619.0,4224.0,4845.5,5527.5006,5819.0006,4653.0,3888.5,3421.0,3179.0,1776.5,83649.5024
1060,2020-11-26,1061.5,1034.0,1034.0,1248.5,3322.0003,5192.0,5505.5003,5318.5006,3877.5003,3322.0,3102.0,3063.5,3146.0,3179.0,3828.0,4411.0,5247.0003,5907.0006,5461.5003,4191.0,4048.0,3470.5,3146.0,1826.0,84942.0027
1061,2020-11-27,1045.0,1023.0,1039.5,1331.0,3344.0,5307.5009,5687.0006,5120.5,3866.5,3311.0,3102.0,3129.5,3261.5,3525.5,3883.0,4251.5,5219.5006,6006.0012,5626.5006,4543.0,3646.5,2986.5,2876.5,1837.0,84969.5039
1062,2020-11-28,847.0,588.5,605.0,841.5,4086.5003,7898.0012,7265.5009,7216.0012,5335.0003,4878.5,5005.0,5186.5,7221.5003,7645.0009,6688.0006,4020.5,3888.5,5214.0003,6891.5003,5852.0003,4972.0,4202.0,4174.5,1809.5,112332.0066
1063,2020-11-29,500.5,440.0,440.0,489.5,1430.0,3569.5,3657.5003,3085.5,2893.0,2986.5,2920.5,2992.0,3102.0,3151.5,3179.0,3168.0,3476.0,3674.0003,3586.0,3267.0,3091.0,3052.5,2161.5,550.0,60863.0006
1064,2020-11-30,489.5,495.0,506.0,687.5,3487.0,6413.0006,6979.5009,6539.5003,4834.5003,3547.5006,3272.5,3322.0,3553.0,3888.5006,4207.5,5065.5006,5857.5006,6660.5009,6473.5009,5126.0009,3943.5,3338.5,3003.0,1397.0,93087.5072
1065,2020-12-01,522.5,506.0,544.5,979.0,3173.5,6237.0009,6737.5,6440.5009,5065.5003,3575.0,3426.5,3300.0,3426.5,3762.0,4086.5,4961.0,6050.0012,6649.5003,6270.0006,4977.5,3839.0003,3294.5,2926.0,1463.0,92213.0045
1066,2020-12-02,528.0,561.0,506.0,852.5,3113.0,6143.5012,6589.0012,6545.0012,5060.0012,3795.0,3404.5,3459.5,3437.5,3619.0012,4009.5012,4966.5012,6121.5012,6875.0,6182.0012,4906.0,3861.0,3157.0,2832.5,1380.5,91905.0108
1067,2020-12-03,577.5,566.5,539.0,869.0,3399.0,6325.0009,6748.5009,6352.5009,4977.5003,3624.5,3278.0,3393.5,3591.5,3833.5003,4235.0,4790.5,6066.5,7040.0009,6682.5006,5247.0,4152.5003,3322.0,2986.5,1584.0,94182.0051
1068,2020-12-04,654.5,605.0,599.5,814.0,3470.5,6539.5006,6616.5003,5956.5006,4818.0003,3817.0,3410.0,3388.0,3399.0003,3795.0003,4185.5003,5142.5006,6292.0009,7095.0009,6391.0006,5489.0003,4059.0,3443.0003,3118.5,1485.0,94583.5063
1069,2020-12-05,561.0,528.0,528.0,852.5,3393.5,5780.5003,6215.0006,5544.0006,4317.5003,3745.5,3899.5003,4185.5,5439.5,5714.5003,5824.5003,6017.0006,5967.5006,5863.0009,5450.5,4306.5,3954.5003,3591.5,3201.0,1496.0,96376.5051
1070,2020-12-06,473.0,462.0,451.0,467.5,1452.0,3745.5,3806.0003,3685.0009,3432.0,3514.5,3547.5,3767.5,3767.5,3976.5,4108.5,3960.0,3778.5,3927.0,3685.0,3355.0,3250.5,3085.5,2062.5,517.0,68277.0012
1071,2020-12-07,467.5,478.5,484.0,660.0,3399.0,6226.0003,6435.0006,6187.5009,5192.0,3888.5,3723.5003,3701.5,3657.5003,4004.0,4350.5,5153.5003,6314.0006,6985.0006,6440.5012,5181.0,3844.5003,3184.5,3003.0,1479.5,94440.5054
1072,2020-12-08,484.0,467.5,473.0,528.0,1435.5,3569.5,3773.0003,3217.5,2689.5,2805.0,2849.0,2970.0,2920.5,2876.5,2975.5,3030.5,3272.5,3712.5,3630.0003,3410.0,3256.0,3025.0,2233.0,572.0,60175.5006
1073,2020-12-09,506.0,511.5,484.0,852.5,3366.0,6451.5012,7128.0009,6583.5012,4955.5,3465.0003,3261.5,3355.0003,3553.0,3817.0003,4114.0,4933.5006,6143.5009,6930.0012,6473.5003,4911.5003,4064.5,3377.0003,3113.0,1507.0,93857.5078
1074,2020-12-10,544.5,594.0,522.5,731.5,3223.0003,6198.5006,7001.5012,6671.5006,5098.5006,3729.0,3509.0,3723.5003,3498.0003,3850.0003,4114.0003,4961.0,6198.5012,7133.5012,6512.0006,4796.0,4042.5,3454.0003,3140.5,1562.0,94809.0078
1075,2020-12-11,528.0,506.0,489.5,858.0,3283.5,6506.5003,7260.0006,6270.0006,5258.0003,4130.5003,3536.5,3712.5003,3531.0,3861.0006,4262.5,5170.0,5978.5009,6864.0009,6506.5009,5137.0009,4229.5003,3327.5,3058.0,1435.5,95700.0069
1076,2020-12-12,539.0,484.0,489.5,759.0,3300.0,5841.0,5500.0006,5571.5003,4636.5,3905.0,3938.0003,4125.0,5478.0003,6017.0,5841.0003,5764.0003,5621.0012,5808.0006,5159.0003,4317.5,3811.5003,3426.5003,3140.5,1507.0,94979.5048
1077,2020-12-13,957.0,1100.0,1100.0,1067.0,1507.0,3707.0003,3828.0,3586.0,3327.5003,3514.5,3459.5003,3525.5003,3641.0,3718.0,3778.5,3729.0,3696.0,3828.0006,3498.0003,3195.5,3173.5,3096.5,2222.0,1320.0,69575.0021
1078,2020-12-14,1463.0,1430.0,1479.5,907.5,3272.5,6297.5003,6974.0003,6517.5009,5368.0,3993.0,3547.5006,3525.5003,3542.0,3916.0003,4213.0,5016.0,6264.5009,7139.0006,6666.0006,5225.0003,4015.0,3415.5,3124.0,1479.5,98791.0051
1079,2020-12-15,489.5,434.5,467.5,731.5,3300.0,6292.0003,6985.0009,6743.0,4911.5,3811.5003,3531.0,3492.5003,3789.5006,3949.0003,4202.0,5120.5003,6215.0003,7221.5003,6952.0003,5087.5,4042.5,3465.0003,3184.5,1336.5,95755.0042
1080,2020-12-16,473.0,313.5,407.0,682.0,3443.0,5786.0006,6314.0006,6391.0009,5126.0003,3910.5,3245.0,3470.5,3597.0,3855.5006,4053.5,5214.0003,6325.0009,7078.5006,6495.5009,5082.0006,3987.5003,3289.0,2964.5,1452.0,92955.5066
1081,2020-12-17,506.0,495.0,473.0,764.5,3371.5,6358.0012,7078.5009,6704.5,5010.5009,3630.0,3509.0,3465.0,3646.5003,3855.5003,4053.5,4999.5006,6220.5009,7199.5009,6737.5006,5247.0,4169.0003,3481.5,3168.0,1600.5,95744.0069
1082,2020-12-18,506.0,484.0,506.0,808.5,3316.5,6358.0009,7122.5009,6517.5009,5203.0003,3960.0003,3696.0003,3663.0006,3712.5,4020.5003,4158.0,5076.5,6303.0009,7370.0009,6578.0006,5280.0003,3982.0003,3366.0003,2975.5,1490.5,96453.5078
1083,2020-12-19,484.0,462.0,473.0,781.0,3300.0,5929.0006,6407.5009,5439.5006,4257.0003,3850.0003,5500.0003,6446.0006,8706.5012,9647.0014,9636.0012,9834.0018,9938.5016,10169.5014,8277.5009,6627.5003,6061.0006,5285.5006,4961.0003,2167.0,134640.0149
1084,2020-12-20,896.5,907.5,891.0,891.0,1628.0,2986.5,3371.5,3173.5,2854.5,3014.0,3124.0,3289.0,3371.5,3437.5,3564.0,3316.5,3437.5,3564.0,3410.0003,3239.5,3311.0,3190.0,2420.0,1056.0,64344.5003
1085,2020-12-21,946.0,957.0,946.0,1336.5,3102.0003,4845.5,5632.0003,5362.5006,4576.0,3624.5003,3443.0003,3404.5,3443.0,3657.5,3844.5006,5054.5003,5494.5006,5896.0,6022.5,5131.5003,4207.5,3338.5,3091.0,1776.5,89133.0036
1086,2020-12-22,984.5,968.0,973.5,1270.5,3173.5,4790.5,5450.5003,5285.5003,4515.5,3492.5,3333.0,3426.5003,3410.0003,3580.5,3745.5,4807.0,5324.0006,5758.5,5934.5003,4988.5,4004.0,3338.5003,3124.0,1963.5,87642.5024
1087,2020-12-23,1028.5,990.0,973.5,1364.0,3014.0,4834.5,5494.5003,5555.0006,4730.0,3465.0,3454.0,3487.0,3454.0003,3586.0003,4009.5003,5010.5003,5335.0,5714.5003,5797.0009,5043.5,4240.5006,3382.5,3162.5,1804.0,88929.5039
1088,2020-12-24,990.0,946.0,962.5,1177.0,2997.5,4741.0003,5153.5003,4801.5003,4279.0,3366.0003,3300.0003,3311.0003,3443.0,3685.0003,3828.0009,4702.5,4994.0003,5010.5,4834.5,4158.0,3245.0,1622.5,924.0,902.0,77374.0033
1089,2020-12-25,880.0,858.0,858.0,863.5,1171.5,1815.0,2398.0,2200.0,1996.5,2007.5,1963.5,1941.5,2029.5,2123.0,2178.0,2018.5,2106.5,2238.5,2310.0,2321.0,2326.5,1617.0,946.0,918.5,42086.0
1090,2020-12-26,885.5,880.0,874.5,1259.5,2942.5,4521.0,5087.5003,4224.0,3470.5,3311.0,3096.5,3322.0,3938.0003,4482.5,4301.0,3652.0,3718.0,3751.0,3943.5,3773.0,3481.5,3058.0,2750.0,1809.5,76532.5006
1091,2020-12-27,929.5,885.5,907.5,990.0,1842.5,3283.5,3289.0,2992.0,2876.5,2651.0,2750.0,2766.5,2893.0,2827.0,2898.5,2634.5,2530.0,2843.5,2887.5,2931.5,2871.0,2898.5,2194.5,1034.0,57607.0
1092,2020-12-28,946.0,896.5,924.0,1171.5,2876.5003,4306.5,4559.5,4647.5,3690.5,3432.0003,3305.5,3448.5,3338.5,3509.0003,3806.0,4059.0,4834.5003,5357.0,5643.0006,4796.0,3800.5003,3261.5,2986.5,1672.0,81268.0021
1093,2020-12-29,990.0,913.0,968.0,1116.5,2981.0,4405.5,4521.0,4273.5003,3899.5,3591.5,3531.0,3470.5,3575.0003,3613.5003,3718.0,3954.5003,4488.0,5060.0,5423.0006,4928.0003,3872.0003,3327.5,3102.0,1705.0,81427.5024
1094,2020-12-30,990.0,940.5,940.5,1160.5,2986.5,4488.0,4708.0,4559.5,3932.5,3641.0,3542.0,3173.5,3201.0,3283.5,3421.0003,3674.0006,4191.0,4928.0006,4818.0,4383.5,3806.0003,3399.0,3030.5,1870.0,79068.0018
1095,2020-12-31,1017.5,1006.5,979.0,1215.5,3069.0003,4350.5,4504.5,4048.0,3294.5,2920.5,2887.5,2942.5,3234.0,3520.0,3553.0003,3547.5003,3360.5,3179.0,3300.0,3344.0,2766.5,1551.0,869.0,858.0,65318.0009
1096,2021-01-01,841.5,841.5,836.0,836.0,1204.5,2139.5,2508.0,2233.0,1897.5,2002.0,1886.5,1848.0,1782.0,1941.5,1991.0,2013.0,1996.5,2178.0,2266.0,2255.0,2271.5,1435.5,874.5,858.0,40936.5
1097,2021-01-02,869.0,891.0,874.5,874.5,1320.0,2205.5,2788.5,2365.0,2101.0,2205.5,2068.0,1985.5,2315.5,2513.5,2381.5,2227.5,2161.5,2139.5,2326.5,2288.0,2321.0,1622.5,896.5,852.5,44594.0
1098,2021-01-03,847.0,841.5,847.0,858.0,1710.5,2964.5,2640.0,2447.5,2442.0,2524.5,2519.0,2508.0,2497.0,2508.0,2541.0,2618.0,2574.0,2865.5,3113.0,3014.0,3058.0,2953.5,2304.5,935.0,54131.0
1099,2021-01-04,913.0,874.5,896.5,1149.5,2931.5003,4383.5,4834.5,4273.5,3476.0,3382.5,3443.0,3509.0003,3355.0,3415.5006,3558.5,3811.5003,4515.5,4994.0,5357.0003,4603.5,3696.0003,3195.5,2937.0,1754.5,79260.5021
1100,2021-01-05,1089.0,984.5,984.5,1204.5,2684.0,4345.0,4697.0,4438.5,3668.5,3470.5,3569.5,3591.5003,3536.5003,3547.5,3690.5,3905.0,4686.0,5362.5003,5560.5003,4752.0,3789.5,3201.0,2909.5,1644.5,81312.0012
1101,2021-01-06,726.0,550.0,649.0,1265.0,2805.0,4548.5003,4873.0,4411.0,3877.5003,3514.5003,3707.0006,3657.5006,3668.5,3613.5,3641.0,3938.0,4790.5,4911.5003,5021.5,4565.0,3696.0003,3063.5,2805.0,1650.0,79948.0027
1102,2021-01-07,720.5,638.0,687.5,1232.0,2915.0,4488.0003,4757.5,4526.5,3910.5,3503.5003,3586.0,3520.0003,3525.5,3492.5,3564.0,3894.0,4576.0,5021.5006,5472.5006,4889.5003,3674.0,3283.5,2926.0,1677.5,80481.5024
1103,2021-01-08,566.5,511.5,566.5,913.0,2673.0,4125.0,4471.5,4119.5,3410.0003,3212.0,3223.0,3245.0,3289.0,3201.0,3223.0,3613.5,4482.5,4928.0,5373.5003,4218.5003,2865.5,2266.0,1908.5,561.0,70966.5009
1104,2021-01-09,544.5,808.5,940.5,1320.0,2552.0,3657.5003,3514.5,3173.5,2420.0,2359.5,2244.0,2271.5,2321.0,2629.0,3096.5,2948.0,2821.5,2711.5,2805.0,2717.0,2524.5,2497.0,2337.5,847.0,56061.5003
1105,2021-01-10,616.0,605.0,572.0,583.0,1358.5,2266.0,2293.5,1980.0,1661.0,1765.5,1771.0,1760.0,1776.5,1919.5,2095.5,2046.0,2095.5,2029.5,2200.0,2189.0,2266.0,2183.5,1925.0,913.0,40870.5
1106,2021-01-11,825.0,819.5,808.5,808.5,1501.5,2260.5,2403.5,2211.0,1864.5,1864.5,1969.0,1941.5,1925.0,1974.5,2051.5,1985.5,2073.5,2062.5,2354.0,2310.0,2348.5,2200.0,1985.5,979.0,43527.0
1107,2021-01-12,885.5,885.5,891.0,1226.5,3085.5,5258.0003,5522.0009,5076.5003,4125.0,3168.0,3146.0,3091.0,3124.0,3421.0,3734.5003,4290.0003,4928.0,5555.0003,5549.5,4592.5003,3652.0,3388.0,3162.5,1809.5,83567.0027
1108,2021-01-13,940.5,951.5,869.0,1204.5,3113.0,5164.5,5456.0003,4752.0,3982.0003,3245.0,3025.0,3096.5,3140.5,3349.5003,3663.0003,4020.5003,4526.5,5170.0003,5665.0006,4460.5,3778.5006,3305.5,3162.5,1809.5,81851.003
1109,2021-01-14,1023.0,1001.0,995.5,1331.0,3124.0,4983.0,5379.0009,5192.0,4213.0003,3294.5,2937.0,3168.0,3080.0,3404.5,3613.5003,4515.5,5016.0003,5417.5006,5566.0006,4521.0003,3690.5003,3283.5,3047.0,1694.0,83490.0036
1110,2021-01-15,935.0,880.0,924.0,1193.5,3047.0,5087.5003,5373.5003,5241.5006,4196.5,3162.5,3091.0,3162.5,3074.5,3322.0,3575.0,4273.5,4917.0003,5615.5009,5340.5003,4328.5003,3778.5,3212.0,3030.5,1749.0,82511.003
1111,2021-01-16,935.0,874.5,852.5,1237.5,2453.0,3492.5,3481.5003,3223.0,2552.0,2260.5,2343.0,2359.5,2678.5,3080.0,3256.0,3410.0,3234.0,3025.0,2898.5,2651.0,2453.0,2376.0,2370.5,1661.0,59158.0003
1112,2021-01-17,951.5,924.0,880.0,907.5,1617.0,2464.0,2480.5,2244.0,2013.0,1903.0,1930.5,2018.5,2051.5,2161.5,2332.0,2376.0,2310.0,2277.0,2458.5,2618.0,2464.0,2326.5,2073.5,973.5,46755.5
1113,2021-01-18,940.5,902.0,896.5,1171.5,3410.0,5131.5,5797.0,5362.5003,4147.0,3162.5,3113.0,3239.5,3179.0,3542.0,3756.5,4565.0,5060.0003,5824.5009,5742.0003,4125.0,3740.0003,3305.5,3074.5,1809.5,84997.0021
1114,2021-01-19,1023.0,1023.0,1001.0,1325.5,3256.0,4889.5,5401.0003,5115.0003,4257.0003,3239.5,3063.5,3030.5,3036.0,3360.5,3767.5006,4455.0003,4994.0006,5401.0003,5379.0,4422.0,3580.5,3212.0,2937.0,1738.0,82907.0027
1115,2021-01-20,1012.0,951.5,984.5,1292.5,3168.0,5104.0003,5555.0006,5120.5003,4147.0,3267.0,3129.5,3278.0,3377.0,3602.5,3828.0003,4427.5,5137.0,5615.5003,5769.5012,4526.5,3707.0003,3239.5,2992.0,1831.5,85063.0033
1116,2021-01-21,1023.0,979.0,984.5,1342.0,3228.5,5164.5003,5698.0009,5071.0003,4306.5003,3322.0,3107.5,3091.0,3096.5,3349.5003,3696.0009,4400.0,5021.5003,5621.0006,5494.5006,4477.0003,3817.0003,3322.0,3162.5,1842.5,84617.5051
1117,2021-01-22,973.5,951.5,929.5,1270.5,3179.0,5159.0009,5450.5003,5126.0009,4031.5003,3096.5,3047.0,3091.0,3091.0,3377.0,3718.0,4147.0006,5071.0003,5830.0006,5478.0006,4587.0003,3674.0003,3173.5,2942.5,1842.5,83237.0051
1118,2021-01-23,1006.5,979.0,973.5,1270.5,3217.5003,4917.0003,5071.0006,4449.5,3558.5,3426.5,3322.0,3503.5,4438.5,4724.5003,4636.5,4592.5,4570.5003,4592.5,4422.0,3932.5003,3509.0,3283.5,3102.0,1716.0,83215.0021
1119,2021-01-24,874.5,863.5,902.0,896.5,1617.0,2909.5,3168.0,2876.5,2607.0,2898.5,2722.5,2920.5,3003.0,3283.5,3437.5,3404.5003,3036.0,3157.0,3206.5,3157.0,3074.5,2981.0,2315.5,984.5,60296.5003
1120,2021-01-25,979.0,979.0,940.5,1138.5,3256.0,5291.0003,5676.0006,5445.0003,4521.0003,3569.5,3300.0,3179.0,3305.5,3410.0,3613.5,4345.0003,4988.5006,5747.5003,5742.0012,4708.0,3943.5009,3564.0003,3008.5,1809.5,86460.0051
1121,2021-01-26,1083.5,1039.5,1034.0,1325.5,3481.5,5159.0003,5533.0003,5368.0003,4323.0,3437.5,3030.5,2920.5,3036.0,3382.5,3663.0003,4284.5003,5032.5,5742.0006,5736.5009,4504.5,3751.0,3179.0,3124.0,1870.0,85041.003
1122,2021-01-27,1045.0,1001.0,1001.0,1276.0,3228.5,5170.0003,5632.0003,5159.0,4224.0,3344.0,3025.0,3201.0,3195.5,3542.0006,3784.0,4466.0003,5219.5003,5863.0006,5610.0006,4631.0003,3701.5003,3316.5,3085.5,1892.0,85613.0036
1123,2021-01-28,1050.5,1001.0,995.5,1314.5,3118.5,5362.5006,5566.0006,5203.0003,4136.0003,3245.0003,3102.0,3124.0,3135.0,3366.0,3580.5003,4251.5006,4928.0,5632.0,5164.5003,4466.0,3745.5,3212.0,2997.5,1881.0,83578.0033
1124,2021-01-29,1094.5,1089.0,1039.5,1386.0,3327.5,5340.5003,5747.5006,5313.0009,4108.5,3124.0,2942.5,2937.0,3019.5,3322.0,3641.0,4361.5003,5175.5,5835.5003,5808.0,4603.5003,3789.5003,3377.0,3096.5,1859.0,85338.003
1125,2021-01-30,1122.0,1061.5,1078.0,1380.5,3360.5,4939.0003,5208.5006,4603.5,3723.5003,3465.0003,3410.0,3591.5,4471.5,4785.0003,4966.5003,4669.5,4636.5,4405.5,4235.0,4020.5003,3454.0,3245.0,3080.0,1754.5,84667.0024
1126,2021-01-31,445.5,423.5,742.5,984.5,1881.0,3344.0003,3316.5,3074.5,2662.0,2810.5,2711.5,2695.0,2684.0,3008.5,2860.0,2849.0,2942.5,2997.5,3124.0,3179.0,3173.5,3025.0,2337.5,1017.5,58289.0003
1127,2021-02-01,973.5,990.0,1017.5,1380.5,3311.0,5296.5,5626.5003,5247.0003,4229.5,3300.0003,3206.5,3327.5,3399.0,3608.0003,3872.0,4460.5,5098.5,5978.5009,5824.5006,4757.5003,3778.5,3305.5,3107.5,1864.5,86960.503
1128,2021-02-02,1023.0,979.0,968.0,1391.5,3278.0,5203.0,5362.5,5263.5,4284.5009,3448.5,3140.5,3135.0,3173.5,3388.0,3795.0,4240.5,5225.0003,5874.0009,5714.5006,4686.0,3822.5,3366.0,3245.0,1925.0,85932.0027
1129,2021-02-03,676.5,599.5,594.0,951.5,2777.5,4972.0003,5307.5003,4889.5,3987.5,3014.0,2662.0,2684.0,2865.5,3162.5,3338.5,3905.0003,4867.5,5456.0003,5258.0,4119.5006,3283.5,2854.5,2711.5,1446.5,76384.0018
1130,2021-02-04,577.5,555.5,621.5,896.5,2794.0,4961.0,5313.0003,4922.5,3894.0,2882.0,2816.0,2882.0,2926.0,3239.5,3465.0003,4191.0006,4477.0003,5109.5,5285.5003,4086.5,3305.5,2981.0,2563.0,1325.5,76070.5018
1131,2021-02-05,561.0,550.0,632.5,891.0,2838.0,4801.5,5379.0003,4862.0003,3899.5,2937.0,2634.5,2667.5,2827.0,3173.5,3289.0,4108.5,4757.5006,5401.0,5423.0003,4114.0,3338.5,2827.0,2601.5,1452.0,75966.0015
1132,2021-02-06,616.0,445.5,440.0,907.5,2755.5,4592.5003,4867.5003,4246.0003,3349.5,3036.0,3223.0,3371.5,4306.5003,4719.0003,4818.0,4367.0,4405.5,4411.0,4196.5009,3646.5003,3113.0,2805.0,2678.5,1408.0,76725.0027
1133,2021-02-07,627.0,616.0,632.5,627.0,1413.5,2854.5,2860.0,2893.0,2469.5,2513.5,2491.5,2557.5,2607.0,2678.5,2618.0,2689.5,2667.5,2766.5,2865.5,2832.5,2816.0,2634.5,1919.5,764.5,52415.0
1134,2021-02-08,737.0,797.5,753.5,962.5,2920.5,4889.5003,5159.0,4900.5,4103.0,3289.0,3052.5,2871.0,2942.5,3239.5,3503.5,4059.0,4801.5003,5599.0003,5423.0006,4185.5003,3294.5,2887.5,2673.0,1320.0,78364.0018
1135,2021-02-09,610.5,616.0,638.0,1001.0,2810.5,4664.0,4867.5,4757.5,4015.0003,2920.5,2596.0,2612.5,2684.0,2981.0,3212.0,3916.0,4669.5003,5582.5006,5384.5003,4125.0,3327.5,2887.5,2612.5,1259.5,74750.5015
1136,2021-02-10,720.5,594.0,616.0,946.0,2810.5,4807.0,5197.5,4878.5,3718.0003,3008.5,2761.0,2706.0,2777.5,3025.0,3382.5,3971.0,4697.0,5329.5,5236.0003,4191.0,3201.0,2827.0,2546.5,1353.0,75300.5006
1137,2021-02-11,627.0,572.0,588.5,946.0,2827.0,4763.0,5263.5,4928.0,3795.0,2854.5,2700.5,2700.5,2794.0,3091.0,3360.5,4103.0003,4812.5003,5577.0003,5197.5003,4070.0,3300.0,2827.0,2629.0,1468.5,75795.5012
1138,2021-02-12,588.5,572.0,572.0,825.0,2865.5,4873.0,5252.5003,4818.0,3982.0,2755.5,2596.0,2766.5,2799.5,3041.5,3333.0003,3811.5,4763.0,5335.0,5126.0,4059.0,3146.0,2717.0,2673.0,1441.0,74712.0006
1139,2021-02-13,621.5,621.5,594.0,990.0,2843.5,4631.0003,4719.0,4224.0,3399.0,3019.5,3118.5,3377.0,4092.0,4339.5,4323.0,4196.5,4235.0,3822.5,3707.0,3459.5,3168.0,2964.5,2832.5,1485.0,74783.5003
1140,2021-02-14,632.5,610.5,610.5,627.0,1386.0,2750.0,2981.0,2695.0,2414.5,2365.0,2304.5,2420.0,2475.0,2541.0,2469.5,2458.5,2464.0,2684.0,2700.5,2662.0,2673.0,2546.5,1804.0,588.5,49863.0
1141,2021-02-15,533.5,550.0,561.0,957.0,2832.5,4823.5,5340.5003,4796.0,3855.5,2997.5,2755.5,2838.0,2992.0,3250.5,3437.5,4224.0003,4867.5003,5318.5006,5401.0006,4262.5,3426.5,3025.0,2733.5,1375.0,77154.0021
1142,2021-02-16,610.5,599.5,627.0,858.0,2970.0003,4862.0003,5186.5,4796.0003,3905.0,2926.0,2794.0,2843.5,2915.0,3190.0,3421.0,3938.0003,4812.5003,5538.5003,5522.0006,4108.5,3371.5,2882.0,2722.5,1320.0,76719.5024
1143,2021-02-17,665.5,616.0,577.5,896.5,2882.0,4845.5,5384.5006,5043.5003,3894.0,2975.5,2849.0,2882.0,2920.5,3250.5,3454.0,4097.5,4983.0006,5670.5006,5494.5,4136.0003,3228.5,2821.5,2607.0,1358.5,77533.5024
1144,2021-02-18,627.0,627.0,594.0,731.5,2513.5003,4488.0,5126.0003,4917.0,4169.0003,3008.5,2662.0,2777.5,2860.0,3124.0,3355.0,3938.0,4697.0003,5610.0003,5472.5003,4174.5,3294.5,2854.5,2541.0,1424.5,75586.5018
1145,2021-02-19,627.0,610.5,610.5,847.0,2596.0003,4526.5003,5076.5,4840.0003,3888.5003,2860.0,2645.5,2678.5,2777.5,3157.0,3421.0,4147.0,4922.5003,5379.0006,5478.0003,4246.0003,3393.5003,2717.0,2535.5,1413.5,75394.003
1146,2021-02-20,627.0,517.0,599.5,962.5,2843.5,4559.5003,4779.5,4284.5,3344.0,3107.5,3239.5,3564.0003,4257.0,4724.5,4581.5003,4471.5,4477.0,4004.0,3679.5003,3580.5003,3206.5,2893.0,2662.0,1375.0,76340.0015
1147,2021-02-21,616.0,665.5,632.5,616.0,1342.0,2722.5,2860.0,2739.0,2524.5,2486.0,2497.0,2579.5,2535.5,2579.5,2590.5,2585.0,2651.0,2618.0,2755.5,2717.0,2673.0,2541.0,1881.0,594.0,51001.5
1148,2021-02-22,555.5,550.0,550.0,863.5,2904.0,4746.5,5335.0009,4988.5003,4026.0,2926.0,2667.5,2788.5,2931.5,3256.0,3492.5003,4229.5003,4746.5,5720.0003,5384.5003,4103.0,3448.5003,2832.5,2678.5,1485.0,77209.0027
1149,2021-02-23,682.0,693.0,654.5,946.0,2871.0,4741.0,5313.0003,4999.5,3817.0,2948.0,2783.0,2667.5,2827.0,3157.0,3316.5,4020.5,4757.5,5456.0012,5280.0006,4196.5006,3377.0003,2838.0,2772.0,1331.0,76444.503
1150,2021-02-24,687.5,687.5,693.0,907.5,2915.0,4840.0003,5241.5003,5065.5003,3883.0003,2992.0,2772.0,2788.5,2827.0,3124.0,3261.5,3938.0003,4724.5003,5467.0003,5324.0003,4163.5003,3355.0,2893.0,2794.0,1408.0,76752.5027
1151,2021-02-25,594.0,572.0,572.0,935.0,2975.5,4779.5,5489.0006,4928.0,4103.0003,3041.5,2810.5,2700.5,2777.5,3129.5,3426.5,3987.5,4708.0,5384.5003,5285.5003,4213.0,3223.0,2772.0,2629.0,1375.0,76411.5015
1152,2021-02-26,929.5,946.0,863.5,918.5,2975.5,4796.0,5384.5003,5054.5003,3844.5,2898.5,2777.5,2788.5,2904.0,3256.0,3421.0,4103.0003,5087.5003,5626.5003,5296.5003,4251.5003,3294.5,2887.5,2838.0,1397.0,78540.0021
1153,2021-02-27,566.5,434.5,418.0,902.0,2887.5,4504.5003,5005.0003,4273.5009,3470.5,3052.5,3113.0,3355.0,4130.5,4642.0,4631.0003,4697.0003,4642.0,3916.0003,3564.0003,3525.5,3052.5,2981.0,2816.0,1474.0,76054.0027
1154,2021-02-28,693.0,643.5,616.0,605.0,1413.5,2948.0,3019.5,2827.0,2266.0,2447.5,2370.5,2469.5,2612.5,2634.5,2568.5,2491.5,2425.5,2574.0,2667.5,2728.0,2579.5,2431.0,1842.5,819.5,50693.5
1155,2021-03-01,918.5,786.5,539.0,918.5,2854.5,4906.0003,5307.5003,4917.0,4147.0,2926.0,2777.5,2689.5,2882.0,3316.5,3454.0,4070.0,4719.0,5445.0,5324.0003,3998.5003,3256.0,2678.5,2623.5,1474.0,76928.5012
1156,2021-03-02,621.5,594.0,616.0,990.0,2904.0,4768.5,5241.5003,4895.0003,3800.5,2805.0,2717.0,2799.5,2799.5,3107.5,3366.0,3943.5,4790.5,5368.0006,5181.0,4064.5003,3465.0003,2882.0,2788.5,1512.5,76021.0018
1157,2021-03-03,599.5,605.0,616.0,984.5,2898.5,4922.5,5544.0006,5115.0006,3899.5003,2827.0,2590.5,2678.5,2926.0,3140.5,3421.0,4026.0,4823.5,5698.0006,5500.0003,4306.5003,3415.5003,2964.5,2645.5,1248.5,77396.003
1158,2021-03-04,583.0,550.0,577.5,841.5,2904.0,4834.5,5203.0006,4796.0003,4015.0,3036.0,2838.0,2854.5,2860.0,3151.5,3344.0,4092.0,4763.0,5593.5003,5285.5003,4097.5003,3327.5,2805.0,2689.5,1336.5,76378.5018
1159,2021-03-05,841.5,1012.0,1061.5,1347.5,3168.0,5120.5,5538.5003,5285.5003,4361.5,3278.0,3190.0,3118.5,3267.0,3591.5003,3773.0,4345.0,5054.5006,5929.0003,5841.0006,4735.5003,3833.5,3388.0003,3250.5,1919.5,86251.003
1160,2021-03-06,1006.5,891.0,924.0,1413.5,3333.0,5049.0,4950.0,4482.5,3707.0006,3316.5,3272.5,3525.5003,4537.5006,4999.5003,5005.0003,5038.0,4961.0003,4312.0,3872.0,3679.5,3404.5,3371.5,3212.0,1842.5,84106.0024
1161,2021-03-07,946.0,874.5,968.0,957.0,1980.0,3833.5,4163.5,3932.5003,3366.0,3509.0003,3454.0,3492.5,3663.0003,3558.5,3542.0003,3839.0003,3800.5006,3943.5003,3905.0003,3839.0,3679.5003,3586.0,2766.5,1116.5,72715.503
1162,2021-03-08,995.5,979.0,984.5,1507.0,3811.5,6501.0009,7012.5003,7106.0012,6028.0006,4812.5,4136.0,4048.0,4224.0,4669.5,5038.0,5835.5003,6424.0009,7342.5003,7485.5009,6528.5006,5109.5,4411.0,3976.5003,2337.5,111303.5063
1163,2021-03-09,1149.5,1017.5,1039.5,1347.5,4609.0,6897.0009,7337.0009,7227.0012,6105.0003,4757.5003,4103.0,4191.0,4438.5,4801.5,4994.0,5692.5003,6748.5009,7881.5012,7859.5009,6385.5006,5076.5003,4394.5,4031.5003,2497.0,114581.5081
1164,2021-03-10,1144.0,1089.0,1116.5,1210.0,3294.5,5148.0003,5637.5003,5390.0,4537.5,3404.5,3201.0,3228.5,3228.5,3553.0003,3778.5,4400.0,5175.5003,5962.0006,5885.0009,4785.0003,3888.5003,3344.0,3124.0,1771.0,87296.0033
1165,2021-03-11,693.0,627.0,621.5,858.0,3036.0,4713.5,5263.5003,4532.0,4163.5003,3085.5,2909.5,2893.0,2915.0,3278.0,3404.5003,4026.0003,4807.0,5390.0006,5082.0,3987.5,3080.0,2766.5,2557.5,1386.0,76076.0018
1166,2021-03-12,594.0,550.0,550.0,957.0,2981.0003,4763.0003,5291.0009,5208.5,4048.0,3074.5,2656.5,2717.0,2854.5,3173.5,3327.5,3448.5,4147.0,5428.5003,4966.5006,3998.5009,3228.5,2805.0,2640.0,1380.5,74789.0033
1167,2021-03-13,484.0,456.5,550.0,935.0,2849.0,4290.0,4686.0,4350.5003,3619.0,3096.5,2920.5,3228.5,4114.0,4526.5003,4598.0003,4609.0003,4488.0,4026.0003,3740.0003,3630.0003,3129.5,2964.5,2794.0,1369.5,75454.5021
1168,2021-03-14,665.5,715.0,720.5,643.5,1562.0,5065.5003,5186.5003,5005.0006,4394.5003,4108.5003,4020.5,4081.0,4257.0,4053.5003,4257.0,4191.0,4130.5,4097.5,4356.0,4372.5,4070.0,3806.0,2684.0,517.0,80960.0021
1169,2021-03-15,319.0,330.0,385.0,808.5,2805.0,4543.0,5038.0,4884.0,3828.0009,2865.5,2700.5,2882.0,2827.0,3146.0,3256.0,3778.5,4510.0003,5065.5003,4928.0006,3987.5,3080.0,2458.5,2447.5,1342.0,72215.0021
1170,2021-03-16,319.0,313.5,440.0,759.0,2700.5,4647.5006,5456.0006,5005.0003,3789.5,2860.0,2794.0,2618.0,2865.5,3223.0,3228.5,3729.0,4669.5,4691.5,4499.0,4004.0,3118.5003,2816.0,2387.0,1254.0,72187.5018
1171,2021-03-17,335.5,308.0,346.5,764.5,2519.0,4460.5,4939.0,4763.0003,3795.0,2832.5,2838.0,2860.0,2755.5,3047.0,3305.5,3938.0,4669.5,5109.5003,5208.5003,4130.5,3041.5,2398.0,2376.0,1265.0,72006.0009
1172,2021-03-18,583.0,638.0,621.5,775.5,2832.5,4482.5,4763.0,4702.5,4042.5,3140.5,2953.5,2970.0,2970.0,3074.5,3311.0,3916.0,4576.0,5346.0009,4697.0003,3762.0,3195.5,2755.5,2502.5,1276.0,73887.0012
1173,2021-03-19,533.5,484.0,489.5,748.0,2843.5,4603.5,5230.5006,4818.0003,3943.5003,3041.5,2816.0,2755.5,2810.5,2981.0,3173.5,3910.5,4752.0,5390.0003,5313.0003,4158.0003,3190.0,2816.0,2552.0,1281.5,74635.0021
1174,2021-03-20,473.0,995.5,1012.0,1397.0,3063.5,4834.5,5186.5,4735.5003,3822.5003,3525.5,3619.0003,3817.0003,4488.0,4790.5003,4680.5,4400.0,4477.0,4119.5,3811.5,3740.0,3316.5,3058.0,2926.0,1688.5,81977.5015
1175,2021-03-21,962.5,902.0,957.0,902.0,1782.0,3283.5003,3388.0,3217.5003,2904.0,2920.5,2854.5,3047.0,3019.5,3019.5,3107.5,3074.5,3091.0,3217.5,3052.5,3014.0,3080.0,3047.0,2585.0,1023.0,61451.5006
1176,2021-03-22,962.5,929.5,918.5,918.5,1611.5,2926.0,3052.5,2904.0,2557.5,2761.0,2860.0,2513.5,2629.0,2634.5,2656.5,2755.5,2970.0,2975.5,2909.5,2849.0,2794.0,2931.5,2381.5,962.5,56364.0
1177,2021-03-23,929.5,902.0,946.0,1226.5,3135.0,4169.0,4004.0003,4103.0003,3795.0003,3514.5,3360.5,3382.5,3503.5003,3718.0,3762.0,3982.0,4565.0,4878.5003,4801.5,3943.5,3536.5,3261.5,2953.5,1952.5,78325.5015
1178,2021-03-24,1100.0,1072.5,1034.0,1243.0,2898.5,4383.5,4746.5,4521.0,3894.0003,3349.5003,3470.5,3553.0003,3712.5003,3756.5003,3806.0,4086.5,4444.0,4565.0003,4664.0003,4290.0,3558.5,3283.5,2975.5,1919.5,80327.5021
1179,2021-03-25,1116.5,682.0,643.5,891.0,2722.5003,4328.5,4240.5,4009.5,3509.0003,2860.0,2876.5,2843.5,3025.0,3135.0,3322.0,3536.5,3899.5,3998.5,4306.5,3751.0003,3118.5,2920.5,2552.0,1529.0,69817.0009
1180,2021-03-26,610.5,550.0,605.0,836.0,2541.0,4152.5,4411.0,4350.5,3663.0003,3129.5,3201.0,3102.0,3162.5,3360.5,3564.0,3679.5,4042.5003,4147.0,4119.5,3432.0,3069.0,2651.0,2442.0,1408.0,70229.5006
1181,2021-03-27,610.5,577.5,561.0,869.0,2447.5,3861.0006,4086.5,3866.5,3349.5,3168.0,3069.0,3349.5003,3580.5003,3784.0,3740.0009,3745.5003,3536.5006,3525.5,3492.5,3377.0,3173.5,2953.5,2596.0,1369.5,68689.503
1182,2021-03-28,621.5,599.5,577.5,616.0,1512.5,3030.5,2942.5,2568.5,2453.0,2568.5,2502.5,2612.5,2618.0,2810.5,2821.5,2794.0,2788.5,2931.5,2788.5,2563.0,2673.0,2530.0,1892.0,588.5,52404.0
1183,2021-03-29,533.5,588.5,522.5,951.5,2552.0,4136.0,4427.5,4163.5,3465.0,2678.5,2689.5,2843.5,2937.0,3129.5,3245.0,3536.5,3817.0003,4125.0,4301.0,3833.5003,3223.0,2772.0,2546.5,1512.5,68530.0006
1184,2021-03-30,748.0,704.0,643.5,852.5,2667.5,4268.0,4372.5,4103.0012,3542.0,2959.0,2997.5,3019.5,2964.5,2964.5,3349.5,3575.0012,3800.5,4119.5,4130.5,4064.5,3228.5,2783.0,2541.0,1507.0,69905.0024
1185,2021-03-31,638.0,616.0,638.0,858.0,2728.0,4158.0,4257.0,4301.0,3630.0003,2865.5,2761.0,2920.5,3096.5,3283.5,3509.0,3822.5,4114.0,4262.5,4207.5003,3421.0,2678.5,2695.0,2502.5,1496.0,69459.5006
1186,2021-04-01,671.0,621.5,610.5,698.5,1292.5,2684.0,2502.5,2392.5,2387.0,2458.5,2431.0,2332.0,2370.5,2299.0,2354.0,2530.0,2552.0,2634.5,2662.0,2442.0,2315.5,2271.5,1837.0,671.0,48020.5
1187,2021-04-02,588.5,572.0,594.0,627.0,1303.5,2651.0,2579.5,2326.5,2183.5,2502.5,2579.5,2596.0,2447.5,2425.5,2431.0,2403.5,2420.0,2530.0,2656.5,2574.0,2480.5,2376.0,1804.0,638.0,48290.0
1188,2021-04-03,544.5,517.0,572.0,973.5,2387.0,3850.0,3355.0003,2865.5,2772.0,2535.5,2475.0,2557.5,2750.0,2788.5,2645.5,2832.5,3135.0,3047.0,2788.5,2684.0,2497.0,2431.0,2387.0,1402.5,56793.0003
1189,2021-04-04,550.0,528.0,610.5,621.5,1375.0,2519.0,2574.0,2354.0,2354.0,2519.0,2442.0,2744.5,2579.5,2645.5,2607.0,2700.5,2711.5,3206.5,3036.0,2821.5,2766.5,2480.5,1875.5,588.5,51210.5
1190,2021-04-05,544.5,550.0,533.5,786.5,2959.0,4702.5,4884.0,4350.5003,3668.5,2810.5,2876.5,2849.0,2909.5,3283.5003,3668.5,4229.5,4323.0,4306.5,4136.0003,3503.5003,2849.0,2612.5,2469.5,1424.5,71230.5012
1191,2021-04-06,742.5,737.0,709.5,896.5,2761.0003,4400.0,4240.5,4268.0,3470.5,2882.0,2783.0,2656.5,2887.5,3063.5,3234.0,3828.0,4361.5,4339.5,4185.5,3052.5,2563.0,2271.5,2227.5,1353.0,67914.0003
1192,2021-04-07,698.5,643.5,649.0,924.0,2794.0,4543.0,4664.0003,4537.5,3613.5,2728.0,2849.0,3052.5,3036.0,3377.0,3569.5003,4152.5,4565.0,4730.0,4295.5,3091.0,2436.5,2238.5,2315.5,1325.5,70829.0006
1193,2021-04-08,649.0,621.5,665.5,896.5,2750.0,4581.5,4708.0003,4312.0,3322.0,2816.0,2788.5,2821.5,2865.5,3091.0,3300.0,3833.5,4290.0,4680.5,4543.0003,4059.0,2970.0,2486.0,2260.5,1578.5,70889.5006
1194,2021-04-09,720.5,649.0,616.0,874.5,2073.5,3124.0,3657.5003,2711.5,2414.5,2359.5,2183.5,1820.5,1991.0,2128.5,2464.0,2700.5,3019.5,3520.0003,3498.0,2915.0,2365.0,1969.0,1864.5,1331.0,52970.5006
1195,2021-04-10,682.0,594.0,616.0,902.0,2744.5,3448.5003,3443.0,3019.5,2348.5,1985.5,2029.5,1969.0,2315.5,3228.5,3063.5,2970.0,2469.5,2475.0,2491.5,2343.0,1980.0,1886.5,1963.5,1303.5,52272.0003
1196,2021-04-11,577.5,550.0,555.5,605.0,1358.5,2238.5,2205.5,1958.0,1644.5,1765.5,1815.0,1765.5,1771.0,1804.0,1798.5,1820.5,1848.0,1958.0,2084.5,2073.5,2057.0,2062.5,1881.0,693.0,38890.5
1197,2021-04-12,649.0,561.0,572.0,968.0,2722.5,4521.0,4867.5,4592.5,3487.0,3019.5,2909.5,2975.5,2931.5,3283.5,3536.5003,4070.0,4532.0,4185.5,4488.0,3822.5,3129.5,2497.0,2348.5,1276.0,71945.5003
1198,2021-04-13,698.5,643.5,638.0,803.0,2876.5,4664.0006,4922.5003,4466.0,3448.5,2975.5,2882.0,2794.0,2678.5,3052.5,3327.5003,3817.0,4279.0003,4510.0,4383.5,3751.0,2992.0,2552.0,2156.0,1287.0,70598.0015
1199,2021-04-14,660.0,654.5,643.5,891.0,2794.0,4477.0,4708.0,4383.5003,3399.0006,2860.0,2964.5,3008.5,2832.5,3052.5,3278.0,3679.5,4207.5,4394.5,4521.0003,3833.5,3157.0,2579.5,2370.5,1347.5,70697.0012
1200,2021-04-15,660.0,638.0,649.0,907.5,2827.0,4570.5003,4873.0,4229.5,3514.5,2871.0,2854.5,2805.0,2827.0,3162.5,3300.0,3811.5,4345.0,4378.0,4356.0,3822.5,2860.0,2359.5,2117.5,1265.0,70004.0003
1201,2021-04-16,588.5,550.0,572.0,874.5,2227.5,3558.5,3624.5003,3085.5,2475.0,2238.5,2436.5,2464.0,2420.0,2442.0,2574.0,3096.5,3349.5,3734.5003,3613.5003,3206.5,2337.5,2189.0,2057.0,1309.0,57024.0009
1202,2021-04-17,506.0,418.0,517.0,819.5,2491.5,3465.0,3498.0003,2893.0,2183.5,1941.5,1897.5,2079.0,2640.0,3080.0,3300.0,3036.0,2436.5,2541.0,2530.0,2348.5,2062.5,1963.5,1848.0,1144.0,51639.5003
1203,2021-04-18,555.5,555.5,533.5,550.0,1358.5,2244.0,2227.5,2018.5,1853.5,1919.5,1837.0,1793.0,1820.5,1793.0,1892.0,1969.0,1892.0,1903.0,2106.5,2040.5,1969.0,2013.0,1644.5,572.0,39061.0
1204,2021-04-19,544.5,539.0,528.0,858.0,2722.5,4669.5,4834.5,4455.0,3520.0,2948.0,2766.5,2898.5,2937.0,3261.5,3311.0,3789.5,4070.0012,4598.0012,4499.0,3987.5,3217.5,2607.0,2271.5,1463.0,71296.5024
1205,2021-04-20,687.5,748.0,682.0,858.0,2777.5,4543.0,4631.0,4273.5,3542.0,2882.0,2788.5,2964.5,3052.5,3146.0,3311.0,3910.5012,4471.5,4290.0,4301.0,3630.0,2898.5,2370.5,2211.0,1369.5,70339.5012
1206,2021-04-21,929.5,781.0,803.0,1028.5,2634.5,4510.0,4774.0,4361.5,3531.0,2667.5,2772.0,2783.0,2887.5,3206.5,3503.5006,4004.0003,4185.5,4125.0003,4543.0,3960.0003,3201.0003,2497.0,2167.0,1287.0,71142.5018
1207,2021-04-22,1012.0,990.0,1012.0,924.0,2959.0,4548.5,4840.0,4163.5006,3723.5,2937.0,2794.0,2799.5,2827.0,3124.0,3415.5,3762.0003,3921.5,4455.0,4356.0,3723.5,3239.5,2618.0,2376.0,1397.0,71918.0009
1208,2021-04-23,572.0,594.0,588.5,803.0,2343.0,3492.5003,3855.5,3388.0,2667.5,2271.5,2266.0,2150.5,2150.5,2249.5,2464.0,3058.0,3289.0,3569.5,3503.5,3047.0,2348.5,2106.5,2040.5,1276.0,56094.5003
1209,2021-04-24,687.5,671.0,742.5,935.0,2387.0,3674.0,3547.5003,2876.5,2194.5,1947.0,1875.5,2068.0,2557.5,3041.5,3344.0,3245.0,3069.0,2618.0,2706.0,2447.5,2123.0,1919.5,1864.5,1309.0,53850.5003
1210,2021-04-25,621.5,599.5,572.0,654.5,1391.5,2398.0,2310.0,2018.5,1842.5,1969.0,1908.5,1870.0,1936.0,1914.0,1969.0,2068.0,2062.5,2123.0,2266.0,2288.0,2068.0,2029.5,1815.0,687.5,41382.0
1211,2021-04-26,599.5,649.0,577.5,759.0,2563.0,4493.5,4548.5,4328.5,3657.5,2794.0,2744.5,2766.5,2821.5,3190.0,3432.0,3602.5006,3586.0,4235.0003,4180.0003,3613.5,2816.0,2293.5,2035.0,1226.5,67512.5012
1212,2021-04-27,583.0,522.5,566.5,786.5,2535.5,4235.0,4598.0,4477.0,3718.0,2772.0,2601.5,2464.0,2464.0,2821.5,3102.0,3531.0,4097.5003,4339.5,4345.0,3580.5,2821.5,2200.0,2018.5,1254.0,66434.5003
1213,2021-04-28,830.5,781.0,742.5,913.0,2744.5,4444.0,4735.5,4466.0,3679.5,2772.0,2667.5,2684.0,2645.5,2722.5,2689.5,2623.5,1826.0,1760.0,3646.5,3239.5,2546.5,2128.5,1919.5,1265.0,60472.5
1214,2021-04-29,698.5,764.5,841.5,935.0,2832.5,4422.0,4625.5006,4471.5,3613.5,2849.0,2673.0,2645.5,2700.5,3091.0,3283.5,3360.5,3701.5,3025.0,3135.0003,3047.0,2761.0,2458.5,2189.0,1259.5,65384.0009
1215,2021-04-30,748.0,825.0,682.0,825.0,2392.5,3619.0,3927.0012,3421.0,2794.0,2238.5,2222.0,2106.5,2084.5,2002.0,2337.5,2860.0,2772.0,2871.0,2904.0,2398.0,1903.0,1848.0,1831.5,1149.5,52761.5012
1216,2021-05-01,539.0,555.5,583.0,621.5,1177.0,2002.0,1941.5,1826.0,1738.0,1754.5,1765.5,1650.0,1573.0,1699.5,1353.0,1122.0,1226.5,1320.0,863.5,616.0,638.0,621.5,605.0,539.0,28330.5
1217,2021-05-02,528.0,522.5,522.5,594.0,1221.0,2172.5,1655.5,1518.0,1512.5,1710.5,1606.0,1727.0,1749.0,1633.5,1589.5,1430.0,1523.5,1595.0,1567.5,1633.5,1760.0,1721.5,1386.0,638.0,33517.0
1218,2021-05-03,506.0,445.5,566.5,797.5,2684.0,4301.0,4493.5,4361.5,3839.0,2893.0,2777.5,2678.5,2634.5,3014.0,3025.0,3514.5,4224.0,3806.0,3580.5003,2871.0,2249.5,2095.5,1749.0,1182.5,64289.5003
1219,2021-05-04,643.5,665.5,715.0,693.0,2821.5,4488.0,4554.0,4356.0,3602.5,2975.5,2772.0,2744.5,2728.0,2920.5,3179.0,3701.5003,4306.5,4603.5,4328.5003,3652.0003,2475.0,2200.0,1886.5,1144.0,68156.0009
1220,2021-05-05,627.0,566.5,577.5,786.5,2535.5,4257.0,4246.0,4053.5,3239.5,2755.5,2513.5,2541.0,2524.5,2849.0,3118.5,3481.5,3943.5003,3586.0,3245.0003,1479.5,1023.0,627.0,506.0,445.5,55528.0006
1221,2021-05-06,418.0,418.0,434.5,698.5,2673.0,4196.5,4554.0006,4460.5,3641.0,2893.0,2662.0,2651.0,2750.0,2975.5,3069.0,3344.0003,3542.0003,3597.0003,3432.0,2953.5,2112.0,1881.0,1831.5,1149.5,62337.0015
1222,2021-05-07,616.0,572.0,588.5,748.0,2706.0,4427.5003,4669.5006,4279.0003,3558.5006,2766.5,2799.5,2458.5,2491.5,2777.5,2898.5,3327.5,3531.0,3806.0003,3767.5003,2953.5,2134.0,1782.0,1683.0,1138.5,62480.0024
1223,2021-05-08,577.5,577.5,583.0,786.5,2502.5,3201.0,3338.5,2832.5,2271.5,2134.0,2024.0,2106.5,2211.0,2766.5,2970.0,2849.0,2931.5,2898.5,2453.0,2249.5,1908.5,1804.0,1644.5,1105.5,50726.5
1224,2021-05-09,572.0,539.0,544.5,511.5,1127.5,2156.0,1903.0,1870.0,1661.0,1798.5,1815.0,1793.0,1710.5,1705.0,1952.5,1925.0,1875.5,2062.5,1875.5,1666.5,1650.0,1666.5,1292.5,462.0,36135.0
1225,2021-05-10,423.5,495.0,489.5,792.0,2629.0,4587.0,4988.5,4763.0,3817.0,2871.0,2667.5,2579.5,2706.0,3096.5,2970.0,3448.5,3877.5,3987.5,3916.0,3206.5,2216.5,1793.0,1771.0,1160.5,65252.0
1226,2021-05-11,599.5,610.5,583.0,896.5,2700.5,4614.5,4394.5,3327.5,3723.5003,3008.5,2854.5,2794.0,2854.5,3239.5,3459.5,4081.0,4565.0003,4642.0,4488.0,3322.0,2068.0,1842.5,1732.5,1149.5,67551.0006
1227,2021-05-12,550.0,506.0,544.5,753.5,2656.5003,3982.0003,4268.0,4042.5,3349.5,2827.0,2662.0,2590.5,2651.0,3030.5,3201.0,3663.0,3960.0009,3773.0003,3762.0,2876.5,2227.5,1963.5,1831.5,1144.0,62815.5018
1228,2021-05-13,566.5,528.0,649.0,781.0,2893.0003,4488.0,4713.5003,4471.5,3558.5,2887.5,2728.0,2816.0,2810.5,3140.5,3459.5,3712.5,4158.0003,4262.5,4207.5,3553.0003,2546.5,2200.0,2090.0,1457.5,68678.5012
1229,2021-05-14,616.0,561.0,550.0,803.0,2799.5,4592.5,4796.0003,4570.5003,3872.0003,2904.0,2524.5,2557.5,2601.5,2854.5,3036.0,3701.5003,4306.5,3817.0003,3762.0,3113.0,2398.0,2018.5,1974.5,1336.5,66066.0015
1230,2021-05-15,649.0,649.0,577.5,940.5,2788.5003,4405.5,4504.5,4108.5,3283.5,3195.5,3267.0,3443.0003,3679.5,3921.5,4070.0003,3982.0,3784.0,3410.0,3366.0,3052.5,2519.0,2189.0,2282.5,1364.0,69432.0009
1231,2021-05-16,610.5,594.0,583.0,621.5,1353.0,2744.5,2667.5,2453.0,1952.5,1996.5,1991.0,1996.5,2101.0,2112.0,2172.5,2205.5,2255.0,2271.5,2403.5,2403.5,2211.0,2073.5,1831.5,660.0,44264.0
1232,2021-05-17,583.0,517.0,544.5,588.5,1281.5,2744.5,2794.0,2370.5,2062.5,2062.5,2073.5,2095.5,2227.5,2260.5,2354.0,2211.0,2200.0,2227.5,2354.0,2249.5,2183.5,2139.5,1650.0,632.5,44407.0
1233,2021-05-18,555.5,555.5,555.5,665.5,2755.5,4229.5,4565.0,4158.0006,3201.0003,2618.0,2568.5,2678.5,2651.0,2959.0,3146.0,3657.5,3773.0,2931.5,3751.0003,3124.0,2332.0,1985.5,1837.0,1248.5,62502.0012
1234,2021-05-19,632.5,643.5,627.0,753.5,2772.0,4576.0003,4719.0,4284.5,3272.5003,2805.0,2722.5,2695.0,2739.0,3058.0,3245.0,3580.5003,3619.0003,3498.0,3547.5,3058.0,2222.0,1908.5,1831.5,1243.0,64053.0012
1235,2021-05-20,616.0,610.5,616.0,676.5,2739.0,4361.5003,4719.0006,4460.5,3305.5003,2739.0,2761.0,2843.5,2887.5,3063.5,3432.0,3998.5,4092.0,4416.5,4218.5,3564.0,2717.0,2128.5,1974.5,1369.5,68310.0012
1236,2021-05-21,704.0,676.5,704.0,797.5,2645.5003,4587.0,4537.5,4284.5,3245.0,2706.0,2673.0,2761.0,2766.5,3003.0,3212.0,3597.0006,4037.0,4658.5006,4323.0,3514.5,2590.5,2145.0,1958.0,1408.0,67534.5015
1237,2021-05-22,682.0,660.0,627.0,852.5,2167.0,2997.5,3454.0006,3553.0003,2865.5,2398.0,2310.0,2519.0,2744.5,3036.0,3074.5,2849.0,3096.5,2761.0,2513.5,2414.5,2337.5,2079.0,1996.5,1111.0,55099.0009
1238,2021-05-23,539.0,517.0,511.5,583.0,1265.0,2227.5,2381.5,2227.5,1969.0,2013.0,1996.5,2079.0,2112.0,2216.5,2282.5,2376.0,2310.0,2409.0,2403.5,2337.5,2084.5,2018.5,1721.5,863.5,43444.5
1239,2021-05-24,852.5,506.0,489.5,643.5,2524.5,4345.0,4581.5003,4405.5,3547.5,2926.0,2783.0,2700.5,2684.0,3052.5,3190.0,3839.0,4339.5,4213.0,4218.5,3476.0,2519.0,1991.0,1919.5,1281.5,67028.5003
1240,2021-05-25,737.0,731.5,731.5,808.5,2739.0003,4317.5,4746.5003,4323.0,3575.0,2931.5,2733.5,2766.5,2849.0,3206.5,3542.0,3833.5006,4136.0003,4427.5,4416.5,3624.5,2612.5,2051.5,1897.5,1490.5,69228.5015
1241,2021-05-26,770.0,803.0,720.5,869.0,2744.5,4416.5003,4746.5,4675.0,3619.0,2733.5,2755.5,2953.5,2750.0,3107.5,3289.0,3707.0003,4251.5,4455.0,4433.0,3657.5,2673.0,2117.5,2046.0,1490.5,69784.0006
1242,2021-05-27,874.5,792.0,726.0,775.5,2678.5,4334.0,4680.5,4416.5003,3443.0,2717.0,2711.5,2854.5,2728.0,2981.0,3201.0,3729.0003,4064.5003,4114.0003,3927.0,3393.5,2678.5,2200.0,1903.0,1292.5,67215.5012
1243,2021-05-28,495.0,473.0,511.5,852.5,2772.0,4603.5,4774.0003,4405.5,3580.5,2986.5,2772.0,2678.5,2744.5,2992.0,3355.0003,3817.0006,3514.5,3118.5,2975.5,2513.5,2189.0,2156.0,2040.5,1276.0,63596.5012
1244,2021-05-29,462.0,473.0,473.0,836.0,2579.5,4235.0,4317.5,3872.0003,3157.0,3069.0,3058.0,3063.5,3685.0003,3503.5,3630.0,3712.5,3443.0,3448.5,3168.0,2948.0,2722.5,2453.0,2447.5,1424.5,66181.5006
1245,2021-05-30,572.0,561.0,539.0,572.0,1298.0,2662.0,2860.0,2194.5,1991.0,2222.0,2112.0,2189.0,2436.5,2398.0,2354.0,2271.5,2227.5,2409.0,2420.0,2442.0,2354.0,2172.5,1760.0,709.5,45727.0
1246,2021-05-31,473.0,445.5,528.0,825.0,2662.0,4273.5,4647.5,4323.0,3344.0,2799.5,2722.5,2860.0,2865.5,3173.5,3388.0,3971.0,4427.5,4471.5,4724.5,3932.5003,2695.0,1875.5,1991.0,1309.0,68728.0003
1247,2021-06-01,577.5,572.0,610.5,841.5,2645.5003,4152.5,4548.5,4372.5,3663.0,3019.5,2772.0,2717.0,2728.0,3047.0,3129.5,3828.0003,4026.0003,4570.5,4339.5003,3586.0003,2717.0,2238.5,1996.5,1314.5,68013.0015
1248,2021-06-02,110.0,22.0,297.0,847.0,2821.5,4449.5,4653.0,4433.0,3415.5,2695.0,2629.0,2656.5,2887.5,3102.0,3212.0,3575.0,3960.0,3514.5,3195.5,3234.0,2931.5,2337.5,2112.0,1320.0,64410.5
1249,2021-06-03,572.0,572.0,550.0,808.5,2717.0003,4416.5,4686.0,4279.0,3509.0003,2750.0,2678.5,2777.5,2667.5,3113.0,3492.5,4004.0,4504.5,4647.5,4477.0,3487.0003,2860.0,2249.5,2150.5,1314.5,69283.5009
1250,2021-06-04,742.5,682.0,643.5,786.5,2843.5,4471.5,4592.5,4554.0,3619.0003,3047.0,2849.0,2794.0,2805.0,3074.5,3300.0,3597.0,3850.0003,4295.5003,4097.5,3267.0003,2612.5,2436.5,2277.0,1408.0,68645.5012
1251,2021-06-05,726.0,676.5,742.5,891.0,2882.0,4207.5,4422.0,4108.5006,3613.5003,3256.0,3377.0,3421.0,3734.5,3745.5003,3696.0006,3613.5,3630.0,3234.0,3008.5,2975.5,2843.5,2634.5,2574.0,1408.0,69421.0018
1252,2021-06-06,968.0,1056.0,1105.5,1001.0,2255.0,5098.5,5252.5,4994.0003,4361.5,3778.5003,3811.5009,3932.5,3443.0,3663.0,3674.0,3641.0,3646.5,3828.0003,3800.5,3597.0,3751.0,3443.0,2546.5,748.0,77396.0018
1253,2021-06-07,5.5,0.0,0.0,0.0,0.0,0.0,0.0,0.0,0.0,0.0,0.0,0.0,0.0,0.0,0.0,22.0,22.0,22.0,22.0,22.0,22.0,22.0,22.0,22.0,203.5
1254,2021-06-08,885.5,880.0,935.0,1105.5,2981.0,4587.0,4906.0,4730.0,4020.5003,3399.0,3278.0,3289.0,3217.5,3558.5,3707.0,4108.5,4565.0,4532.0,4526.5,4119.5,3234.0,2673.0,2612.5,1842.5,77693.0003
1255,2021-06-09,1111.0,1061.5,1078.0,1248.5,2986.5,4345.0,4449.5,4653.0,3916.0,3294.5,3102.0,3107.5,3267.0,3558.5,3586.0,4042.5003,4400.0,4510.0,4587.0,3646.5003,3294.5,2585.0,2436.5,1831.5,76098.0006
1256,2021-06-10,1039.5,1006.5,918.5,1182.5,3135.0,4939.0,5021.5003,4779.5,4031.5,3366.0,3239.5,3300.0,3360.5003,3668.5003,3938.0,4532.0,4763.0,4966.5,4955.5006,4020.5003,3074.5,2739.0,2695.0,1831.5,80503.5018
1257,2021-06-11,1045.0,1083.5,1078.0,1133.0,3036.0,4686.0003,5049.0003,4730.0003,3806.0003,3289.0,3388.0,3531.0,3525.5,3800.5,4086.5,4510.0,4906.0003,4136.0,4103.0003,3905.0006,3085.5,2629.0,2480.5,1771.0,78793.0024
1258,2021-06-12,957.0,506.0,506.0,1061.5,3118.5,4752.0,4400.0,4114.0,3344.0,2717.0,2750.0,3360.5,3641.0003,3657.5,3729.0003,3179.0,3542.0,3498.0,3465.0003,3256.0003,2849.0,2585.0,2480.5,1633.5,69102.0012
1259,2021-06-13,1034.0,913.0,522.5,539.0,1298.0,4669.5,4818.0,4554.0,3509.0003,3327.5,3333.0,3476.0003,3514.5003,3503.5,3536.5,3426.5,3619.0,3624.5,3894.0003,3767.5006,3245.0,2799.5,2150.5,572.0,69646.5018
1260,2021-06-14,1067.0,1050.5,990.0,896.5,1105.5,2535.5,2651.0,2332.0,2233.0,2161.5,2211.0,2282.5,2332.0,2458.5,2271.5,2365.0,2354.0,2321.0,2414.5,2464.0,2183.5,1760.0,1540.0,577.5,46557.5
1261,2021-06-15,594.0,572.0,517.0,676.5,2541.0,4565.0,5780.5006,5643.0003,4471.5,3536.5,3322.0,3580.5,2821.5,2948.0,3146.0,3624.5,4009.5003,4103.0003,4031.5003,3657.5,2656.5,2288.0,2062.5,1325.5,72473.5018
1262,2021-06-16,484.0,462.0,561.0,654.5,2552.0,4042.5,4499.0,4328.5,3223.0,2667.5,2535.5,2673.0,2651.0,2805.0,3008.5,3492.5003,3778.5003,3839.0,3960.0,3597.0,2744.5,2145.0,2117.5,1210.0,64031.0006
1263,2021-06-17,522.5,484.0,506.0,671.0,2585.0,4240.5,4477.0,2420.0,2491.5,1936.0,1919.5,2029.5,2260.5,2293.5,2392.5,3613.5,4042.5,4114.0003,3553.0003,3542.0,2535.5,2024.0,2007.5,1413.5,58074.5006
1264,2021-06-18,583.0,539.0,583.0,693.0,2530.0,3949.0003,4543.0,4284.5,3674.0,2810.5,2717.0,2860.0,2865.5,3080.0,3355.0003,3696.0,4185.5,4466.0,4312.0,3443.0,2601.5,2277.0,2189.0,1380.5,67617.0006
1265,2021-06-19,528.0,484.0,528.0,726.0,2645.5,4235.0,4202.0003,3778.5,2909.5,2557.5,2601.5,3019.5,3685.0,3734.5003,3608.0,3514.5,3608.0003,3701.5006,3426.5006,3036.0,2728.0,2282.5,2205.5,1710.5,65455.5021
1266,2021-06-20,1578.5,583.0,456.5,467.5,1193.5,2684.0,2750.0,2673.0,2497.0,2282.5,2299.0,2249.5,2310.0,2321.0,2282.5,2447.5,2288.0,2629.0,2398.0,2172.5,2106.5,1853.5,1479.5,594.0,46596.0
1267,2021-06-21,566.5,528.0,539.0,665.5,2557.5,4064.5006,4581.5,4471.5,3454.0,2843.5,2673.0,2783.0,2766.5,2986.5,3190.0,3624.5,4048.0,4246.0,4295.5,3630.0,2651.0,2172.5,2018.5,1292.5,66649.0006
1268,2021-06-22,709.5,726.0,748.0,808.5,2678.5,4565.0003,4559.5,4631.0,3718.0,3014.0,2876.5,2942.5,2810.5,3019.5,3366.0,3888.5,4295.5,4383.5,4526.5003,3800.5003,2684.0,2205.5,2095.5,1452.0,70504.5009
1269,2021-06-23,698.5,643.5,649.0,770.0,2810.5,4405.5,4477.0,4240.5,3712.5,3096.5,2909.5,2904.0,2931.5,3151.5,3399.0,3927.0,4438.5,4279.0,4394.5,3608.0,2755.5,2238.5,2244.0,1408.0,70092.0
1270,2021-06-24,588.5,539.0,572.0,665.5,2568.5,4119.5003,4394.5003,4130.5,3448.5,2755.5,2640.0,2739.0,2667.5,2926.0,3261.5,3696.0,4108.5006,4130.5,4444.0,3839.0,2656.5,2172.5,2090.0,1303.5,66456.5012
1271,2021-06-25,566.5,533.5,572.0,720.5,2755.5,4361.5,4614.5,4389.0,3498.0,2898.5,2871.0,2948.0,2915.0,3118.5,3338.5,3883.0003,4433.0,4510.0,4323.0,3481.5,2574.0,2156.0,2007.5,1386.0,68854.5003
1272,2021-06-26,627.0,594.0,599.5,786.5,2673.0,4295.5,4345.0,3784.0003,3069.0,2656.5,2651.0,3135.0,3520.0003,3426.5003,3547.5,3272.5,3668.5,3531.0003,3250.5,2662.0,2381.5,2062.5,1941.5,1199.0,63679.0012
1273,2021-06-27,726.0,704.0,726.0,643.5,1331.0,2794.0,2893.0,2403.5,2233.0,2227.5,2227.5,2321.0,2403.5,2387.0,2436.5,2486.0,2524.5,2541.0,2596.0,2530.0,2095.5,1897.5,1650.0,709.5,47487.0
1274,2021-06-28,649.0,627.0,610.5,709.5,2497.0,4031.5,4130.5,4086.5,3641.0,2953.5,2948.0,2755.5,2777.5,2766.5,3124.0,3542.0006,3839.0,3938.0,3806.0003,3217.5,2651.0,2409.0,2145.0,1369.5,65224.5009
1275,2021-06-29,704.0,632.5,616.0,863.5,2733.5,4576.0,4851.0,4394.5,3784.0,2904.0,2854.5,2931.5,2937.0,3234.0,3437.5003,3674.0,4075.5,4339.5,4526.5003,3751.0,2695.0,2233.0,2112.0,1386.0,70246.0006
1276,2021-06-30,753.5,676.5,698.5,792.0,2722.5,4548.5003,4757.5,4526.5,3591.5,2981.0,2816.0,2706.0,2722.5,3085.5,3245.0,3745.5,4114.0003,4488.0,4246.0003,3619.0,2640.0,2178.0,2156.0,1386.0,69195.5009
1277,2021-07-01,726.0,759.0,676.5,792.0,2667.5,4345.0,4757.5006,4383.5,3536.5,3003.0,2810.5,2695.0,2854.5,3129.5,3377.0,3839.0003,4053.5,4543.0,4543.0,3558.5006,2783.0,2244.0,2189.0,1446.5,69712.5015
1278,2021-07-02,792.0,682.0,660.0,803.0,2755.5,4367.0,4312.0,4455.0003,3767.5,2821.5,2706.0,2700.5,2904.0,3096.5,3311.0003,3932.5,4345.0,4658.5,4774.0,3828.0,2926.0,2354.0,2150.5,1391.5,70493.5006
1279,2021-07-03,489.5,429.0,550.0,819.5,2843.5,4444.0,4416.5,3861.0006,3184.5,2623.5,2634.5,3129.5,3657.5,3828.0003,3784.0003,3756.5,3690.5003,3729.0003,3476.0,3036.0,2733.5,2436.5,2238.5,1369.5,67160.5018
1280,2021-07-04,698.5,649.0,632.5,643.5,1375.0,2860.0,2843.5,2381.5,2167.0,2343.0,2392.5,2502.5,2585.0,2568.5,2409.0,2425.5,2403.5,2475.0,2744.5,2805.0,2403.5,2079.0,1749.0,830.5,48966.5
1281,2021-07-05,847.0,759.0,698.5,682.0,1331.0,2816.0,2849.0,2365.0,2194.5,2310.0,2552.0,2607.0,2579.5,2623.5,2777.5,2667.5,2541.0,2541.0,2700.5,2634.5,2376.0,2079.0,1787.5,775.5,50094.0
1282,2021-07-06,649.0,671.0,665.5,797.5,2904.0,4790.5,5049.0,4708.0,3569.5003,2860.0,2931.5,2821.5,2733.5,3146.0,3360.5,3806.0,4196.5,4372.5,4229.5,3811.5,2821.5,2244.0,2321.0,1578.5,71038.0003
1283,2021-07-07,869.0,803.0,737.0,874.5,2865.5,4796.0,5032.5,4862.0,3987.5,3058.0,2920.5,2920.5,2948.0,3338.5,3531.0003,3806.0003,4136.0,4394.5,4592.5003,3833.5,2733.5,2387.0,2249.5,1567.5,73243.5009
1284,2021-07-08,742.5,704.0,715.0,918.5,2964.5,4829.0,4878.5,4658.5003,3795.0,3014.0,2887.5,2854.5,2975.5,3322.0,3503.5,4053.5,4455.0,4438.5,4653.0,3938.0,2898.5,2293.5,2266.0,1435.5,73194.0003
1285,2021-07-09,583.0,555.5,660.0,814.0,2871.0,4735.5003,4911.5,4636.5,3624.5,2667.5,2497.0,2744.5,2810.5,3080.0,3344.0003,3905.0,4317.5,4807.0003,4576.0,3657.5,2794.0,2282.5,2266.0,1441.0,70581.5009
1286,2021-07-10,649.0,638.0,654.5,737.0,2909.5003,4532.0,4389.0,3806.0,3261.5,2623.5,2552.0,3124.0,3553.0003,3751.0003,3619.0003,3608.0003,3443.0,3118.5,3470.5003,3096.5,2711.5,2376.0,2117.5,1320.0,66060.5018
1287,2021-07-11,643.5,676.5,627.0,588.5,1314.5,2755.5,2810.5,2453.0,2156.0,2293.5,2486.0,2563.0,2557.5,2579.5,2568.5,2563.0,2585.0,2689.5,2733.5,2607.0,2310.0,2062.5,1749.0,775.5,49148.0
1288,2021-07-12,797.5,748.0,621.5,742.5,2849.0003,4411.0,4642.0,4345.0,3536.5,3041.5,2711.5,2722.5,2755.5,3008.5,3371.5,3833.5003,4323.0,4647.5003,4851.0003,3778.5,2876.5,2277.0,2227.5,1479.5,70598.0012
1289,2021-07-13,891.0,825.0,731.5,841.5,2827.0003,4653.0,4917.0,4510.0,3608.0,2942.5,2832.5,2777.5,2843.5,3069.0,3360.5,3839.0003,4350.5,4614.5003,4576.0,3899.5,2920.5,2315.5,2271.5,1457.5,71874.0009
1290,2021-07-14,803.0,863.5,797.5,808.5,2920.5,4609.0,4702.5,4532.0,3349.5003,2992.0,2783.0,2706.0,2755.5,2948.0,3234.0,3784.0,4229.5,4378.0,4598.0,3965.5003,2816.0,2211.0,2271.5,1518.0,70576.0006
1291,2021-07-15,781.0,764.5,687.5,775.5,2975.5,4763.0,5005.0003,4702.5,3624.5,2805.0,2750.0,2788.5,2832.5,3074.5,3454.0003,3894.0003,4460.5,4697.0,4735.5,3916.0,2876.5,2189.0,2288.0,1545.5,72385.5009
1292,2021-07-16,737.0,720.5,660.0,753.5,2871.0,4680.5,5027.0006,4708.0,3894.0,2887.5,2777.5,2772.0,2821.5,3102.0,3476.0003,4037.0,4279.0,4460.5,4543.0,3877.5,2761.0,2216.5,2167.0,1358.5,71588.0009
1293,2021-07-17,643.5,638.0,654.5,748.0,2750.0003,4477.0,4625.5,3916.0003,3206.5,2860.0,2772.0,3184.5,3619.0003,3701.5,3883.0003,3800.5003,3745.5003,3916.0,3723.5,3162.5,2777.5,2453.0,2414.5,1402.5,69074.5018
1294,2021-07-18,610.5,594.0,588.5,594.0,1419.0,2887.5,2876.5,2398.0,2359.5,2398.0,2464.0,2425.5,2497.0,2607.0,2623.5,2458.5,2535.5,2557.5,2706.0,2717.0,2310.0,2095.5,1831.5,830.5,49384.5
1295,2021-07-19,819.5,764.5,676.5,781.0,3102.0,4774.0,4917.0,4675.0,3828.0,2964.5,2871.0,3025.0,3074.5,3382.5,3663.0,4119.5003,4400.0,4488.0003,4713.5003,3751.0,2761.0,2343.0,2326.5,1419.0,73639.5009
1296,2021-07-20,676.5,1023.0,962.5,1012.0,2266.0,5054.5,4900.5,3833.5003,3784.0,3822.5,3877.5,3833.5,3828.0003,3773.0003,3811.5,3806.0,4004.0006,4031.5,3905.0,3855.5003,3470.5,3239.5,2893.0,1138.5,76802.0018
1297,2021-07-21,1105.5,1061.5,467.5,715.0,2722.5,4653.0,4840.0012,4554.0,3426.5,3003.0,2684.0,2744.5,2728.0,3085.5,3327.5,3784.0,4444.0,4559.5012,4757.5012,3811.5,2827.0,2238.5,2112.0,1353.0,71005.0036
1298,2021-07-22,632.5,665.5,605.0,748.0,3003.0,4702.5,4983.0003,4647.5,3718.0003,2986.5,2838.0,2854.5,2849.0,3069.0,3327.5,3877.5003,4543.0,4856.5006,4708.0,3987.5,3041.5,2321.0,2194.5,1452.0,72611.0015
1299,2021-07-23,660.0,654.5,671.0,847.0,2931.5,4653.0,4878.5012,4658.5,3921.5,3041.5,2887.5,2722.5,2843.5,3052.5,3278.0,3894.0012,4405.5,4680.5012,4405.5,3850.0,3063.5,2392.5,2359.5,1474.0,72226.0036
1300,2021-07-24,682.0,660.0,665.5,814.0,2931.5003,4669.5,4636.5,3921.5,2992.0,2607.0,2585.0,3074.5,3404.5,3382.5003,3608.0003,3619.0,3657.5009,3696.0003,3564.0,3085.5,2645.5,2480.5,2211.0,1397.0,66990.0021
1301,2021-07-25,671.0,720.5,715.0,704.0,1468.5,4653.0006,4680.5003,3509.0003,3063.5,3146.0,3360.5003,3377.0,3498.0003,3542.0,3597.0,3520.0003,3558.5,3712.5006,3696.0,3690.5,3421.0,2794.0,2409.0,874.5,68381.5027
1302,2021-07-26,715.0,616.0,561.0,742.5,2546.5,4697.0,4884.0003,4653.0,3536.5,2656.5,2678.5,2772.0,2975.5,3190.0,3426.5,3927.0003,4317.5,4636.5006,4752.0003,3652.0,2607.0,2189.0,2073.5,1353.0,70158.0015
1303,2021-07-27,715.0,687.5,605.0,720.5,2629.0,4790.5,4884.0,4801.5003,3789.5,2860.0,2799.5,2662.0,2777.5,3113.0,3289.0,3822.5003,4240.5,4499.0003,4510.0,3520.0,2706.0,2156.0,2194.5,1380.5,70152.5009
1304,2021-07-28,616.0,605.0,588.5,726.0,2667.5,4543.0,4961.0003,4526.5003,3635.5,2744.5,2711.5,2607.0,2722.5,3080.0,3355.0,3965.5,4559.5,4515.5,4576.0,3850.0,2783.0,2139.5,2200.0,1402.5,70081.0006
1305,2021-07-29,687.5,665.5,583.0,682.0,2728.0,4614.5,4933.5003,4697.0,3564.0,2860.0,2788.5,2739.0,2722.5,2887.5,3201.0,3718.0,4262.5,4521.0,4592.5,3685.0,2766.5,2293.5,2117.5,1446.5,69756.5003
1306,2021-07-30,726.0,665.5,621.5,676.5,2656.5003,4532.0003,4906.0,4774.0,3630.0,2805.0,2744.5,2700.5,2794.0,2997.5,3415.5,3993.0,4570.5003,4471.5,4609.0,3773.0003,2788.5,2216.5,2337.5,1479.5,70884.0012
1307,2021-07-31,687.5,616.0,561.0,627.0,2425.5,3971.0,4169.0,3542.0003,2915.0,2711.5,2645.5,3113.0,3729.0,3844.5,3762.0003,3674.0,2887.5,3239.5,2986.5,2607.0,2260.5,2095.5,2051.5,1353.0,62474.5006
1308,2021-08-01,588.5,555.5,616.0,621.5,1171.5,2403.5,2266.0,2123.0,2139.5,2436.5,2293.5,2359.5,2365.0,2376.0,2469.5,2623.5,2590.5,2568.5,2497.0,2354.0,2079.0,1892.0,1721.5,737.0,45848.0
1309,2021-08-02,742.5,605.0,632.5,693.0,2651.0,4642.0,4768.5,4620.0,4031.5,2959.0,2755.5,2838.0,2843.5,3135.0,3410.0,3971.0,4708.0,5071.0003,4939.0,3905.0006,2849.0,2370.5,2238.5,1457.5,72836.5009
1310,2021-08-03,786.5,764.5,803.0,935.0,2898.5,4895.0003,5148.0,4818.0,3872.0003,3272.5,2821.5,2854.5,2832.5,3118.5,3080.0,3740.0,4774.0003,5384.5,4515.5,3998.5,2931.5,2480.5,2326.5,1430.0,74481.0009
1311,2021-08-04,830.5,803.0,781.0,962.5,4713.5003,8255.5012,8838.5012,7859.5006,6308.5006,5076.5003,4944.5,4950.0003,4812.5,5307.5006,5764.0003,7056.5009,7623.0012,8695.5012,8772.5012,6638.5003,5098.5003,4246.0,4119.5,2546.5003,125004.0108
1312,2021-08-05,775.5,742.5,770.0,709.5,2656.5,4779.5,5021.5003,4598.0,3624.5003,2865.5,2854.5,2970.0,2931.5,3190.0,3575.0003,4158.0,4878.5003,5280.0,4950.0,4103.0,3019.5003,2381.5,2277.0,1419.0,74530.5015
1313,2021-08-06,643.5,616.0,638.0,687.5,2684.0,4774.0,4884.0,5021.5,3949.0,3168.0,2920.5,3036.0,2953.5,3212.0,3333.0,3960.0,4735.5,5049.0,5164.5,4196.5,3151.5,2447.5,2354.0,1336.5,74915.5
1314,2021-08-07,192.5,22.0,22.0,22.0,22.0,22.0,22.0,22.0,22.0,22.0,22.0,22.0,22.0,22.0,22.0,22.0,22.0,22.0,22.0,22.0,22.0,22.0,22.0,22.0,698.5
1315,2021-08-08,445.5,594.0,610.5,654.5,1446.5,4708.0,4625.5,3641.0,3415.5,3773.0,3580.5,3773.0,3833.5,3954.5,3976.5,4064.5,4009.5,4114.0,4213.0,3982.0,3575.0,3030.5,2354.0,786.5,73161.0
1316,2021-08-09,599.5,605.0,594.0,770.0,2981.0003,4746.5,5087.5,4900.5,3894.0006,3058.0,2634.5,2728.0,2898.5,3256.0,3498.0,4152.5,4774.0,5131.5003,4966.5,3883.0,2783.0,2354.0,2299.0,1358.5,73953.0012
1317,2021-08-10,654.5,775.5,786.5,841.5,2684.0,4367.0,4708.0,4746.5,3910.5006,2975.5,2948.0,2920.5,2948.0,3267.0,3476.0003,3899.5003,4873.0006,5274.5,5164.5003,4328.5003,2986.5,2519.0,2530.0,1534.5,75119.0024
1318,2021-08-11,687.5,709.5,709.5,979.0,2783.0,4675.0003,4928.0006,4730.0,3773.0,2975.5,2733.5,2810.5,2926.0,3327.5,3558.5,4108.5006,4664.0,5274.5006,5214.0,4125.0,3113.0,2568.5,2497.0,1518.0,75388.5021
1319,2021-08-12,676.5,665.5,665.5,764.5,2788.5,4939.0003,5071.0,4911.5006,3976.5,3041.5,2799.5,2777.5,2887.5,3228.5,3415.5003,4180.0,4807.0003,5115.0006,5186.5006,4400.0,2986.5,2277.0,2343.0,1485.0,75388.5027
1320,2021-08-13,753.5,759.0,726.0,907.5,2882.0,4889.5,4763.0,4570.5003,3773.0,2997.5,2783.0,2821.5,2865.5,3228.5003,3476.0003,4086.5003,4906.0,5406.5003,5071.0006,4075.5003,3096.5,2508.0,2486.0,1512.5,75344.5024
1321,2021-08-14,759.0,671.0,654.5,803.0,2711.5,4686.0,4526.5003,3932.5003,2997.5,2695.0,2491.5,2931.5,3382.5,3591.5003,3740.0009,3778.5,3586.0003,3558.5003,3470.5,3096.5,2728.0,2414.5,2392.5,1413.5,67012.0024
1322,2021-08-15,792.0,1078.0,1133.0,1122.0,2002.0,4202.0,4317.5,4207.5,4191.0,4185.5,4449.5,4202.0,4334.0,4240.5,4262.5,4400.0,4488.0,4268.0,3745.5,4433.0,4367.0003,4180.0,3294.5,957.0,82852.0003
1323,2021-08-16,577.5,467.5,478.5,473.0,1237.5,2293.5,2381.5,2409.0,2480.5,2359.5,2365.0,2387.0,2365.0,2381.5,2425.5,2387.0,2491.5,2403.5,2557.5,2541.0,2365.0,2194.5,1754.5,533.5,46310.0
1324,2021-08-17,478.5,511.5,544.5,682.0,2552.0,4416.5,4108.5,4081.0,3613.5003,2953.5,2695.0,2887.5,2920.5,3300.0,3564.0,4174.5,4746.5,5082.0,4966.5006,3756.5,2876.5,2398.0,2233.0,1309.0,70851.0009
1325,2021-08-18,577.5,555.5,572.0,704.0,2623.5,4383.5003,4592.5003,4543.0,3426.5,2629.0,2640.0,2634.5,2634.5,3025.0,3250.5,4009.5,4708.0003,4719.0,4466.0,3817.0,2882.0,2343.0,2271.5,1331.0,69338.5009
1326,2021-08-19,594.0,572.0,594.0,792.0,2656.5,4592.5,3261.5003,4730.0,3910.5,2887.5,2816.0,2794.0,2717.0,2964.5,3162.5,3943.5,4735.5,5230.5,4922.5006,3872.0,2871.0,2381.5,2222.0,1325.5,70548.5009
1327,2021-08-20,583.0,533.5,572.0,720.5,2508.0,4614.5,4867.5,4966.5003,4037.0006,2832.5,2524.5,2750.0,2805.0,3124.0,3355.0,3960.0,4746.5003,5269.0003,4741.0,3910.5006,2898.5,2370.5,2211.0,1287.0,72187.5021
1328,2021-08-21,528.0,506.0,511.5,682.0,2612.5003,4394.5003,4455.0,3982.0,3190.0,2739.0,2755.5,3074.5,3597.0003,3756.5003,3850.0003,3718.0006,3762.0,3762.0003,3520.0,2893.0,2645.5,2337.5,2178.0,1331.0,66781.0024
1329,2021-08-22,489.5,462.0,495.0,467.5,1210.0,2464.0,2420.0,2425.5,2304.5,2387.0,2420.0,2464.0,2370.5,2403.5,2425.5,2513.5,2442.0,2678.5,2629.0,2491.5,2398.0,2233.0,1732.5,550.0,46876.5
1330,2021-08-23,528.0,572.0,561.0,709.5,2689.5,4378.0,4746.5,4680.5,3921.5,2986.5,2739.0,2843.5,2981.0,3206.5,3437.5,4070.0003,4702.5,5131.5003,4972.0,3723.5,2876.5,2546.5,2436.5,1391.5,72831.0006
1331,2021-08-24,396.0,467.5,566.5,726.0,2288.0,4345.0,4961.0,4878.5003,3756.5003,2986.5,2733.5,2717.0,2821.5,3162.5,3366.0003,4004.0,4477.0,4840.0003,4845.5,3833.5,2871.0,2552.0,2381.5,1276.0,71252.5012
1332,2021-08-25,544.5,550.0,533.5,742.5,2706.0,4735.5,4917.0,5049.0,3767.5003,3047.0,2854.5,2942.5,2981.0,3157.0,3322.0,3987.5,4746.5,5159.0003,4900.5003,4026.0,2810.5,2436.5,2304.5,1287.0,73507.5009
1333,2021-08-26,632.5,643.5,462.0,742.5,2524.5,4746.5,4834.5,4675.0,3707.0,3102.0,2739.0,2788.5,2827.0,3124.0,3481.5,4015.0,4845.5003,5368.0003,5120.5003,4004.0,2893.0,2546.5,2326.5,1270.5,73419.5009
1334,2021-08-27,511.5,500.5,517.0,726.0,2799.5,4889.5,5005.0,4895.0,3998.5,3074.5,2799.5,2821.5,2970.0,3388.0,3613.5003,4246.0003,4961.0,5329.5003,5186.5,3899.5,2821.5,2464.0,2255.0,1336.5,75009.0009
1335,2021-08-28,698.5,583.0,522.5,693.0,2651.0,4411.0,4614.5003,4037.0,3118.5,2634.5,2524.5,3140.5,3679.5003,3833.5,3833.5003,3894.0,3646.5006,3789.5,3476.0,2997.5,2645.5,2299.0,2189.0,1314.5,67226.5015
1336,2021-08-29,528.0,517.0,539.0,588.5,1155.0,2354.0,2513.5,2552.0,2535.5,2645.5,2557.5,2453.0,2618.0,2662.0,2755.5,2772.0,2695.0,2706.0,2695.0,2464.0,2172.5,2123.0,1688.5,500.5,48790.5
1337,2021-08-30,500.5,473.0,489.5,726.0,2673.0,4675.0,4928.0,4708.0,3795.0,2904.0,2843.5,2959.0,2986.5,3245.0,3322.0,4136.0003,4867.5,5335.0,4829.0,3965.5003,2959.0,2365.0,2238.5,1336.5,73260.0006
1338,2021-08-31,555.5,489.5,555.5,704.0,2645.5,4570.5,5049.0003,4862.0,3674.0,2816.0,2623.5,2750.0,2744.5,3008.5,3300.0,4020.5003,4867.5,5219.5,4620.0003,4048.0,2997.5,2629.0,2475.0,1342.0,72567.0009
1339,2021-09-01,649.0,929.5,929.5,1193.5,3393.5003,5296.5003,5467.0,5423.0003,4438.5,3322.0,3217.5,3294.5,3250.5,3663.0,4009.5,4587.0003,5428.5006,6105.0009,6022.5012,4779.5,3729.0,3217.5,3069.0,1991.0,87406.0039
1340,2021-09-02,1001.0,962.5,858.0,660.0,2667.5,4944.5,5192.0006,4917.0,4191.0,3091.0,2794.0,2937.0,3003.0,3338.5,3470.5003,3960.0003,4559.5,5280.0006,5159.0003,4196.5003,2898.5,2508.0,2502.5,1391.5,76483.0024
1341,2021-09-03,533.5,495.0,517.0,764.5,2854.5,4911.5,5230.5,4851.0,3905.0,3036.0,3063.5,3151.5,3069.0,3300.0,3470.5,3894.0003,4735.5,5120.5003,4972.0,3971.0,3146.0,2607.0,2370.5,1441.0,75410.5006
1342,2021-09-04,495.0,473.0,462.0,671.0,2755.5,4416.5003,4449.5003,3899.5,2981.0,2651.0,2629.0,3107.5,3685.0003,3850.0003,3795.0003,3784.0003,3646.5,3679.5,3360.5,2915.0,2601.5,2172.5,2178.0,1358.5,66016.5018
1343,2021-09-05,506.0,445.5,423.5,555.5,1138.5,2304.5,2530.0,2640.0,2343.0,2458.5,2535.5,2623.5,2700.5,2706.0,2695.0,2673.0,2744.5,2810.5,2783.0,2596.0,2524.5,2354.0,1743.5,583.0,49417.5
1344,2021-09-06,467.5,462.0,495.0,715.0,2535.5,4719.0,4928.0,4691.5,3778.5,3047.0,2882.0,2766.5,2865.5,3096.5,3283.5,3987.5003,4785.0003,5351.5,5197.5006,3734.5,2904.0,2568.5,2304.5,1243.0,72809.0012
1345,2021-09-07,445.5,429.0,434.5,676.5,2640.0,4686.0,4851.0003,4966.5,4042.5,3052.5,2788.5,2871.0,2953.5,2827.0,3272.5,3822.5,4647.5003,5401.0,5225.0003,3993.0,2810.5,2497.0,2233.0,1369.5,72935.5009
1346,2021-09-08,473.0,462.0,550.0,715.0,2541.0,4834.5006,5159.0,4306.5,4147.0,3008.5,2706.0,2893.0,2656.5,2959.0,3267.0,3982.0,4724.5003,5340.5,5093.0003,3883.0,2893.0,2579.5,2310.0,1298.0,72781.5012
1347,2021-09-09,473.0,434.5,429.0,632.5,2761.0003,4537.5,4977.5,4807.0003,3712.5003,2937.0,2733.5,2920.5,2788.5,3140.5,3366.0003,4031.5003,4862.0,5247.0,5027.0009,3701.5,2942.5,2667.5,2260.5,1452.0,72842.0024
1348,2021-09-10,610.5,539.0,561.0,764.5,2601.5,4939.0,5170.0003,4774.0,3734.5,2843.5,2711.5,3030.5,2970.0,3168.0,3333.0,3855.5,4757.5,5335.0003,4944.5,3960.0,2975.5,2502.5,2282.5,1391.5,73755.0006
1349,2021-09-11,390.5,280.5,280.5,500.5,2640.0003,4460.5,4526.5,4004.0,3184.5,2656.5,2546.5,3107.5,3635.5,3778.5,3756.5006,3921.5,3762.0009,3822.5003,3432.0,2975.5,2640.0,2293.5,2194.5,1314.5,66104.5021
1350,2021-09-12,462.0,451.0,429.0,401.5,1270.5,3476.0,3718.0,3536.5003,3459.5,3366.0,3327.5003,3459.5,3492.5,3465.0,3712.5,3745.5003,3547.5,3635.5006,3630.0006,3547.5,3377.0003,3107.5,2304.5,462.0,65384.0024
1351,2021-09-13,368.5,467.5,462.0,764.5,2777.5,4559.5,4862.0,4796.0006,3866.5,2838.0,2689.5,2684.0,2794.0,3080.0,3415.5,4081.0003,4818.0,5428.5,5269.0006,4130.5,3052.5,2458.5,2205.5,1419.0,73287.5015
1352,2021-09-14,643.5,495.0,462.0,698.5,2601.5,4697.0,5010.5,4867.5003,3938.0003,2761.0,2838.0,2821.5,2860.0,3074.5,3344.0,4108.5,4680.5,5313.0006,5131.5,4026.0,3096.5,2469.5,2216.5,1402.5,73557.0012
1353,2021-09-15,781.0,1045.0,638.0,830.5,2629.0003,4504.5,4680.5003,4944.5003,4152.5,3146.0,2854.5,2843.5,2909.5,3267.0003,3503.5,4207.5,4675.0003,5291.0,4994.0003,4053.5,3267.0,2502.5,2244.0,1485.0,75449.0018
1354,2021-09-16,638.0,577.5,533.5,654.5,2799.5,4697.0,4961.0,4576.0,3773.0,3239.5,2997.5,3058.0,3008.5,3206.5,3503.5,4059.0,4730.0,5335.0,5120.5,3932.5,2975.5,2497.0,2238.5,1435.5,74547.0
1355,2021-09-17,566.5,539.0,544.5,654.5,2755.5,4752.0003,4928.0,4730.0,3888.5,3036.0,2854.5,2876.5,2882.0,3173.5,3426.5,3943.5,4493.5003,4543.0003,4614.5,3916.0003,3151.5,2557.5,2409.0,1485.0,72721.0012
1356,2021-09-18,451.0,462.0,456.5,704.0,2728.0003,4383.5,4559.5,3795.0,3058.0,2810.5,2684.0,3069.0,3564.0,3613.5003,3509.0003,3806.0003,3575.0,3630.0,3355.0,2931.5,2750.0,2480.5,2343.0,1463.0,66181.5012
1357,2021-09-19,605.0,539.0,511.5,506.0,1105.5,2343.0,2442.0,2447.5,2387.0,2398.0,2403.5,2436.5,2629.0,2541.0,2535.5,2601.5,2651.0,2568.5,2717.0,2805.0,2458.5,2420.0,1864.5,583.0,48499.0
1358,2021-09-20,550.0,550.0,605.0,704.0,2871.0,4917.0003,5109.5,4768.5003,3795.0003,2805.0,2744.5,2816.0,2931.5,3234.0,3498.0003,4147.0003,4812.5,5373.5003,5137.0,4037.0,3069.0,2288.0,2414.5,1424.5,74602.0018
1359,2021-09-21,621.5,643.5,550.0,709.5,2596.0,4086.5,4592.5,4845.5,3855.5,2816.0,2678.5,2535.5,2706.0,3019.5,3333.0,3921.5,4603.5,5115.0,5038.0,3976.5,3025.0,2502.5,2227.5,1276.0,71274.5
1360,2021-09-22,599.5,528.0,511.5,709.5,2546.5,4724.5003,5236.0003,4834.5,3718.0,2865.5,2673.0,2623.5,2629.0,3052.5,3228.5,3855.5,4691.5,5186.5006,4917.0003,4031.5003,3168.0,2563.0,2062.5,1270.5,72226.0018
1361,2021-09-23,451.0,440.0,484.0,715.0,2585.0,4554.0,4999.5003,4823.5,3910.5003,2772.0,2700.5,2678.5,2843.5,3036.0,3300.0,3894.0003,4658.5003,5186.5,4862.0,3888.5,3135.0,2541.0,2354.0,1364.0,72176.5012
1362,2021-09-24,583.0,533.5,577.5,726.0,2667.5,4669.5,5005.0,4735.5003,3899.5,2997.5,2700.5,2678.5,2893.0,3168.0,3322.0,4037.0,3817.0,5010.5006,5032.5003,3861.0,3124.0,2563.0,2222.0,1199.0,72022.5012
1363,2021-09-25,346.5,302.5,330.0,781.0,2552.0,4526.5,4537.5,3767.5,2904.0,2772.0,2689.5,3168.0,3657.5,3894.0003,4086.5006,3971.0006,3899.5,3767.5003,3410.0,3047.0,2772.0,2403.5,2321.0,1353.0,67259.5018
1364,2021-09-26,506.0,478.5,467.5,500.5,1138.5,2447.5,2442.0,2343.0,2194.5,2376.0,2365.0,2381.5,2502.5,2513.5,2519.0,2519.0,2541.0,2618.0,2722.5,2541.0,2469.5,2343.0,1765.5,594.0,47289.0
1365,2021-09-27,533.5,445.5,440.0,764.5,2596.0,4763.0,4988.5,4818.0,3817.0,2860.0,2799.5,2783.0,2832.5,3118.5,3443.0,3861.0,4268.0,5241.5,5126.0,4037.0,3168.0,2673.0,2304.5,1369.5,73051.0
1366,2021-09-28,748.0,896.5,946.0,1254.0,3294.5,5087.5003,5335.0,5527.5,4477.0,3399.0,3421.0,3360.5,3245.0,3553.0,3822.5,4449.5,5219.5003,5588.0003,5472.5,4185.5,3239.5,2981.0,2926.0,1793.0,84221.5009
1367,2021-09-29,979.0,885.5,924.0,1144.0,2909.5,4163.5,4752.0003,5241.5006,4284.5,3487.0,3217.5,3223.0,3558.5003,3635.5,3971.0,4548.5,5269.0003,5478.0009,5555.0,4504.5,3723.5003,3102.0,2964.5,1842.5,83363.5027
1368,2021-09-30,1034.0,968.0,1006.5,1237.5,3245.0,5093.0006,5511.0006,5230.5006,4174.5,3316.5,3151.5,3118.5,3421.0,3729.0003,3927.0,4686.0003,5478.0003,5962.0006,5670.5006,4664.0003,3751.0,3107.5,2816.0,1886.5,86185.0042
1369,2021-10-01,858.0,720.5,737.0,907.5,2832.5003,4823.5,5324.0003,4895.0,4004.0003,2898.5,2783.0,2904.0,2860.0,3113.0,3283.5,4037.0006,4790.5003,5390.0006,4900.5,4026.0,3080.0,2684.0,2403.5,1419.0,75674.5024
1370,2021-10-02,533.5,440.0,599.5,786.5,2794.0,4471.5,4614.5,4064.5,3250.5,2832.5,2700.5,3190.0,3586.0003,3729.0,3844.5003,3817.0003,3960.0003,4147.0,3833.5003,3333.0003,3102.0,2634.5,2442.0,1507.0,70213.0018
1371,2021-10-03,594.0,533.5,533.5,550.0,1265.0,2458.5,2447.5,2469.5,2365.0,2266.0,2436.5,2442.0,2552.0,2557.5,2508.0,2590.5,2590.5,2662.0,2733.5,2486.0,2447.5,2392.5,1930.5,594.0,48405.5
1372,2021-10-04,577.5,572.0,544.5,671.0,2612.5,4669.5003,4994.0,4889.5,3855.5,2975.5,2711.5,2783.0,2992.0,3184.5,3437.5003,4136.0,4911.5,5417.5,5329.5003,3877.5,3162.5,2684.0,2425.5,1501.5,74915.5009
1373,2021-10-05,572.0,566.5,539.0,671.0,2700.5,4350.5,4895.0,4917.0,3861.0,2942.5,2761.0,2810.5,2926.0,3102.0,3393.5,4037.0,4812.5,5280.0006,5285.5,3591.5003,3124.0,2469.5,2161.5,1303.5,73073.0009
1374,2021-10-06,621.5,660.0,665.5,792.0,2871.0,4856.5003,5192.0,4983.0006,4191.0,3091.0,2920.5,2799.5,2970.0,3168.0,3393.5,4048.0003,4647.5,5670.5003,5533.0003,4180.0003,3168.0,2563.0,2387.0,1567.5,76939.5021
1375,2021-10-07,660.0,643.5,643.5,803.0,2634.5003,5038.0006,4944.5,4873.0003,4268.0006,3118.5,2926.0,2959.0,3080.0,3239.5,3454.0,4279.0,4856.5006,5692.5006,5285.5006,4207.5003,3179.0,2656.5,2486.0,1512.5,77440.0039
1376,2021-10-08,660.0,649.0,643.5,907.5,2849.0,5109.5,5423.0,4950.0,4070.0,3085.5,2981.0,2948.0,2964.5,3234.0,3597.0,4262.5,4999.5009,5742.0012,5434.0,4180.0,3333.0,2794.0,2524.5,1666.5,79007.5021
1377,2021-10-09,643.5,643.5,649.0,792.0,2772.0,4598.0,4708.0,3960.0006,3162.5003,2651.0,2750.0,3195.5,3718.0003,3751.0,3734.5,3591.5,3668.5003,3663.0,3630.0003,3190.0,2711.5,2480.5,2414.5,1540.0,68618.0018
1378,2021-10-10,737.0,731.5,709.5,693.0,1501.5,3646.5,4378.0,4064.5006,3866.5,3789.5003,3850.0003,3773.0003,4224.0,3971.0,3971.0003,4004.0,3971.0,4114.0006,4207.5,4037.0,3762.0,3597.0,2766.5,775.5,75141.0024
1379,2021-10-11,764.5,704.0,539.0,682.0,2711.5,4697.0003,5126.0006,4994.0003,3960.0,3030.5,2689.5,2772.0,2821.5,3063.5,3316.5,3883.0,4257.0,4955.5,4983.0,4213.0003,3102.0,2563.0,2332.0,1369.5,73529.5015
1380,2021-10-12,643.5,555.5,550.0,687.5,2733.5,4697.0,5153.5003,4763.0003,3751.0,2882.0,2920.5,2744.5,2909.5,3030.5,3349.5,4004.0,4790.5,4086.5,4922.5003,4466.0006,3261.5,2623.5,2266.0,1347.5,73139.0015
1381,2021-10-13,643.5,605.0,594.0,665.5,2513.5,4664.0,5038.0003,4961.0,4246.0003,3030.5,2799.5,2777.5,2849.0,3074.5,3388.0,4213.0,4977.5003,5384.5,5214.0006,4125.0,2948.0,2546.5,2277.0,1386.0,74921.0015
1382,2021-10-14,627.0,599.5,605.0,709.5,2805.0,4994.0012,5137.0012,4922.5,3949.0012,3140.5,2744.5,2849.0,2816.0,2948.0,3305.5,4053.5,4757.5,5120.5,4994.0012,3800.5012,3091.0,2541.0,2227.5,1331.0,74068.506
1383,2021-10-15,588.5,577.5,588.5,715.0,2711.5,4642.0,4867.5003,4840.0,3679.5,3063.5,2805.0,2893.0,2893.0,3113.0,3184.5,3767.5,4680.5,4587.0,5318.5,4350.5,3157.0,2601.5,2271.5,1402.5,73298.5003
1384,2021-10-16,478.5,352.0,451.0,676.5,2601.5,4372.5006,4565.0,3916.0,2931.5,2618.0,2607.0,3146.0,3630.0003,3751.0,3756.5,3751.0003,3591.5006,3734.5,3509.0,3080.0,2667.5,2376.0,2436.5,1809.5,66808.5018
1385,2021-10-17,522.5,517.0,517.0,528.0,1199.0,2354.0,2431.0,2480.5,2508.0,2359.5,2392.5,2469.5,2557.5,2618.0,2491.5,2403.5,2420.0,2689.5,2772.0,2568.5,2431.0,2277.0,1765.5,638.0,47910.5
1386,2021-10-18,610.5,621.5,643.5,555.5,1215.5,2381.5,2458.5,2381.5,2310.0,2414.5,2552.0,2464.0,2678.5,2623.5,2623.5,2491.5,2475.0,2722.5,2722.5,2497.0,2332.0,2348.5,1842.5,621.5,48587.0
1387,2021-10-19,583.0,572.0,577.5,704.0,2480.5,4411.0,4928.0003,4763.0003,3850.0003,2975.5,2904.0,2865.5,2909.5,3096.5,3360.5,4075.5,4900.5,5527.5,5445.0,4037.0,3195.5,2579.5,2326.5,1419.0,74486.5009
1388,2021-10-20,627.0,605.0,583.0,665.5,2810.5003,4774.0003,5120.5003,4834.5,3575.0006,2777.5,2843.5,2783.0,2695.0,3080.0,3349.5,4004.0,4818.0003,5065.5003,5126.0003,4081.0003,3080.0,2519.0,2332.0,1441.0,73590.0027
1389,2021-10-21,665.5,638.0,621.5,715.0,2849.0,4735.5,5032.5003,4884.0009,4042.5003,3008.5,2805.0,2920.5,2920.5,3146.0,3283.5,3976.5,4719.0003,5511.0,5126.0,4185.5,3195.5,2568.5,2458.5,1441.0,75449.0018
1390,2021-10-22,550.0,500.5,517.0,665.5,2838.0003,4785.0,5027.0,4988.5,4009.5003,2948.0,2766.5,2777.5,2706.0,3047.0,3223.0,3377.0003,4741.0003,5505.5,5005.0003,4152.5,3195.5,2645.5,2299.0,1265.0,73535.0015
1391,2021-10-23,555.5,544.5,561.0,682.0,2689.5,4680.5,4631.0003,3855.5003,3157.0,2557.5,2524.5,3069.0,3619.0,3635.5,3465.0,3668.5003,3668.5003,3817.0003,3470.5,2876.5,2717.0,2387.0,2183.5,1270.5,66286.0015
1392,2021-10-24,577.5,588.5,539.0,528.0,1133.0,2370.5,2519.0,2425.5,2310.0,2255.0,2288.0,2271.5,2486.0,2447.5,2546.5,2502.5,2524.5,2563.0,2601.5,2491.5,2387.0,2348.5,1804.0,577.5,47085.5
1393,2021-10-25,550.0,533.5,528.0,605.0,2794.0,4856.5,5054.5006,4719.0,3998.5,3267.0,2981.0,2926.0,2887.5,3173.5,3382.5,4020.5003,4686.0,4972.0,4790.5003,4075.5003,3107.5003,2497.0,2266.0,1314.5,73986.0018
1394,2021-10-26,544.5,561.0,572.0,649.0,2761.0,4598.0,5104.0006,4983.0,3839.0,3036.0,2733.5,2810.5,2860.0,2970.0,3250.5,3866.5006,4642.0,5214.0,4851.0003,3652.0,2997.5,2508.0,2282.5,1347.5,72633.0015
1395,2021-10-27,528.0,506.0,506.0,610.5,2623.5,4378.0003,5043.5,4961.0,3910.5,2926.0,2805.0,2920.5,2986.5,3245.0,3498.0,3833.5003,4741.0,5137.0003,5005.0,4108.5003,3129.5,2612.5,2354.0,1254.0,73623.0012
1396,2021-10-28,605.0,610.5,577.5,654.5,2728.0,4878.5003,5115.0003,4834.5,4059.0,3030.5,2915.0,2920.5,2827.0,3080.0,3327.5,3949.0,4779.5,5291.0,5021.5,3971.0,3151.5,2502.5,2271.5,1204.5,74305.0006
1397,2021-10-29,599.5,561.0,599.5,693.0,2695.0,3855.5,3536.5,3162.5,4053.5,3025.0,2596.0,2673.0,2717.0,2997.5,3344.0,3982.0003,4515.5003,5032.5003,4818.0,4103.0006,3080.0,2662.0,2365.0,1391.5,69058.0015
1398,2021-10-30,638.0,489.5,544.5,781.0,2678.5,4378.0,4400.0,3806.0003,2970.0,2596.0,2722.5,3151.5003,3641.0,3608.0,3635.5,3597.0003,3597.0003,3569.5,3536.5,2909.5,2651.0,2304.5,2172.5,1276.0,65653.5012
1399,2021-10-31,489.5,440.0,423.5,495.0,1182.5,2354.0,2469.5,2502.5,2387.0,2249.5,2227.5,2359.5,2315.5,2332.0,2255.0,2260.5,2447.5,2326.5,2403.5,2299.0,2018.5,1991.0,1529.0,511.5,44269.5
1400,2021-11-01,577.5,616.0,500.5,495.0,1248.5,2249.5,2183.5,2260.5,2172.5,2271.5,2321.0,2255.0,2332.0,2326.5,2315.5,2453.0,2321.0,2436.5,2590.5,2431.0,2238.5,2145.0,1672.0,544.5,44957.0
1401,2021-11-02,616.0,616.0,605.0,632.5,2678.5003,4460.5003,4939.0,4834.5,3976.5,2970.0,2222.0,1914.0,2739.0,3019.5,2827.0,3850.0,4581.5006,5038.0,4862.0003,4081.0,2832.5,2431.0,2161.5,1221.0,70108.5015
1402,2021-11-03,665.5,561.0,555.5,748.0,2673.0,4763.0,5274.5003,5038.0006,3822.5003,2942.5,2684.0,2810.5,2871.0,3129.5,3052.5,3734.5,4636.5,5197.5003,4669.5,3861.0,2931.5,2453.0,2205.5,1276.0,72556.0015
1403,2021-11-04,577.5,489.5,533.5,720.5,2563.0003,4653.0,4873.0,4796.0,3993.0003,2849.0,2810.5,2805.0,2838.0,3146.0,3355.0,3905.0,4554.0003,5318.5003,5005.0,3690.5,2964.5,2447.5,2150.5,1237.5,72275.5012
1404,2021-11-05,495.0,473.0,528.0,726.0,2777.5,4691.5,5093.0003,4801.5,3707.0003,2854.5,2640.0,2816.0,2750.0,3003.0,3157.0,3806.0006,4598.0,5060.0,4994.0003,3734.5,3041.5,2601.5,2310.0,1204.5,71863.0015
1405,2021-11-06,632.5,566.5,539.0,649.0,2601.5,4433.0,4653.0,3811.5,3025.0,2744.5,2618.0,3289.0,3701.5,3778.5,3789.5,3756.5,3679.5,3833.5,3586.0,3058.0,2772.0,2343.0,2442.0,1413.5,67716.0
1406,2021-11-07,577.5,577.5,550.0,539.0,1199.0,2403.5,2458.5,2475.0,2359.5,2420.0,2348.5,2326.5,2458.5,2524.5,2651.0,2574.0,2585.0,2623.5,2755.5,2563.0,2442.0,2326.5,1782.0,616.0,48136.0
1407,2021-11-08,522.5,753.5,660.0,605.0,2623.5,4741.0,5258.0003,5137.0,4207.5,3074.5,2997.5,2937.0,2920.5,3217.5,3514.5006,4103.0,4746.5003,4928.0003,4950.0,4004.0,2898.5,2420.0,2249.5,1232.0,74701.0015
1408,2021-11-09,660.0,687.5,616.0,693.0,2612.5,4477.0,5087.5,4911.5003,3916.0,2948.0,2662.0,2695.0,2871.0,3102.0,3234.0,3795.0,4691.5006,5263.5003,4856.5006,3888.5,3008.5,2519.0,2238.5,1325.5,72759.5018
1409,2021-11-10,555.5,555.5,588.5,786.5,2733.5,4862.0,5153.5,5038.0,4037.0,3085.5,2838.0,2854.5,2931.5,3184.5,3525.5,4207.5,4631.0,5065.5,5115.0,3982.0,3151.5,2546.5,2420.0,1452.0,75300.5
1410,2021-11-11,478.5,478.5,429.0,687.5,2700.5,4873.0,5329.5,5170.0,3872.0,2909.5,2711.5,2766.5,2849.0,3069.0,3404.5,3927.0,4680.5,4702.5,5027.0,4229.5,3173.5,2629.0,2337.5,1342.0,73777.0
1411,2021-11-12,610.5,643.5,588.5,698.5,2684.0003,4581.5,4664.0003,4741.0003,3773.0,2948.0,2761.0,2838.0,2865.5,3107.5,3476.0,4152.5,5043.5,5472.5003,4878.5003,3888.5,3278.0,2585.0,2469.5,1309.0,74057.5015
1412,2021-11-13,594.0,632.5,594.0,687.5,2233.0,4042.5003,4576.0003,3905.0,3074.5,2612.5,2634.5,3140.5,3608.0,3806.0,3817.0,3377.0,3454.0,3580.5003,3300.0,3058.0,2629.0,2310.0,2211.0,1353.0,65230.0009
1413,2021-11-14,676.5,704.0,687.5,715.0,1474.0,4081.0,4180.0,4108.5,4141.5,3954.5003,3949.0003,4037.0,4114.0,4119.5,4301.0,4218.5003,4174.5,4257.0,4647.5,4620.0,4015.0003,3828.0003,2915.0,720.5,78639.0015
1414,2021-11-15,1050.5,1210.0,1386.0,770.0,1617.0,4042.5003,4268.0,4141.5,3987.5003,3800.5003,3833.5,3652.0006,3613.5,3905.0003,3866.5006,4053.5,4125.0,4350.5,4482.5,4416.5,3987.5,3723.5,2739.0,649.0,77671.0024
1415,2021-11-16,550.0,561.0,544.5,594.0,2711.5,4427.5,4768.5003,4983.0003,4103.0,3025.0,2948.0,2915.0,2860.0,2975.5,3355.0,4026.0003,4807.0,5461.5006,4944.5,4114.0,3333.0,2667.5,2310.0,1353.0,74338.0015
1416,2021-11-17,726.0,621.5,577.5,638.0,2508.0003,4471.5,4933.5,4851.0003,4097.5,3069.0,2959.0,2981.0,3113.0,3300.0,3514.5,4070.0,4367.0,5093.0006,5230.5,4345.0003,3135.0,2689.5,2293.5,1512.5,75097.0015
1417,2021-11-18,671.0,583.0,594.0,726.0,2541.0,4752.0,5043.5,4878.5006,4020.5,3003.0,2871.0,2959.0,3058.0,3239.5,3465.0003,4108.5,4801.5003,5445.0003,5192.0003,4405.5003,3481.5,2717.0,2409.0,1413.5,76378.5021
1418,2021-11-19,671.0,748.0,671.0,704.0,2541.0,4548.5,5131.5,4730.0,4636.5,4411.0003,4257.0,4279.0,4378.0,4636.5,5005.0003,5830.0,6847.5009,7551.5012,6935.5009,6061.0009,4812.5003,3971.0003,3580.5,1996.5,98934.0051
1419,2021-11-20,643.5,896.5,759.0,748.0,2392.5,4119.5,4702.5,4158.0,3327.5,2755.5,2574.0,2238.5,3316.5,3861.0,3811.5,3800.5,3833.5,3531.0,3366.0,2964.5,2667.5,2365.0,2238.5,1243.0,66313.5
1420,2021-11-21,555.5,572.0,577.5,566.5,1199.0,2359.5,2409.0,2442.0,2222.0,2381.5,2343.0,2370.5,2365.0,2370.5,2563.0,2497.0,2464.0,2739.0,2623.5,2497.0,2337.5,2260.5,1738.0,577.5,47030.5
1421,2021-11-22,616.0,693.0,605.0,632.5,2777.5003,4702.5003,5148.0003,4801.5,3723.5,3074.5,2865.5,2915.0,2821.5,2942.5,3355.0,4130.5,4823.5003,4851.0,4834.5006,4141.5,3212.0,2585.0,2453.0,1303.5,74008.0018
1422,2021-11-23,643.5,687.5,654.5,819.5,2739.0003,4642.0003,5126.0,4862.0,4125.0,2953.5,2816.0,2865.5,2706.0,2871.0,3135.0,3740.0,4416.5,5087.5006,4884.0003,4037.0,3074.5,2519.0,2139.5,1331.0,72875.0015
1423,2021-11-24,616.0,654.5,792.0,649.0,2172.5,3795.0006,4609.0,4763.0,3894.0,2915.0,2849.0,2783.0,2882.0,3069.0,3382.5,4059.0,4873.0,5445.0003,5236.0003,3888.5,3206.5,2552.0,2310.0,1243.0,72638.5012
1424,2021-11-25,632.5,918.5,665.5,737.0,2568.5,4515.5003,5038.0006,4950.0006,3932.5,2970.0,2893.0,2788.5,2750.0,2992.0,3388.0003,4059.0006,4609.0003,4961.0,4708.0,3910.5,3135.0,2552.0,2304.5,1364.0,73342.5027
1425,2021-11-26,863.5,1309.0,797.5,753.5,2783.0,4136.0,4889.5,4664.0,4004.0003,3069.0,2959.0,2920.5,3008.5,3168.0,3234.0,3839.0,4697.0,5148.0003,4757.5,4306.5003,3399.0,2766.5,2387.0,1358.5,75218.0009
1426,2021-11-27,550.0,566.5,577.5,698.5,2541.0,4185.5003,4576.0,4070.0,3212.0,2662.0,2541.0,3052.5,3800.5,3921.5006,3756.5003,3954.5003,3921.5,3740.0003,3443.0,3047.0,2750.0,2530.0,2464.0,1292.5,67853.5018
1427,2021-11-28,544.5,951.5,1017.5,1006.5,1056.0,1479.5,2711.5,2816.0,2546.5,2673.0,2700.5,2728.0,2651.0,2755.5,2937.0,2986.5,2997.5,2986.5,2832.5,2783.0,2475.0,2365.0,1837.0,577.5,52415.0
1428,2021-11-29,539.0,528.0,522.5,649.0,2761.0003,4532.0006,5230.5003,5159.0003,4537.5,3476.0,2849.0,3157.0,3245.0,3223.0,3410.0,4207.5,4862.0,5489.0,4504.5,4290.0,3322.0,3091.0,2810.5,1496.0,77891.0015
1429,2021-11-30,632.5,572.0,533.5,704.0,2689.5,4422.0,4510.0,4768.5003,4438.5,3509.0003,3140.5,3135.0,3113.0,3283.5,3558.5,4196.5,5164.5,5533.0,5395.5003,4141.5,3558.5,3080.0,2634.5,1413.5,78127.5009
1430,2021-12-01,533.5,517.0,610.5,742.5,2695.0,4262.5,4785.0,5038.0,4284.5003,3333.0,3146.0,3234.0,2959.0,3162.5,3190.0,3861.0003,4620.0,5263.5,5263.5006,4081.0003,3679.5,2964.5,2755.5,1435.5,76417.0015
1431,2021-12-02,671.0,528.0,583.0,753.5,2678.5,4658.5,4972.0,4834.5,4059.0,3162.5,3140.5,3261.5,3300.0,3256.0,3305.5,3905.0,4845.5,5472.5,5500.0,3987.5,3646.5,3206.5,2794.0,1485.0,78006.5
1432,2021-12-03,643.5,539.0,550.0,737.0,2772.0,4576.0,4730.0003,4658.5,4037.0006,3096.5,3124.0,2948.0,3212.0,3305.5,3311.0003,4136.0,5043.5006,5225.0003,5186.5009,4587.0,3795.0,3256.0,2794.0,1479.5,77742.503
1433,2021-12-04,544.5,462.0,462.0,605.0,2524.5,4246.0,4790.5,4620.0,3547.5003,3091.0,3030.5,3415.5,3773.0,4081.0,4053.5003,4174.5,3987.5003,4026.0,3767.5003,3410.0,3349.5,3091.0,2975.5,1716.0,73744.0012
1434,2021-12-05,572.0,473.0,440.0,489.5,1204.5,2596.0,2744.5,2860.0,2684.0,2722.5,2706.0,2700.5,2799.5,2805.0,2953.5,2986.5,2783.0,2992.0,3085.5,2843.5,2700.5,2563.0,2002.0,566.5,53273.0
1435,2021-12-06,555.5,506.0,627.0,649.0,2640.0,4581.5,5131.5,5109.5,4235.0,3355.0,2953.5,3096.5,3371.5,3305.5,3459.5,4262.5,4889.5,5280.0003,5060.0006,4279.0003,3426.5,3129.5,2805.0,1512.5,78221.0012
1436,2021-12-07,550.0,522.5,605.0,748.0,3052.5,4752.0,5164.5,4955.5,4136.0,3294.5,3393.5,3432.0,3311.0003,3399.0,3520.0,4119.5003,4631.0,5247.0,5219.5003,4339.5003,3822.5006,3168.0,2810.5,1474.0,79667.5018
1437,2021-12-08,495.0,473.0,473.0,561.0,1364.0,2541.0,2684.0,2596.0,2469.5,2546.5,2568.5,2634.5,2777.5,2612.5,2750.0,2755.5,2816.0,2882.0,2997.5,2832.5,2744.5,2678.5,2117.5,643.5,52013.5
1438,2021-12-09,462.0,456.5,577.5,770.0,2860.0,4570.5,5417.5009,5016.0003,4015.0003,3157.0,3239.5,3234.0,3316.5,3393.5,3586.0003,4229.5,4851.0003,5225.0006,5302.0003,4361.5,3723.5,3355.0,2882.0,1435.5,79436.503
1439,2021-12-10,484.0,407.0,396.0,753.5,2937.0,4427.5,5038.0003,5082.0003,4015.0,3151.5,3107.5,3091.0,3151.5,3206.5,3272.5,4042.5,4867.5,5428.5003,5434.0006,4834.5,4015.0,3305.5,2744.5,1518.0,78710.5015
1440,2021-12-11,566.5,528.0,533.5,731.5,2678.5,4504.5,4631.0,4295.5,3558.5,3168.0,3245.0,3470.5003,3602.5003,4053.5003,3844.5,3938.0,4180.0,3734.5006,3470.5,3239.5,3338.5,2915.0,3003.0,1881.0,73111.5015
1441,2021-12-12,0.0,0.0,0.0,0.0,0.0,0.0,0.0,0.0,0.0,0.0,0.0,0.0,0.0,0.0,0.0,0.0,0.0,0.0,0.0,0.0,0.0,0.0,0.0,0.0,0.0
1442,2021-12-13,99.684,408.618,452.252,619.2432,2828.7272,4387.696,4951.7092,4748.1632,3805.6892,2881.63,2973.148,3045.148,2991.158,2996.998,3226.706,4278.854,4838.1192,5390.6072,5195.128,4314.86,3573.76,3179.582,2760.6132,1268.5732,75216.6668
1443,2021-12-14,672.5672,672.966,753.826,747.39,2821.824,4457.0072,5055.1692,4796.7612,3845.578,2998.6492,3016.8052,2927.5352,2930.8732,3198.058,3371.1412,4057.0412,4690.8552,5349.188,5258.928,4203.404,3308.504,2901.9272,2583.828,1088.3972,75708.2236
1444,2021-12-15,454.4832,430.634,457.816,611.388,2859.572,4416.058,4460.988,4329.8852,3917.938,3106.3892,2978.9832,3005.4,3183.9032,3065.676,3291.29,4121.344,4721.6172,4875.518,4869.136,4153.2272,3303.156,3095.7492,2794.254,1313.748,73818.1536
1445,2021-12-16,548.588,496.0232,490.466,578.2132,2956.0312,4773.616,5125.9472,4688.4072,3862.696,3224.538,3002.222,2929.012,2999.04,3190.7972,3432.6872,4084.4732,4764.3932,5395.8232,5416.408,4191.704,3493.266,3088.314,2745.5232,1357.742,76835.9312
1446,2021-12-17,426.68,430.6672,473.7192,695.8412,3075.54,4591.0952,4692.896,4536.292,3698.548,2855.192,2753.984,2899.0,3008.126,3007.1672,3084.5692,4004.4812,4209.3752,4650.0032,4796.388,4180.6372,3407.6692,3096.3332,2677.1072,1291.6612,72542.9728
1447,2021-12-18,374.4352,190.0252,237.814,611.1832,2551.3632,4013.534,4436.7872,4391.2112,3256.4672,2899.054,2804.426,3282.788,3430.54,3589.0892,3816.472,3879.768,3758.5452,3873.542,3732.63,3338.198,3182.9752,2919.27,2737.7052,2191.5792,69499.4024
1448,2021-12-19,1584.6272,533.7392,458.56,414.772,1141.952,2316.6032,2573.518,2452.58,2130.7112,2248.676,2392.534,2562.6652,2751.452,2862.07,2841.1772,2775.398,2949.558,2751.55,2846.736,2808.504,2518.692,2360.0112,1712.7832,536.69,50525.5596
1449,2021-12-20,446.9472,476.2992,449.156,610.246,2754.284,4325.9092,4758.292,4530.4652,3440.66,2789.7012,2765.8692,2860.4272,3119.4372,3169.5452,3243.654,4077.8212,4555.4472,4687.25,4893.0332,4056.0852,3379.7292,2839.9392,2537.446,1279.846,72047.49
1450,2021-12-21,286.162,190.0252,192.374,510.9832,2849.0572,4433.9072,4966.1672,4819.7,3901.5512,3011.32,2945.274,2890.82,2908.7732,2965.678,3235.1112,4099.748,4780.078,5282.056,5287.8132,4113.6812,3254.4152,2924.8132,2715.272,1457.756,74022.5364
1451,2021-12-22,523.6492,496.8592,531.7212,688.282,2748.35,4628.752,4814.5432,4763.79,3672.2372,2891.4952,3252.0432,3015.8612,3089.034,3201.808,3409.598,4062.416,4857.3912,5329.11,5023.9452,3937.2,3210.4692,2908.754,2548.338,1307.8712,74913.5184
1452,2021-12-23,494.0652,494.0652,492.788,688.134,2593.6252,3872.846,4720.4332,4600.2892,3879.7312,2920.9592,2850.4772,3019.594,3181.862,3076.842,3448.1092,4427.134,4679.046,4535.108,4898.72,4105.3392,3309.388,2932.426,2652.422,1313.598,73187.002
1453,2021-12-24,513.1392,472.7592,461.2152,586.224,2820.002,4346.386,4377.9092,3894.5412,3086.6052,2643.358,2881.91,2834.274,3030.3032,3103.842,3285.888,3695.4692,3554.88,3764.816,3624.044,3429.898,2458.1632,2235.7312,1499.212,510.6532,63111.2232
1454,2021-12-25,305.2092,308.3732,304.04,389.748,1233.872,2383.2912,2480.9292,2200.5492,1831.116,2109.0632,2179.562,2219.99,2299.2452,2379.1212,2419.444,2508.2132,2484.2772,2553.0132,2662.914,2502.878,2344.7552,2194.2772,1635.434,413.136,44342.4516
1455,2021-12-26,421.774,333.236,331.626,352.0912,1126.974,2298.264,2439.3072,2311.9292,1867.314,2140.542,2104.724,2195.3692,2311.4032,2215.9972,2381.848,2359.9412,2310.578,2435.3372,2558.674,2439.654,2433.9152,2371.0052,1807.852,456.824,44006.18
1456,2021-12-27,330.7072,312.9272,366.1892,585.8732,2608.6452,4138.152,4818.102,4652.206,3543.17,2927.2212,2896.6592,2863.4352,2931.368,3015.512,3129.958,4104.624,4651.2452,5077.502,5137.264,4281.25,3237.9632,2595.728,2404.3152,1029.6672,71639.6844
1457,2021-12-28,964.4132,715.3712,558.9052,748.3732,2604.242,4437.7172,4730.0312,4597.206,3502.388,2974.242,3042.1172,3037.254,3204.2412,3348.6032,3496.5772,4626.226,4735.686,5091.2812,5135.4152,4021.9272,3093.2592,2783.292,2482.7832,1320.126,75251.678
1458,2021-12-29,821.5,756.008,662.308,788.6872,2793.812,4781.4832,4905.6592,4558.276,3559.862,2966.322,2966.02,2996.444,3151.0432,3302.278,3346.3352,4136.0052,4744.6592,5193.6952,5175.5052,4292.4272,3085.4452,2673.226,2486.2812,1147.7812,75291.0636
1459,2021-12-30,455.436,455.146,533.296,759.306,2902.5892,4467.992,4725.4692,4450.1732,3800.3032,2911.5232,2979.242,3073.4652,3193.7412,3282.566,3565.764,4082.58,4601.678,4763.468,4689.9052,4205.4672,3273.99,2698.0512,2444.232,1263.6652,73579.0492
1460,2021-12-31,467.616,444.1072,451.3892,550.3012,2950.664,4337.944,3845.0352,3097.118,2824.606,2753.8952,2825.898,2983.002,3154.958,3048.0752,3229.086,3142.118,3119.7672,2987.9752,3000.5292,2968.638,2668.9932,2164.4672,1100.5672,304.04,58420.7904
1461,2022-01-01,304.04,304.522,304.04,382.3472,1075.232,2268.2192,2310.72,2034.0052,1949.536,2185.728,2262.768,2325.7592,2497.714,2471.794,2526.1692,2464.5912,2513.0552,2384.464,2539.128,2563.8132,2457.074,2369.32,1641.13,534.712,44669.8816
1462,2022-01-02,428.3592,389.5932,384.3272,455.3012,1075.1632,2283.7872,2274.772,2003.486,2010.9752,2262.0412,2373.588,2388.2212,2241.1412,2433.1432,2473.44,2495.496,2528.814,2543.7692,2575.496,2556.8732,2574.888,2401.4632,1624.802,421.6112,45200.552
1463,2022-01-03,424.966,418.95,434.684,599.432,3060.75,4524.7772,4556.8912,4589.682,3611.354,2706.642,3020.4032,2898.586,3126.16,3122.0212,3520.344,4294.1652,4487.9,5086.768,5104.4412,4007.0132,3169.3792,2772.958,2508.4532,1275.7132,73322.434
1464,2022-01-04,281.5852,228.0732,228.0092,592.8012,2796.662,4670.9292,4591.9292,4327.7892,3595.474,2937.26,3091.268,3103.4752,3258.2392,3371.362,3597.6472,4208.1672,4590.2932,4696.89,5062.574,3824.1392,3029.282,2752.446,2446.0972,1196.774,72479.1668
1465,2022-01-05,457.862,442.41,479.092,731.916,2802.0372,4383.8432,4363.008,4190.5932,3477.536,2868.2772,2897.038,3017.516,3086.238,3158.572,3310.1172,4053.8352,4700.86,5050.8772,5071.964,3797.3932,3077.8912,2772.138,2396.3092,1213.2392,71800.5632
1466,2022-01-06,404.5772,421.172,488.1112,746.0192,3042.226,4563.3332,4608.578,3928.8652,3300.856,2963.9652,2923.3532,2902.3552,3179.1752,3142.1152,3399.1532,4185.6652,3272.604,3177.1952,4539.4092,3642.1632,2842.582,2591.246,2288.906,1257.542,67811.168
1467,2022-01-07,448.584,407.028,447.2592,602.166,2753.2572,4307.9732,4301.19,3985.7832,3532.4852,2970.5732,3019.6792,3018.0792,3043.2312,3145.922,3237.5612,3649.292,4440.684,4538.1132,4670.568,3988.19,3118.3952,2790.5312,2371.15,1139.9772,69927.6728
1468,2022-01-08,366.1932,359.448,401.05,646.9452,2788.1392,3915.538,3281.552,2914.762,2924.172,2334.1012,2677.5072,2874.646,3132.8872,3351.61,3770.048,3972.8592,3992.0852,3409.648,3090.7152,2814.424,2514.422,2259.6592,2164.132,1228.09,61184.634
1469,2022-01-09,360.526,339.074,335.562,380.9212,1098.91,2288.652,2435.5632,2316.6132,1988.5852,2263.072,2460.224,2419.766,2449.1752,2425.6612,2498.0132,2621.88,2342.914,2627.824,2638.998,2396.284,2387.274,2254.3412,1805.1672,352.3532,45487.354
1470,2022-01-10,324.2372,415.846,294.9172,410.8352,1300.682,2451.336,2582.104,2383.8932,2230.0132,2219.772,2228.1252,2315.8912,2372.576,2488.5032,2487.3192,2547.626,2626.1152,2610.478,2488.9312,2478.4972,2279.3892,2130.0812,1559.4132,420.3972,45646.9792
1471,2022-01-11,305.806,320.844,401.506,590.422,3005.454,4753.756,4805.62,4694.704,3937.3072,2937.454,2963.0372,2807.652,3179.322,3266.676,3392.6192,4441.15,4905.7592,5267.834,4987.79,4007.1492,3134.816,2520.7292,2339.4472,1211.5232,74178.3776
1472,2022-01-12,693.5792,764.6452,674.6272,765.016,3032.484,4946.608,4899.494,4846.6372,3770.994,2950.1392,2857.896,3024.6732,3013.2072,3182.1652,3355.328,4195.22,4772.454,5132.7932,4894.7552,3906.04,3119.2252,2646.054,2510.156,1265.8392,75220.0304
1473,2022-01-13,829.9792,971.834,968.3812,724.7472,2960.8252,4578.0592,5240.838,4977.75,3826.908,2931.9712,2897.1792,2874.9992,2824.876,2925.244,3224.1012,3824.908,4556.3692,5192.3772,4925.8932,3717.214,3302.862,2568.0072,2301.2372,1225.726,74372.2868
1474,2022-01-14,520.0772,511.822,448.7812,647.726,3011.6772,4960.692,5140.656,4874.316,3686.6092,2811.028,2850.9572,2913.7812,3056.714,3212.726,3283.84,4397.726,4789.3292,5354.5572,5264.2092,4085.5292,3183.346,2818.4532,2336.6152,1384.2292,75545.3976
1475,2022-01-15,538.844,523.6952,493.624,747.6692,2953.936,4628.0932,4683.7452,4542.18,3294.7732,2926.294,2971.8432,3246.082,3522.5912,3841.864,4184.2752,4060.1872,4307.648,4066.422,3776.702,3157.5852,2807.4772,2475.1,2432.3132,1203.864,71386.8084
1476,2022-01-16,268.3412,228.03,355.5232,464.646,1281.492,2559.5252,2603.9612,2573.83,2237.2092,2529.1372,2665.0972,2828.968,2550.5,2530.0072,2552.3672,2531.45,2597.9632,2670.0772,2659.5,2595.174,2440.0352,2466.338,1669.9012,641.7,48500.7736
1477,2022-01-17,672.992,993.0672,845.31,628.8572,2895.6,4807.068,4901.3812,4565.48,3673.856,3132.1292,2923.62,3032.938,3039.1612,3215.9612,3500.528,4304.8052,4719.274,5155.906,5300.104,4315.662,3335.4952,2669.6932,2356.8672,1232.8212,76218.5772
1478,2022-01-18,555.0312,541.6392,479.156,638.484,2852.9132,4754.4432,5071.28,4937.0032,3944.186,3053.7592,2932.816,2886.634,2871.374,3071.58,3252.848,4390.904,5017.9052,5257.7152,5147.1452,4045.5032,3253.982,2766.6,2374.7772,1274.618,75372.2972
1479,2022-01-19,970.936,950.4852,747.8792,627.5592,2745.5552,4877.8152,4947.7012,4861.508,3787.5912,2988.1872,3038.4572,3135.4292,3254.434,3338.424,3523.0672,4455.9072,4801.7212,5218.0632,5242.0172,3948.718,3005.0532,2616.8892,2352.0292,1244.9472,76680.3748
1480,2022-01-20,577.4512,555.4352,482.05,620.1752,2742.338,4666.4192,5233.404,4855.328,3800.878,3124.0152,3111.02,3080.678,3191.856,3229.428,3608.892,4451.7472,4927.1572,5341.284,4404.1552,4080.2932,3278.1352,2696.986,2295.91,1245.262,75600.298
1481,2022-01-21,630.124,734.09,624.27,704.4212,2798.1632,4816.9832,4911.8532,3904.202,3869.754,2878.786,3067.478,3088.428,3322.2592,3452.992,3695.426,4920.918,5171.282,5243.306,5184.3052,4036.1892,3251.8472,2816.4432,2554.4272,1215.102,76893.05
1482,2022-01-22,246.206,215.5012,465.7012,706.6152,2768.0572,4542.062,4851.9452,4457.82,3454.088,3012.78,3039.0312,3045.3612,3456.1712,3541.67,4131.1352,4318.296,4238.346,4291.296,3918.064,3336.074,2830.4392,2464.3112,2529.008,1236.372,71096.3512
1483,2022-01-23,206.07,0.0,0.0,0.0,0.0,0.0,0.0,0.0,1.858,0.0,0.094,7.1732,26.8572,26.648,26.7392,26.792,27.094,27.3712,27.13,26.6772,26.8132,26.6512,26.4712,26.668,537.1076
1484,2022-01-24,172.5,460.0,517.5,661.25,2903.75,5146.25,5203.7503,5002.5003,3852.5,3018.75,3018.75,3105.0,3191.25,3277.5,3536.25,4168.75,4945.0,5721.2503,5232.5006,4053.75,3220.0,2788.75,2530.0,1495.0,77222.5015
1485,2022-01-25,690.0,603.75,603.75,661.25,2788.75,4887.5,5175.0009,5031.25,4025.0,3392.5,3191.25,3248.75,3191.25,3421.25,3622.5,4628.75,4801.2503,5232.5009,5261.2506,4082.5,3133.75,2673.75,2443.75,1408.75,78200.0027
1486,2022-01-26,545.164,558.8152,604.8912,749.362,3226.144,4887.6612,5413.2632,4976.1812,3872.95,2961.23,3053.392,3212.2792,3343.428,3398.57,3581.974,4628.278,5121.266,5443.08,5228.4872,4331.7252,3261.37,2811.2732,2574.6632,1553.1192,79338.5672
1487,2022-01-27,779.58,739.5712,638.852,726.9232,3360.794,5342.026,5490.056,5082.9172,3913.096,3236.0912,3003.6392,3233.918,3201.788,3448.5672,3640.7572,4674.522,5058.204,5616.2352,5360.908,4157.9012,3117.1332,2717.342,2477.932,1362.6312,80381.3852
1488,2022-01-28,714.3632,680.3572,624.6632,811.9812,3305.186,5066.724,5459.4512,4970.824,3904.792,3280.7692,3076.6332,3043.6672,3094.4932,3538.578,4226.554,4742.558,5028.5412,5554.954,5090.198,4035.634,3056.3612,2864.69,2707.252,1325.0432,80204.2684
1489,2022-01-29,402.5,345.0,488.75,632.5,2875.0,4743.7503,4743.7506,4513.7503,3392.5,2961.25,3076.25,3450.0,3766.25,3938.75,4370.0,4283.75,4398.7503,4226.25,4168.75,3335.0,2817.5,2616.25,2501.25,1351.25,73398.7515
1490,2022-01-30,546.25,460.0,460.0,460.0,1121.25,2587.5,2673.75,2530.0,2472.5,2443.75,2587.5,2673.75,2702.5,2673.75,2702.5,2616.25,2645.0,2702.5,2875.0,2788.75,2587.5,2415.0,1897.5,632.5,50255.0
1491,2022-01-31,608.3052,579.8272,555.0472,692.104,3141.6292,4920.506,5079.062,4970.002,3594.0592,3179.3792,3015.458,3110.348,3233.338,3361.978,3630.3872,4548.718,4988.1152,5563.338,5592.8172,4554.9892,3471.432,2879.3752,2494.1192,1302.502,79066.8364
1492,2022-02-01,600.1512,655.7092,619.09,753.71,2940.5112,4719.924,5249.9232,5060.8952,4210.032,3178.1412,3159.1772,3008.282,3257.9992,3247.542,3624.8972,4333.024,4858.246,5625.886,5296.846,4064.13,3161.2232,2904.0032,2554.7932,1512.354,78596.4904
1493,2022-02-02,765.8872,926.1272,811.5052,881.4972,3055.4812,5142.1572,5185.5912,4899.05,3687.122,3264.492,3025.1512,3208.6552,3201.344,3400.2152,3557.636,4780.4372,5304.796,5572.986,5432.736,4255.7312,3365.3572,3069.0572,2591.302,1298.77,80683.0848
1494,2022-02-03,632.5,575.0,575.0,575.0,2990.0,5117.5,5146.25,5088.75,3938.75,3220.0,3277.5,3306.25,3335.0,3421.25,3651.25,4801.25,5405.0006,4858.7503,5088.7509,4398.7506,3651.25,2961.25,2731.25,1523.75,80270.0024
1495,2022-02-04,575.0,575.0,632.5,690.0,2961.25,4973.75,5088.7503,4973.75,4197.5,3220.0,3191.25,2961.25,3076.25,3133.75,3248.75,4255.0,4801.25,5117.5003,4973.7503,4082.5,3248.75,2788.75,2415.0,1408.75,76590.0009
1496,2022-02-05,431.25,230.0,230.0,546.25,2673.75,4427.5,4456.2512,4686.2512,3478.75,3335.0,3133.75,3450.0,3852.5,4025.0,4628.7512,4283.75,4283.75,4226.25,4168.75,3421.25,2990.0,2616.25,2472.5,1466.25,73513.7536
1497,2022-02-06,857.3412,812.7912,644.832,519.2392,1254.8,2547.4732,2758.7092,2728.324,2659.1412,2737.492,2799.0712,2670.3952,2804.0032,2880.218,2914.9712,3022.778,2807.298,2823.81,2911.788,2955.6972,2873.09,2453.898,1670.7612,492.4432,53600.3656
1498,2022-02-07,596.898,732.9672,676.444,614.732,2942.562,4840.9092,5005.934,5176.614,3977.126,3291.726,3105.084,3320.4252,3521.932,3511.2212,3724.4452,4685.252,4967.458,5738.242,5595.1092,4382.2792,3212.8692,2728.1232,2630.8672,1278.636,80257.856
1499,2022-02-08,818.6952,731.8052,768.8932,648.3292,2803.2612,4528.4092,4879.9012,4973.004,4045.3232,3256.466,3169.4372,3120.72,3162.504,3361.2272,3696.9152,4494.4792,5004.706,5463.9072,5641.0432,4584.5552,3708.9672,2966.91,2613.7792,1199.4592,79642.6976
1500,2022-02-09,603.75,575.0,546.25,575.0,2788.75,4973.7503,5088.7503,4830.0,4255.0003,3133.75,2990.0,3162.5,3133.75,3162.5,3162.5,4168.75,5031.2503,5577.5006,5462.5006,4283.7503,3277.5,2875.0,2443.75,1236.25,77337.5027
1501,2022-02-10,555.2912,556.9272,565.6652,813.362,3149.7012,4922.8132,5164.8792,5049.278,4169.5852,3349.1412,3203.5732,3223.9012,3371.734,3483.266,3644.802,4839.9252,5326.982,5619.886,5367.4172,4358.6592,3119.144,2769.128,2565.2792,1182.97,80373.3108
1502,2022-02-11,372.858,353.734,365.722,637.83,3021.8172,4784.7992,4814.0492,4726.66,4162.7492,3284.4772,3202.9132,3497.506,3334.1772,3589.964,2897.886,3603.5392,5212.2092,5586.0492,5231.7952,4359.568,3521.206,2955.556,2854.0272,1369.5492,77740.6416
1503,2022-02-12,590.876,444.1652,692.338,793.5532,2944.3932,4421.8912,4845.396,4434.3152,3457.1632,3095.4612,3311.4372,3393.108,3886.8832,3925.8812,3961.9052,4216.7352,4202.672,4448.0812,4170.7552,3677.764,3158.436,2580.8632,2488.438,1327.622,74470.134
1504,2022-02-13,429.2492,387.9032,461.4072,497.6532,1217.482,2413.302,2499.5132,2524.0352,2415.5772,2495.456,2505.7632,2670.6692,2663.786,2661.7092,2727.3692,2730.384,2402.868,2500.87,2714.7532,2715.5772,2568.23,2491.9312,1966.734,464.4972,49126.72
1505,2022-02-14,366.436,377.3212,434.058,748.556,3219.0952,4981.78,5216.7672,4396.8,3743.7872,3252.5632,3098.902,3096.7952,3226.348,3448.942,3641.8992,4690.0872,4853.9372,5406.674,5398.012,4419.2752,3227.2052,2954.8052,2713.922,1341.75,78255.7184
1506,2022-02-15,428.148,409.2032,442.554,684.33,2992.38,4992.4,4737.642,5137.614,3979.0052,3149.6812,3046.648,3177.294,3230.564,3436.358,3767.9312,4577.8572,5010.9972,5333.3132,5394.274,4216.942,3442.7952,3023.672,2637.558,1495.1832,78744.3448
1507,2022-02-16,497.644,486.0752,514.638,828.3732,3000.702,4862.8812,5261.582,4812.3652,3997.262,3506.5292,3309.438,3396.3392,3295.8792,3597.6192,3615.5972,4488.5672,4947.64,4888.4772,5352.31,4365.764,3587.808,3153.6292,2848.524,1455.63,80071.2744
1508,2022-02-17,469.116,481.8652,524.644,1002.9732,3151.9832,5143.5352,5295.8952,4977.138,3931.602,3291.528,3051.992,3128.986,3176.0152,3278.6212,3678.296,4495.362,4995.704,5135.9032,5238.6332,4182.396,3278.576,2862.092,2579.208,1349.0672,78701.132
1509,2022-02-18,825.1552,971.4512,684.8892,1008.1792,3091.65,5059.794,5453.882,5129.114,3943.6552,3159.7912,3126.7912,3083.1992,3252.23,3453.688,3694.204,4182.666,4813.8652,5239.2932,4911.906,4136.3812,3368.9192,2885.7252,2701.6892,1308.2032,79486.322
1510,2022-02-19,345.0,287.5,431.25,603.75,2788.75,4571.2503,4830.0006,4485.0003,3421.25,3018.75,2990.0,3248.75,3593.75,4226.25,4427.5,4600.0,4255.0,4197.5,3823.75,3277.5,3018.75,2616.25,2616.25,1408.75,73082.5012
1511,2022-02-20,556.926,532.242,493.8372,537.042,1263.3512,2618.1692,2641.792,2697.3392,2617.4112,2774.586,2778.204,2617.844,2770.7672,2837.5572,2906.0452,2915.456,2905.2492,2863.5612,2839.7552,2857.0872,2627.52,2582.14,1755.498,637.1012,52626.4816
1512,2022-02-21,613.8312,630.4192,652.9652,789.16,3321.01,4489.732,5080.218,4827.338,3930.3232,3285.96,3096.6652,3207.034,3265.686,3520.844,3654.4252,4537.0992,5204.0632,5003.7092,4642.8392,3987.3132,3394.674,3055.7972,2599.662,1183.9692,77974.7376
1513,2022-02-22,460.0,488.75,488.75,575.0,3076.25,5002.5003,5146.2503,5203.7503,4082.5,3277.5,3191.25,3277.5,3335.0,3478.75,3680.0,4485.0003,5146.25,5376.25,5491.2506,4456.2503,3363.75,2788.75,2415.0,1437.5,79723.7521
1514,2022-02-23,1178.75,1207.5,517.5,690.0,3105.0003,5031.2503,5203.7503,5060.0003,4283.7503,3306.25,3248.75,3306.25,3450.0,3507.5,3737.5,4542.5,4801.25,5117.5003,5347.5003,4226.25,3277.5,2903.75,2673.75,1408.75,81132.5021
1515,2022-02-24,747.5,1092.5,1035.0,1207.5,3622.5,5692.5009,5721.2506,5520.0006,4398.75,3565.0,3795.0,3766.25,3910.0,3996.25,4283.75,5175.0,5750.0012,6181.2506,5922.5009,5232.5009,4025.0,3593.75,3220.0,1897.5,93351.2557
1516,2022-02-25,1121.25,632.5,603.75,661.25,2645.0,5088.7503,5031.2506,5060.0,3881.25,3047.5,3047.5,3133.75,3162.5,3335.0,3478.75,4370.0,4571.25,5175.0006,5203.75,4485.0,3277.5,2990.0,2616.25,1437.5,78056.2515
1517,2022-02-26,287.5,230.0,230.0,575.0,2702.5,4542.5003,4657.5,4628.7506,3536.25,2990.0,3047.5,3392.5,3823.75,4255.0,4255.0,4370.0003,4427.5003,4226.25,4168.75,3162.5,2673.75,2587.5,2558.75,1495.0,72823.7515
1518,2022-02-27,575.0,546.25,488.75,460.0,1265.0,2616.25,2673.75,2817.5,2702.5,2731.25,2558.75,2760.0,2731.25,2760.0,2587.5,2645.0,2702.5,2817.5,2961.25,2961.25,2673.75,2587.5,1926.25,603.75,52152.5
1519,2022-02-28,575.0,517.5,546.25,603.75,2731.25,4542.5003,4485.0,4686.2503,3967.5,3105.0,3277.5,3220.0,3363.75,3277.5,3593.75,4628.75,4715.0,5318.7503,5290.0003,4370.0,3306.25,2961.25,2472.5,1265.0,76820.0012
1520,2022-03-01,517.5,373.75,345.0,575.0,2903.75,4801.25,5261.2503,5146.25,3938.75,3306.25,3105.0,3363.75,3363.75,3363.75,3680.0,4513.7506,5031.2506,5433.7506,5376.2503,4916.2503,3622.5,3133.75,2788.75,1408.75,80270.0027
1521,2022-03-02,632.5,603.75,575.0,747.5,2731.25,4600.0,4686.25,4571.25,4111.25,3220.0,3076.25,3162.5,3248.75,3162.5,3536.25,4283.7503,5175.0003,5347.5,5318.7503,4226.25,3277.5,3018.75,2587.5,1351.25,77251.2509
1522,2022-03-03,517.5,575.0,517.5,661.25,2846.25,5002.5,5318.7509,5088.75,4140.0,3478.75,3363.75,3191.25,3478.75,3421.25,3622.5,4657.5003,5031.2506,5405.0003,5376.2503,4743.75,3335.0,3047.5,2587.5,1552.5,80960.0024
1523,2022-03-04,373.75,373.75,402.5,661.25,2990.0,4916.2506,5002.5003,4973.75,3852.5,3105.0,3248.75,3306.25,3306.25,3363.75,3593.75,4571.2506,5232.5003,5405.0,5548.75,4427.5003,3306.25,3076.25,2702.5,1380.0,79120.0021
1524,2022-03-05,517.5,575.0,776.25,661.25,2300.0,4025.0,3996.25,4197.5,3248.75,2903.75,2875.0,3105.0,3565.0,4312.5003,4456.2506,4082.5,4312.5,4341.25,3910.0,3191.25,2846.25,2558.75,2386.25,1523.75,70667.5009
1525,2022-03-06,488.75,460.0,460.0,460.0,1092.5,2472.5,2673.75,2501.25,2415.0,2587.5,2645.0,2673.75,2702.5,2645.0,2673.75,2616.25,2645.0,2788.75,2846.25,2788.75,2731.25,2530.0,2271.25,1610.0,51778.75
1526,2022-03-07,862.5,805.0,747.5,690.0,2990.0,4916.25,5031.2506,5060.0003,3737.5,3220.0,3248.75,3335.0,3421.25,3392.5,3536.25,4255.0003,5117.5003,4140.0003,3536.25,4398.7503,3507.5,2846.25,2587.5,1408.75,76791.2521
1527,2022-03-08,517.5,690.0,718.75,575.0,2788.75,4513.75,4743.7503,4945.0003,3967.5,3306.25,3105.0,3162.5,3277.5,3363.75,3536.25,4341.2503,4973.7503,5060.0003,4887.5003,3852.5,2961.25,2788.75,2443.75,1495.0,76015.0018
1528,2022-03-09,603.75,546.25,488.75,690.0,2645.0,5031.25,4973.7503,4916.25,3996.25,3220.0,3018.75,3105.0,3248.75,3105.0,3363.75,4341.2503,4858.75,5520.0006,5261.2503,4715.0003,3536.25,3105.0,2702.5,1408.75,78401.2518
1529,2022-03-10,632.5,632.5,718.75,603.75,2903.75,4772.5009,5261.2506,5146.2503,4111.25,3335.0,3248.75,3133.75,3277.5,3392.5,3248.75,4255.0003,4887.5003,5376.2506,5462.5006,4398.75,3392.5,2932.5,2558.75,1236.25,78918.7536
1530,2022-03-11,776.25,862.5,977.5,833.75,2961.25,4973.7503,4887.5,5088.7503,4053.75,3363.75,3392.5,3162.5,3162.5,2817.5,3220.0,4025.0,4542.5003,4772.5,5376.2509,4370.0003,3248.75,3018.75,2645.0,1495.0,78027.5021
1531,2022-03-12,460.0,431.25,431.25,632.5,2558.75,4283.7503,4715.0006,4513.7503,3622.5,3248.75,3335.0,3421.25,3938.75,4111.2503,4571.25,4600.0006,4370.0,4140.0,3708.75,3220.0,2903.75,2645.0,2357.5,1408.75,73628.7521
1532,2022-03-13,431.25,345.0,488.75,546.25,1207.5,2530.0,2731.25,2817.5,2702.5,2702.5,3162.5,3335.0,3450.0,3507.5,3622.5,3967.5,3881.25,3708.75,2990.0,2702.5,2558.75,2443.75,1811.25,632.5,58276.25
1533,2022-03-14,603.75,661.25,776.25,632.5,2731.25,4973.7503,5002.5003,4887.5006,4370.0,3306.25,3335.0,3335.0,3363.75,3392.5,3536.25,4341.25,4973.7506,5290.0009,5203.7503,4312.5,3363.75,2788.75,2415.0,1322.5,78918.753
1534,2022-03-15,603.75,718.75,776.25,805.0,2817.5,4973.7503,4973.7503,4628.75,4168.75,2990.0,2990.0,3047.5,3076.25,3363.75,3565.0,4283.75,4916.2503,5462.5006,5491.2509,4657.5,3737.5,3018.75,2472.5,1322.5,78861.2524
1535,2022-03-16,603.75,690.0,661.25,690.0,2817.5,4945.0003,5232.5003,5002.5003,4370.0,3248.75,3335.0,3392.5,3363.75,3392.5,3737.5,4283.7503,4341.2503,5232.5,5491.2503,4600.0,3306.25,2846.25,2415.0,1293.75,79292.5018
1536,2022-03-17,460.0,460.0,488.75,632.5,2731.25,4715.0003,5031.2503,4916.2503,3852.5,3392.5,3191.25,3076.25,3105.0,3248.75,3507.5,4341.2506,4772.5009,5347.5006,5261.2503,4427.5003,3306.25,2788.75,2673.75,1523.75,77251.2536
1537,2022-03-18,690.0,575.0,546.25,632.5,2875.0,4772.5003,4858.7503,4600.0006,3766.25,3018.75,3076.25,2990.0,3047.5,3162.5,3421.25,4600.0003,5232.5003,5692.5003,5203.7509,4600.0,3306.25,2731.25,2443.75,1380.0,77222.503
1538,2022-03-19,431.25,345.0,488.75,661.25,2645.0,4427.5003,4858.7506,4542.5006,3421.25,3105.0,3133.75,3335.0,3766.25,4082.5,4312.5,4312.5003,4255.0003,4168.75,3737.5,3047.5,2817.5,2645.0,2587.5,1466.25,72593.7521
1539,2022-03-20,488.75,460.0,460.0,517.5,1150.0,2443.75,2501.25,2472.5,2415.0,2587.5,2673.75,2731.25,2817.5,2903.75,3018.75,3076.25,2990.0,2875.0,2903.75,2875.0,2673.75,2415.0,1868.75,517.5,51836.25
1540,2022-03-21,431.25,373.75,460.0,546.25,1178.75,2587.5,2587.5,2673.75,2558.75,2472.5,2558.75,2788.75,2645.0,2616.25,2702.5,2673.75,2817.5,2990.0,2875.0,2731.25,2673.75,2645.0,1926.25,690.0,51203.75
1541,2022-03-22,977.5,920.0,948.75,1121.25,3478.75,5232.5,5433.7506,5203.7503,4283.75,3737.5,3565.0,3651.25,3910.0,3996.25,4197.5003,4916.2503,5491.2503,5865.0006,5980.0006,5146.2503,4082.5,3478.75,3277.5,2070.0,90965.0033
1542,2022-03-23,1092.5,1121.25,661.25,690.0,3478.75,6353.7506,6756.2509,6440.0003,5261.2506,4427.5,4197.5,4053.75,4255.0,4255.0,4600.0003,5520.0003,6152.5003,6727.5006,6267.5006,5980.0006,4111.25,3708.75,3133.75,1840.0,101085.0051
1543,2022-03-24,1006.25,1035.0,718.75,948.75,3680.0,6152.5012,7015.0012,6210.0012,5175.0012,4456.2512,4168.7512,4255.0,4226.25,4485.0,4341.25,5491.2512,6727.5012,7446.2512,7187.5012,5692.5012,4255.0,3737.5,3363.75,1753.75,103528.7632
1544,2022-03-25,776.25,747.5,747.5,862.5,3938.7503,6670.0006,6756.2512,6612.5006,5606.25,4513.75,4168.75,4255.0,4312.5,4427.5003,4657.5006,6123.7509,6727.5006,7733.7509,7130.0012,5635.0009,4485.0003,3565.0,3162.5,1667.5,105282.5084
1545,2022-03-26,373.75,546.25,920.0,1121.25,3852.5,6785.0003,6900.0012,6411.2506,4973.75,4456.25,4226.25,4686.2506,5175.0003,6095.0006,6152.5009,5807.5009,5922.5003,5750.0009,5520.0009,4772.5003,4140.0,3680.0,3622.5,2070.0,103960.0078
1546,2022-03-27,488.75,460.0,460.0,460.0,1006.25,2185.0,2415.0,2328.75,2300.0,2587.5,2587.5,2558.75,2558.75,2702.5,2587.5,2673.75,2731.25,2846.25,2788.75,2731.25,2616.25,2472.5,1897.5,718.75,49162.5
1547,2022-03-28,488.75,488.75,488.75,632.5,2788.75,4830.0,4973.7503,5088.7503,4140.0,3450.0,3162.5,3248.75,3392.5,3335.0,3536.25,4111.25,5088.7506,5462.5,5261.25,4513.7503,3363.75,2788.75,2443.75,1466.25,78545.0015
1548,2022-03-29,603.75,575.0,575.0,776.25,2817.5,4600.0,4830.0,4657.5,3622.5,2846.25,2472.5,2673.75,3248.75,3507.5,3536.25,4341.25,4887.5,5261.25,5031.25,4398.75,3248.75,2616.25,2242.5,1293.75,74663.75
1549,2022-03-30,603.75,603.75,632.5,603.75,2673.75,4628.75,5146.25,4858.75,3881.25,2932.5,2932.5,3133.75,3191.25,3277.5,3162.5,4226.25,4945.0,5405.0,5433.75,4542.5,3248.75,2760.0,2415.0,1408.75,76647.5
1550,2022-03-31,575.0,488.75,460.0,632.5,2788.75,4916.25,5146.25,4945.0,3852.5,3105.0,3105.0,3248.75,3277.5,3220.0,3363.75,4226.25,4513.75,5031.25,5232.5,4255.0,3392.5,2788.75,2501.25,1322.5,76388.75
1551,2022-04-01,575.0,603.75,488.75,603.75,2673.75,4600.0003,4830.0012,5002.5006,3823.75,3248.75,3133.75,3248.75,3220.0,3191.25,3737.5,4513.7503,5031.2503,5261.2506,5232.5,4341.25,3248.75,3018.75,2673.75,1380.0,77682.5033
1552,2022-04-02,345.0,373.75,373.75,690.0,2817.5,4456.25,4485.0003,4255.0,3565.0,3220.0,3162.5,3220.0,3881.25,4226.2503,4255.0,4283.75,4197.5,4312.5,3910.0,3421.25,2903.75,2616.25,2673.75,1380.0,73025.0006
1553,2022-04-03,546.25,575.0,575.0,575.0,1236.25,2673.75,2788.75,2846.25,2702.5,2673.75,2530.0,2673.75,2645.0,2616.25,2731.25,2673.75,2731.25,2702.5,2875.0,2817.5,2702.5,2501.25,1955.0,690.0,52037.5
1554,2022-04-04,575.0,517.5,517.5,632.5,2846.25,4858.7503,5175.0003,5031.2503,4168.75,3162.5,3133.75,3133.75,3220.0,3220.0,3363.75,4082.5,5117.5003,5491.2506,5491.2506,4111.25,3363.75,2846.25,2472.5,1466.25,77998.7524
1555,2022-04-05,517.5,517.5,546.25,718.75,2731.25,4571.25,5060.0003,5002.5003,3938.75,3220.0,3277.5,2990.0,3047.5,3220.0,3306.25,4197.5003,5031.2503,5405.0006,5203.7506,4370.0003,3478.75,2875.0,2472.5,1466.25,77165.0027
1556,2022-04-06,833.75,833.75,575.0,718.75,2817.5,4887.5,5146.2506,4715.0003,4197.5,3421.25,3421.25,3162.5,3363.75,3593.75,3593.75,4370.0006,4830.0,5491.2503,5318.7503,4657.5003,3450.0,2702.5,2213.75,1495.0,79810.0024
1557,2022-04-07,603.75,575.0,603.75,747.5,2673.75,4715.0,4772.5003,4945.0,4053.7503,3248.75,3105.0,3248.75,3450.0,3478.75,3565.0,4456.25,5203.75,5606.2509,5347.5003,4485.0003,3392.5,2903.75,2415.0,1408.75,79005.0021
1558,2022-04-08,718.75,1437.5,1351.25,690.0,3277.5,6555.0,6526.25,6756.25,5491.25,4226.25,4053.75,4053.75,4140.0,4341.25,4628.75,5520.0,6411.25,7273.75,6641.25,5376.25,3881.25,3536.25,3220.0,1610.0,101717.5
1559,2022-04-09,373.75,431.25,431.25,718.75,3363.75,5865.0,6066.25,6066.25,4628.75,3996.25,3708.75,4025.0,4513.75,5261.25,5376.25,5491.25,5635.0,5520.0,4743.75,4255.0,3766.25,3220.0,3191.25,1667.5,92316.25
1560,2022-04-10,575.0,575.0,460.0,546.25,1293.75,3248.75,3421.25,3191.25,3133.75,3248.75,3191.25,3076.25,3191.25,3277.5,3335.0,3507.5,3306.25,3478.75,3622.5,3507.5,3363.75,2990.0,2300.0,517.5,62358.75
1561,2022-04-11,596.6632,542.4732,595.0732,1083.9552,4043.1032,6632.8772,6603.7912,6599.4612,5067.454,4299.5432,4225.7712,4127.26,4307.974,4585.786,4672.374,5598.6392,7009.828,7627.8352,6633.5932,5378.468,4378.814,3403.252,3008.238,1550.1852,102572.4128
1562,2022-04-12,666.2792,694.76,648.2192,982.2052,4077.034,6867.5072,6846.428,6672.7632,5196.5012,4398.1252,4045.5372,4400.9532,4632.194,4552.4092,4854.2352,5730.362,6170.0172,7122.9632,6448.024,5356.224,4590.924,3749.622,3136.1012,1471.998,103311.3868
1563,2022-04-13,585.076,550.1892,560.5092,856.5952,3770.616,6396.0832,6908.9152,6383.36,5160.844,4445.0592,4222.7872,4332.738,4519.476,4582.858,4727.6332,5603.4092,6112.02,6395.714,5824.888,4716.458,3813.4252,3780.7132,2999.564,1422.0,98670.9312
1564,2022-04-14,575.0,575.0,575.0,575.0,1495.0,3363.75,3392.5,3220.0,3162.5,3392.5,3363.75,3478.75,3392.5,3450.0,3421.25,3392.5,3306.25,3593.75,3593.75,3536.25,3363.75,3220.0,2357.5,632.5,64428.75
1565,2022-04-15,517.5,546.25,517.5,575.0,1293.75,3105.0,3105.0,3018.75,3047.5,3162.5,3392.5,3507.5,3478.75,3392.5,3335.0,3593.75,3450.0,3565.0,3737.5,3651.25,3363.75,3018.75,2328.75,632.5,63336.25
1566,2022-04-16,575.0,575.0,575.0,833.75,3133.75,5405.0003,5405.0006,4657.5003,4255.0,3938.75,3680.0,3651.25,4025.0,3622.5,3766.25,3996.25,3938.75,3938.75,3852.5,3737.5,3478.75,3220.0,3105.0,1552.5,78918.7512
1567,2022-04-17,546.25,488.75,460.0,517.5,1265.0,3162.5,3018.75,3047.5,2875.0,3248.75,3363.75,3248.75,3248.75,3220.0,3018.75,3191.25,3220.0,3450.0,3306.25,3277.5,3105.0,3018.75,2386.25,517.5,60202.5
1568,2022-04-18,517.5,517.5,460.0,833.75,3421.25,6440.0006,6468.7503,6497.5006,5203.7506,4111.25,3967.5,4111.25,4111.25,4140.0,4341.25,5433.7506,6670.0009,7187.5012,7101.2506,5577.5006,4226.25,3450.0,2875.0,1638.75,99302.506
1569,2022-04-19,575.0,575.0,575.0,833.75,3392.5,6123.75,6871.25,6555.0,5405.0,4168.75,4111.25,3795.0,3622.5,3938.75,4542.5,5491.25,6698.75,6957.5,6583.75,5577.5,3996.25,3392.5,3018.75,1638.75,98440.0
1570,2022-04-20,575.0,575.0,575.0,661.25,3248.75,5663.75,6095.0,6526.25,5462.5,4312.5,4082.5,4053.75,4082.5,4283.75,4456.25,5203.75,6210.0,6785.0,6296.25,5203.75,4025.0,3593.75,3277.5,1610.0,96858.75
1571,2022-04-21,569.228,554.9992,557.03,879.066,3761.4332,6689.2372,6916.2412,6992.6452,5335.1512,4052.5832,4189.792,4052.224,4138.684,4375.7492,4485.9432,5439.4452,6881.672,7496.3432,6651.4812,5294.4172,3972.624,3556.738,2964.6872,1406.5552,101213.97
1572,2022-04-22,621.8472,650.6712,586.7532,789.8812,2946.076,5270.9652,6605.8112,6552.8972,5351.8192,4301.168,4151.928,4134.902,4150.0952,4215.16,4234.6552,5307.1812,6356.3572,7013.734,6472.992,5036.456,4553.0932,3781.144,3067.4372,1408.7972,97561.822
1573,2022-04-23,340.59,249.7372,248.7052,581.216,3644.8392,5927.608,6063.074,5709.112,4501.0012,4191.3192,3978.9332,4215.2172,4561.536,5147.624,5729.1592,5419.0852,5272.8952,5279.902,4636.0712,3902.816,3206.538,3085.1732,2940.552,1440.7532,90273.4576
1574,2022-04-24,517.5,460.0,460.0,488.75,1495.0,3076.25,3363.75,3421.25,3450.0,3507.5,3450.0,3335.0,3277.5,3536.25,3622.5,3708.75,3651.25,3622.5,3335.0,3018.75,3018.75,3076.25,2185.0,546.25,63623.75
1575,2022-04-25,460.0,460.0,460.0,603.75,3220.0,6008.7503,6181.2506,6468.7509,4830.0006,3938.75,4082.5,4025.0,4255.0,4427.5,4485.0006,5318.7506,6756.2512,7187.5006,6928.7509,5548.7503,4025.0,3593.75,3191.25,1552.5,98008.7566
1576,2022-04-26,632.5,603.75,575.0,805.0,3593.75,6210.0,6612.5,6583.75,5318.75,4226.25,4053.75,4140.0,4197.5,3967.5,4082.5,5088.75,6238.75,6727.5,6813.75,5548.75,4370.0,3565.0,2961.25,1581.25,98497.5
1577,2022-04-27,603.75,632.5,632.5,862.5,3450.0003,6210.0006,6555.0006,6440.0009,5203.7503,4226.2503,4312.5,4226.25,4255.0,4341.25,3996.25,4973.7506,6325.0009,6813.7506,6497.5009,5635.0003,4341.2503,3651.25,3133.75,1667.5,98986.2566
1578,2022-04-28,575.0,575.0,603.75,891.25,3277.5,6037.5006,6497.5006,6066.2509,5290.0003,4140.0,4053.75,4111.25,4111.25,4283.75,4370.0,4973.7503,6382.5006,6928.7509,6871.2509,5203.7506,3938.75,3565.0,2875.0,1437.5,97060.0057
1579,2022-04-29,546.25,488.75,546.25,747.5,3335.0,6123.75,6698.75,6727.5,5347.5,4168.75,3823.75,4082.5,4197.5,4312.5,4341.25,5232.5,6181.25,6842.5,6497.5,5261.25,4140.0,3708.75,3105.0,1408.75,97865.0
1580,2022-04-30,201.25,0.0,230.0,690.0,3507.5,6066.25,5922.5,5922.5,4571.25,4082.5,3910.0,4111.25,4398.75,5261.25,5692.5,5261.25,5577.5,5232.5,4226.25,3910.0,3392.5,3191.25,3105.0,1638.75,90102.5
1581,2022-05-01,1092.5,1121.25,948.75,661.25,1466.25,3421.25,3421.25,3277.5,3220.0,3450.0,3306.25,3421.25,3421.25,3507.5,3536.25,3622.5,3392.5,3622.5,3910.0,3766.25,3593.75,3450.0,2587.5,1035.0,68252.5
1582,2022-05-02,1092.5,1035.0,1035.0,1236.25,3938.75,6900.0,6411.25,6555.0,5692.5,4973.75,4830.0,4830.0,4945.0,5031.25,5261.25,5721.25,6670.0,7503.75,7302.5,5865.0,5203.75,4370.0,3823.75,2127.5,112355.0
1583,2022-05-03,575.0,632.5,632.5,805.0,2098.75,5347.5009,6382.5003,6382.5003,5060.0,4341.2503,4456.2503,4341.25,4312.5,4398.75,4427.5,4916.25,5980.0006,6555.0006,5893.7506,5606.2506,4830.0003,3910.0,3478.75,1753.75,97117.5048
1584,2022-05-04,718.75,575.0,575.0,718.75,3306.25,6095.0003,6095.0009,6181.2509,4916.25,4197.5,4197.5003,4370.0003,4485.0003,4456.2506,4283.75,5232.5006,6526.2506,7015.0003,6813.7506,5836.2509,4801.2503,3708.75,3248.75,1610.0,99963.7569
1585,2022-05-05,575.0,603.75,603.75,690.0,3363.75,5951.2506,6152.5003,6440.0003,5117.5003,4456.2506,4283.75,4283.75,4513.7506,4456.2503,4628.75,5232.5006,6353.7506,6986.2509,6842.5003,5175.0003,4255.0003,3565.0,3191.25,1840.0,99561.256
1586,2022-05-06,747.5,690.0,661.25,833.75,3622.5003,5405.0,6497.5006,6325.0009,5146.2503,4542.5,4370.0003,4197.5,4370.0,4427.5003,4456.25,5117.5003,6152.5003,6238.7503,6008.7506,5290.0003,4485.0,3708.75,3306.25,1696.25,98296.2545
1587,2022-05-07,603.75,546.25,575.0,776.25,3450.0012,5376.2512,5836.2512,5865.0012,4686.2512,4197.5,4312.5,4168.75,4542.5012,5347.5012,4053.75,3363.75,3680.0,3306.25,3593.75,3392.5,2846.25,2645.0,2616.25,1495.0,81276.2584
1588,2022-05-08,603.75,603.75,575.0,603.75,1466.25,2645.0,2558.75,2472.5,2530.0,2760.0,2875.0,2875.0,3018.75,3047.5,3191.25,2903.75,2932.5,3076.25,3306.25,3220.0,3133.75,2932.5,2300.0,747.5,56378.75
1589,2022-05-09,690.0,575.0,488.75,776.25,2760.0,4657.5,4686.2503,4801.25,3708.75,3335.0,3248.75,3248.75,3306.25,3335.0,3363.75,3823.75,4628.75,5088.7506,5002.5003,4283.75,3651.25,2990.0,2530.0,1466.25,76446.2512
1590,2022-05-10,517.5,460.0,575.0,690.0,2702.5,4916.2503,4657.5,4887.5003,4053.75,3421.25,3651.25,3565.0,3680.0,3335.0,3363.75,4025.0,4830.0,5376.2503,5175.0006,4283.75,3622.5,3047.5,2673.75,1178.75,78688.7515
1591,2022-05-11,603.75,546.25,488.75,747.5,2645.0,4887.5003,5318.7503,4973.7503,3996.25,3450.0,3306.25,3363.75,3478.75,3277.5,3478.75,3996.25,4772.5003,5405.0003,5203.7509,4513.75,3910.0003,3133.75,2616.25,1351.25,79465.0027
1592,2022-05-12,575.0,575.0,546.25,661.25,2760.0,4973.7503,5290.0003,4772.5,4111.25,3565.0,3162.5,3450.0,3593.75,3450.0,3306.25,4025.0003,4916.2503,5261.2506,4542.5,4283.7503,3795.0,3191.25,2702.5,1380.0,78890.0021
1593,2022-05-13,661.25,575.0,546.25,575.0,2645.0,4772.5,4887.5,4858.75,4111.25,3450.0,3651.25,3478.75,3565.0,3565.0,3565.0,4140.0,4945.0,5577.5,5548.75,4743.75,3967.5,3133.75,2673.75,1552.5,81190.0
1594,2022-05-14,460.0,258.75,431.25,661.25,2702.5,4456.25,4916.25,4772.5,3967.5,3335.0,3392.5,3651.25,4456.25,4600.0,4427.5,4571.25,4686.25,4600.0,4427.5,3967.5,3277.5,2961.25,2616.25,1437.5,79033.75
1595,2022-05-15,1178.75,1035.0,1035.0,977.5,1868.75,4168.75,4485.0,4485.0,4715.0,5088.75,5318.75,5175.0,5117.5,5261.25,5203.75,5232.5,5433.75,5232.5,5721.25,5692.5,5347.5,4916.25,3795.0,1236.25,97721.25
1596,2022-05-16,1063.75,402.5,460.0,690.0,2702.5,4887.5,5203.75,5060.0,4111.25,3593.75,3421.25,3680.0,3622.5,3622.5,3680.0,4168.75,4916.25,5433.75,5175.0,4600.0,3737.5,3076.25,2558.75,1408.75,81276.25
1597,2022-05-17,517.5,488.75,517.5,632.5,2673.75,4772.5006,4398.75,4628.7509,4283.75,3823.75,3593.75,3421.25,3622.5,3651.25,3622.5,4140.0,5203.7509,5002.5006,4858.7503,4571.25,3680.0,2990.0,2587.5,1293.75,78976.2533
1598,2022-05-18,517.5,517.5,517.5,661.25,2645.0,4600.0,4600.0006,4916.25,4226.2503,3536.25,3363.75,3363.75,3680.0,3795.0,3823.75,4341.25,5002.5,5663.75,5462.5003,4743.7506,3881.25,3018.75,2673.75,1380.0,80931.2518
1599,2022-05-19,603.75,575.0,575.0,661.25,2731.25,4801.25,5232.5,5031.25,4025.0,3651.25,3622.5,3680.0,3622.5,3708.75,3795.0,4053.75,2846.25,3277.5,4973.75,4887.5,3852.5,2788.75,2501.25,1322.5,76820.0
1600,2022-05-20,661.25,632.5,517.5,661.25,2731.25,4916.25,5175.0003,4858.75,4255.0003,3622.5,3536.25,3507.5,3651.25,3680.0,3708.75,4283.75,5175.0003,5318.7506,5117.5006,4456.2506,3737.5,2961.25,2587.5,1351.25,81103.7527
1601,2022-05-21,431.25,345.0,345.0,632.5,3306.25,6152.5006,6411.2506,5836.2506,4686.25,4197.5,4168.75,4341.25,5491.25,6267.5006,6181.25,6411.2506,5778.7503,5980.0003,5290.0006,4571.2506,4226.25,3708.75,3392.5,1667.5,99820.0048
1602,2022-05-22,308.852,0.0,0.0,0.0,0.0,0.0,0.0,0.0,0.0,1.658,855.2112,0.0,42.298,0.0,0.0,0.0,6.5012,26.726,26.6772,26.7272,26.724,26.922,26.918,419.9692,1795.184
1603,2022-05-23,498.0,492.0,547.0,740.0,2879.0,4943.0,4368.0,3907.0,3905.0,3659.0,3601.0,3634.0,3529.0,3629.0,3847.0,4521.0,5116.0,5526.0,5262.0,4643.0,3817.0,2908.0,2484.0,1324.0,79779.0
1604,2022-05-24,552.168,541.4032,523.412,783.786,3057.67,4946.3672,4988.886,5006.4632,4068.744,3550.0752,3711.414,3847.7032,3732.898,3822.8852,3780.1032,4180.674,4884.8232,5175.116,4900.716,4257.2432,3653.18,2951.852,2613.432,1385.3952,80916.41
1605,2022-05-25,588.0,578.0,577.0,989.0,3568.0,5075.0,4926.0,4956.0,4085.0,2782.0,3612.0,4005.0,3921.0,4047.0,4032.0,4476.0,5058.0,4995.0,4986.0,4356.0,3611.0,3028.0,2587.0,1388.0,82226.0
1606,2022-05-26,614.0,567.0,576.0,720.0,2827.0,4839.0,5223.0,5182.0,4077.0,3478.0,3495.0,3913.0,3742.0,3696.0,3842.0,4349.0,4908.0,5351.0,5348.0,4661.0,3809.0,2923.0,2683.0,1304.0,82127.0
1607,2022-05-27,568.0,536.0,573.0,746.0,2773.0,4901.0,5106.0,4893.0,3843.0,3507.0,3468.0,3572.0,3756.0,3757.0,3882.0,4746.0,5143.0,5229.0,4846.0,3945.0,3305.0,2835.0,2430.0,871.0,79231.0
1608,2022-05-28,353.0,333.0,468.0,947.0,3739.0,4824.0,4796.0,4422.0,3557.0,3498.0,3509.0,3856.0,4395.0,4644.0,4323.0,4490.0,4494.0,4608.0,4220.0,3748.0,3308.0,2778.0,2649.0,831.0,78790.0
1609,2022-05-29,512.0,536.0,501.0,569.0,1732.0,2669.0,2720.0,2668.0,2835.0,2958.0,3396.0,2560.0,3527.0,3416.0,3708.0,3791.0,3651.0,3637.0,2983.0,2979.0,2763.0,2639.0,1915.0,553.0,59218.0
1610,2022-05-30,588.284,666.582,660.8572,655.8212,1517.5252,4439.0872,4412.556,4399.662,4142.098,4216.7812,4332.3532,4527.9232,4664.8392,4465.428,4707.272,4787.242,4758.77,4730.096,4886.8652,5001.9432,4260.48,4004.072,2671.452,667.802,84165.792
1611,2022-05-31,517.0972,521.69,532.496,654.3492,3056.068,4462.0352,4541.098,4664.348,3965.344,3454.02,3482.9632,3497.8892,3652.9052,3788.6652,3513.146,4128.626,4696.41,5208.424,4862.2252,4546.044,3708.4432,3083.092,2769.328,1214.6712,78521.378
1612,2022-06-01,526.674,567.1412,599.5972,658.012,3034.856,5005.5412,5177.5032,4868.998,3734.9092,3446.262,3297.0472,3334.628,3612.2152,3585.442,3571.858,3978.6352,4844.442,5127.3132,5067.1612,4600.1512,3766.0112,3118.4952,2415.466,1246.9672,79185.3268
1613,2022-06-02,541.0372,526.1472,532.04,660.2,2951.904,4834.3972,4919.1272,4708.396,3941.4,3403.602,3341.9712,3579.148,3600.1312,3692.538,3804.954,4297.0052,4735.2492,5130.902,4832.634,4257.32,3723.0452,2989.8232,2516.2892,1183.3192,78702.5804
1614,2022-06-03,530.0,538.0,544.0,702.0,2949.0,4633.0,5170.0,4658.0,3685.0,3305.0,3324.0,3447.0,3453.0,3388.0,3569.0,4244.0,5013.0,5420.0,5030.0,4461.0,3769.0,3220.0,2548.0,1234.0,78834.0
1615,2022-06-04,412.6272,378.234,424.8852,805.3332,2791.048,4503.7592,4719.968,4536.164,3790.0232,3389.9552,3225.6772,3389.7332,4293.6452,4732.7872,4887.192,4905.5772,4684.8112,4466.33,4258.1012,3488.988,2925.844,2905.6552,2479.55,1204.902,77600.7908
1616,2022-06-05,528.11,514.6472,533.138,547.5272,1232.372,2634.6912,2549.116,2731.1632,2798.768,3012.206,2881.3412,2978.2412,2988.8752,2842.228,2604.452,2862.414,2659.84,3012.218,3000.01,2988.1332,2770.7772,2541.8692,1814.908,553.408,53580.454
1617,2022-06-06,578.1292,585.6272,602.624,742.8072,2937.7612,4935.268,5121.1632,4783.9212,3846.8432,3664.624,3399.3112,3660.616,3714.3912,3627.8032,3838.932,4073.328,4535.996,4692.656,5192.2272,4131.7752,3386.208,2886.2592,2433.8492,1177.624,78549.7448
1618,2022-06-07,592.248,558.556,552.7672,744.3832,2833.208,4605.8592,4687.5532,4797.7592,3917.028,3467.8392,3326.0292,3250.0992,3516.3952,3538.8992,3499.414,4136.93,4757.426,5271.584,5252.47,4523.0892,3615.946,3079.756,2636.27,1283.786,78445.2952
1619,2022-06-08,604.3232,596.51,581.4472,630.502,2983.8672,5042.4852,4855.6,4975.2632,3807.962,3537.658,3353.81,3567.9652,3497.074,3592.6712,3692.7292,4254.412,4867.842,5413.2412,5127.6292,4590.3692,3569.7832,2902.7252,2658.6,1459.74,80164.2096
1620,2022-06-09,610.6592,574.1952,572.3172,753.6812,3010.5592,4672.56,5095.1092,4926.546,4009.4092,3359.99,3292.6892,3604.756,3715.716,3549.4992,3721.5772,4255.0672,5111.98,5396.0032,5017.888,4420.922,3622.6512,3148.136,2652.248,1322.814,80416.9736
1621,2022-06-10,810.834,1088.988,1065.27,1171.3812,3668.2672,5238.688,5232.2932,4991.604,4387.138,4042.8152,4270.2312,4412.9792,4454.2,4318.942,4358.438,4672.8072,5087.218,5606.7272,5861.38,5246.4972,4382.618,3692.8932,3230.408,1750.9232,93043.5412
1622,2022-06-11,251.2452,292.9312,452.036,637.878,2768.6292,3914.9852,4280.4692,4212.0912,3598.006,3121.5512,3285.904,3506.8712,4083.5772,4465.26,4788.952,4592.4692,4594.336,4648.3112,4176.1892,3564.9172,3210.94,2910.988,2602.1772,1258.6612,75219.376
1623,2022-06-12,574.9552,547.7092,457.236,510.6032,1197.588,2402.804,2459.28,2506.108,2581.3072,2637.4192,2785.136,2330.9512,2627.0432,2809.88,2822.6952,2764.3592,2911.324,2965.19,3062.652,3195.1472,2938.994,2608.458,1785.214,750.054,52232.108
1624,2022-06-13,847.2,732.7,724.9,644.1,3016.2,5115.2,5164.5,4765.4,4070.3,3649.8,3539.1,3579.6,3462.3,3684.9,3738.6,4342.2,5006.1,5487.8,5247.4,4547.4,3556.7,2918.3,2560.5,1333.1,81734.3
1625,2022-06-14,617.7672,579.5972,578.07,662.474,2707.6892,4480.65,5052.9612,4873.1492,4030.758,3476.878,3528.4292,3528.5772,3478.08,3587.0552,3770.2872,4400.6092,5274.742,4766.598,4815.896,4355.862,3656.1572,2923.0812,2555.3352,1256.594,78957.2976
1626,2022-06-15,643.5,585.0,576.8,751.7,2963.7,4709.7,5290.1,5192.6,4086.2,3663.8,3611.7,3518.3,3674.8,3697.2,3675.1,4249.7,4709.0,5164.2,5130.1,4365.7,3618.0,2818.1,2521.3,1411.2,80627.5
1627,2022-06-16,595.0,563.8,554.8,758.1,2984.0,4576.3,5027.7,4798.3,4517.0,4206.3,4302.3,4301.2,4178.8,4306.5,4314.6,4858.2,4776.1,5528.5,5264.6,5174.0,4349.3,3749.6,3304.1,2030.0,89019.1
1628,2022-06-17,917.3,899.8,884.5,789.6,3733.3,5752.1,5612.9,5324.7,5185.5,4441.9,4447.2,4526.3,4549.3,4505.5,4707.3,5216.4,5437.3,6109.6,5754.4,5226.5,4664.9,4193.0,4059.7,2072.3,99011.3
1629,2022-06-18,519.8,485.0,534.9,859.6,4010.5,5440.0,5267.4,5230.7,4727.5,4484.0,4376.4,4564.4,5145.4,5333.2,5152.2,5069.1,5230.3,5056.4,4827.3,4379.9,3878.0,3779.4,3658.6,2081.5,94091.5
1630,2022-06-19,694.9,713.3,742.7,659.2,1914.1,3524.6,3702.3,3762.8,3449.0,3889.3,4109.4,4502.0,4516.3,4720.1,4717.5,4709.8,4630.2,4208.1,3973.9,3722.1,3673.0,3365.6,2692.6,866.3,77459.1
1631,2022-06-20,583.2,579.3,595.3,625.1,1937.2,3495.2,3641.3,3605.6,3530.8,3731.8,3702.4,3686.3,3699.3,3779.0,3707.7,3768.3,3819.1,4010.4,3902.9,3909.9,3740.6,3638.8,3021.4,833.6,71544.5
1632,2022-06-21,687.4,696.5,611.4,890.3,3832.5,5415.2,5540.5,5478.2,4874.1,4446.6,4649.0,4375.3,4639.8,4282.6,4429.1,4889.0,5234.9,5716.9,5621.6,5507.1,4764.3,3987.7,3631.5,2401.9,96603.4
1633,2022-06-22,752.5,660.4,813.3,913.5,4056.9,5970.9,6477.7,6277.0,4830.8,4344.5,4488.6,4593.6,4560.8,4720.4,4762.1,5422.8,6221.9,6944.7,6775.4,5888.2,4649.2,3590.2,3044.2,1483.6,102243.2
1634,2022-06-23,758.2,701.4,710.4,834.6,3880.7,6733.1,6724.4,6223.1,5163.6,4483.3,4535.2,4469.5,4493.8,4747.0,4698.8,5465.8,6557.0,6944.2,6580.2,5600.9,4726.0,3744.0,3260.4,1523.0,103558.6
1635,2022-06-24,683.2,671.7,668.3,820.5,4078.8,6441.1,6937.1,6342.8,5305.6,4548.6,4439.6,4499.6,4721.6,4687.1,4925.9,5495.2,6476.4,7102.7,6505.6,5371.1,4406.6,3784.1,3399.8,1513.1,103826.1
1636,2022-06-25,539.3,464.4,516.9,827.0,3627.9,5987.6,5880.1,5815.2,4697.7,3832.2,4076.0,4206.5,4694.3,5553.2,5888.4,5537.9,5379.3,4645.6,4899.1,3999.8,3433.5,3150.2,3094.2,1487.2,92233.5
1637,2022-06-26,723.6,713.9,691.3,614.3,1519.6,3244.7,3480.1,3350.8,3280.0,3201.7,3287.0,3436.8,3431.4,3413.3,3532.2,3460.1,3397.9,3636.3,3843.7,3657.3,3405.0,3058.0,2093.5,764.3,65236.8
1638,2022-06-27,721.284,719.812,699.704,702.0472,1647.5572,3510.032,3405.1812,3420.3072,3134.524,3236.718,3698.422,3874.7392,3738.598,3655.1992,3446.3412,3265.0032,3438.58,3551.4092,3698.1792,3535.3772,3350.2052,3125.8572,2401.454,686.2652,66662.7968
1639,2022-06-28,625.666,611.596,602.6052,801.7572,3695.706,6454.3292,6582.4532,6527.3612,5308.06,4308.8012,4334.314,4583.006,4627.05,4732.5652,4684.4532,5657.3172,6573.848,7149.2132,6637.168,5448.8492,4633.5092,3848.03,3237.878,1597.688,103263.2244
1640,2022-06-29,757.734,752.654,684.7312,805.886,3491.3232,5863.236,6247.434,6013.624,5105.0512,4333.914,4317.1132,4371.634,4597.5732,4392.894,4434.998,5541.0772,6550.112,6884.686,6726.212,5227.0452,4584.7112,3487.68,3092.996,1528.4772,99792.7968
1641,2022-06-30,675.0012,686.2492,715.572,880.5412,3934.618,6176.9652,6308.502,6337.0412,5154.0092,4536.204,4626.8872,4821.0772,4631.2232,4630.8752,4481.37,5359.4872,6364.878,6270.9772,6208.5032,5144.06,4407.0852,3636.93,3026.724,1456.8952,100471.676
1642,2022-07-01,632.602,648.6852,711.3732,903.5272,3711.262,6157.9132,6573.7652,6282.76,4921.0312,4566.558,4513.4132,4817.5552,4717.368,4827.11,4794.0072,5664.79,6494.6512,7003.608,6409.062,5266.3392,4503.292,3637.096,3198.386,1889.156,102845.3112
1643,2022-07-02,553.4,456.2,590.7,817.9,3832.1,5814.9,6007.6,5255.9,4700.2,4259.6,4076.3,4206.3,4633.1,5291.6,5701.1,5626.9,5651.6,5785.4,5070.7,4444.6,3807.7,3482.2,3290.5,1705.2,95061.7
1644,2022-07-03,746.12,672.996,674.5152,653.03,1397.356,3370.736,3463.3172,3334.0212,3359.1832,3560.2352,3539.2592,3538.926,3659.1492,3759.6512,3743.272,3710.582,3568.098,3844.7672,3889.286,3814.4332,3707.688,3355.7652,2468.866,772.214,68603.4672
1645,2022-07-04,640.6932,631.8992,634.4072,621.16,1471.1632,3127.1992,3174.952,3354.958,3144.2132,3514.2252,3718.5932,3717.9312,3722.916,3904.372,3593.6592,3605.9412,3677.71,3741.4912,3569.1612,3517.488,3185.7752,3164.572,2304.076,678.5312,66417.088
1646,2022-07-05,660.1812,615.0932,603.894,814.0032,3982.836,6597.198,6839.8512,6487.96,5161.2572,4774.838,4671.9832,4800.042,4944.4292,4906.5992,4880.9412,5695.794,6318.192,6974.542,6706.5452,5509.3192,4623.72,3654.736,3328.4652,1665.336,105217.7564
1647,2022-07-06,830.6512,799.662,751.4192,901.7932,3678.9052,5482.9952,6280.176,6481.7292,5224.3192,4488.068,4317.2152,4198.0252,4465.068,4540.834,4657.422,5412.7112,6459.0612,6900.0832,6570.4492,5635.1592,4687.024,3790.154,3231.9172,1520.274,101305.116
1648,2022-07-07,990.428,1131.8412,1026.8692,844.9392,4108.0412,6406.7852,7045.1112,6551.742,4862.848,4542.71,4508.156,4558.594,4555.8692,4853.3932,4716.8992,5667.226,6264.682,6778.2732,6394.4952,5517.7212,4735.7232,3651.9592,3525.4472,1799.64,105039.394
1649,2022-07-08,732.53,746.1412,716.1412,778.2872,3807.3372,6461.542,6836.104,6406.3232,5131.9792,4765.424,4444.8152,4708.452,4570.9412,4796.83,4722.0752,5550.9172,6594.5292,7077.3452,6751.9712,5722.1772,4833.022,3985.136,3462.27,1562.442,105164.7328
1650,2022-07-09,580.0472,583.958,696.8332,865.652,3961.0352,6033.784,6324.5732,5813.7792,4449.67,4163.3532,4081.9452,4257.9552,4771.5332,5339.182,5891.2072,5617.602,5398.21,5483.944,4903.4352,4340.2452,3737.856,3464.2632,3239.1172,2465.14,96464.3208
1651,2022-07-10,1517.8612,702.468,716.2952,678.9192,1522.204,3454.98,3611.868,3372.5952,3288.0212,3349.1,3525.676,3777.3672,3732.2272,3797.544,3489.7612,3618.97,3626.828,3746.454,3609.88,3435.8632,3386.052,3056.2932,2271.636,705.976,67994.84
1652,2022-07-11,646.8,662.9,637.0,759.6,3901.9,6519.9,6407.4,6205.0,4771.9,4408.1,4570.0,4321.0,4473.3,4523.7,4568.8,5582.7,5877.1,6866.8,6367.9,5585.9,4731.4,3986.6,3183.9,1440.1,100999.7
1653,2022-07-12,809.4752,873.846,910.78,752.2872,4029.922,5575.284,6392.6572,6422.61,5128.2592,4505.9772,4312.0832,4511.4632,4434.9932,4674.6412,4682.26,5644.4272,6395.288,6930.272,6954.53,5767.9752,4424.1392,3707.0892,3113.8272,1718.612,102672.6988
1654,2022-07-13,1170.3,1139.4,881.0,723.6,3829.6,6476.0,7045.5,6269.1,5400.7,4557.8,4332.8,4169.8,4271.7,4514.6,4502.2,5289.5,5999.6,6296.3,6895.3,5864.1,4751.5,3785.4,3124.4,1628.0,102918.2
1655,2022-07-14,959.6,1121.7,1001.6,773.1,3595.2,6161.2,6174.2,6333.1,5362.3,4485.2,4492.0,4158.2,4362.5,4620.0,4610.0,4566.1,5650.3,6601.3,6431.8,5527.2,4538.8,3544.0,3286.1,1575.0,99930.5
1656,2022-07-15,736.7,751.4,735.7,805.8,4004.8,6550.2,6727.7,6274.8,5172.1,4551.0,4357.7,4497.6,4816.5,4642.0,4609.4,5319.4,5852.2,6162.1,6489.4,5819.0,4548.0,3701.7,3322.3,1631.2,102078.7
1657,2022-07-16,503.1,561.8,750.5,852.4,3745.1,5939.1,6075.2,5523.6,4879.9,4432.6,3947.8,4225.9,4670.0,5341.8,5746.6,5471.3,5653.9,5666.4,5133.8,4198.2,3849.8,3335.9,3162.5,1655.9,95323.1
1658,2022-07-17,684.0,704.3,671.1,668.1,1472.0,3456.1,3327.5,3300.4,3169.1,3203.5,3719.3,3727.2,3807.6,3647.4,3502.9,3635.2,3554.6,3968.2,3794.5,3599.5,3433.8,3057.2,2270.7,704.9,67079.1
1659,2022-07-18,748.0972,734.334,722.482,850.98,3654.9872,5843.5592,6520.5852,6332.4172,5047.5212,4585.3672,4401.22,4441.316,4617.744,4455.448,4699.2972,5455.0252,6340.072,6826.4312,6652.6852,5578.2712,4609.096,4106.8612,3144.8932,1654.864,102023.5548
1660,2022-07-19,1046.0172,1130.612,817.7972,721.446,3629.4032,6075.3652,6367.0632,6287.4352,4673.714,4509.228,4533.918,4560.252,4948.4612,4860.6932,4938.4832,5646.152,6547.346,6907.0452,6011.1292,5474.864,4474.664,3760.71,3405.1552,1695.668,103022.6224
1661,2022-07-20,780.272,727.338,724.4512,686.58,1691.95,3338.5552,3481.948,3287.9352,3122.346,3258.432,3488.3992,3379.72,3435.0132,3396.7032,3393.052,3659.9032,3590.152,3669.096,3769.036,3640.7012,3384.1332,3211.5492,2229.266,841.9132,66188.4452
1662,2022-07-21,748.6,774.9,698.1,955.8,3633.9,6198.7,6677.9,5981.9,4828.7,4547.5,4284.9,4260.6,4107.8,4523.2,4402.0,5242.8,5799.0,6863.6,6796.1,5990.4,4819.9,3768.2,3279.5,1582.3,100766.3
1663,2022-07-22,724.6032,671.654,727.8472,864.1032,3612.718,5937.8592,6709.842,6508.1932,4984.882,4584.7492,4383.034,4402.1852,4636.32,4508.5572,4507.692,5343.8152,6066.1072,6962.0932,6779.718,5694.4892,4763.9112,3819.9792,3215.476,1550.3732,101960.202
1664,2022-07-23,250.9492,160.692,584.8032,796.4952,3366.6972,5316.2912,5754.8712,5401.658,4549.038,3879.316,3454.6532,4010.868,4722.1432,5829.542,5859.7732,5682.99,5904.7292,5944.8452,5369.638,4719.0712,4125.1612,3639.33,3287.8212,1474.112,94085.4888
1665,2022-07-24,708.958,707.652,610.9212,605.346,1566.856,3223.836,3382.744,3301.046,3294.9652,3315.198,3261.708,3448.9292,3439.0652,3480.214,3571.4472,3550.876,3445.8112,3591.118,3554.4,3664.8112,3439.216,3102.6592,2374.914,628.1012,65270.7928
1666,2022-07-25,517.5,460.0,517.5,603.75,3191.25,5520.0,6497.5,6440.0,5405.0,4341.25,4283.75,4427.5,4686.25,4542.5,4513.75,5433.75,6123.75,6698.75,6555.0,5778.75,4513.75,3392.5,3018.75,1667.5,99130.0
1667,2022-07-26,603.75,575.0,575.0,661.25,3248.75,6066.25,4082.5,5002.5,5290.0,4657.5,4283.75,4341.25,4398.75,4456.25,4513.75,5318.75,6296.25,6641.25,6583.75,5865.0,4600.0,3708.75,3421.25,1725.0,96916.25
1668,2022-07-27,661.25,690.0,632.5,690.0,3392.5,6008.75,6583.75,6267.5,5088.75,4542.5,4456.25,4111.25,4370.0,4513.75,4456.25,5290.0,6238.75,6670.0,7043.75,5893.75,4513.75,3737.5,3047.5,1811.25,100711.25
1669,2022-07-28,690.0,603.75,575.0,661.25,3133.75,5577.5,6296.25,6210.0,5376.25,4715.0,4398.75,4197.5,4427.5,4370.0,4485.0,5491.25,5980.0,6900.0,6871.25,5577.5,4571.25,3478.75,3047.5,1667.5,99302.5
1670,2022-07-29,661.25,690.0,690.0,690.0,3335.0,6037.5,6526.25,6181.25,5433.75,4571.25,4370.0,4283.75,4485.0,4571.25,4571.25,5318.75,6123.75,7072.5,6928.75,6267.5,5060.0,3938.75,3248.75,1868.75,102925.0
1671,2022-07-30,431.25,345.0,402.5,747.5,3105.0,5031.25,5491.25,5433.75,4571.25,4168.75,4025.0,4456.25,5232.5,5750.0,6181.25,5893.75,5807.5,5980.0,5175.0,4600.0,4226.25,3766.25,3421.25,1667.5,95910.0
1672,2022-07-31,575.0,575.0,575.0,575.0,1408.75,3076.25,3220.0,3220.0,3133.75,3277.5,3306.25,3306.25,3335.0,3478.75,3450.0,3565.0,3478.75,3565.0,3622.5,3507.5,3363.75,3248.75,2300.0,747.5,63911.25
1673,2022-08-01,690.0,632.5,575.0,661.25,3076.25,5405.0,5721.25,6210.0,4945.0,4398.75,4226.25,4513.75,4197.5,4456.25,4456.25,5347.5,6152.5,6583.75,6238.75,5002.5,4427.5,3651.25,3306.25,1725.0,96600.0
1674,2022-08-02,690.0,661.25,603.75,661.25,3220.0,5117.5,5865.0,6095.0,4686.25,4456.25,4226.25,4312.5,4513.75,4427.5,4456.25,4973.75,4370.0,5117.5,5980.0,5606.25,4628.75,3766.25,3335.0,1811.25,93581.25
1675,2022-08-03,747.5,661.25,632.5,718.75,3248.75,5721.25,6756.25,6353.75,4973.75,4686.25,4542.5,4398.75,4398.75,4456.25,4341.25,5088.75,6152.5,6986.25,7015.0,5807.5,4743.75,3651.25,3248.75,1811.25,101142.5
1676,2022-08-04,661.25,632.5,690.0,690.0,3450.0,5951.25,6382.5,6210.0,4887.5,4571.25,4513.75,4370.0,4398.75,4657.5,4542.5,5347.5,6353.75,6813.75,6238.75,5750.0,4743.75,4053.75,3277.5,1840.0,101027.5
1677,2022-08-05,690.0,718.75,632.5,747.5,3076.25,5635.0,6181.25,6411.25,5117.5,4370.0,3967.5,4025.0,3996.25,4226.25,4370.0,5203.75,3507.5,5663.75,6698.75,5290.0,4370.0,3651.25,3363.75,2702.5,94616.25
1678,2022-08-06,1523.75,460.0,460.0,603.75,2875.0,4542.5,5232.5,5405.0,4398.75,3737.5,3737.5,4053.75,4628.75,5433.75,5606.25,5865.0,5750.0,5577.5,5318.75,4715.0,4168.75,3478.75,3220.0,2817.5,93610.0
1679,2022-08-07,1322.5,603.75,632.5,632.5,1351.25,2903.75,3133.75,2990.0,2961.25,3306.25,3450.0,3536.25,3536.25,3565.0,3708.75,3680.0,3680.0,3593.75,3593.75,3421.25,3277.5,3335.0,2328.75,661.25,65205.0
1680,2022-08-08,575.0,575.0,575.0,661.25,3277.5,5922.5,6468.75,6267.5,5433.75,4715.0,4571.25,4427.5,4542.5,4485.0,4427.5,5232.5,6353.75,6986.25,7130.0,6353.75,4686.25,3766.25,3248.75,1753.75,102436.25
1681,2022-08-09,718.75,690.0,718.75,776.25,3363.75,5951.25,5318.75,6382.5,5318.75,4628.75,4398.75,4571.25,4600.0,4485.0,4571.25,5491.25,6411.25,6756.25,6842.5,5951.25,4657.5,3766.25,3306.25,1811.25,101487.5
1682,2022-08-10,632.5,575.0,603.75,661.25,3133.75,5750.0,6555.0,6411.25,4916.25,4485.0,4341.25,4226.25,4485.0,4715.0,4743.75,5750.0,6267.5,6727.5,6612.5,5721.25,4456.25,3565.0,3076.25,1725.0,100136.25
1683,2022-08-11,603.75,517.5,488.75,603.75,2990.0,5462.5,6325.0,6325.0,5405.0,4542.5,4456.25,4341.25,4456.25,4485.0,4312.5,5347.5,5922.5,6813.75,6468.75,5462.5,4887.5,3737.5,3191.25,1782.5,98928.75
1684,2022-08-12,603.75,546.25,546.25,718.75,2961.25,5865.0,6440.0,6555.0,5031.25,4398.75,4427.5,4427.5,4456.25,4686.25,4743.75,5347.5,6296.25,6555.0,6296.25,5836.25,4715.0,3766.25,3277.5,1753.75,100251.25
1685,2022-08-13,546.25,517.5,488.75,632.5,2961.25,4801.25,5577.5,5491.25,4628.75,3852.5,3881.25,3967.5,4830.0,5692.5,5922.5,5951.25,5778.75,5635.0,5376.25,4686.25,4140.0,3536.25,3248.75,2645.0,94788.75
1686,2022-08-14,1351.25,575.0,517.5,488.75,1207.5,3018.75,3047.5,3133.75,2990.0,3363.75,3478.75,3335.0,3507.5,3536.25,3565.0,3680.0,3622.5,3536.25,3421.25,3421.25,3306.25,3162.5,2156.25,488.75,63911.25
1687,2022-08-15,460.0,488.75,488.75,460.0,1092.5,2731.25,2760.0,2875.0,2961.25,3220.0,3392.5,3766.25,4053.75,4111.25,4053.75,4053.75,3823.75,3708.75,3766.25,3478.75,3220.0,3133.75,2731.25,1380.0,66211.25
1688,2022-08-16,488.75,488.75,575.0,690.0,2846.25,5290.0,6267.5,6411.25,5433.75,4715.0,4398.75,4513.75,4830.0,4801.25,4542.5,5462.5,6210.0,6698.75,7130.0,5980.0,4628.75,3593.75,3076.25,1667.5,100740.0
1689,2022-08-17,603.75,575.0,661.25,661.25,3047.5,5778.75,6526.25,6698.75,5548.75,4513.75,4283.75,4082.5,4513.75,4427.5,4743.75,5663.75,6612.5,6698.75,6382.5,5606.25,4916.25,3852.5,3191.25,1725.0,101315.0
1690,2022-08-18,632.5,575.0,632.5,718.75,3191.25,5893.75,6382.5,6612.5,5433.75,4686.25,4312.5,4600.0,4801.25,4657.5,4973.75,5577.5,6468.75,6871.25,6785.0,5778.75,4398.75,3996.25,3421.25,1581.25,102982.5
1691,2022-08-19,575.0,575.0,603.75,661.25,3162.5,5980.0,6785.0,6382.5,5203.75,4743.75,4571.25,4628.75,4858.75,4801.25,4628.75,5376.25,6267.5,6871.25,6813.75,5778.75,4686.25,3737.5,3277.5,1610.0,102580.0
1692,2022-08-20,517.5,517.5,517.5,718.75,2788.75,5002.5,5606.25,5491.25,4485.0,4082.5,3938.75,4197.5,5060.0,5635.0,5663.75,5663.75,5721.25,5491.25,5088.75,4772.5,4283.75,3737.5,3277.5,1667.5,93926.25
1693,2022-08-21,575.0,488.75,546.25,488.75,1150.0,2903.75,3162.5,3047.5,2903.75,3133.75,3191.25,3133.75,3306.25,3277.5,3363.75,3450.0,3392.5,3507.5,3593.75,3450.0,3133.75,3162.5,2328.75,575.0,61266.25
1694,2022-08-22,575.0,517.5,546.25,661.25,3018.75,5433.75,5922.5,5807.5,5290.0,4283.75,4111.25,4628.75,4312.5,4513.75,4312.5,5117.5,5778.75,6555.0,6813.75,6066.25,4628.75,3823.75,3248.75,1437.5,97405.0
1695,2022-08-23,575.0,575.0,575.0,632.5,3047.5,5807.5,6296.25,6325.0,5405.0,4485.0,4312.5,4312.5,4513.75,4686.25,4628.75,5663.75,6095.0,7015.0,6698.75,5606.25,4743.75,3967.5,3191.25,1552.5,100711.25
1696,2022-08-24,632.5,575.0,575.0,661.25,2961.25,5663.75,6296.25,6325.0,5232.5,4283.75,4283.75,4255.0,4542.5,4513.75,4686.25,5491.25,6670.0,7015.0,7043.75,6095.0,4916.25,3910.0,3363.75,1581.25,101573.75
1697,2022-08-25,603.75,575.0,575.0,661.25,3133.75,5893.75,6612.5,6382.5,5060.0,4513.75,4485.0,4456.25,4715.0,4686.25,4600.0,5462.5,6325.0,7101.25,6813.75,6123.75,4801.25,3996.25,3191.25,1495.0,102263.75
1698,2022-08-26,632.5,632.5,690.0,632.5,3162.5,5232.5,6238.75,6267.5,5060.0,4628.75,4197.5,4283.75,4513.75,4513.75,4370.0,5520.0,6267.5,6382.5,5405.0,5462.5,4830.0,3737.5,3306.25,1638.75,97606.25
1699,2022-08-27,431.25,345.0,488.75,632.5,2961.25,5261.25,5807.5,5606.25,4916.25,4370.0,4025.0,4312.5,5146.25,5635.0,5807.5,5663.75,5663.75,5893.75,5146.25,4542.5,4025.0,3450.0,3162.5,1495.0,94788.75
1700,2022-08-28,517.5,546.25,517.5,517.5,1092.5,2731.25,2932.5,2961.25,2846.25,3248.75,3335.0,3220.0,3306.25,3306.25,3421.25,3507.5,3651.25,3795.0,3737.5,3392.5,3392.5,3248.75,2098.75,517.5,61841.25
1701,2022-08-29,488.75,460.0,488.75,546.25,3076.25,5031.25,5980.0,5663.75,5721.25,4715.0,4312.5,4542.5,4715.0,4715.0,4715.0,5548.75,6210.0,6957.5,6756.25,5865.0,4628.75,3593.75,3133.75,1753.75,99618.75
1702,2022-08-30,690.0,690.0,690.0,690.0,3220.0,5520.0,6353.75,6353.75,5491.25,4628.75,4542.5,4398.75,4513.75,4657.5,4600.0,5376.25,6152.5,6842.5,6842.5,5520.0,4600.0,3852.5,3335.0,1782.5,101343.75
1703,2022-08-31,1121.25,1063.75,1092.5,632.5,2875.0,5175.0,6296.25,6181.25,5692.5,4628.75,4255.0,4312.5,4427.5,4398.75,4370.0,5060.0,6267.5,6670.0,6957.5,5922.5,4715.0,3737.5,3277.5,1725.0,100855.0
1704,2022-09-01,632.5,575.0,575.0,632.5,3018.75,5750.0,6210.0,6238.75,5088.75,4456.25,4226.25,4513.75,4571.25,4830.0,4628.75,5261.25,6238.75,6555.0,6181.25,5692.5,4571.25,3622.5,3335.0,1897.5,99302.5
1705,2022-09-02,287.5,0.0,230.0,718.75,2990.0,5750.0,6181.25,6008.75,5261.25,4657.5,4255.0,4456.25,4370.0,4255.0,4398.75,5088.75,5865.0,6210.0,6440.0,5606.25,4628.75,3766.25,3248.75,1696.25,96370.0
1706,2022-09-03,316.25,0.0,0.0,431.25,2932.5,5175.0,5893.75,5548.75,4628.75,3967.5,3996.25,4398.75,4772.5,5721.25,5778.75,5376.25,5462.5,5692.5,5117.5,4715.0,4111.25,3622.5,3105.0,1466.25,92230.0
1707,2022-09-04,258.75,0.0,0.0,201.25,2070.0,3795.0,4571.25,4600.0,3795.0,3565.0,3651.25,3766.25,3565.0,3507.5,3565.0,3450.0,3335.0,3852.5,3593.75,3220.0,3622.5,3018.75,2213.75,517.5,67735.0
1708,2022-09-05,488.75,460.0,517.5,603.75,3220.0,5232.5,6152.5,6210.0,5347.5,4686.25,4053.75,3996.25,4427.5,4427.5,4542.5,5290.0,5980.0,6698.75,6583.75,5778.75,4686.25,3795.0,3248.75,1581.25,98008.75
1709,2022-09-06,575.0,661.25,661.25,603.75,2990.0,5175.0,6008.75,5807.5,5060.0,4600.0,4571.25,4341.25,4743.75,4341.25,4341.25,5203.75,6152.5,6526.25,6526.25,5692.5,4513.75,3910.0,3306.25,1696.25,98008.75
1710,2022-09-07,517.5,546.25,517.5,632.5,2990.0,5318.75,5635.0,6382.5,5002.5,4370.0,4542.5,4600.0,4398.75,4398.75,4370.0,5290.0,6037.5,6641.25,6325.0,5520.0,4743.75,3593.75,3133.75,1725.0,97232.5
1711,2022-09-08,460.0,546.25,603.75,690.0,3018.75,4830.0,6037.5,6066.25,5002.5,4427.5,4456.25,4427.5,4341.25,4341.25,4341.25,5060.0,5980.0,6382.5,6727.5,5778.75,4686.25,3852.5,3248.75,1667.5,96973.75
1712,2022-09-09,431.25,345.0,460.0,690.0,3076.25,5721.25,5778.75,6296.25,4916.25,4283.75,4312.5,4197.5,4283.75,4197.5,4312.5,4858.75,6267.5,6928.75,6670.0,5635.0,4916.25,3938.75,3277.5,1638.75,97433.75
1713,2022-09-10,402.5,258.75,258.75,632.5,2903.75,5203.75,5778.75,5606.25,5060.0,4168.75,4140.0,4255.0,4858.75,5980.0,5721.25,5893.75,5807.5,5663.75,5606.25,4830.0,3852.5,3133.75,2501.25,1380.0,93897.5
1714,2022-09-11,488.75,460.0,460.0,546.25,1035.0,2300.0,2472.5,2558.75,2386.25,2702.5,2673.75,2817.5,2702.5,2760.0,2932.5,2961.25,2961.25,2932.5,2903.75,2788.75,2616.25,2472.5,1926.25,517.5,51376.25
1715,2022-09-12,402.5,373.75,517.5,690.0,2587.5,4398.75,4743.75,4657.5,4053.75,3593.75,3536.25,3507.5,3536.25,3450.0,3421.25,3967.5,4686.25,5318.75,5146.25,4743.75,3766.25,2990.0,2443.75,1437.5,77970.0
1716,2022-09-13,575.0,575.0,575.0,661.25,2415.0,4053.75,4973.75,4772.5,3881.25,3450.0,3421.25,3248.75,3507.5,3421.25,3450.0,3795.0,4600.0,5175.0,5347.5,4686.25,3593.75,2990.0,2530.0,1322.5,77021.25
1717,2022-09-14,517.5,460.0,488.75,603.75,2443.75,4370.0,4715.0,4887.5,4168.75,3680.0,3392.5,3363.75,3507.5,3277.5,3306.25,3881.25,4657.5,5376.25,5175.0,4398.75,3622.5,2875.0,2472.5,1380.0,77021.25
1718,2022-09-15,460.0,460.0,546.25,603.75,2472.5,4312.5,4743.75,4628.75,3852.5,3536.25,3277.5,3392.5,3392.5,3536.25,3450.0,4168.75,4743.75,5088.75,5203.75,4628.75,3881.25,3047.5,2558.75,1466.25,77452.5
1719,2022-09-16,373.75,316.25,431.25,546.25,2300.0,4283.75,4743.75,4571.25,3996.25,3335.0,3450.0,3392.5,3478.75,3565.0,3593.75,4226.25,5060.0,5060.0,5146.25,4456.25,3450.0,3018.75,2702.5,1322.5,76820.0
1720,2022-09-17,488.75,460.0,488.75,517.5,2242.5,4025.0,4398.75,4226.25,3248.75,3392.5,3133.75,3421.25,3795.0,4485.0,4226.25,4283.75,4111.25,4140.0,4025.0,3622.5,3076.25,2990.0,2645.0,1408.75,72852.5
1721,2022-09-18,460.0,460.0,431.25,431.25,1006.25,2156.25,2185.0,2357.5,2328.75,2501.25,2501.25,2587.5,2645.0,2587.5,2673.75,2645.0,2616.25,2760.0,2731.25,2616.25,2673.75,2501.25,1868.75,603.75,48328.75
1722,2022-09-19,460.0,460.0,460.0,575.0,2271.25,3996.25,4370.0,4140.0,4140.0,3363.75,3018.75,3105.0,3220.0,3392.5,3478.75,3708.75,4283.75,4858.75,5117.5,4571.25,3910.0,2932.5,2472.5,1466.25,73772.5
1723,2022-09-20,402.5,345.0,402.5,603.75,2501.25,4398.75,4715.0,4715.0,3680.0,3248.75,3220.0,3191.25,3306.25,3191.25,3220.0,3708.75,4456.25,4801.25,4715.0,4370.0,3593.75,2788.75,2386.25,1495.0,73456.25
1724,2022-09-21,517.5,460.0,460.0,690.0,2415.0,4255.0,4830.0,4916.25,4255.0,3536.25,3536.25,3306.25,3565.0,3335.0,3392.5,3910.0,4715.0,4255.0,5318.75,4628.75,3766.25,3047.5,2530.0,1466.25,77107.5
1725,2022-09-22,460.0,460.0,460.0,661.25,2443.75,4140.0,4600.0,4628.75,3938.75,3335.0,3306.25,3162.5,3220.0,3133.75,3363.75,3708.75,4686.25,5031.25,5088.75,4427.5,3622.5,2846.25,2472.5,1380.0,74577.5
1726,2022-09-23,460.0,402.5,460.0,603.75,2415.0,4197.5,4801.25,4571.25,3967.5,3363.75,3248.75,3277.5,3162.5,3392.5,3392.5,3881.25,4571.25,5002.5,5146.25,4542.5,3680.0,2817.5,2501.25,1495.0,75353.75
1727,2022-09-24,517.5,488.75,460.0,632.5,2386.25,3881.25,4226.25,4226.25,3335.0,3047.5,3076.25,3277.5,3766.25,3996.25,4168.75,4025.0,4140.0,4398.75,3852.5,3450.0,3277.5,2932.5,2472.5,1351.25,71386.25
1728,2022-09-25,546.25,488.75,460.0,460.0,1121.25,2300.0,2472.5,2415.0,1207.5,0.0,0.0,0.0,0.0,0.0,2328.75,2817.5,2817.5,2903.75,2788.75,2673.75,2558.75,2472.5,1840.0,603.75,35276.25
1729,2022-09-26,488.75,488.75,488.75,575.0,2472.5,4341.25,4858.75,5088.75,3967.5,3565.0,3478.75,3306.25,3651.25,3651.25,3680.0,4370.0,5088.75,5261.25,5203.75,4628.75,3737.5,3076.25,2645.0,1495.0,79608.75
1730,2022-09-27,460.0,402.5,402.5,632.5,2472.5,4168.75,4226.25,5060.0,3910.0,3392.5,3565.0,3536.25,3421.25,3478.75,3565.0,4025.0,4772.5,5232.5,5232.5,4542.5,3795.0,3047.5,2587.5,1610.0,77538.75
1731,2022-09-28,431.25,431.25,402.5,661.25,2415.0,4456.25,4973.75,4830.0,4025.0,3565.0,3076.25,2932.5,3248.75,3306.25,3363.75,3766.25,4341.25,5060.0,5088.75,4485.0,3708.75,3018.75,2587.5,1380.0,75555.0
1732,2022-09-29,603.75,575.0,632.5,718.75,2386.25,4312.5,4772.5,4657.5,3967.5,3478.75,3363.75,3421.25,3421.25,3392.5,2990.0,3680.0,4542.5,5060.0,5261.25,4657.5,3622.5,2846.25,2558.75,1351.25,76273.75
1733,2022-09-30,517.5,517.5,546.25,632.5,2386.25,4140.0,4571.25,4427.5,3565.0,3162.5,3248.75,3277.5,3306.25,3507.5,3421.25,3823.75,4715.0,5002.5,5060.0,4370.0,3622.5,2990.0,2530.0,1437.5,74778.75
1734,2022-10-01,488.75,546.25,603.75,690.0,2415.0,4025.0,4341.25,4226.25,3478.75,3076.25,3018.75,3162.5,3795.0,4312.5,4456.25,4485.0,4398.75,4168.75,4025.0,3565.0,3076.25,2702.5,2443.75,1408.75,72910.0
1735,2022-10-02,603.75,546.25,575.0,517.5,1035.0,2271.25,2300.0,2271.25,2357.5,2443.75,2731.25,2558.75,2673.75,2788.75,2817.5,2760.0,2760.0,2788.75,2817.5,2702.5,2673.75,2472.5,1868.75,431.25,49766.25
1736,2022-10-03,345.0,345.0,402.5,575.0,2357.5,3910.0,4686.25,2903.75,3967.5,3565.0,3335.0,3478.75,3536.25,3507.5,3680.0,3967.5,5146.25,5462.5,5318.75,4485.0,3852.5,3248.75,2760.0,1466.25,76302.5
1737,2022-10-04,603.75,575.0,661.25,575.0,2616.25,4456.25,5088.75,4830.0,3881.25,3565.0,3363.75,3450.0,3737.5,3565.0,3651.25,4168.75,5088.75,4945.0,5318.75,4398.75,3507.5,2846.25,2501.25,1466.25,78861.25
1738,2022-10-05,488.75,603.75,546.25,546.25,2501.25,4197.5,3910.0,4571.25,4140.0,3593.75,3335.0,3450.0,3450.0,3277.5,3536.25,4053.75,5031.25,5491.25,5577.5,4801.25,3737.5,3047.5,2587.5,1351.25,77826.25
1739,2022-10-06,546.25,488.75,488.75,546.25,2415.0,4456.25,4887.5,4858.75,4053.75,3651.25,3335.0,3363.75,3220.0,3450.0,3421.25,3996.25,5002.5,5175.0,5002.5,4513.75,3335.0,2731.25,2558.75,1667.5,77165.0
1740,2022-10-07,546.25,603.75,575.0,603.75,2501.25,4370.0,5031.25,4801.25,3967.5,3651.25,3507.5,3363.75,3507.5,3478.75,3565.0,3881.25,4858.75,5117.5,5376.25,4398.75,3421.25,2702.5,2415.0,1293.75,77538.75
1741,2022-10-08,488.75,460.0,460.0,575.0,2127.5,3622.5,4082.5,4111.25,3450.0,2903.75,2961.25,3162.5,3392.5,4283.75,4456.25,4283.75,4226.25,4053.75,3795.0,3047.5,2760.0,2472.5,2415.0,1236.25,68827.5
1742,2022-10-09,460.0,402.5,460.0,460.0,1035.0,2213.75,2300.0,2185.0,2127.5,2271.25,2386.25,2357.5,2386.25,2271.25,2386.25,2443.75,2472.5,2443.75,2645.0,2587.5,2415.0,2271.25,1523.75,632.5,45137.5
1743,2022-10-10,546.25,575.0,488.75,546.25,2357.5,4140.0,4657.5,4628.75,3967.5,3363.75,3335.0,3306.25,3421.25,3450.0,3478.75,3852.5,4772.5,5290.0,5203.75,4341.25,3593.75,2846.25,2645.0,1293.75,76101.25
1744,2022-10-11,287.5,230.0,431.25,575.0,2386.25,4082.5,4830.0,4600.0,3708.75,3248.75,3220.0,3335.0,3392.5,3363.75,3507.5,3823.75,4628.75,5203.75,4945.0,4168.75,3421.25,2990.0,2558.75,1236.25,74175.0
1745,2022-10-12,460.0,460.0,488.75,575.0,2242.5,4456.25,4887.5,4830.0,3881.25,3220.0,3277.5,3363.75,3421.25,3335.0,3392.5,3823.75,4571.25,5175.0,5146.25,4312.5,3651.25,3018.75,2645.0,1293.75,75928.75
1746,2022-10-13,488.75,517.5,546.25,603.75,2386.25,4168.75,4830.0,4657.5,3852.5,3220.0,3277.5,3277.5,3335.0,3248.75,3306.25,3536.25,4657.5,5175.0,5232.5,4571.25,3478.75,2903.75,2530.0,1236.25,75037.5
1747,2022-10-14,546.25,460.0,488.75,546.25,2098.75,4255.0,4887.5,4858.75,3938.75,3277.5,3277.5,3335.0,3507.5,3450.0,3392.5,3795.0,4571.25,5117.5,5117.5,4571.25,3593.75,2990.0,2558.75,1408.75,76043.75
1748,2022-10-15,488.75,460.0,488.75,546.25,2300.0,3910.0,3996.25,4140.0,3277.5,2961.25,2990.0,3047.5,3967.5,4255.0,4341.25,4312.5,4053.75,4226.25,3795.0,3191.25,2645.0,2530.0,2328.75,1236.25,69488.75
1749,2022-10-16,603.75,603.75,575.0,632.5,1466.25,3708.75,3881.25,3938.75,3708.75,4140.0,4140.0,3910.0,4197.5,4255.0,4197.5,4111.25,4398.75,4312.5,4571.25,4226.25,4197.5,3996.25,2731.25,460.0,76963.75
1750,2022-10-17,0.0,0.0,0.0,0.0,0.0,0.0,0.0,0.0,0.0,0.0,0.0,0.0,0.0,0.0,0.0,0.0,0.0,0.0,0.0,0.0,0.0,0.0,0.0,115.0,115.0
1751,2022-10-18,316.25,460.0,460.0,632.5,2472.5,4370.0,4168.75,4571.25,4312.5,3680.0,3277.5,3306.25,3478.75,3421.25,3335.0,3852.5,4600.0,5060.0,5146.25,4542.5,3421.25,2875.0,2443.75,1351.25,75555.0
1752,2022-10-19,546.25,460.0,488.75,632.5,2386.25,4053.75,4657.5,4801.25,3680.0,3392.5,3335.0,3335.0,3680.0,3651.25,3450.0,4226.25,4830.0,5203.75,5002.5,4456.25,3363.75,3047.5,2530.0,1293.75,76503.75
1753,2022-10-20,632.5,575.0,603.75,603.75,2328.75,3737.5,4341.25,4513.75,3737.5,3248.75,3047.5,3105.0,3507.5,3392.5,3450.0,3708.75,4772.5,5405.0,5376.25,4542.5,3450.0,3047.5,2616.25,1380.0,75123.75
1754,2022-10-21,517.5,517.5,460.0,603.75,2328.75,3938.75,3076.25,3680.0,3910.0,3392.5,3220.0,3335.0,3277.5,3507.5,3507.5,3881.25,4686.25,5203.75,5088.75,4542.5,3536.25,3105.0,2616.25,1380.0,73312.5
1755,2022-10-22,460.0,460.0,488.75,603.75,2357.5,3910.0,4168.75,3910.0,3478.75,2961.25,2990.0,3133.75,3795.0,4341.25,4542.5,4456.25,3823.75,3680.0,3191.25,3047.5,2731.25,2558.75,2328.75,1437.5,68856.25
1756,2022-10-23,603.75,575.0,517.5,460.0,1035.0,2415.0,2443.75,2501.25,2300.0,2530.0,2386.25,2415.0,2530.0,2587.5,2645.0,2673.75,2673.75,2530.0,2501.25,2443.75,2415.0,2300.0,1638.75,575.0,47696.25
1757,2022-10-24,546.25,546.25,460.0,546.25,2386.25,4312.5,4772.5,4743.75,3996.25,3450.0,3248.75,3335.0,3220.0,3363.75,3248.75,3651.25,4686.25,5203.75,5232.5,4628.75,3593.75,3162.5,2530.0,1408.75,76273.75
1758,2022-10-25,488.75,460.0,460.0,517.5,2501.25,4226.25,4772.5,4715.0,3565.0,3277.5,3277.5,3162.5,3478.75,3708.75,3507.5,3967.5,4657.5,5002.5,5318.75,4830.0,3852.5,3220.0,2587.5,1380.0,76935.0
1759,2022-10-26,575.0,517.5,488.75,575.0,2443.75,4427.5,4945.0,4772.5,4082.5,3622.5,3450.0,3421.25,3450.0,3478.75,3450.0,3766.25,4628.75,4945.0,5175.0,4542.5,3680.0,2990.0,2501.25,1466.25,77395.0
1760,2022-10-27,546.25,546.25,546.25,776.25,2530.0,4571.25,4657.5,4513.75,3795.0,3421.25,3450.0,3536.25,3565.0,3622.5,3651.25,3996.25,4945.0,5117.5,5433.75,4743.75,3795.0,3248.75,2788.75,1466.25,79263.75
1761,2022-10-28,488.75,460.0,460.0,546.25,2328.75,4082.5,4686.25,4628.75,3565.0,3220.0,3191.25,3277.5,3392.5,3220.0,3191.25,3680.0,4571.25,5232.5,5175.0,4283.75,3593.75,3018.75,2472.5,1380.0,74146.25
1762,2022-10-29,488.75,488.75,460.0,517.5,2271.25,3938.75,3852.5,3996.25,3363.75,3220.0,2990.0,2961.25,3680.0,4370.0,4513.75,4398.75,4427.5,4168.75,3852.5,3421.25,3105.0,2731.25,2530.0,1322.5,71070.0
1763,2022-10-30,488.75,1150.0,1150.0,1150.0,2127.5,4312.5,4197.5,4226.25,4485.0,4513.75,4571.25,4513.75,5060.0,4485.0,4686.25,4456.25,4542.5,4715.0,4973.75,4801.25,4686.25,4628.75,3593.75,920.0,88435.0
1764,2022-10-31,431.25,460.0,488.75,517.5,2443.75,4456.25,4858.75,4772.5,3881.25,3335.0,3392.5,3392.5,3392.5,3536.25,3565.0,2961.25,4111.25,4686.25,4858.75,3996.25,3306.25,2788.75,2501.25,1178.75,73312.5
1765,2022-11-01,345.0,345.0,373.75,575.0,2472.5,4255.0,4916.25,4858.75,3852.5,3421.25,3306.25,3335.0,3565.0,3651.25,3565.0,3881.25,4715.0,5146.25,5462.5,4858.75,3996.25,3220.0,2673.75,1408.75,78200.0
1766,2022-11-02,661.25,603.75,546.25,632.5,2328.75,4485.0,4887.5,5031.25,3823.75,3421.25,3507.5,3392.5,3507.5,3507.5,3507.5,3938.75,4772.5,5232.5,5203.75,4427.5,3593.75,2990.0,2587.5,1322.5,77912.5
1767,2022-11-03,603.75,546.25,546.25,661.25,2558.75,4686.25,4916.25,5031.25,3938.75,3680.0,3737.5,3622.5,3593.75,3708.75,3536.25,4025.0,4686.25,5462.5,5433.75,4830.0,3565.0,3076.25,2702.5,1495.0,80643.75
1768,2022-11-04,603.75,690.0,603.75,661.25,2673.75,4571.25,5117.5,5060.0,4053.75,3536.25,3335.0,3536.25,3622.5,3450.0,3507.5,4168.75,4945.0,5433.75,5520.0,4513.75,3852.5,3162.5,2702.5,1437.5,80758.75
1769,2022-11-05,575.0,575.0,575.0,718.75,2472.5,3967.5,4628.75,4456.25,3651.25,3133.75,3133.75,3450.0,4053.75,4542.5,4715.0,4542.5,4312.5,4485.0,4226.25,3622.5,3248.75,2990.0,2731.25,1523.75,76331.25
1770,2022-11-06,632.5,603.75,575.0,603.75,1236.25,2587.5,2587.5,2645.0,2386.25,2558.75,2673.75,2788.75,2760.0,2702.5,2788.75,2817.5,2817.5,2817.5,2846.25,2788.75,2673.75,2530.0,1983.75,603.75,52008.75
1771,2022-11-07,575.0,575.0,575.0,575.0,1207.5,2415.0,2530.0,2501.25,2472.5,2673.75,2846.25,2788.75,2846.25,2961.25,3076.25,3018.75,2961.25,2990.0,3018.75,2903.75,2760.0,2673.75,2041.25,690.0,53676.25
1772,2022-11-08,690.0,632.5,690.0,718.75,2357.5,4255.0,4858.75,4887.5,4398.75,3622.5,3421.25,3478.75,3593.75,3450.0,3565.0,3680.0,4686.25,4082.5,3277.5,4341.25,3967.5,3335.0,2961.25,1523.75,76475.0
1773,2022-11-09,488.75,345.0,345.0,517.5,2846.25,4686.25,5117.5,5031.25,4197.5,3565.0,3622.5,3622.5,3651.25,3593.75,3708.75,4168.75,5060.0,5606.25,5663.75,4743.75,3680.0,3162.5,2788.75,1552.5,81765.0
1774,2022-11-10,575.0,575.0,575.0,776.25,2875.0,4600.0,5376.25,4456.25,3938.75,3938.75,3708.75,3593.75,3680.0,3651.25,3823.75,4053.75,4657.5,5433.75,5376.25,4542.5,3421.25,3363.75,2731.25,1495.0,81218.75
1775,2022-11-11,517.5,546.25,460.0,603.75,2501.25,4255.0,4715.0,4858.75,3967.5,3392.5,3392.5,3392.5,3536.25,3478.75,3536.25,3967.5,4657.5,5146.25,5203.75,4283.75,3766.25,3277.5,2702.5,1466.25,77625.0
1776,2022-11-12,460.0,460.0,517.5,546.25,2357.5,4025.0,4513.75,4168.75,3507.5,3133.75,3162.5,3220.0,3766.25,4341.25,4456.25,4341.25,4370.0,4341.25,3795.0,3306.25,2903.75,2645.0,2213.75,1236.25,71788.75
1777,2022-11-13,460.0,488.75,517.5,460.0,948.75,2271.25,2357.5,2415.0,2271.25,2587.5,2501.25,2501.25,2616.25,2788.75,2616.25,2501.25,2558.75,2673.75,2731.25,2645.0,2501.25,2328.75,1753.75,488.75,47983.75
1778,2022-11-14,460.0,460.0,460.0,460.0,1121.25,2242.5,2386.25,2242.5,2300.0,2443.75,2530.0,2558.75,2645.0,2788.75,2702.5,2788.75,2702.5,2932.5,2903.75,2731.25,2731.25,2587.5,1983.75,575.0,49737.5
1779,2022-11-15,603.75,575.0,575.0,603.75,2530.0,4513.75,4945.0,4945.0,4025.0,3507.5,3306.25,3047.5,3335.0,3478.75,3507.5,3938.75,4025.0,4197.5,4772.5,4801.25,3478.75,3133.75,2645.0,1293.75,75785.0
1780,2022-11-16,143.75,0.0,86.25,575.0,2530.0,3881.25,4715.0,5002.5,4197.5,3335.0,3306.25,3335.0,3133.75,3392.5,3392.5,3737.5,4600.0,5175.0,5405.0,4945.0,4082.5,3162.5,2702.5,1437.5,76273.75
1781,2022-11-17,632.5,575.0,575.0,603.75,2472.5,4168.75,4858.75,4657.5,3881.25,3478.75,3306.25,3392.5,3392.5,3392.5,3363.75,3910.0,4571.25,4743.75,5117.5,5060.0,3938.75,3392.5,2530.0,1322.5,77337.5
1782,2022-11-18,575.0,575.0,575.0,603.75,2731.25,4600.0,4830.0,4887.5,3536.25,3277.5,3105.0,3392.5,3536.25,3565.0,3536.25,3910.0,4485.0,4887.5,5060.0,4657.5,3852.5,3306.25,2645.0,1638.75,77768.75
1783,2022-11-19,977.5,575.0,575.0,603.75,2386.25,3996.25,4283.75,4111.25,3450.0,3076.25,3047.5,3306.25,4111.25,4686.25,4542.5,4283.75,4312.5,4312.5,4140.0,3478.75,3162.5,2731.25,2587.5,1610.0,74347.5
1784,2022-11-20,1006.25,488.75,460.0,488.75,1092.5,2271.25,2213.75,2127.5,2271.25,2558.75,2616.25,2645.0,2530.0,2673.75,2558.75,2645.0,2673.75,2731.25,2817.5,2702.5,2702.5,2558.75,1926.25,575.0,49335.0
1785,2022-11-21,488.75,575.0,488.75,575.0,2386.25,4140.0,4427.5,4743.75,3766.25,3277.5,3450.0,3248.75,3335.0,3335.0,3306.25,3881.25,4858.75,5175.0,5405.0,4456.25,3996.25,3191.25,2616.25,1552.5,76676.25
1786,2022-11-22,517.5,603.75,546.25,517.5,2357.5,4312.5,4945.0,4801.25,3967.5,3191.25,3248.75,3220.0,3335.0,3335.0,3565.0,4111.25,5002.5,5203.75,5203.75,4686.25,3823.75,3162.5,2616.25,1293.75,77567.5
1787,2022-11-23,1293.75,546.25,488.75,575.0,2472.5,3881.25,4485.0,4427.5,3536.25,3392.5,3191.25,3277.5,3450.0,3507.5,3478.75,3996.25,4830.0,5088.75,5347.5,4858.75,3766.25,3105.0,2530.0,1351.25,76877.5
1788,2022-11-24,546.25,460.0,488.75,546.25,2472.5,4255.0,4830.0,4715.0,3507.5,3018.75,3076.25,3220.0,3248.75,3191.25,3277.5,3622.5,4427.5,4916.25,3967.5,4427.5,4082.5,3248.75,2616.25,1437.5,73600.0
1789,2022-11-25,517.5,488.75,460.0,603.75,2443.75,4168.75,4743.75,4427.5,3622.5,3191.25,3076.25,3105.0,3133.75,3248.75,3622.5,3852.5,4600.0,4772.5,4600.0,4427.5,3823.75,3162.5,2702.5,1408.75,74203.75
1790,2022-11-26,460.0,460.0,460.0,632.5,2443.75,3938.75,4427.5,4341.25,3593.75,3191.25,3076.25,3133.75,3737.5,4312.5,4255.0,4255.0,4111.25,4255.0,3910.0,3220.0,2875.0,2645.0,2530.0,1322.5,71587.5
1791,2022-11-27,460.0,460.0,460.0,460.0,1121.25,3335.0,3450.0,3421.25,3450.0,3737.5,3651.25,3766.25,3881.25,3910.0,4082.5,3823.75,3938.75,4283.75,4140.0,3910.0,3737.5,3795.0,2558.75,488.75,70322.5
1792,2022-11-28,460.0,431.25,460.0,575.0,2300.0,3737.5,4801.25,4628.75,3593.75,3277.5,2817.5,0.0,0.0,1983.75,3363.75,3967.5,4715.0,5117.5,5232.5,4571.25,3622.5,3047.5,2587.5,1437.5,66728.75
1793,2022-11-29,345.0,258.75,258.75,603.75,2443.75,4168.75,4887.5,4657.5,3766.25,3392.5,3335.0,3421.25,3450.0,3363.75,3450.0,3967.5,4772.5,4858.75,5002.5,4600.0,4053.75,3335.0,2645.0,1351.25,76388.75
1794,2022-11-30,517.5,546.25,517.5,603.75,2328.75,4140.0,4887.5,4686.25,3708.75,3335.0,3248.75,3220.0,3392.5,3306.25,3507.5,3910.0,4772.5,5060.0,5232.5,4427.5,3881.25,3277.5,2702.5,1437.5,76647.5
1795,2022-12-01,575.0,546.25,517.5,603.75,2472.5,4140.0,4686.25,4571.25,3823.75,3248.75,3277.5,3363.75,3392.5,3536.25,3536.25,3795.0,4858.75,5261.25,5203.75,4341.25,3708.75,3076.25,2702.5,1351.25,76590.0
1796,2022-12-02,603.75,575.0,575.0,632.5,2472.5,4082.5,4427.5,4283.75,3766.25,3478.75,3335.0,3478.75,3565.0,3421.25,3536.25,3938.75,4715.0,5175.0,5175.0,4916.25,4082.5,3363.75,2645.0,2098.75,78343.75
1797,2022-12-03,1236.25,546.25,460.0,575.0,2386.25,3996.25,4485.0,4082.5,3392.5,3277.5,3105.0,3392.5,3967.5,4657.5,4370.0,4053.75,4168.75,4341.25,4025.0,3392.5,3047.5,2846.25,2530.0,2098.75,74433.75
1798,2022-12-04,1322.5,517.5,460.0,460.0,1035.0,2357.5,2357.5,2386.25,2386.25,2645.0,2760.0,2616.25,2616.25,2501.25,2731.25,2645.0,2673.75,2817.5,2702.5,2702.5,2846.25,2587.5,1753.75,488.75,50370.0
1799,2022-12-05,517.5,460.0,460.0,575.0,2357.5,4370.0,4973.75,5002.5,3823.75,3277.5,3277.5,3421.25,3651.25,3450.0,3622.5,3996.25,4801.25,5117.5,5606.25,4801.25,3938.75,3133.75,2702.5,1437.5,78775.0
1800,2022-12-06,373.75,345.0,431.25,575.0,2415.0,4197.5,4801.25,4858.75,3881.25,3478.75,3335.0,3536.25,3507.5,3536.25,3622.5,3996.25,4456.25,5146.25,4686.25,4686.25,3996.25,3162.5,2702.5,1437.5,77165.0
1801,2022-12-07,690.0,690.0,661.25,603.75,2443.75,4255.0,5031.25,4600.0,3708.75,3220.0,3335.0,3248.75,3392.5,3507.5,3507.5,3996.25,4858.75,4973.75,5060.0,4945.0,4111.25,3335.0,2587.5,2098.75,78861.25
1802,2022-12-08,1207.5,460.0,460.0,546.25,1006.25,2271.25,2271.25,2271.25,2271.25,2472.5,2328.75,2443.75,2530.0,2530.0,2616.25,2645.0,2731.25,2731.25,2645.0,2415.0,2357.5,2415.0,2070.0,1236.25,48932.5
1803,2022-12-09,488.75,460.0,460.0,575.0,2185.0,4140.0,4887.5,4715.0,3766.25,3392.5,3363.75,3363.75,3450.0,3593.75,3737.5,4025.0,4772.5,5031.25,4973.75,4657.5,4025.0,3248.75,2616.25,2098.75,78027.5
1804,2022-12-10,1380.0,575.0,517.5,603.75,2300.0,3910.0,4312.5,4398.75,3708.75,3220.0,2990.0,3162.5,3910.0,4255.0,4571.25,4686.25,4312.5,4398.75,4025.0,3536.25,2817.5,2817.5,2645.0,2328.75,75382.5
1805,2022-12-11,1265.0,488.75,460.0,460.0,1063.75,2357.5,2386.25,2271.25,2242.5,2501.25,2501.25,2558.75,2616.25,2645.0,2817.5,2846.25,2760.0,2846.25,2846.25,2788.75,2731.25,2587.5,1840.0,661.25,50542.5
1806,2022-12-12,488.75,460.0,460.0,546.25,2472.5,3421.25,4197.5,4312.5,3766.25,3507.5,3335.0,3421.25,3392.5,3450.0,3593.75,3996.25,5002.5,5462.5,5405.0,4743.75,3996.25,3162.5,2731.25,1265.0,76590.0
1807,2022-12-13,201.25,172.5,345.0,575.0,2472.5,4226.25,4830.0,4801.25,3881.25,3248.75,2875.0,3191.25,3277.5,3363.75,3335.0,3795.0,4657.5,5117.5,5290.0,4945.0,4168.75,3191.25,2673.75,1380.0,76015.0
1808,2022-12-14,546.25,488.75,546.25,603.75,2558.75,4226.25,4887.5,4772.5,3766.25,3536.25,3277.5,3335.0,3593.75,3622.5,3680.0,4082.5,4715.0,4973.75,5060.0,4801.25,3881.25,3335.0,2645.0,1322.5,78257.5
1809,2022-12-15,690.0,575.0,575.0,603.75,2616.25,4226.25,4858.75,4858.75,3852.5,3277.5,3191.25,3421.25,3392.5,3421.25,3507.5,3823.75,4628.75,4945.0,5146.25,4743.75,3996.25,3335.0,2702.5,1380.0,77768.75
1810,2022-12-16,575.0,460.0,460.0,575.0,2386.25,4111.25,4743.75,4801.25,3651.25,3335.0,3392.5,3565.0,3622.5,3536.25,3536.25,4082.5,4830.0,5376.25,5261.25,4916.25,4312.5,3565.0,2760.0,2213.75,80068.75
1811,2022-12-17,1207.5,488.75,517.5,632.5,2472.5,4111.25,4398.75,4255.0,3536.25,3248.75,3105.0,3363.75,3910.0,4513.75,3967.5,4341.25,4398.75,4398.75,4312.5,3593.75,3105.0,2846.25,2702.5,2386.25,75813.75
1812,2022-12-18,1380.0,460.0,460.0,488.75,1121.25,2271.25,2472.5,2300.0,2472.5,2817.5,2702.5,2587.5,2587.5,2616.25,2788.75,2788.75,2817.5,2788.75,2990.0,2932.5,2673.75,2501.25,1811.25,546.25,51376.25
1813,2022-12-19,460.0,460.0,460.0,546.25,2472.5,4168.75,4686.25,4657.5,3651.25,3277.5,3335.0,3478.75,3507.5,3392.5,3421.25,3938.75,4341.25,5088.75,5491.25,4772.5,3910.0,3277.5,2673.75,1466.25,76935.0
1814,2022-12-20,488.75,517.5,460.0,661.25,2300.0,4140.0,4858.75,4743.75,3881.25,3593.75,3478.75,3478.75,3680.0,3478.75,3536.25,3996.25,4830.0,5146.25,5261.25,4830.0,3766.25,3133.75,2817.5,1437.5,78516.25
1815,2022-12-21,546.25,546.25,546.25,603.75,2472.5,4283.75,4772.5,4743.75,3421.25,3277.5,3335.0,3306.25,3335.0,3335.0,3392.5,3450.0,4341.25,5117.5,5232.5,4830.0,4025.0,3306.25,2875.0,1495.0,76590.0
1816,2022-12-22,546.25,460.0,460.0,603.75,2328.75,4140.0,4801.25,4830.0,3737.5,3306.25,3363.75,3507.5,3421.25,3593.75,3421.25,4226.25,4858.75,5088.75,4858.75,4743.75,4053.75,3277.5,2616.25,1581.25,77826.25
1817,2022-12-23,603.75,575.0,517.5,718.75,2415.0,4140.0,4858.75,4657.5,3593.75,3335.0,3392.5,3306.25,3392.5,3421.25,3392.5,3766.25,4801.25,5117.5,5060.0,4657.5,3996.25,3335.0,2875.0,2213.75,78142.5
1818,2022-12-24,1322.5,603.75,546.25,546.25,2328.75,3766.25,3967.5,3277.5,3076.25,3105.0,3248.75,3450.0,3478.75,3651.25,3680.0,3622.5,3450.0,3593.75,3478.75,3421.25,2817.5,2357.5,1351.25,460.0,64601.25
1819,2022-12-25,460.0,431.25,431.25,431.25,1063.75,1868.75,2070.0,2012.5,1926.25,2185.0,2300.0,2271.25,2328.75,2415.0,2386.25,2300.0,2328.75,2443.75,2558.75,2472.5,2328.75,2357.5,1811.25,603.75,43786.25
1820,2022-12-26,460.0,460.0,460.0,603.75,2357.5,4025.0,4312.5,4283.75,3363.75,3047.5,3018.75,3018.75,3248.75,3335.0,3306.25,3737.5,4456.25,4772.5,4283.75,4053.75,3593.75,2932.5,2472.5,1408.75,71012.5
1821,2022-12-27,258.75,230.0,258.75,603.75,2300.0,3795.0,4255.0,4283.75,3565.0,3191.25,2875.0,2961.25,3076.25,3392.5,3335.0,3766.25,4168.75,4657.5,4743.75,4025.0,3450.0,2875.0,2558.75,1351.25,69977.5
1822,2022-12-28,460.0,460.0,460.0,575.0,2328.75,4140.0,4398.75,4341.25,3363.75,3248.75,3162.5,3162.5,3220.0,3248.75,3363.75,3795.0,4427.5,4715.0,4858.75,4197.5,3593.75,2990.0,2673.75,1437.5,72622.5
1823,2022-12-29,546.25,460.0,517.5,575.0,2558.75,4111.25,4226.25,4283.75,3335.0,3191.25,3191.25,3191.25,3191.25,3220.0,3363.75,3766.25,4398.75,4542.5,4513.75,4140.0,3277.5,2932.5,2616.25,1523.75,71673.75
1824,2022-12-30,546.25,517.5,488.75,632.5,2472.5,3737.5,3392.5,4053.75,3363.75,3248.75,3133.75,3105.0,3162.5,3191.25,2530.0,2213.75,3105.0,3852.5,4255.0,4140.0,3651.25,2875.0,2645.0,1466.25,65780.0
1825,2022-12-31,143.75,0.0,258.75,632.5,2386.25,3680.0,3450.0,2932.5,2616.25,2673.75,2673.75,2932.5,2875.0,2875.0,2903.75,2961.25,2932.5,2932.5,2961.25,2760.0,2616.25,2271.25,1293.75,460.0,54222.5
1826,2023-01-01,460.0,460.0,460.0,460.0,920.0,1897.5,2041.25,1955.0,2012.5,2185.0,2213.75,2271.25,2242.5,2242.5,2185.0,2185.0,2213.75,2271.25,2472.5,2357.5,2357.5,2300.0,1753.75,517.5,42435.0
1827,2023-01-02,460.0,460.0,460.0,718.75,2156.25,3766.25,3967.5,3910.0,3248.75,2932.5,2932.5,3133.75,3133.75,3162.5,3133.75,3565.0,4341.25,4485.0,4513.75,4025.0,3162.5,2702.5,2443.75,1293.75,68108.75
1828,2023-01-03,345.0,287.5,488.75,632.5,2328.75,3881.25,3967.5,3766.25,3248.75,2875.0,2673.75,2846.25,3018.75,2932.5,2990.0,3478.75,4140.0,4427.5,4398.75,3881.25,3450.0,2702.5,2386.25,1495.0,66642.5
1829,2023-01-04,546.25,603.75,546.25,632.5,2328.75,3996.25,4341.25,4255.0,3478.75,3018.75,3047.5,3047.5,3047.5,3191.25,3133.75,3565.0,4255.0,4513.75,4858.75,4197.5,3737.5,2702.5,2558.75,1408.75,71012.5
1830,2023-01-05,575.0,488.75,517.5,603.75,2443.75,3938.75,4427.5,4082.5,3450.0,3191.25,3105.0,3105.0,3105.0,3191.25,3220.0,3593.75,3881.25,4140.0,4772.5,4111.25,3478.75,2875.0,2443.75,1495.0,70236.25
1831,2023-01-06,603.75,517.5,488.75,546.25,2357.5,4025.0,4226.25,4111.25,3450.0,3191.25,3076.25,3076.25,3047.5,3220.0,3277.5,3622.5,4398.75,4600.0,4485.0,4025.0,3651.25,2788.75,2415.0,1380.0,70581.25
1832,2023-01-07,488.75,460.0,517.5,603.75,2300.0,3795.0,4111.25,3996.25,3507.5,2961.25,2846.25,3076.25,3593.75,4140.0,4312.5,4197.5,4111.25,4168.75,3680.0,3277.5,2875.0,2645.0,2415.0,1437.5,69517.5
1833,2023-01-08,517.5,488.75,460.0,460.0,977.5,2386.25,2357.5,2271.25,2271.25,2415.0,2530.0,2587.5,2645.0,2645.0,2702.5,2788.75,2731.25,2070.0,2645.0,2702.5,2645.0,2472.5,1868.75,603.75,48242.5
1834,2023-01-09,460.0,460.0,460.0,460.0,1006.25,2213.75,2271.25,2386.25,2242.5,2472.5,2415.0,2530.0,2558.75,2558.75,2673.75,2673.75,2616.25,2760.0,2817.5,2760.0,2645.0,2558.75,1840.0,488.75,48328.75
1835,2023-01-10,517.5,460.0,460.0,517.5,2300.0,3536.25,4600.0,4427.5,3622.5,3191.25,3220.0,3335.0,3248.75,3450.0,3478.75,3967.5,4715.0,5146.25,5232.5,4542.5,3823.75,3162.5,2530.0,1351.25,74836.25
1836,2023-01-11,402.5,402.5,460.0,603.75,2472.5,4140.0,4686.25,4686.25,3593.75,3220.0,3306.25,3335.0,3392.5,3392.5,3421.25,3910.0,4686.25,5002.5,5146.25,3910.0,3248.75,3105.0,2530.0,1265.0,74318.75
1837,2023-01-12,517.5,460.0,517.5,632.5,2443.75,4053.75,4801.25,4686.25,3737.5,3306.25,3191.25,3363.75,3306.25,3392.5,3421.25,3795.0,4657.5,4973.75,4916.25,4571.25,3967.5,3133.75,2587.5,1351.25,75785.0
1838,2023-01-13,546.25,460.0,517.5,546.25,2386.25,3910.0,4657.5,4341.25,3737.5,3191.25,3220.0,3248.75,3220.0,3191.25,3191.25,3881.25,4830.0,4858.75,5060.0,4600.0,3766.25,3133.75,2673.75,1495.0,74663.75
1839,2023-01-14,546.25,546.25,546.25,546.25,2328.75,3910.0,4168.75,4168.75,3565.0,3277.5,3018.75,3162.5,3795.0,4226.25,4485.0,4456.25,4398.75,3996.25,3478.75,2846.25,2731.25,2673.75,2558.75,1437.5,70868.75
1840,2023-01-15,488.75,460.0,460.0,460.0,920.0,2127.5,2242.5,2127.5,2185.0,2472.5,2558.75,2530.0,2558.75,2645.0,2673.75,2673.75,2558.75,2760.0,2731.25,2731.25,2702.5,2530.0,1983.75,575.0,48156.25
1841,2023-01-16,546.25,546.25,488.75,632.5,2328.75,4197.5,4945.0,4916.25,3938.75,3220.0,3133.75,3162.5,3306.25,3421.25,3478.75,3910.0,4657.5,5031.25,5031.25,4456.25,3680.0,3335.0,2645.0,1265.0,76273.75
1842,2023-01-17,488.75,460.0,488.75,632.5,2587.5,4312.5,4945.0,4973.75,3996.25,3363.75,3248.75,3363.75,3363.75,3507.5,3507.5,4140.0,5031.25,5347.5,4887.5,4168.75,3795.0,3306.25,2616.25,1408.75,77941.25
1843,2023-01-18,230.0,57.5,402.5,603.75,2472.5,4312.5,4858.75,4743.75,3967.5,3191.25,3018.75,3133.75,3133.75,3306.25,3220.0,3680.0,4571.25,4772.5,4801.25,4398.75,3651.25,3018.75,2443.75,1322.5,73312.5
1844,2023-01-19,546.25,460.0,460.0,575.0,2386.25,4255.0,5175.0,4916.25,3996.25,3162.5,2846.25,2932.5,2932.5,3191.25,3450.0,3967.5,4973.75,5405.0,5290.0,4945.0,4025.0,3047.5,2587.5,1380.0,76906.25
1845,2023-01-20,546.25,546.25,517.5,632.5,2443.75,4226.25,5002.5,4743.75,3910.0,3392.5,3220.0,3162.5,3277.5,3306.25,3450.0,3708.75,4427.5,4801.25,5088.75,4485.0,3766.25,3191.25,2645.0,1265.0,75756.25
1846,2023-01-21,517.5,460.0,431.25,546.25,2357.5,3881.25,4111.25,4053.75,3363.75,2846.25,2932.5,3220.0,3881.25,4140.0,4283.75,4255.0,4168.75,4197.5,3737.5,3162.5,2817.5,2645.0,2328.75,1351.25,69690.0
1847,2023-01-22,460.0,460.0,460.0,460.0,1063.75,2185.0,2185.0,2156.25,2185.0,2328.75,2415.0,2300.0,2415.0,2415.0,2501.25,2587.5,2616.25,2587.5,2673.75,2558.75,2443.75,2271.25,1811.25,460.0,46000.0
1848,2023-01-23,460.0,460.0,460.0,632.5,2357.5,4140.0,4887.5,4715.0,3680.0,3105.0,3105.0,3335.0,3277.5,3248.75,3363.75,3795.0,4715.0,4916.25,5060.0,4456.25,3737.5,3047.5,2587.5,1236.25,74778.75
1849,2023-01-24,201.25,0.0,0.0,661.25,2415.0,4197.5,4973.75,4427.5,3996.25,3191.25,3220.0,3133.75,3076.25,3220.0,3392.5,3823.75,4513.75,5261.25,5175.0,4628.75,3795.0,3191.25,2645.0,1322.5,74462.5
1850,2023-01-25,517.5,603.75,517.5,603.75,2443.75,4197.5,4887.5,4628.75,3910.0,3248.75,3277.5,3306.25,3421.25,3363.75,3335.0,3881.25,4571.25,4456.25,4887.5,4686.25,3622.5,2817.5,2645.0,1380.0,75210.0
1851,2023-01-26,460.0,488.75,460.0,575.0,2271.25,3795.0,4772.5,4628.75,3708.75,3220.0,3018.75,3133.75,3248.75,3277.5,3306.25,3996.25,4887.5,5002.5,5117.5,4600.0,3651.25,3076.25,2616.25,1667.5,74980.0
1852,2023-01-27,546.25,460.0,460.0,603.75,2357.5,4140.0,4628.75,4715.0,3593.75,3335.0,3105.0,3335.0,3421.25,3363.75,3392.5,4082.5,4571.25,5146.25,5232.5,4628.75,3651.25,3047.5,2472.5,1293.75,75583.75
1853,2023-01-28,575.0,460.0,460.0,575.0,2501.25,3967.5,4226.25,4025.0,3392.5,2990.0,2990.0,3335.0,3737.5,4283.75,4255.0,4283.75,4140.0,4168.75,3910.0,3392.5,3047.5,2760.0,2587.5,1408.75,71472.5
1854,2023-01-29,460.0,488.75,460.0,460.0,1035.0,2357.5,2357.5,2242.5,2242.5,2530.0,2558.75,2386.25,2530.0,2472.5,2645.0,2587.5,2645.0,2702.5,2817.5,2558.75,2587.5,2501.25,1955.0,862.5,48443.75
1855,2023-01-30,1121.25,1035.0,977.5,575.0,2472.5,4341.25,4858.75,5088.75,3996.25,3363.75,3133.75,3162.5,3047.5,3277.5,3335.0,3852.5,4830.0,5376.25,5175.0,4600.0,3651.25,3105.0,2645.0,1351.25,78372.5
1856,2023-01-31,517.5,431.25,460.0,603.75,2357.5,4226.25,4945.0,5060.0,4140.0,3220.0,3162.5,3450.0,3335.0,3450.0,3450.0,3823.75,4600.0,5146.25,5433.75,4801.25,3910.0,3277.5,2817.5,1408.75,78027.5
1857,2023-02-01,747.5,920.0,920.0,1006.25,2846.25,4887.5,5577.5,5261.25,4226.25,3852.5,3881.25,3910.0,4025.0,3967.5,3938.75,4341.25,5318.75,5606.25,5807.5,5347.5,4255.0,3737.5,3277.5,1955.0,89613.75
1858,2023-02-02,920.0,920.0,948.75,1150.0,3708.75,6353.75,7130.0,7043.75,5577.5,4830.0,4657.5,4657.5,4830.0,4830.0,5060.0,5606.25,7130.0,7532.5,7360.0,6181.25,5520.0,4715.0,4111.25,2271.25,113045.0
1859,2023-02-03,1150.0,1121.25,948.75,603.75,2530.0,4398.75,5060.0,4973.75,3737.5,3392.5,3363.75,3162.5,3277.5,3363.75,3306.25,4082.5,4743.75,4858.75,4830.0,4427.5,3565.0,2961.25,2645.0,1437.5,77941.25
1860,2023-02-04,517.5,488.75,460.0,632.5,2213.75,3881.25,4255.0,4140.0,3421.25,3018.75,2760.0,3133.75,3766.25,4283.75,4283.75,4255.0,4168.75,3651.25,3938.75,3277.5,2760.0,2587.5,2386.25,1322.5,69603.75
1861,2023-02-05,460.0,488.75,488.75,488.75,1092.5,2271.25,2472.5,2443.75,2213.75,2415.0,2587.5,2530.0,2587.5,2616.25,2558.75,2645.0,2530.0,2587.5,2558.75,2558.75,2530.0,2472.5,1868.75,575.0,48041.25
1862,2023-02-06,460.0,517.5,460.0,575.0,2242.5,4341.25,4772.5,4743.75,3766.25,3363.75,3277.5,3335.0,3421.25,3392.5,3335.0,3823.75,4973.75,5462.5,5347.5,4255.0,3622.5,3076.25,2673.75,1351.25,76590.0
1863,2023-02-07,517.5,488.75,488.75,575.0,2472.5,4398.75,4657.5,4743.75,3852.5,3306.25,3248.75,3450.0,3565.0,3335.0,3335.0,3795.0,4830.0,5462.5,5261.25,4600.0,3938.75,3047.5,2501.25,1293.75,77165.0
1864,2023-02-08,575.0,546.25,517.5,718.75,2472.5,4427.5,4801.25,4973.75,3852.5,3162.5,3306.25,3335.0,3536.25,3392.5,3450.0,4111.25,4715.0,5376.25,5175.0,4772.5,3823.75,3220.0,2702.5,1351.25,78315.0
1865,2023-02-09,575.0,575.0,517.5,603.75,2501.25,4513.75,4945.0,4973.75,3852.5,3191.25,3220.0,3162.5,3478.75,3450.0,3363.75,3910.0,4945.0,5376.25,5347.5,4830.0,3910.0,2990.0,2760.0,1265.0,78257.5
1866,2023-02-10,603.75,632.5,546.25,632.5,2501.25,4427.5,4858.75,4945.0,3766.25,3392.5,3335.0,3363.75,3565.0,3335.0,3335.0,3967.5,5232.5,5462.5,5462.5,4628.75,3708.75,3076.25,2760.0,1322.5,78861.25
1867,2023-02-11,460.0,488.75,460.0,575.0,2328.75,3881.25,3938.75,3881.25,3335.0,2875.0,2875.0,3076.25,3680.0,4312.5,4398.75,4427.5,4283.75,4226.25,3823.75,3363.75,2846.25,2673.75,2472.5,1236.25,69920.0
1868,2023-02-12,460.0,431.25,460.0,517.5,1006.25,2300.0,2415.0,2472.5,2415.0,2530.0,2530.0,2530.0,2472.5,2530.0,2616.25,2731.25,2702.5,2760.0,2846.25,2731.25,2587.5,2501.25,1983.75,747.5,49277.5
1869,2023-02-13,575.0,632.5,575.0,603.75,2472.5,4398.75,5088.75,4887.5,3996.25,3306.25,3248.75,3335.0,3507.5,3708.75,3536.25,4053.75,4830.0,5347.5,5433.75,4657.5,3881.25,3306.25,2645.0,1293.75,79321.25
1870,2023-02-14,488.75,345.0,431.25,603.75,2501.25,4513.75,4542.5,4168.75,3651.25,3277.5,3133.75,3047.5,3277.5,3421.25,3507.5,3938.75,4887.5,5376.25,5491.25,4830.0,4025.0,3277.5,2645.0,1236.25,76618.75
1871,2023-02-15,603.75,575.0,517.5,575.0,2530.0,4370.0,4887.5,4772.5,3651.25,3133.75,3133.75,3277.5,3478.75,3392.5,3507.5,3938.75,4945.0,5261.25,5376.25,4485.0,3881.25,3047.5,2702.5,1408.75,77452.5
1872,2023-02-16,575.0,575.0,546.25,718.75,2415.0,4370.0,4916.25,4945.0,3852.5,3277.5,3248.75,3220.0,3277.5,3277.5,3277.5,4025.0,4772.5,5203.75,4772.5,4686.25,3881.25,3191.25,2673.75,1495.0,77193.75
1873,2023-02-17,517.5,460.0,517.5,632.5,2415.0,4283.75,4830.0,4887.5,4025.0,3392.5,3133.75,3392.5,3450.0,3335.0,3220.0,3938.75,4830.0,5347.5,5175.0,4686.25,3823.75,3105.0,2673.75,1437.5,77510.0
1874,2023-02-18,488.75,460.0,460.0,575.0,2357.5,3852.5,4197.5,4082.5,3593.75,2961.25,2961.25,3248.75,3852.5,4485.0,4255.0,4312.5,4168.75,4168.75,4255.0,3450.0,2990.0,2645.0,2443.75,1322.5,71587.5
1875,2023-02-19,891.25,1380.0,1207.5,1667.5,2098.75,4053.75,4283.75,4341.25,4226.25,4571.25,4801.25,4945.0,4916.25,4887.5,4973.75,5146.25,4973.75,4830.0,4945.0,4715.0,4628.75,4513.75,3651.25,1035.0,91683.75
1876,2023-02-20,402.5,460.0,488.75,546.25,2558.75,4341.25,4743.75,4973.75,3795.0,3363.75,3248.75,3277.5,3363.75,3392.5,3478.75,3708.75,4772.5,4628.75,5031.25,4571.25,3737.5,3047.5,2616.25,1293.75,75842.5
1877,2023-02-21,575.0,575.0,661.25,632.5,2443.75,4398.75,5031.25,4887.5,3938.75,3335.0,3421.25,3335.0,3565.0,3392.5,3363.75,4053.75,4973.75,5318.75,5433.75,4801.25,3680.0,3076.25,2645.0,1293.75,78832.5
1878,2023-02-22,488.75,575.0,546.25,603.75,2472.5,4456.25,4801.25,4887.5,3938.75,3248.75,2990.0,3248.75,3363.75,3220.0,2932.5,3910.0,4973.75,5146.25,5290.0,4456.25,3593.75,3076.25,2702.5,1495.0,76417.5
1879,2023-02-23,690.0,603.75,517.5,575.0,2530.0,4600.0,4887.5,4945.0,4168.75,3335.0,3335.0,3277.5,3536.25,3363.75,3277.5,3910.0,5175.0,5203.75,5376.25,4715.0,3852.5,3018.75,2673.75,1265.0,78832.5
1880,2023-02-24,603.75,517.5,517.5,603.75,2530.0,4542.5,4887.5,4887.5,3996.25,3248.75,3220.0,3191.25,3392.5,3651.25,3593.75,4168.75,5117.5,5491.25,5433.75,4427.5,3852.5,3133.75,2530.0,1408.75,78947.5
1881,2023-02-25,488.75,460.0,460.0,575.0,2530.0,4025.0,4427.5,4283.75,3766.25,3133.75,2990.0,3076.25,3708.75,4456.25,4427.5,4398.75,4197.5,4168.75,3910.0,3306.25,2846.25,2616.25,2501.25,1408.75,72162.5
1882,2023-02-26,546.25,460.0,460.0,488.75,1035.0,2300.0,2300.0,2271.25,2127.5,2415.0,2501.25,2587.5,2558.75,2616.25,2558.75,2645.0,2558.75,2587.5,2731.25,2817.5,2530.0,2357.5,1753.75,661.25,47868.75
1883,2023-02-27,460.0,460.0,460.0,603.75,2530.0,4398.75,5060.0,5117.5,4025.0,3536.25,3450.0,3392.5,3392.5,3306.25,3392.5,4226.25,4772.5,5376.25,5405.0,4600.0,4111.25,3105.0,2558.75,1322.5,79062.5
1884,2023-02-28,316.25,345.0,488.75,632.5,2357.5,4283.75,4686.25,4887.5,4025.0,3536.25,4197.5,3651.25,3478.75,3450.0,3593.75,4053.75,4887.5,5376.25,5433.75,4973.75,3737.5,2990.0,2645.0,1236.25,79263.75
1885,2023-03-01,488.75,517.5,488.75,632.5,2386.25,4456.25,5031.25,5002.5,4053.75,3421.25,3392.5,3421.25,3593.75,3593.75,3651.25,4197.5,5031.25,5261.25,5376.25,4715.0,3823.75,2903.75,2587.5,1380.0,79407.5
1886,2023-03-02,575.0,575.0,517.5,575.0,2328.75,4312.5,4542.5,4772.5,3910.0,3335.0,3306.25,3996.25,3507.5,3507.5,3536.25,4025.0,4858.75,5405.0,5376.25,4743.75,3795.0,2961.25,2558.75,1265.0,78286.25
1887,2023-03-03,632.5,575.0,575.0,632.5,2443.75,4427.5,4973.75,4945.0,3823.75,4226.25,4255.0,4140.0,4427.5,3565.0,3478.75,4082.5,5002.5,5261.25,5203.75,4830.0,3996.25,3248.75,2673.75,1437.5,82857.5
1888,2023-03-04,546.25,546.25,488.75,632.5,2271.25,3823.75,4341.25,4312.5,3622.5,3220.0,3105.0,3248.75,3881.25,4398.75,4398.75,4427.5,4168.75,4255.0,3996.25,3220.0,2932.5,2443.75,2386.25,1523.75,72191.25
1889,2023-03-05,546.25,1178.75,805.0,603.75,1495.0,3708.75,3996.25,3823.75,3852.5,3823.75,3910.0,3938.75,3938.75,4197.5,4255.0,4082.5,4283.75,4427.5,4657.5,4341.25,4255.0,3938.75,2817.5,805.0,77682.5
1890,2023-03-06,517.5,517.5,460.0,575.0,2328.75,4025.0,4542.5,4657.5,3938.75,3162.5,3047.5,3248.75,3536.25,3105.0,3162.5,3766.25,4973.75,5376.25,5405.0,4427.5,3651.25,3162.5,2702.5,1293.75,75583.75
1891,2023-03-07,546.25,575.0,575.0,632.5,2501.25,4398.75,5175.0,5088.75,3996.25,3248.75,3191.25,3191.25,3392.5,3450.0,2932.5,3795.0,4715.0,4945.0,5175.0,4628.75,3737.5,3191.25,2645.0,1322.5,77050.0
1892,2023-03-08,575.0,575.0,517.5,603.75,2300.0,4140.0,4542.5,4801.25,4025.0,3450.0,3191.25,460.0,1753.75,3277.5,3450.0,3852.5,4743.75,5002.5,4743.75,4456.25,3450.0,3105.0,2645.0,1351.25,71012.5
1893,2023-03-09,575.0,546.25,575.0,546.25,2443.75,4398.75,4945.0,4600.0,3766.25,3248.75,3220.0,3047.5,3191.25,3277.5,3220.0,3708.75,4427.5,4973.75,5031.25,4312.5,3737.5,2875.0,2616.25,1351.25,74635.0
1894,2023-03-10,575.0,575.0,575.0,632.5,2501.25,4312.5,4715.0,4858.75,3881.25,3363.75,3133.75,2990.0,3162.5,3076.25,3220.0,3536.25,4513.75,5117.5,5060.0,4686.25,3766.25,3191.25,2587.5,1408.75,75440.0
1895,2023-03-11,575.0,460.0,460.0,517.5,2185.0,3507.5,4140.0,4140.0,3507.5,3076.25,3076.25,3105.0,3795.0,4283.75,4226.25,4082.5,4053.75,4140.0,3852.5,3335.0,2932.5,2558.75,2328.75,1265.0,69603.75
1896,2023-03-12,603.75,546.25,575.0,546.25,1063.75,2501.25,2386.25,2386.25,2328.75,2501.25,2415.0,2443.75,2587.5,2558.75,2530.0,2501.25,2645.0,2616.25,2530.0,2530.0,2501.25,2271.25,1696.25,603.75,47868.75
1897,2023-03-13,460.0,460.0,460.0,661.25,2587.5,4341.25,4743.75,4830.0,3737.5,3220.0,2990.0,2760.0,2846.25,2817.5,3162.5,3910.0,4657.5,5031.25,5146.25,4485.0,3795.0,2903.75,2443.75,1178.75,73628.75
1898,2023-03-14,316.25,287.5,258.75,345.0,2587.5,4542.5,5002.5,4973.75,3708.75,3047.5,2903.75,3105.0,3076.25,3133.75,3076.25,3766.25,4571.25,4830.0,4858.75,4427.5,3363.75,3133.75,2443.75,1207.5,72967.5
1899,2023-03-15,575.0,575.0,488.75,690.0,2530.0,4226.25,4887.5,4628.75,3823.75,3248.75,3191.25,3105.0,3277.5,3133.75,3220.0,3708.75,4485.0,5002.5,5175.0,4485.0,3593.75,3018.75,2645.0,1121.25,74836.25
1900,2023-03-16,546.25,488.75,488.75,718.75,2616.25,4370.0,4686.25,4887.5,3737.5,3105.0,3105.0,3133.75,3191.25,3220.0,3306.25,3823.75,4858.75,5347.5,4945.0,4542.5,3507.5,2903.75,2587.5,1150.0,75267.5
1901,2023-03-17,517.5,460.0,546.25,632.5,2702.5,4226.25,4916.25,4858.75,3565.0,3105.0,3220.0,3248.75,3306.25,3306.25,3392.5,4140.0,5031.25,5088.75,5002.5,4140.0,3651.25,2990.0,2616.25,1178.75,75842.5
1902,2023-03-18,517.5,575.0,575.0,661.25,2702.5,4082.5,4370.0,4140.0,3622.5,2961.25,2846.25,2932.5,3507.5,3881.25,4082.5,4168.75,4140.0,4255.0,3766.25,2903.75,2587.5,2386.25,2300.0,1265.0,69230.0
1903,2023-03-19,690.0,632.5,575.0,575.0,1351.25,2472.5,2673.75,2443.75,2386.25,2558.75,2673.75,2558.75,2645.0,2846.25,2731.25,2702.5,2645.0,2817.5,2932.5,2788.75,2788.75,2645.0,1983.75,661.25,51778.75
1904,2023-03-20,517.5,488.75,460.0,431.25,1121.25,2242.5,2386.25,2242.5,2300.0,2415.0,2472.5,2386.25,2731.25,2702.5,2817.5,2673.75,2616.25,2673.75,2760.0,2673.75,2702.5,2415.0,1667.5,661.25,48558.75
1905,2023-03-21,488.75,488.75,488.75,661.25,2587.5,4283.75,4715.0,4542.5,3450.0,3047.5,3105.0,3162.5,3248.75,3392.5,3450.0,4053.75,4772.5,5347.5,5318.75,4542.5,3737.5,3133.75,2645.0,1150.0,75813.75
1906,2023-03-22,517.5,488.75,488.75,661.25,2587.5,4398.75,4858.75,4772.5,3766.25,3162.5,3248.75,3277.5,3363.75,3248.75,3392.5,4025.0,4945.0,5347.5,5117.5,4283.75,3507.5,3076.25,2817.5,1322.5,76676.25
1907,2023-03-23,603.75,575.0,517.5,718.75,2443.75,4513.75,4715.0,4715.0,3680.0,3162.5,3248.75,3220.0,3363.75,3306.25,3335.0,3881.25,4887.5,5031.25,4715.0,4485.0,3766.25,2990.0,2587.5,1265.0,75727.5
1908,2023-03-24,575.0,575.0,517.5,690.0,2702.5,4456.25,4801.25,4801.25,3852.5,3277.5,3191.25,3248.75,3306.25,3191.25,3363.75,4025.0,5031.25,5376.25,5002.5,4398.75,3593.75,3105.0,2501.25,1121.25,76705.0
1909,2023-03-25,460.0,460.0,460.0,661.25,2300.0,3622.5,3996.25,4053.75,3478.75,3105.0,3018.75,3162.5,3795.0,4370.0,4312.5,4197.5,4370.0,4226.25,3852.5,3421.25,2903.75,2961.25,2472.5,1293.75,70955.0
1910,2023-03-26,546.25,488.75,460.0,460.0,1178.75,2156.25,2242.5,2271.25,2357.5,2558.75,2443.75,2472.5,2415.0,2587.5,2530.0,2472.5,2587.5,2587.5,2530.0,2501.25,2386.25,2357.5,1725.0,575.0,46891.25
1911,2023-03-27,460.0,460.0,460.0,632.5,2530.0,4427.5,4945.0,4887.5,3881.25,3335.0,3105.0,3220.0,3306.25,3335.0,3248.75,3881.25,4427.5,4887.5,4398.75,4226.25,3622.5,2875.0,2530.0,1265.0,74347.5
1912,2023-03-28,488.75,488.75,488.75,661.25,2472.5,4283.75,4772.5,4743.75,3795.0,3593.75,3277.5,3363.75,3335.0,3306.25,3335.0,4082.5,4657.5,5433.75,5117.5,4456.25,3478.75,2903.75,2558.75,1236.25,76331.25
1913,2023-03-29,517.5,460.0,575.0,718.75,2558.75,4197.5,4801.25,4945.0,3852.5,3220.0,3191.25,3277.5,3277.5,3335.0,3277.5,3766.25,4571.25,5261.25,5117.5,4427.5,3680.0,2817.5,2731.25,1178.75,75756.25
1914,2023-03-30,546.25,460.0,460.0,718.75,2558.75,4341.25,5060.0,4772.5,3737.5,3277.5,3220.0,3306.25,3421.25,3536.25,2760.0,2645.0,2817.5,4053.75,4715.0,4715.0,3593.75,3018.75,2673.75,1236.25,71645.0
1915,2023-03-31,488.75,517.5,546.25,661.25,2501.25,4370.0,5117.5,4830.0,3795.0,3306.25,3105.0,3133.75,3306.25,3306.25,3421.25,3795.0,4743.75,5175.0,5060.0,4370.0,3622.5,3047.5,2587.5,1207.5,76015.0
1916,2023-04-01,517.5,488.75,488.75,747.5,2587.5,3852.5,4283.75,4168.75,3248.75,3162.5,3105.0,3191.25,3852.5,4398.75,4341.25,4053.75,4168.75,3967.5,3766.25,3191.25,2932.5,2702.5,2472.5,1265.0,70955.0
1917,2023-04-02,517.5,460.0,546.25,488.75,1207.5,2156.25,2242.5,2328.75,2185.0,2328.75,2386.25,2386.25,2616.25,2558.75,2645.0,2645.0,2702.5,2673.75,2645.0,2558.75,2530.0,2415.0,1581.25,517.5,47322.5
1918,2023-04-03,460.0,460.0,488.75,718.75,2415.0,4341.25,4715.0,4341.25,3392.5,3133.75,3191.25,3335.0,3277.5,3450.0,3335.0,3967.5,4772.5,4973.75,5261.25,4542.5,3823.75,2932.5,2530.0,1121.25,74980.0
1919,2023-04-04,690.0,603.75,517.5,661.25,2530.0,4513.75,4600.0,4283.75,3421.25,3133.75,3105.0,3220.0,3248.75,3421.25,3536.25,4082.5,4686.25,4858.75,4801.25,4341.25,3565.0,2932.5,2587.5,1035.0,74376.25
1920,2023-04-05,460.0,460.0,460.0,747.5,2616.25,4341.25,4887.5,4255.0,3708.75,3133.75,3133.75,3335.0,3392.5,3421.25,3565.0,4226.25,4600.0,4916.25,4715.0,4197.5,3593.75,2961.25,2702.5,1207.5,75037.5
1921,2023-04-06,575.0,431.25,402.5,431.25,1006.25,1811.25,1983.75,1926.25,2012.5,2156.25,2156.25,2156.25,2472.5,2645.0,2645.0,2645.0,2645.0,2673.75,2760.0,2587.5,2501.25,2357.5,1696.25,488.75,45166.25
1922,2023-04-07,402.5,373.75,431.25,460.0,1006.25,1840.0,1897.5,1868.75,1926.25,2098.75,2242.5,2070.0,2300.0,2501.25,2501.25,2386.25,2415.0,2415.0,2501.25,2443.75,2300.0,2242.5,1581.25,776.25,42981.25
1923,2023-04-08,1552.5,1552.5,1351.25,690.0,2041.25,2673.75,2443.75,2386.25,2386.25,2415.0,2386.25,2328.75,2731.25,2903.75,2990.0,2903.75,2846.25,2961.25,2903.75,2788.75,2702.5,2472.5,2443.75,1121.25,55976.25
1924,2023-04-09,373.75,345.0,402.5,488.75,1006.25,1955.0,2098.75,1868.75,1926.25,2156.25,2127.5,2127.5,2443.75,2645.0,2673.75,2501.25,2558.75,2702.5,2645.0,2616.25,2530.0,2415.0,1696.25,603.75,44907.5
1925,2023-04-10,460.0,460.0,460.0,661.25,2587.5,4283.75,5002.5,4830.0,3766.25,3363.75,3191.25,3335.0,3277.5,3421.25,3478.75,4053.75,4887.5,5146.25,5088.75,4456.25,3651.25,3018.75,2587.5,1178.75,76647.5
1926,2023-04-11,373.75,345.0,488.75,747.5,2587.5,4398.75,4600.0,4801.25,3622.5,3277.5,3191.25,3105.0,3306.25,3306.25,3191.25,3910.0,4743.75,5117.5,5290.0,4628.75,3852.5,2990.0,2673.75,1178.75,75727.5
1927,2023-04-12,402.5,431.25,488.75,632.5,2673.75,4571.25,4772.5,5088.75,3766.25,3392.5,3162.5,3220.0,3335.0,3248.75,3450.0,3910.0,4657.5,5347.5,4370.0,4657.5,3507.5,3162.5,2817.5,1293.75,76360.0
1928,2023-04-13,546.25,460.0,460.0,690.0,2530.0,4427.5,4916.25,4772.5,3823.75,3277.5,3277.5,3392.5,3392.5,3450.0,3622.5,3967.5,4801.25,5232.5,5347.5,4456.25,3507.5,2990.0,2501.25,1236.25,77078.75
1929,2023-04-14,575.0,575.0,460.0,776.25,2472.5,4600.0,5088.75,4973.75,3910.0,3450.0,3133.75,3363.75,3306.25,3306.25,3363.75,4226.25,4743.75,5060.0,4801.25,4283.75,3708.75,3047.5,2673.75,1293.75,77193.75
1930,2023-04-15,546.25,546.25,460.0,718.75,2328.75,3795.0,4082.5,3881.25,3220.0,2903.75,3133.75,3335.0,3938.75,4025.0,3938.75,3938.75,3823.75,4140.0,3881.25,3421.25,2932.5,2731.25,2501.25,1265.0,69488.75
1931,2023-04-16,833.75,920.0,1006.25,833.75,1638.75,2760.0,2673.75,2530.0,2386.25,2530.0,2501.25,2760.0,2932.5,2932.5,3047.5,2961.25,3047.5,3105.0,2990.0,2903.75,2903.75,2760.0,2271.25,1121.25,56350.0
1932,2023-04-17,690.0,546.25,460.0,632.5,2415.0,4283.75,4743.75,4743.75,3852.5,3105.0,3105.0,3018.75,3191.25,3248.75,3076.25,3852.5,4657.5,5146.25,5117.5,4312.5,3680.0,2932.5,2558.75,1178.75,74548.75
1933,2023-04-18,546.25,546.25,517.5,805.0,2501.25,4226.25,4571.25,4858.75,3536.25,3076.25,3162.5,3220.0,3220.0,3277.5,3220.0,3910.0,4427.5,4772.5,4916.25,4111.25,3478.75,2961.25,2558.75,1322.5,73743.75
1934,2023-04-19,488.75,575.0,517.5,661.25,2443.75,4341.25,4686.25,4715.0,3680.0,3191.25,2990.0,3105.0,3277.5,3363.75,3421.25,3967.5,4743.75,4830.0,5060.0,4398.75,3622.5,2817.5,2415.0,1380.0,74692.5
1935,2023-04-20,632.5,603.75,575.0,776.25,2530.0,4456.25,4801.25,4600.0,3622.5,3220.0,3133.75,3191.25,3277.5,3191.25,3162.5,3795.0,4513.75,4830.0,4887.5,4370.0,3392.5,2903.75,2443.75,1408.75,74318.75
1936,2023-04-21,575.0,632.5,575.0,661.25,2443.75,4370.0,4743.75,4801.25,3593.75,3220.0,2875.0,2932.5,3047.5,3162.5,3018.75,3737.5,4456.25,4715.0,4743.75,4226.25,3392.5,2932.5,2558.75,1178.75,72593.75
1937,2023-04-22,402.5,345.0,431.25,690.0,2616.25,3910.0,3737.5,3593.75,3507.5,2875.0,2788.75,2903.75,3651.25,4025.0,4053.75,3910.0,3708.75,4111.25,3795.0,3277.5,2903.75,2558.75,2328.75,1207.5,67332.5
1938,2023-04-23,632.5,575.0,488.75,488.75,1178.75,2185.0,2271.25,2271.25,2156.25,2443.75,2530.0,2443.75,2587.5,2472.5,2443.75,2443.75,2357.5,2558.75,2673.75,2587.5,2558.75,2415.0,1753.75,517.5,47035.0
1939,2023-04-24,460.0,488.75,517.5,690.0,2472.5,4255.0,4628.75,4571.25,3565.0,3047.5,3018.75,3162.5,3220.0,3248.75,3018.75,3766.25,4427.5,4571.25,4542.5,4312.5,3306.25,2875.0,2530.0,1293.75,71990.0
1940,2023-04-25,575.0,575.0,603.75,690.0,2443.75,4226.25,4686.25,4657.5,3536.25,3277.5,3277.5,3277.5,3047.5,3248.75,3191.25,3852.5,4715.0,4858.75,5117.5,4312.5,3363.75,2932.5,2472.5,1150.0,74088.75
1941,2023-04-26,546.25,575.0,546.25,747.5,3306.25,5692.5,5663.75,5606.25,5031.25,4398.75,4140.0,4140.0,4168.75,4197.5,4197.5,5002.5,5692.5,6008.75,6267.5,5060.0,4600.0,3881.25,3076.25,1293.75,93840.0
1942,2023-04-27,488.75,431.25,517.5,632.5,2530.0,4168.75,3938.75,4140.0,3680.0,3133.75,3018.75,3133.75,3277.5,3277.5,3335.0,3852.5,4686.25,5088.75,5002.5,3823.75,3392.5,3047.5,3162.5,1495.0,73255.0
1943,2023-04-28,488.75,517.5,517.5,661.25,2443.75,4427.5,4973.75,4456.25,3766.25,3306.25,3191.25,3248.75,3220.0,3248.75,3335.0,4025.0,4715.0,4887.5,4743.75,4197.5,3680.0,3450.0,3191.25,1523.75,76216.25
1944,2023-04-29,603.75,575.0,603.75,690.0,2357.5,3852.5,4197.5,3852.5,3392.5,3047.5,3105.0,3248.75,3651.25,4312.5,4197.5,4226.25,4111.25,4140.0,3996.25,3392.5,2932.5,2673.75,2472.5,1897.5,71530.0
1945,2023-04-30,603.75,603.75,546.25,460.0,1150.0,2127.5,2213.75,2443.75,2242.5,2328.75,2328.75,2415.0,2558.75,2472.5,2501.25,2616.25,2558.75,2587.5,2702.5,2501.25,2501.25,2501.25,1667.5,575.0,47207.5
1946,2023-05-01,460.0,460.0,546.25,460.0,1063.75,2098.75,2070.0,2098.75,2185.0,2386.25,2472.5,2587.5,2558.75,2530.0,2616.25,2587.5,2530.0,2587.5,2702.5,2645.0,2616.25,2501.25,1696.25,632.5,47092.5
1947,2023-05-02,517.5,488.75,488.75,690.0,2443.75,4312.5,4628.75,4600.0,3938.75,3450.0,3392.5,3248.75,3363.75,3392.5,3306.25,3737.5,4571.25,4973.75,4600.0,4197.5,3478.75,2961.25,2501.25,1236.25,74520.0
1948,2023-05-03,718.75,632.5,575.0,661.25,2443.75,4197.5,4686.25,4801.25,3680.0,3220.0,3076.25,3105.0,3392.5,3392.5,3536.25,3910.0,4801.25,5203.75,5031.25,4485.0,3536.25,3220.0,3105.0,2185.0,77596.25
1949,2023-05-04,603.75,517.5,575.0,632.5,2616.25,4398.75,4686.25,4456.25,3593.75,3105.0,3133.75,3105.0,3306.25,3191.25,3392.5,3996.25,4542.5,4858.75,4973.75,4542.5,3421.25,2990.0,2558.75,1121.25,74318.75
1950,2023-05-05,460.0,460.0,546.25,661.25,2501.25,4485.0,4887.5,4772.5,3823.75,3248.75,3133.75,3248.75,3363.75,3191.25,3191.25,3795.0,4427.5,5232.5,5002.5,4197.5,3680.0,2990.0,2558.75,1265.0,75123.75
1951,2023-05-06,316.25,230.0,345.0,632.5,2472.5,3795.0,4168.75,3881.25,3248.75,3076.25,3105.0,3306.25,3852.5,4168.75,4168.75,4082.5,3996.25,3766.25,3938.75,3306.25,3018.75,2587.5,2415.0,1265.0,69143.75
1952,2023-05-07,517.5,575.0,575.0,488.75,1236.25,2328.75,2300.0,2328.75,2328.75,2616.25,2501.25,2587.5,2702.5,2788.75,2788.75,2645.0,2788.75,2760.0,2817.5,2731.25,2702.5,2443.75,1667.5,546.25,49766.25
1953,2023-05-08,460.0,460.0,488.75,632.5,2530.0,4283.75,4600.0,4513.75,3593.75,3363.75,3162.5,2990.0,3105.0,3162.5,3191.25,3823.75,4657.5,4973.75,5002.5,4485.0,3593.75,2990.0,2587.5,1293.75,73945.0
1954,2023-05-09,460.0,488.75,460.0,747.5,2156.25,4140.0,4628.75,4370.0,3708.75,3248.75,3191.25,3220.0,3306.25,3248.75,3162.5,3737.5,4485.0,4887.5,4801.25,4456.25,3335.0,2990.0,2357.5,1351.25,72938.75
1955,2023-05-10,316.25,373.75,460.0,718.75,2530.0,4427.5,4715.0,4456.25,3680.0,3335.0,3105.0,3105.0,3306.25,3133.75,3220.0,3766.25,4427.5,4945.0,5031.25,4485.0,3622.5,2961.25,2616.25,1150.0,73887.5
1956,2023-05-11,575.0,575.0,575.0,776.25,2903.75,4427.5,4973.75,4513.75,3795.0,3421.25,3421.25,3593.75,3651.25,3622.5,3622.5,4168.75,4743.75,5146.25,5031.25,4427.5,3737.5,3076.25,2702.5,1121.25,78602.5
1957,2023-05-12,460.0,460.0,460.0,661.25,2587.5,4341.25,4743.75,4715.0,3478.75,3220.0,2990.0,3162.5,3421.25,3421.25,3363.75,3938.75,4715.0,5060.0,4916.25,4312.5,3651.25,3105.0,2645.0,1265.0,75095.0
1958,2023-05-13,632.5,603.75,661.25,776.25,2357.5,3967.5,4082.5,4082.5,3363.75,3105.0,3018.75,3191.25,3852.5,4255.0,4140.0,4111.25,4168.75,4025.0,3651.25,3076.25,2788.75,2673.75,2386.25,1351.25,70322.5
1959,2023-05-14,632.5,632.5,575.0,488.75,1178.75,2185.0,2328.75,2127.5,2300.0,2501.25,2616.25,2587.5,2702.5,2501.25,2616.25,2587.5,2645.0,2702.5,2645.0,2530.0,2501.25,2415.0,1696.25,690.0,48386.25
1960,2023-05-15,603.75,603.75,546.25,632.5,2558.75,4053.75,4456.25,4513.75,3737.5,3220.0,3220.0,3248.75,3507.5,3335.0,3191.25,3910.0,4858.75,5031.25,5088.75,4686.25,3565.0,3105.0,2558.75,1178.75,75411.25
1961,2023-05-16,575.0,575.0,575.0,747.5,2472.5,4255.0,4772.5,4772.5,3651.25,3018.75,3220.0,3191.25,3133.75,3248.75,3248.75,3996.25,4571.25,4858.75,4772.5,4283.75,3421.25,2932.5,2357.5,1178.75,73830.0
1962,2023-05-17,575.0,575.0,575.0,603.75,2645.0,4111.25,4801.25,4657.5,3708.75,3248.75,3306.25,3363.75,3421.25,3306.25,3220.0,4053.75,4715.0,5002.5,4916.25,4370.0,3363.75,3105.0,2645.0,1293.75,75583.75
1963,2023-05-18,690.0,575.0,575.0,661.25,2616.25,4341.25,4600.0,4312.5,3708.75,3220.0,3076.25,3392.5,3421.25,3478.75,3565.0,4111.25,4801.25,5175.0,5232.5,4485.0,3507.5,3076.25,2501.25,1265.0,76388.75
1964,2023-05-19,718.75,632.5,575.0,776.25,2760.0,4255.0,4657.5,4542.5,3823.75,3277.5,3335.0,3248.75,3450.0,3392.5,3421.25,3967.5,4801.25,5002.5,4801.25,4571.25,3507.5,2961.25,2530.0,1236.25,76245.0
1965,2023-05-20,575.0,575.0,575.0,690.0,2386.25,3823.75,4168.75,3996.25,3363.75,2961.25,2846.25,2903.75,3536.25,4197.5,4197.5,4255.0,4082.5,3996.25,3795.0,3047.5,2731.25,2587.5,2530.0,1178.75,69000.0
1966,2023-05-21,1035.0,1150.0,1150.0,1236.25,2558.75,4283.75,4456.25,4427.5,4255.0,4743.75,4542.5,4082.5,4427.5,4628.75,5060.0,5060.0,4973.75,5002.5,5376.25,4973.75,4686.25,4542.5,3478.75,1523.75,91655.0
1967,2023-05-22,115.0,0.0,0.0,0.0,0.0,0.0,0.0,0.0,0.0,0.0,0.0,0.0,0.0,0.0,0.0,0.0,0.0,0.0,0.0,0.0,0.0,0.0,0.0,0.0,115.0
1968,2023-05-23,402.5,402.5,517.5,661.25,2558.75,4053.75,4715.0,4715.0,3651.25,3392.5,3133.75,3191.25,3306.25,3248.75,3162.5,3852.5,4370.0,4830.0,4973.75,4226.25,3565.0,3248.75,2501.25,1178.75,73858.75
1969,2023-05-24,632.5,575.0,546.25,690.0,2731.25,4140.0,4772.5,4628.75,3507.5,3191.25,3105.0,3047.5,3248.75,3306.25,3133.75,3881.25,4600.0,5117.5,4945.0,4082.5,3133.75,2932.5,2443.75,1207.5,73600.0
1970,2023-05-25,632.5,546.25,517.5,632.5,2760.0,4312.5,4945.0,4830.0,3823.75,3105.0,3248.75,3220.0,3421.25,3248.75,3277.5,3823.75,4456.25,4801.25,5146.25,3967.5,3335.0,2760.0,2271.25,1236.25,74318.75
1971,2023-05-26,603.75,517.5,575.0,632.5,2501.25,4025.0,4772.5,4628.75,3823.75,3133.75,2817.5,3306.25,3220.0,3248.75,3191.25,3881.25,4341.25,4887.5,5031.25,4456.25,3593.75,2903.75,3018.75,1408.75,74520.0
1972,2023-05-27,575.0,575.0,575.0,690.0,2357.5,3910.0,4197.5,4168.75,3392.5,2990.0,3076.25,3248.75,3680.0,4226.25,3967.5,4111.25,4025.0,4025.0,3622.5,3133.75,2731.25,2443.75,2357.5,1265.0,69345.0
1973,2023-05-28,632.5,690.0,747.5,690.0,1293.75,3938.75,3938.75,4025.0,3881.25,3967.5,3737.5,4025.0,4140.0,3910.0,4111.25,4111.25,4140.0,4197.5,3967.5,4053.75,3622.5,3766.25,2530.0,632.5,74750.0
1974,2023-05-29,460.0,460.0,460.0,603.75,2558.75,4140.0,4657.5,4513.75,3708.75,3220.0,3277.5,3277.5,3306.25,3335.0,3306.25,3881.25,4628.75,4772.5,4571.25,3938.75,3248.75,2760.0,2472.5,1150.0,72708.75
1975,2023-05-30,431.25,402.5,488.75,661.25,3162.5,5290.0,6095.0,6095.0,4542.5,3967.5,3823.75,3881.25,3938.75,3910.0,4168.75,5318.75,6123.75,6526.25,6382.5,5405.0,4370.0,3536.25,3076.25,1293.75,92891.25
1976,2023-05-31,258.75,172.5,172.5,747.5,3191.25,5491.25,6267.5,5922.5,4686.25,4168.75,4053.75,4168.75,3823.75,3852.5,3967.5,5031.25,5663.75,6468.75,6698.75,5520.0,4427.5,3852.5,2731.25,1178.75,92517.5
1977,2023-06-01,488.75,488.75,546.25,661.25,2817.5,4255.0,4513.75,5405.0,4772.5,4111.25,4053.75,3967.5,3967.5,3910.0,3938.75,4887.5,6095.0,6468.75,6267.5,5117.5,4398.75,3766.25,3191.25,1351.25,89441.25
1978,2023-06-02,718.75,661.25,603.75,718.75,3737.5,6986.25,7360.0,6066.25,5721.25,5520.0,4801.25,4743.75,4772.5,5031.25,4858.75,6066.25,7302.5,7906.25,7733.75,6468.75,5060.0,4197.5,3795.0,1581.25,112412.5
1979,2023-06-03,603.75,488.75,517.5,690.0,2213.75,3708.75,4168.75,3967.5,3162.5,2875.0,2961.25,3047.5,3565.0,4025.0,4168.75,4255.0,3967.5,4140.0,3651.25,3076.25,2616.25,2472.5,2328.75,1207.5,67878.75
1980,2023-06-04,718.75,1035.0,1035.0,1092.5,2415.0,3967.5,3996.25,3737.5,3737.5,3823.75,3996.25,3967.5,4341.25,4485.0,4456.25,4427.5,4542.5,4772.5,5031.25,4830.0,4571.25,4628.75,3363.75,1150.0,84122.5
1981,2023-06-05,575.0,575.0,575.0,747.5,2702.5,4082.5,4916.25,4772.5,3737.5,3306.25,3220.0,3306.25,3220.0,3335.0,3306.25,3737.5,4197.5,4887.5,4628.75,4686.25,3565.0,3133.75,2616.25,1293.75,75123.75
1982,2023-06-06,805.0,805.0,805.0,862.5,2530.0,4226.25,4743.75,4657.5,3450.0,3047.5,3076.25,2990.0,2961.25,3047.5,3277.5,3823.75,4686.25,5117.5,5203.75,4255.0,3277.5,2903.75,2501.25,1265.0,74318.75
1983,2023-06-07,603.75,575.0,517.5,661.25,2386.25,4312.5,4916.25,4686.25,3766.25,3248.75,3133.75,3162.5,3335.0,3306.25,3191.25,3910.0,4456.25,5117.5,4743.75,4341.25,3593.75,3076.25,2443.75,1408.75,74893.75
1984,2023-06-08,575.0,575.0,575.0,718.75,2386.25,4025.0,4571.25,4715.0,3708.75,2990.0,3220.0,3248.75,3248.75,3133.75,3162.5,3737.5,4485.0,4973.75,4772.5,4168.75,3335.0,2846.25,2386.25,1265.0,72823.75
1985,2023-06-09,661.25,575.0,517.5,661.25,2472.5,4283.75,4772.5,4600.0,3593.75,3133.75,3105.0,2990.0,3248.75,3105.0,3076.25,3823.75,4628.75,5175.0,5175.0,4398.75,3622.5,3076.25,2645.0,1265.0,74606.25
1986,2023-06-10,575.0,460.0,517.5,661.25,2357.5,3795.0,4140.0,4168.75,3363.75,3018.75,2875.0,3105.0,3823.75,4111.25,4226.25,4140.0,4226.25,4053.75,3737.5,3105.0,2702.5,2645.0,2357.5,1293.75,69460.0
1987,2023-06-11,460.0,460.0,546.25,546.25,1150.0,2127.5,2271.25,2357.5,2328.75,2558.75,2501.25,2443.75,2558.75,2645.0,2731.25,2760.0,2645.0,2702.5,2875.0,2645.0,2501.25,2386.25,1782.5,546.25,48530.0
1988,2023-06-12,575.0,575.0,546.25,488.75,1178.75,2271.25,2328.75,2328.75,2271.25,2587.5,2558.75,2673.75,2645.0,2760.0,2702.5,2788.75,2760.0,2702.5,2760.0,2673.75,2501.25,2472.5,1753.75,603.75,49507.5
1989,2023-06-13,575.0,575.0,575.0,690.0,2673.75,4140.0,4686.25,4341.25,3047.5,3047.5,3162.5,3248.75,3392.5,3306.25,3277.5,3967.5,4628.75,4945.0,4628.75,3766.25,3421.25,3047.5,2645.0,1178.75,72967.5
1990,2023-06-14,460.0,460.0,460.0,661.25,2702.5,4255.0,4887.5,4571.25,3335.0,3220.0,3162.5,3363.75,3277.5,3478.75,3335.0,3823.75,4456.25,5117.5,4887.5,4111.25,3478.75,3076.25,2961.25,1293.75,74836.25
1991,2023-06-15,632.5,632.5,575.0,690.0,2673.75,4053.75,4801.25,4657.5,3680.0,3191.25,3220.0,3306.25,3392.5,3392.5,3220.0,3852.5,4513.75,5117.5,5175.0,4427.5,3536.25,3047.5,2530.0,1178.75,75497.5
1992,2023-06-16,603.75,661.25,575.0,747.5,2587.5,3967.5,4657.5,4600.0,3565.0,2932.5,3105.0,3162.5,3306.25,3421.25,3363.75,3910.0,4370.0,5031.25,5060.0,4485.0,3392.5,2875.0,2357.5,1236.25,73973.75
1993,2023-06-17,575.0,575.0,575.0,661.25,2558.75,3708.75,4140.0,4082.5,3191.25,2990.0,2932.5,3105.0,3737.5,4226.25,4168.75,4168.75,4082.5,3996.25,3910.0,3335.0,2846.25,2558.75,2530.0,1983.75,70638.75
1994,2023-06-18,1207.5,546.25,517.5,546.25,1178.75,2156.25,2098.75,2041.25,2300.0,2357.5,2328.75,2558.75,2558.75,2530.0,2530.0,2645.0,2587.5,2530.0,2673.75,2645.0,2415.0,2386.25,1753.75,316.25,47408.75
1995,2023-06-19,0.0,0.0,0.0,0.0,0.0,0.0,0.0,0.0,0.0,0.0,0.0,0.0,0.0,0.0,0.0,0.0,0.0,0.0,0.0,0.0,0.0,0.0,0.0,0.0,0.0
1996,2023-06-20,373.75,345.0,373.75,603.75,2587.5,4283.75,4628.75,4600.0,3680.0,3306.25,3162.5,3306.25,3306.25,3593.75,3392.5,3680.0,4370.0,5002.5,4830.0,4226.25,3565.0,3047.5,2501.25,1236.25,74002.5
1997,2023-06-21,575.0,517.5,546.25,632.5,2530.0,4255.0,4772.5,4628.75,3651.25,3133.75,3105.0,3306.25,3421.25,3335.0,3450.0,3967.5,4600.0,4887.5,5175.0,4485.0,3507.5,2932.5,2558.75,1207.5,75181.25
1998,2023-06-22,546.25,517.5,460.0,632.5,2673.75,4226.25,4686.25,4571.25,3823.75,3220.0,3076.25,3191.25,3191.25,3277.5,3248.75,3823.75,4628.75,4916.25,4887.5,4226.25,3421.25,2875.0,2472.5,1265.0,73858.75
1999,2023-06-23,517.5,460.0,546.25,661.25,2443.75,4140.0,4657.5,4743.75,3565.0,3277.5,3047.5,3162.5,3248.75,3335.0,3277.5,3938.75,4657.5,5175.0,4916.25,4168.75,3421.25,2760.0,2501.25,1236.25,73858.75
2000,2023-06-24,603.75,575.0,603.75,690.0,2328.75,3737.5,4082.5,4025.0,3162.5,2817.5,2817.5,3220.0,3823.75,4226.25,4140.0,4053.75,3737.5,3910.0,3737.5,3220.0,2903.75,2558.75,2386.25,1380.0,68741.25
2001,2023-06-25,488.75,460.0,488.75,460.0,1178.75,2185.0,2271.25,2213.75,2185.0,2415.0,2415.0,2443.75,2558.75,2530.0,2587.5,2501.25,2587.5,2702.5,2788.75,2501.25,2443.75,2328.75,1782.5,517.5,47035.0
2002,2023-06-26,488.75,488.75,488.75,661.25,2616.25,4197.5,4485.0,4456.25,3507.5,3047.5,2817.5,3076.25,3248.75,3133.75,3248.75,3823.75,4628.75,4945.0,5031.25,4370.0,3363.75,2903.75,2501.25,1322.5,72852.5
2003,2023-06-27,460.0,345.0,460.0,920.0,3450.0,5577.5,6066.25,6210.0,4715.0,4168.75,3967.5,4370.0,4398.75,4427.5,4456.25,5290.0,6353.75,7101.25,6813.75,6152.5,4743.75,4025.0,3565.0,1753.75,99791.25
2004,2023-06-28,632.5,575.0,575.0,661.25,2443.75,4168.75,4916.25,4686.25,3536.25,3105.0,3047.5,3105.0,3277.5,3248.75,3335.0,3881.25,4858.75,5175.0,4657.5,4053.75,3162.5,2673.75,2501.25,1207.5,73485.0
2005,2023-06-29,690.0,690.0,805.0,747.5,2645.0,4140.0,4686.25,4715.0,3708.75,3220.0,3220.0,3162.5,3421.25,3335.0,3421.25,3910.0,4542.5,5002.5,5060.0,4226.25,3306.25,2990.0,2530.0,1265.0,75440.0
2006,2023-06-30,632.5,575.0,575.0,690.0,3392.5,5606.25,6181.25,5865.0,5002.5,4111.25,3938.75,4226.25,4255.0,4140.0,4197.5,5088.75,6066.25,6238.75,6238.75,5088.75,4168.75,3737.5,3220.0,2012.5,95248.75
2007,2023-07-01,776.25,575.0,575.0,747.5,3047.5,5060.0,5548.75,5203.75,4283.75,4053.75,3737.5,3996.25,4801.25,5146.25,5376.25,5117.5,5146.25,4973.75,4542.5,3910.0,3450.0,3450.0,3162.5,1495.0,88176.25
2008,2023-07-02,575.0,460.0,460.0,546.25,1351.25,2673.75,2875.0,2760.0,2846.25,3047.5,2961.25,3248.75,3277.5,3220.0,3335.0,3306.25,3306.25,3507.5,3536.25,3478.75,3191.25,2702.5,1926.25,603.75,59196.25
2009,2023-07-03,575.0,575.0,517.5,488.75,1322.5,2817.5,2932.5,2846.25,2788.75,2932.5,3191.25,3133.75,3162.5,3191.25,3162.5,3277.5,3047.5,3133.75,3133.75,2875.0,2961.25,2760.0,2070.0,805.0,57701.25
2010,2023-07-04,1035.0,948.75,776.25,690.0,3162.5,5520.0,6353.75,6382.5,4801.25,3852.5,2961.25,2990.0,3105.0,3047.5,3191.25,3910.0,4513.75,4916.25,5031.25,4427.5,3363.75,2817.5,2501.25,1236.25,81535.0
2011,2023-07-05,833.75,891.25,977.5,718.75,2702.5,4197.5,4571.25,4600.0,3478.75,3105.0,3076.25,3047.5,3162.5,3248.75,3248.75,3708.75,4772.5,5088.75,4887.5,4140.0,3335.0,2817.5,2472.5,1293.75,74376.25
2012,2023-07-06,575.0,488.75,488.75,690.0,2530.0,3507.5,4542.5,4657.5,3593.75,3220.0,3133.75,3105.0,3277.5,3220.0,3248.75,3938.75,4485.0,4887.5,4686.25,3910.0,3306.25,2760.0,2472.5,1236.25,71961.25
2013,2023-07-07,948.75,1035.0,1035.0,1178.75,2990.0,4887.5,5347.5,5203.75,4140.0,3565.0,3478.75,3823.75,3593.75,3565.0,3536.25,4226.25,4887.5,5405.0,5491.25,4772.5,3823.75,3478.75,3018.75,1782.5,85215.0
2014,2023-07-08,1092.5,1035.0,1063.75,690.0,2357.5,3766.25,4168.75,3996.25,3335.0,2875.0,2903.75,3076.25,3536.25,3967.5,3938.75,4053.75,4082.5,3795.0,3593.75,3105.0,2903.75,2415.0,2242.5,1293.75,69287.5
2015,2023-07-09,747.5,1063.75,1265.0,1063.75,2271.25,4025.0,4283.75,3795.0,4053.75,4283.75,4312.5,4571.25,4370.0,4513.75,4571.25,4398.75,4715.0,4600.0,4772.5,4485.0,4427.5,4427.5,3363.75,1236.25,85617.5
2016,2023-07-10,1178.75,1207.5,1207.5,747.5,2731.25,4427.5,4801.25,4485.0,3593.75,3277.5,3248.75,3105.0,3248.75,3306.25,3363.75,3536.25,4398.75,4916.25,5002.5,4255.0,3450.0,2903.75,2501.25,1092.5,75986.25
2017,2023-07-11,460.0,460.0,460.0,747.5,2616.25,3708.75,4312.5,4542.5,3622.5,3306.25,3105.0,3047.5,3248.75,3133.75,3335.0,3967.5,4801.25,4945.0,5031.25,4312.5,3392.5,2961.25,2472.5,1236.25,73226.25
2018,2023-07-12,603.75,575.0,546.25,690.0,2472.5,4226.25,4916.25,4657.5,3651.25,3105.0,3047.5,3162.5,3220.0,3105.0,3220.0,3938.75,4743.75,5002.5,4600.0,4082.5,3565.0,2932.5,2558.75,1150.0,73772.5
2019,2023-07-13,603.75,575.0,575.0,546.25,2558.75,4341.25,4945.0,4542.5,3737.5,3076.25,3105.0,3220.0,3191.25,3248.75,3306.25,3996.25,4628.75,5203.75,4887.5,4312.5,3450.0,2817.5,2530.0,1178.75,74577.5
2020,2023-07-14,575.0,575.0,575.0,632.5,2501.25,4168.75,4686.25,4772.5,3708.75,3220.0,3105.0,3220.0,3277.5,3220.0,3248.75,3967.5,3507.5,4916.25,4916.25,4255.0,3392.5,2932.5,2501.25,1121.25,72996.25
2021,2023-07-15,517.5,488.75,517.5,747.5,2328.75,3651.25,3938.75,3938.75,3133.75,2932.5,3162.5,3133.75,3536.25,4111.25,4082.5,4053.75,4082.5,3996.25,3622.5,3105.0,2731.25,2472.5,2300.0,1178.75,67763.75
2022,2023-07-16,632.5,517.5,460.0,488.75,1207.5,2127.5,2271.25,2127.5,2357.5,2472.5,2558.75,2501.25,2443.75,2501.25,2616.25,2558.75,2472.5,2587.5,2587.5,2530.0,2357.5,2328.75,1696.25,517.5,46920.0
2023,2023-07-17,460.0,431.25,460.0,603.75,2558.75,4140.0,4715.0,4772.5,3766.25,2961.25,3191.25,3076.25,3105.0,3306.25,3392.5,3996.25,4628.75,5031.25,5088.75,4111.25,3277.5,2846.25,2530.0,1121.25,73571.25
2024,2023-07-18,373.75,345.0,431.25,747.5,2558.75,4168.75,4600.0,4312.5,3881.25,3363.75,3076.25,3162.5,3248.75,3248.75,3392.5,3737.5,4657.5,5088.75,5117.5,4398.75,3450.0,2817.5,2415.0,1207.5,73801.25
2025,2023-07-19,546.25,575.0,575.0,747.5,2558.75,4197.5,4513.75,4485.0,3651.25,3076.25,3018.75,3133.75,3277.5,3450.0,3421.25,4025.0,4801.25,5031.25,5060.0,4485.0,3392.5,2932.5,2645.0,1265.0,74865.0
2026,2023-07-20,575.0,546.25,575.0,575.0,1063.75,2185.0,2357.5,2328.75,2357.5,2587.5,2673.75,2702.5,2616.25,2645.0,2788.75,2788.75,2731.25,2645.0,2702.5,2530.0,2530.0,2271.25,1638.75,575.0,48990.0
2027,2023-07-21,575.0,575.0,546.25,632.5,2472.5,4025.0,4600.0,4427.5,3536.25,3076.25,3047.5,3306.25,3507.5,3335.0,3105.0,3910.0,4600.0,4887.5,4715.0,4197.5,3363.75,2846.25,2501.25,1265.0,73053.75
2028,2023-07-22,632.5,575.0,575.0,690.0,2357.5,3823.75,4140.0,3938.75,3248.75,2961.25,2932.5,3220.0,3910.0,4168.75,4341.25,4140.0,3565.0,3392.5,3507.5,3162.5,2817.5,2558.75,2271.25,1121.25,68051.25
2029,2023-07-23,488.75,460.0,460.0,546.25,1150.0,2242.5,2300.0,2328.75,2300.0,2558.75,2645.0,2472.5,2587.5,2673.75,2702.5,2616.25,2673.75,2760.0,2788.75,2616.25,2558.75,2415.0,1897.5,575.0,48817.5
2030,2023-07-24,460.0,460.0,488.75,718.75,2501.25,4226.25,4628.75,4571.25,3680.0,3248.75,3133.75,3191.25,3392.5,3335.0,3306.25,3766.25,4456.25,5060.0,5088.75,4312.5,3536.25,2875.0,2472.5,1293.75,74203.75
2031,2023-07-25,402.5,345.0,402.5,747.5,2530.0,4341.25,4743.75,4772.5,3536.25,3076.25,2990.0,3105.0,3191.25,3363.75,3220.0,3795.0,4772.5,5060.0,5031.25,4341.25,3421.25,2760.0,2415.0,1265.0,73628.75
2032,2023-07-26,575.0,575.0,575.0,603.75,2731.25,4255.0,4887.5,4312.5,3593.75,3105.0,2903.75,2961.25,3162.5,3162.5,3392.5,3852.5,4715.0,5290.0,5031.25,4341.25,3622.5,2875.0,2616.25,1236.25,74376.25
2033,2023-07-27,575.0,603.75,575.0,690.0,2501.25,4025.0,4628.75,4628.75,3536.25,3076.25,2990.0,3191.25,3220.0,3191.25,3363.75,3881.25,4600.0,4916.25,4341.25,4370.0,3507.5,2760.0,2558.75,1236.25,72967.5
2034,2023-07-28,460.0,488.75,488.75,661.25,2443.75,3507.5,3680.0,4283.75,3593.75,3047.5,3076.25,3133.75,3191.25,3191.25,3335.0,3823.75,4772.5,4916.25,4945.0,4283.75,3306.25,2846.25,2357.5,1121.25,70955.0
2035,2023-07-29,546.25,460.0,460.0,690.0,2357.5,3651.25,4168.75,3823.75,3133.75,2817.5,2932.5,3277.5,3708.75,4168.75,4111.25,4082.5,4082.5,3996.25,3708.75,3133.75,2731.25,2587.5,2472.5,1380.0,68482.5
2036,2023-07-30,575.0,488.75,488.75,517.5,1178.75,2271.25,2328.75,2213.75,2386.25,2530.0,2357.5,2558.75,2530.0,2587.5,2846.25,2558.75,2731.25,2788.75,2788.75,2731.25,2558.75,2501.25,1753.75,632.5,48903.75
2037,2023-07-31,517.5,546.25,517.5,690.0,2501.25,4283.75,4686.25,4628.75,3507.5,3076.25,3277.5,3277.5,3363.75,3306.25,3277.5,3823.75,4398.75,4973.75,4945.0,4168.75,3335.0,3018.75,2558.75,1150.0,73830.0
2038,2023-08-01,603.75,603.75,546.25,632.5,2587.5,4226.25,4255.0,4513.75,3795.0,2990.0,3133.75,3248.75,3392.5,3392.5,3306.25,3938.75,4686.25,4887.5,4686.25,4197.5,3536.25,2990.0,2558.75,1265.0,73973.75
2039,2023-08-02,690.0,661.25,575.0,632.5,2415.0,4341.25,4743.75,4513.75,3478.75,2932.5,3220.0,3220.0,3220.0,3277.5,3478.75,3967.5,4858.75,4600.0,5088.75,4255.0,3335.0,2961.25,2616.25,1293.75,74376.25
2040,2023-08-03,690.0,690.0,575.0,776.25,2530.0,4312.5,4858.75,4628.75,3680.0,3162.5,3162.5,3220.0,3248.75,3047.5,3220.0,3910.0,6210.0,6555.0,6468.75,5548.75,4456.25,3823.75,3133.75,1351.25,83260.0
2041,2023-08-04,690.0,661.25,690.0,776.25,3248.75,5807.5,6468.75,6411.25,4830.0,4312.5,3996.25,4140.0,4025.0,3766.25,3306.25,3795.0,4686.25,5031.25,5060.0,4513.75,3622.5,3133.75,2702.5,1265.0,86940.0
2042,2023-08-05,690.0,575.0,546.25,661.25,2271.25,3708.75,4025.0,3507.5,3248.75,3047.5,2875.0,3191.25,3680.0,3938.75,4140.0,4111.25,4053.75,3967.5,3852.5,3363.75,3105.0,2702.5,2271.25,1236.25,68770.0
2043,2023-08-06,488.75,460.0,460.0,460.0,1150.0,2242.5,2300.0,2185.0,2213.75,2386.25,2702.5,2616.25,2616.25,2558.75,2530.0,2558.75,2501.25,2760.0,2645.0,2530.0,2587.5,2501.25,2156.25,1236.25,48846.25
2044,2023-08-07,488.75,488.75,488.75,460.0,1207.5,2357.5,2386.25,2415.0,2415.0,2587.5,2558.75,3105.0,3507.5,3737.5,3967.5,3795.0,3881.25,3651.25,3881.25,3478.75,2788.75,2501.25,2213.75,1063.75,59426.25
2045,2023-08-08,603.75,603.75,603.75,718.75,2472.5,4255.0,4427.5,4513.75,3737.5,3220.0,3277.5,3220.0,3306.25,3277.5,3306.25,3852.5,4772.5,4715.0,4743.75,4283.75,3478.75,2875.0,2386.25,1293.75,73945.0
2046,2023-08-09,776.25,690.0,603.75,805.0,2530.0,4168.75,4657.5,4053.75,3737.5,3277.5,3105.0,3277.5,3277.5,3133.75,3335.0,3823.75,4628.75,4973.75,5002.5,4168.75,3421.25,2846.25,2472.5,1380.0,74146.25
2047,2023-08-10,920.0,805.0,661.25,747.5,2501.25,4312.5,4887.5,4398.75,3593.75,3162.5,3076.25,3220.0,3191.25,3306.25,3335.0,3823.75,4628.75,4945.0,4887.5,4341.25,3823.75,2932.5,2501.25,1322.5,75325.0
2048,2023-08-11,690.0,632.5,575.0,718.75,2558.75,4312.5,4686.25,4686.25,3651.25,3220.0,3220.0,3277.5,3335.0,3507.5,3392.5,3967.5,4743.75,4973.75,4830.0,4341.25,3737.5,3076.25,2558.75,1207.5,75900.0
2049,2023-08-12,603.75,575.0,603.75,776.25,2616.25,3852.5,4140.0,3967.5,3220.0,3018.75,2903.75,3076.25,3708.75,4111.25,3938.75,4168.75,4053.75,4082.5,3881.25,3220.0,2702.5,2558.75,2328.75,1178.75,69287.5
2050,2023-08-13,517.5,460.0,575.0,488.75,1121.25,2156.25,2328.75,2156.25,2328.75,2501.25,2645.0,2587.5,2616.25,2645.0,2760.0,2702.5,2616.25,2702.5,2731.25,2558.75,2415.0,2357.5,1955.0,920.0,48846.25
2051,2023-08-14,517.5,488.75,575.0,747.5,2587.5,4283.75,4600.0,4571.25,3708.75,3191.25,3105.0,3162.5,3306.25,3363.75,3306.25,3795.0,4312.5,5002.5,4830.0,4082.5,3507.5,2990.0,2530.0,1236.25,73801.25
2052,2023-08-15,718.75,690.0,718.75,718.75,2587.5,4140.0,4743.75,4600.0,3507.5,3248.75,3248.75,3105.0,3133.75,3191.25,3277.5,3680.0,4600.0,4887.5,5002.5,4341.25,3507.5,2990.0,2472.5,1207.5,74318.75
2053,2023-08-16,632.5,575.0,603.75,690.0,2645.0,4197.5,4283.75,4485.0,3392.5,3105.0,3076.25,3162.5,3047.5,2903.75,3105.0,3680.0,4398.75,4887.5,4772.5,4197.5,3421.25,2961.25,2501.25,1265.0,71990.0
2054,2023-08-17,575.0,575.0,603.75,603.75,2530.0,4168.75,4628.75,4398.75,3680.0,3220.0,2990.0,3105.0,3162.5,3162.5,3162.5,3622.5,4341.25,4772.5,4715.0,4168.75,3478.75,2760.0,2386.25,1322.5,72133.75
2055,2023-08-18,575.0,575.0,546.25,632.5,2242.5,3795.0,4427.5,4485.0,3536.25,2875.0,2990.0,3047.5,3076.25,3105.0,3047.5,3622.5,4542.5,4772.5,4715.0,3996.25,3220.0,2760.0,2213.75,1121.25,69920.0
2056,2023-08-19,546.25,575.0,603.75,661.25,2472.5,3852.5,4053.75,3795.0,3248.75,2875.0,2673.75,2961.25,3478.75,3881.25,4025.0,3910.0,3823.75,3996.25,3622.5,3076.25,2846.25,2558.75,2357.5,1207.5,67102.5
2057,2023-08-20,575.0,517.5,546.25,488.75,1207.5,2127.5,2242.5,2242.5,2213.75,2357.5,2443.75,2386.25,2386.25,2357.5,2443.75,2501.25,2616.25,2702.5,2731.25,2415.0,2443.75,2415.0,1725.0,488.75,46575.0
2058,2023-08-21,460.0,460.0,488.75,460.0,1121.25,2213.75,2271.25,2300.0,2357.5,2501.25,2443.75,2616.25,2587.5,2645.0,2616.25,2587.5,2645.0,2731.25,2645.0,2472.5,2415.0,2300.0,1552.5,517.5,47408.75
2059,2023-08-22,517.5,517.5,460.0,632.5,2501.25,4283.75,4168.75,3191.25,3823.75,3133.75,3133.75,3162.5,3306.25,3162.5,2990.0,3795.0,4513.75,4686.25,4801.25,4168.75,3248.75,2731.25,2357.5,1265.0,70552.5
2060,2023-08-23,632.5,632.5,575.0,747.5,2300.0,3593.75,3766.25,4370.0,3565.0,2788.75,2875.0,3105.0,3220.0,3220.0,3220.0,3766.25,4427.5,4858.75,4743.75,3967.5,3277.5,2731.25,2415.0,1121.25,69920.0
2061,2023-08-24,603.75,575.0,488.75,661.25,2501.25,4140.0,4542.5,4283.75,3450.0,3047.5,2846.25,3018.75,3191.25,3047.5,3047.5,3795.0,4427.5,4945.0,4887.5,4082.5,3306.25,3018.75,2300.0,1265.0,71472.5
2062,2023-08-25,575.0,575.0,690.0,603.75,2530.0,4283.75,4657.5,4341.25,3450.0,3133.75,2961.25,3076.25,3047.5,3162.5,3306.25,3478.75,4485.0,5002.5,4772.5,4082.5,3248.75,2932.5,2415.0,1178.75,71990.0
2063,2023-08-26,632.5,603.75,575.0,747.5,2472.5,3910.0,4082.5,3795.0,3162.5,2875.0,2788.75,3133.75,3162.5,3996.25,4082.5,3737.5,4082.5,4025.0,3823.75,3220.0,2903.75,2731.25,2472.5,1293.75,68310.0
2064,2023-08-27,575.0,575.0,575.0,546.25,1178.75,2156.25,2213.75,2185.0,2271.25,2415.0,2443.75,2472.5,2645.0,2558.75,2587.5,2645.0,2645.0,2731.25,2788.75,2731.25,2587.5,2386.25,1753.75,603.75,48271.25
2065,2023-08-28,575.0,575.0,575.0,661.25,2386.25,4140.0,4370.0,4283.75,3737.5,3306.25,3076.25,3363.75,3450.0,3133.75,3248.75,3536.25,4686.25,3565.0,2242.5,1638.75,3076.25,3191.25,2558.75,1207.5,66585.0
2066,2023-08-29,661.25,632.5,575.0,805.0,2530.0,4255.0,4600.0,4600.0,3823.75,3162.5,3248.75,3277.5,3133.75,3277.5,3335.0,4053.75,4571.25,5031.25,4973.75,4197.5,3335.0,2875.0,2702.5,1437.5,75095.0
2067,2023-08-30,632.5,546.25,402.5,833.75,2558.75,4370.0,4830.0,4743.75,3910.0,3363.75,3220.0,3076.25,3363.75,3335.0,3248.75,3996.25,4686.25,4830.0,5031.25,4255.0,3536.25,2990.0,2558.75,1380.0,75698.75
2068,2023-08-31,690.0,661.25,575.0,690.0,2616.25,4312.5,4830.0,4801.25,3651.25,3047.5,3076.25,3220.0,3248.75,3220.0,3277.5,3881.25,4571.25,4973.75,4887.5,4255.0,3421.25,2932.5,2616.25,1466.25,74922.5
2069,2023-09-01,575.0,575.0,603.75,661.25,2530.0,4370.0,4485.0,4772.5,3593.75,3335.0,3191.25,3248.75,3277.5,3248.75,3392.5,3938.75,4571.25,5002.5,4830.0,4370.0,3507.5,2846.25,2616.25,1236.25,74778.75
2070,2023-09-02,661.25,575.0,575.0,805.0,2530.0,3823.75,3996.25,3996.25,3162.5,2961.25,2731.25,3162.5,3708.75,4025.0,4025.0,3852.5,4111.25,4197.5,3507.5,3162.5,2846.25,2558.75,2443.75,1265.0,68683.75
2071,2023-09-03,575.0,603.75,575.0,488.75,1178.75,2300.0,2213.75,2271.25,2213.75,2415.0,2501.25,2645.0,2501.25,2530.0,2386.25,2501.25,2415.0,2558.75,2616.25,2386.25,2300.0,2213.75,1725.0,690.0,46805.0
2072,2023-09-04,632.5,632.5,603.75,632.5,2587.5,4197.5,4657.5,4456.25,3478.75,2990.0,3105.0,3162.5,3220.0,3335.0,3363.75,3852.5,4398.75,5031.25,5002.5,4140.0,3478.75,2903.75,2530.0,1236.25,73628.75
2073,2023-09-05,661.25,776.25,632.5,690.0,2645.0,4226.25,4858.75,4686.25,3823.75,3191.25,3133.75,3076.25,3277.5,3162.5,3392.5,3823.75,4341.25,4887.5,5146.25,4197.5,3507.5,3076.25,2760.0,1581.25,75555.0
2074,2023-09-06,632.5,690.0,575.0,805.0,2530.0,4283.75,4830.0,4341.25,3363.75,3220.0,3076.25,3162.5,3277.5,3248.75,3220.0,3766.25,4715.0,4916.25,4628.75,4255.0,3737.5,2932.5,2587.5,1523.75,74318.75
2075,2023-09-07,632.5,603.75,546.25,776.25,2472.5,4140.0,4657.5,4628.75,3823.75,3335.0,3105.0,3105.0,3220.0,3248.75,3277.5,3823.75,4600.0,4916.25,5002.5,3996.25,3507.5,2903.75,2558.75,1322.5,74203.75
2076,2023-09-08,718.75,690.0,690.0,632.5,2731.25,4283.75,4715.0,4513.75,3737.5,3162.5,3076.25,3277.5,3392.5,3392.5,3450.0,3967.5,4830.0,4916.25,4743.75,4341.25,3680.0,3076.25,2645.0,1265.0,75928.75
2077,2023-09-09,460.0,460.0,488.75,747.5,2501.25,3766.25,4111.25,3910.0,3392.5,3018.75,3018.75,3335.0,3938.75,4255.0,4168.75,3823.75,4025.0,3996.25,3565.0,3248.75,2817.5,2558.75,2386.25,1408.75,69402.5
2078,2023-09-10,460.0,460.0,460.0,460.0,1265.0,2328.75,2386.25,2271.25,2242.5,2645.0,2501.25,2558.75,2645.0,2443.75,2587.5,2587.5,2558.75,2846.25,2673.75,2530.0,2386.25,2357.5,1725.0,690.0,48070.0
2079,2023-09-11,661.25,661.25,546.25,690.0,2357.5,4025.0,4715.0,4513.75,3565.0,2932.5,3047.5,2990.0,3162.5,3248.75,3162.5,3938.75,4600.0,4945.0,4887.5,4283.75,3421.25,2788.75,2472.5,1236.25,72852.5
2080,2023-09-12,373.75,345.0,402.5,690.0,2443.75,4255.0,4628.75,4427.5,3593.75,3105.0,3651.25,3392.5,3248.75,3220.0,3335.0,3996.25,4628.75,4830.0,3823.75,4628.75,3651.25,3018.75,2673.75,1236.25,73600.0
2081,2023-09-13,661.25,603.75,575.0,690.0,2501.25,4427.5,4657.5,4858.75,3680.0,3105.0,3018.75,3248.75,3392.5,3335.0,3421.25,3967.5,4686.25,5175.0,5318.75,4513.75,3450.0,3105.0,2587.5,1322.5,76302.5
2082,2023-09-14,661.25,603.75,603.75,833.75,2501.25,4283.75,4686.25,4628.75,3795.0,3162.5,3191.25,3018.75,3220.0,3248.75,3363.75,3910.0,4657.5,5175.0,4916.25,4370.0,3421.25,3133.75,2760.0,1293.75,75440.0
2083,2023-09-15,603.75,690.0,747.5,833.75,2702.5,4513.75,4858.75,4628.75,3708.75,3277.5,3248.75,3363.75,3220.0,3335.0,3363.75,3823.75,4456.25,4945.0,4801.25,4398.75,3593.75,3133.75,2530.0,1236.25,76015.0
2084,2023-09-16,575.0,575.0,575.0,718.75,2386.25,3996.25,4140.0,4140.0,3536.25,2932.5,2932.5,3162.5,3795.0,4255.0,4140.0,3996.25,3996.25,4226.25,3737.5,3248.75,3105.0,2760.0,2357.5,1351.25,70638.75
2085,2023-09-17,575.0,546.25,575.0,488.75,1150.0,2070.0,2156.25,2156.25,2185.0,2443.75,2415.0,2472.5,2530.0,2616.25,2616.25,2587.5,2616.25,2645.0,2846.25,2645.0,2558.75,2415.0,1753.75,690.0,47753.75
2086,2023-09-18,603.75,603.75,517.5,661.25,2501.25,4370.0,4456.25,4542.5,3536.25,3277.5,3076.25,3162.5,3306.25,3363.75,3363.75,3795.0,4542.5,5175.0,4887.5,4283.75,3478.75,2846.25,2501.25,2041.25,74893.75
2087,2023-09-19,948.75,891.25,632.5,661.25,2501.25,4312.5,4686.25,4485.0,3737.5,3248.75,3191.25,3248.75,3076.25,3162.5,3335.0,3910.0,4686.25,5232.5,5146.25,4628.75,3335.0,2932.5,2616.25,1380.0,75986.25
2088,2023-09-20,747.5,718.75,661.25,690.0,2530.0,4341.25,4801.25,4542.5,3622.5,3248.75,3076.25,3133.75,3191.25,3162.5,3306.25,3938.75,4715.0,5088.75,4887.5,4427.5,3392.5,2990.0,2673.75,1322.5,75210.0
2089,2023-09-21,661.25,661.25,575.0,603.75,2731.25,4370.0,4772.5,4686.25,3536.25,3018.75,2961.25,3133.75,3191.25,3076.25,3133.75,3737.5,4513.75,5060.0,4916.25,4226.25,3478.75,2990.0,2731.25,1380.0,74146.25
2090,2023-09-22,718.75,805.0,661.25,776.25,2558.75,4341.25,4743.75,4628.75,3536.25,3191.25,3133.75,3277.5,3191.25,3335.0,3335.0,4111.25,4571.25,5060.0,4858.75,4082.5,3565.0,3018.75,2501.25,1178.75,75181.25
2091,2023-09-23,603.75,575.0,575.0,661.25,2213.75,3565.0,3996.25,3852.5,3191.25,2961.25,2846.25,2932.5,3593.75,4053.75,4111.25,4140.0,4082.5,4025.0,3795.0,3133.75,2846.25,2530.0,2386.25,1207.5,67878.75
2092,2023-09-24,603.75,632.5,488.75,546.25,1236.25,2271.25,2357.5,2242.5,2185.0,2501.25,2472.5,2530.0,2415.0,2587.5,2673.75,2386.25,2472.5,2788.75,2645.0,2501.25,2530.0,2530.0,1696.25,575.0,47868.75
2093,2023-09-25,546.25,517.5,517.5,718.75,2530.0,4370.0,4830.0,4743.75,3737.5,2961.25,3133.75,3248.75,3450.0,3277.5,3363.75,4053.75,4513.75,5290.0,4772.5,4283.75,3450.0,2990.0,2616.25,1408.75,75325.0
2094,2023-09-26,402.5,546.25,776.25,690.0,2673.75,4398.75,4945.0,4168.75,3622.5,3191.25,3220.0,3248.75,3450.0,3363.75,3363.75,3967.5,4657.5,5146.25,5261.25,4485.0,3593.75,2932.5,2530.0,1380.0,76015.0
2095,2023-09-27,1380.0,1380.0,1351.25,1265.0,3133.75,5060.0,5146.25,5376.25,4427.5,3737.5,3565.0,3708.75,3795.0,3766.25,3967.5,4427.5,5031.25,5750.0,5663.75,4772.5,4168.75,3478.75,3277.5,2127.5,89757.5
2096,2023-09-28,1150.0,1150.0,1150.0,1178.75,3162.5,4945.0,5376.25,5290.0,4226.25,3823.75,3708.75,3766.25,3622.5,3823.75,3938.75,4398.75,5232.5,5606.25,5433.75,4830.0,4226.25,3565.0,3220.0,2098.75,88923.75
2097,2023-09-29,1380.0,1178.75,862.5,948.75,2903.75,4025.0,4427.5,4945.0,3967.5,3536.25,3363.75,3162.5,3220.0,3335.0,3478.75,4168.75,4916.25,5347.5,5290.0,4715.0,3766.25,3220.0,2673.75,1638.75,80471.25
2098,2023-09-30,1035.0,977.5,833.75,920.0,2501.25,4025.0,4197.5,4053.75,3450.0,2990.0,2990.0,3306.25,3680.0,4053.75,4370.0,4370.0,4312.5,4283.75,3967.5,3507.5,3248.75,2903.75,2731.25,1523.75,74232.5
2099,2023-10-01,805.0,747.5,575.0,460.0,1150.0,2156.25,2271.25,2271.25,2098.75,2530.0,2472.5,2587.5,2558.75,2616.25,2673.75,2587.5,2587.5,2731.25,2932.5,2846.25,2645.0,2558.75,1667.5,661.25,49191.25
2100,2023-10-02,575.0,517.5,488.75,661.25,2587.5,4398.75,4772.5,4772.5,3881.25,3248.75,3105.0,3076.25,3277.5,3335.0,3450.0,4053.75,4772.5,5146.25,4916.25,4398.75,3220.0,2817.5,2530.0,1178.75,75181.25
2101,2023-10-03,575.0,575.0,575.0,603.75,2443.75,4341.25,4571.25,4513.75,3737.5,3248.75,3047.5,3220.0,3133.75,2875.0,3105.0,3507.5,4485.0,4772.5,4858.75,4168.75,3478.75,2932.5,2530.0,1236.25,72536.25
2102,2023-10-04,575.0,690.0,977.5,718.75,2558.75,4255.0,4887.5,4542.5,3507.5,2990.0,2903.75,2702.5,2875.0,3047.5,3191.25,3651.25,4370.0,5031.25,4916.25,4140.0,3363.75,2932.5,2616.25,1236.25,72680.0
2103,2023-10-05,575.0,546.25,517.5,661.25,2587.5,4140.0,4715.0,4600.0,3507.5,3277.5,3162.5,3076.25,3047.5,3248.75,3363.75,3996.25,4456.25,4945.0,4916.25,4168.75,3335.0,2875.0,2616.25,1207.5,73542.5
2104,2023-10-06,546.25,488.75,488.75,718.75,2673.75,4082.5,4657.5,4628.75,3536.25,2961.25,2990.0,3018.75,2990.0,3047.5,3105.0,3967.5,4485.0,4801.25,4801.25,4370.0,3335.0,2875.0,2760.0,1610.0,72938.75
2105,2023-10-07,891.25,805.0,776.25,718.75,2472.5,3910.0,4111.25,3967.5,3363.75,2961.25,2788.75,3220.0,3823.75,4197.5,4111.25,3996.25,4140.0,4111.25,3536.25,3018.75,2616.25,2357.5,2242.5,1265.0,69402.5
2106,2023-10-08,632.5,603.75,575.0,488.75,1178.75,2300.0,2386.25,2156.25,2213.75,2357.5,2357.5,2501.25,2558.75,2587.5,2731.25,2616.25,2645.0,2760.0,2788.75,2587.5,2443.75,2357.5,1696.25,603.75,48127.5
2107,2023-10-09,575.0,546.25,575.0,603.75,2587.5,4370.0,4542.5,4571.25,3938.75,3392.5,3220.0,3306.25,3392.5,3478.75,3593.75,3938.75,4542.5,5146.25,5088.75,4312.5,3478.75,3047.5,2788.75,1380.0,76417.5
2108,2023-10-10,948.75,920.0,805.0,776.25,2645.0,4370.0,4945.0,4715.0,4140.0,3248.75,3047.5,3191.25,3306.25,3363.75,3565.0,3996.25,4657.5,5376.25,5088.75,4197.5,3421.25,2961.25,2961.25,1380.0,78027.5
2109,2023-10-11,373.75,345.0,287.5,690.0,2587.5,4341.25,4945.0,4801.25,3910.0,3421.25,3277.5,3047.5,3248.75,3277.5,3622.5,4025.0,4743.75,5347.5,5175.0,4600.0,3421.25,2903.75,2903.75,1380.0,76676.25
2110,2023-10-12,891.25,920.0,718.75,690.0,2558.75,4168.75,4341.25,4485.0,3536.25,3018.75,3047.5,3248.75,3191.25,3306.25,3363.75,3967.5,4686.25,5117.5,5146.25,4168.75,3335.0,3047.5,2645.0,1236.25,74836.25
2111,2023-10-13,776.25,690.0,575.0,747.5,2587.5,4197.5,4427.5,4542.5,3938.75,3507.5,3047.5,3335.0,3421.25,3220.0,3450.0,3881.25,4772.5,5060.0,4772.5,4255.0,3421.25,2903.75,2501.25,1236.25,75267.5
2112,2023-10-14,575.0,575.0,575.0,690.0,2443.75,3795.0,4197.5,3938.75,3421.25,2990.0,2875.0,3076.25,3823.75,4111.25,4111.25,4053.75,4082.5,4025.0,3622.5,3133.75,2817.5,2645.0,2300.0,1293.75,69172.5
2113,2023-10-15,546.25,546.25,517.5,488.75,1207.5,2271.25,2300.0,2185.0,2242.5,2472.5,2443.75,2702.5,2443.75,2616.25,2501.25,2501.25,2530.0,2587.5,2587.5,2587.5,2501.25,2357.5,1868.75,603.75,47610.0
2114,2023-10-16,575.0,546.25,517.5,517.5,1150.0,2098.75,2242.5,2300.0,2242.5,2530.0,2558.75,2616.25,2472.5,2357.5,2501.25,2616.25,2530.0,2587.5,2788.75,2530.0,2443.75,2530.0,1782.5,517.5,47552.5
2115,2023-10-17,460.0,488.75,546.25,661.25,2673.75,4255.0,3708.75,4686.25,3766.25,3277.5,3363.75,3220.0,3191.25,3162.5,3277.5,3881.25,4485.0,5146.25,5031.25,3996.25,3392.5,2990.0,2587.5,1207.5,73456.25
2116,2023-10-18,373.75,316.25,345.0,690.0,2587.5,4485.0,4801.25,4686.25,3795.0,3392.5,3220.0,3335.0,3421.25,3507.5,3536.25,3852.5,4398.75,5117.5,5117.5,4427.5,3536.25,3105.0,2731.25,1265.0,76043.75
2117,2023-10-19,632.5,690.0,460.0,776.25,2530.0,3823.75,4743.75,4686.25,4025.0,3277.5,3277.5,3047.5,3076.25,3277.5,3421.25,3737.5,4571.25,5261.25,5002.5,4226.25,3593.75,3076.25,2645.0,1150.0,75008.75
2118,2023-10-20,546.25,575.0,460.0,747.5,2415.0,4255.0,4801.25,4628.75,4053.75,3335.0,3133.75,3047.5,3220.0,3220.0,3421.25,3823.75,4743.75,5261.25,4456.25,4283.75,3363.75,2846.25,2616.25,1150.0,74405.0
2119,2023-10-21,690.0,632.5,575.0,690.0,2386.25,3593.75,4140.0,3967.5,3392.5,2990.0,2788.75,2817.5,3392.5,3852.5,4082.5,3996.25,4025.0,3996.25,3680.0,3018.75,2760.0,2501.25,2415.0,1293.75,67677.5
2120,2023-10-22,690.0,632.5,517.5,488.75,1150.0,2185.0,2242.5,2156.25,2098.75,2558.75,2472.5,2415.0,2472.5,2702.5,2530.0,2731.25,2702.5,2616.25,2645.0,2702.5,2587.5,2386.25,1753.75,517.5,47955.0
2121,2023-10-23,488.75,488.75,460.0,718.75,2472.5,4370.0,4657.5,4456.25,3795.0,3507.5,3191.25,3248.75,3421.25,3450.0,3478.75,3708.75,4255.0,4772.5,4916.25,4283.75,3047.5,2673.75,2415.0,1150.0,73427.5
2122,2023-10-24,373.75,345.0,431.25,661.25,2530.0,4283.75,4887.5,4542.5,4053.75,3507.5,3392.5,3191.25,3248.75,3450.0,3421.25,3823.75,4571.25,5175.0,5060.0,4312.5,3220.0,2846.25,2558.75,1236.25,75123.75
2123,2023-10-25,488.75,460.0,460.0,690.0,2587.5,4312.5,4887.5,4657.5,3823.75,3335.0,3335.0,3248.75,3133.75,3220.0,3277.5,3795.0,4657.5,5146.25,5060.0,4255.0,3133.75,2788.75,2558.75,1092.5,74405.0
2124,2023-10-26,575.0,546.25,460.0,718.75,2587.5,4398.75,4801.25,4743.75,3996.25,3220.0,3220.0,3248.75,3191.25,3191.25,3363.75,3737.5,4456.25,5002.5,4916.25,4370.0,3478.75,2990.0,2673.75,1322.5,75210.0
2125,2023-10-27,575.0,488.75,460.0,632.5,2645.0,4456.25,4858.75,4715.0,3938.75,3277.5,3392.5,3105.0,3133.75,3306.25,3220.0,3795.0,4513.75,4973.75,4801.25,4226.25,3507.5,3133.75,2673.75,1495.0,75325.0
2126,2023-10-28,575.0,603.75,546.25,747.5,2558.75,3881.25,4053.75,4082.5,3450.0,2990.0,2760.0,3018.75,3593.75,4140.0,3938.75,3996.25,4053.75,3996.25,3708.75,3133.75,2961.25,2616.25,2271.25,1207.5,68885.0
2127,2023-10-29,488.75,517.5,460.0,517.5,1265.0,2213.75,2357.5,2386.25,2443.75,2443.75,3133.75,3392.5,3335.0,3363.75,3450.0,3565.0,3651.25,3335.0,2903.75,2587.5,2587.5,2386.25,1610.0,517.5,54912.5
2128,2023-10-30,460.0,431.25,460.0,632.5,2645.0,4456.25,4916.25,4657.5,3910.0,3392.5,3162.5,3220.0,3047.5,3335.0,3536.25,3910.0,4542.5,4830.0,4945.0,4111.25,3450.0,2760.0,2415.0,1006.25,74232.5
2129,2023-10-31,431.25,373.75,488.75,690.0,2587.5,4427.5,4743.75,4571.25,3852.5,3105.0,3133.75,3105.0,3248.75,3248.75,3277.5,3737.5,4398.75,5088.75,4830.0,3622.5,2616.25,2731.25,2587.5,1150.0,72047.5
2130,2023-11-01,517.5,546.25,575.0,661.25,2875.0,4341.25,4600.0,4743.75,3881.25,3450.0,3191.25,3162.5,3105.0,3306.25,3421.25,3708.75,4513.75,5002.5,5002.5,4283.75,3507.5,3105.0,2702.5,1178.75,75382.5
2131,2023-11-02,575.0,575.0,603.75,718.75,2645.0,4283.75,4485.0,4341.25,3680.0,3306.25,3220.0,3392.5,3392.5,3335.0,3450.0,3852.5,4628.75,5175.0,4973.75,4140.0,3421.25,2932.5,2587.5,1207.5,74922.5
2132,2023-11-03,575.0,575.0,603.75,747.5,2702.5,4140.0,4657.5,4513.75,4111.25,3392.5,3248.75,3536.25,3392.5,3450.0,3593.75,4082.5,4571.25,5117.5,4772.5,4226.25,3593.75,3018.75,2702.5,1322.5,76647.5
2133,2023-11-04,661.25,603.75,575.0,747.5,2386.25,3708.75,4082.5,3881.25,3105.0,2846.25,2702.5,2875.0,3450.0,4053.75,3967.5,3881.25,3823.75,3766.25,3737.5,3248.75,2731.25,2616.25,2386.25,1265.0,67102.5
2134,2023-11-05,488.75,460.0,488.75,546.25,1265.0,2271.25,2328.75,2415.0,2242.5,2472.5,2587.5,2386.25,2415.0,2501.25,2645.0,2587.5,2558.75,2702.5,2731.25,2530.0,2530.0,2415.0,1696.25,603.75,47868.75
2135,2023-11-06,546.25,575.0,460.0,460.0,1207.5,2185.0,2242.5,2271.25,2271.25,2645.0,2530.0,2472.5,2415.0,2472.5,2472.5,2530.0,2501.25,2558.75,2645.0,2472.5,2472.5,2415.0,1667.5,603.75,47092.5
2136,2023-11-07,603.75,661.25,632.5,747.5,2645.0,4398.75,4686.25,4801.25,3737.5,3248.75,3162.5,3162.5,3335.0,3335.0,3363.75,3938.75,4657.5,4772.5,4830.0,4398.75,3507.5,3076.25,2731.25,1322.5,75756.25
2137,2023-11-08,488.75,431.25,460.0,747.5,2817.5,4485.0,4657.5,4715.0,3967.5,3392.5,3248.75,3335.0,3421.25,3478.75,3593.75,3881.25,4628.75,5405.0,5232.5,4456.25,3565.0,3133.75,2932.5,1523.75,77998.75
2138,2023-11-09,718.75,747.5,661.25,776.25,2731.25,4657.5,5088.75,4858.75,4053.75,3392.5,3392.5,3277.5,3335.0,3507.5,3593.75,3996.25,4628.75,5175.0,5060.0,4226.25,3478.75,3162.5,2990.0,1322.5,78832.5
2139,2023-11-10,661.25,632.5,575.0,690.0,2616.25,4485.0,4858.75,4600.0,3910.0,3306.25,3105.0,3162.5,3335.0,3277.5,3478.75,3766.25,4600.0,5031.25,5347.5,4456.25,3593.75,2903.75,2932.5,1322.5,76647.5
2140,2023-11-11,632.5,603.75,575.0,690.0,2558.75,3737.5,3967.5,3852.5,3248.75,3162.5,2932.5,3220.0,3795.0,4168.75,4226.25,4197.5,4053.75,3938.75,3680.0,3277.5,2903.75,2558.75,2386.25,1293.75,69661.25
2141,2023-11-12,575.0,575.0,546.25,546.25,1207.5,2300.0,2300.0,2242.5,2185.0,2501.25,2472.5,2530.0,2616.25,2587.5,2645.0,2472.5,2702.5,2817.5,2788.75,2645.0,2530.0,2501.25,1897.5,690.0,48875.0
2142,2023-11-13,575.0,575.0,575.0,488.75,1178.75,2213.75,2213.75,2185.0,2185.0,2472.5,2558.75,2558.75,2645.0,2645.0,2673.75,2846.25,2760.0,2817.5,2673.75,2558.75,2472.5,2328.75,1696.25,603.75,48501.25
2143,2023-11-14,632.5,575.0,575.0,690.0,2587.5,4341.25,4485.0,4456.25,3737.5,3248.75,3191.25,3306.25,3450.0,3335.0,3478.75,3967.5,4571.25,4973.75,4830.0,4255.0,3191.25,2788.75,2760.0,1207.5,74635.0
2144,2023-11-15,373.75,517.5,575.0,517.5,2328.75,3823.75,4370.0,4025.0,3047.5,3220.0,3277.5,3047.5,3220.0,3191.25,3392.5,3823.75,4571.25,5261.25,5031.25,4427.5,3708.75,3018.75,2645.0,1207.5,72622.5
2145,2023-11-16,718.75,833.75,718.75,805.0,2472.5,3536.25,3823.75,4456.25,4168.75,3306.25,3191.25,3248.75,3363.75,3363.75,3392.5,3536.25,4600.0,5232.5,5117.5,4398.75,3421.25,2990.0,2645.0,1322.5,74663.75
2146,2023-11-17,575.0,575.0,546.25,690.0,2616.25,4168.75,4628.75,4485.0,3910.0,3478.75,3306.25,3220.0,3162.5,3421.25,3478.75,3766.25,4168.75,4858.75,4456.25,3910.0,3220.0,2961.25,2558.75,1121.25,73283.75
2147,2023-11-18,575.0,575.0,517.5,575.0,2472.5,3651.25,4053.75,3938.75,3248.75,2932.5,2846.25,3191.25,3565.0,4168.75,4255.0,4140.0,4111.25,3967.5,3478.75,2990.0,2932.5,2558.75,2328.75,1207.5,68281.25
2148,2023-11-19,575.0,575.0,546.25,488.75,1121.25,2386.25,2328.75,2328.75,2271.25,2501.25,2530.0,2501.25,2530.0,2616.25,2501.25,2443.75,2530.0,2616.25,2616.25,2472.5,2616.25,2443.75,1782.5,575.0,47897.5
2149,2023-11-20,575.0,575.0,488.75,718.75,2673.75,4542.5,4772.5,4830.0,3938.75,3335.0,3133.75,3248.75,3220.0,3421.25,3507.5,3967.5,4686.25,5232.5,5232.5,4370.0,3363.75,2961.25,2673.75,1092.5,76561.25
2150,2023-11-21,258.75,230.0,316.25,603.75,2616.25,4341.25,4801.25,4657.5,3938.75,3306.25,3133.75,3277.5,3191.25,3335.0,3220.0,3622.5,4111.25,5146.25,4571.25,4398.75,3651.25,3018.75,2616.25,1293.75,73657.5
2151,2023-11-22,603.75,575.0,575.0,747.5,2645.0,4513.75,4858.75,4542.5,3766.25,3105.0,3392.5,3277.5,3392.5,3363.75,3450.0,3651.25,4571.25,5203.75,5031.25,4513.75,3507.5,2990.0,2616.25,1236.25,76130.0
2152,2023-11-23,575.0,546.25,575.0,747.5,2731.25,4628.75,4973.75,4513.75,3766.25,3220.0,3191.25,3306.25,3306.25,3306.25,3392.5,3852.5,4600.0,5117.5,5203.75,4111.25,3306.25,2961.25,2731.25,1782.5,76446.25
2153,2023-11-24,690.0,575.0,575.0,747.5,2530.0,4341.25,4772.5,4743.75,3823.75,3450.0,3162.5,3191.25,3162.5,3335.0,3651.25,4111.25,4801.25,4945.0,4830.0,4025.0,3306.25,2932.5,2587.5,1178.75,75468.75
2154,2023-11-25,546.25,546.25,546.25,718.75,2443.75,3737.5,4140.0,1207.5,0.0,0.0,0.0,0.0,0.0,0.0,0.0,0.0,0.0,0.0,0.0,0.0,0.0,0.0,0.0,0.0,13886.25
2155,2023-11-26,0.0,0.0,0.0,0.0,0.0,0.0,0.0,0.0,0.0,0.0,0.0,460.0,2702.5,2616.25,2673.75,2702.5,2731.25,2731.25,2788.75,2673.75,2558.75,2501.25,1696.25,546.25,29382.5
2156,2023-11-27,575.0,488.75,460.0,690.0,2587.5,4283.75,4830.0,4542.5,3881.25,3335.0,3248.75,3306.25,3363.75,3392.5,3536.25,3967.5,4456.25,4916.25,5088.75,4370.0,3421.25,2932.5,2616.25,1293.75,75583.75
2157,2023-11-28,488.75,460.0,402.5,603.75,2616.25,4312.5,4772.5,4513.75,3795.0,3421.25,3306.25,3277.5,3392.5,3622.5,3622.5,4025.0,4743.75,5232.5,5060.0,4197.5,3248.75,2875.0,2530.0,1265.0,75785.0
2158,2023-11-29,632.5,603.75,546.25,776.25,2357.5,4398.75,4801.25,4571.25,3795.0,3047.5,3076.25,3478.75,3335.0,3507.5,3507.5,3823.75,4571.25,5002.5,5060.0,4456.25,3421.25,3047.5,2932.5,1437.5,76187.5
2159,2023-11-30,575.0,575.0,575.0,690.0,2558.75,3881.25,4600.0,4542.5,2903.75,0.0,0.0,0.0,0.0,0.0,28.75,3823.75,4513.75,5175.0,4743.75,4485.0,3622.5,3076.25,2846.25,1265.0,54481.25
2160,2023-12-01,603.75,690.0,690.0,776.25,2530.0,4341.25,4916.25,4657.5,3996.25,3680.0,3593.75,3881.25,3910.0,3910.0,3938.75,4140.0,4571.25,4887.5,4945.0,4312.5,3593.75,3047.5,2616.25,2242.5,80471.25
2161,2023-12-02,2357.5,2242.5,747.5,718.75,2501.25,3737.5,3852.5,3622.5,3565.0,3306.25,3593.75,4341.25,4686.25,4657.5,4542.5,4887.5,4312.5,4513.75,4456.25,3938.75,3622.5,3133.75,2903.75,1983.75,82225.0
2162,2023-12-03,2070.0,1868.75,776.25,517.5,1150.0,2213.75,2300.0,2300.0,2443.75,2645.0,2760.0,2817.5,2817.5,2817.5,2961.25,2875.0,2731.25,2961.25,2990.0,2760.0,2501.25,2587.5,1725.0,546.25,54136.25
2163,2023-12-04,488.75,488.75,460.0,632.5,2645.0,4427.5,4456.25,4715.0,4082.5,3220.0,3306.25,3507.5,3450.0,3565.0,3478.75,3766.25,4542.5,5232.5,5232.5,4686.25,3593.75,3133.75,2875.0,1322.5,77308.75
2164,2023-12-05,488.75,460.0,661.25,747.5,2616.25,4341.25,4801.25,4715.0,4025.0,3536.25,3392.5,3392.5,3478.75,3450.0,3622.5,3967.5,4571.25,5146.25,5146.25,4485.0,3622.5,3133.75,2788.75,1408.75,77998.75
2165,2023-12-06,661.25,603.75,575.0,747.5,2472.5,3996.25,4628.75,4398.75,3680.0,3277.5,3076.25,3220.0,3248.75,3392.5,3593.75,3852.5,4772.5,5318.75,5146.25,4715.0,3622.5,2875.0,2731.25,1581.25,76187.5
2166,2023-12-07,546.25,575.0,517.5,632.5,2673.75,4168.75,4628.75,4513.75,3996.25,3421.25,3162.5,3277.5,3248.75,3306.25,3421.25,3795.0,4628.75,5175.0,5203.75,4628.75,3507.5,2932.5,2702.5,2242.5,76906.25
2167,2023-12-08,1236.25,632.5,575.0,575.0,1293.75,2357.5,2328.75,2242.5,2271.25,2472.5,2501.25,2645.0,2558.75,2645.0,2731.25,2760.0,2702.5,2875.0,3018.75,2530.0,2300.0,2587.5,2300.0,1092.5,51232.5
2168,2023-12-09,575.0,460.0,517.5,805.0,3478.75,3852.5,4255.0,4168.75,3593.75,3105.0,3105.0,3392.5,4168.75,4370.0,4255.0,4226.25,4255.0,4255.0,4283.75,3766.25,3536.25,3047.5,2817.5,2328.75,76618.75
2169,2023-12-10,1265.0,603.75,575.0,546.25,1092.5,2156.25,2070.0,2242.5,2041.25,2271.25,2501.25,2731.25,2731.25,2645.0,2702.5,2788.75,2731.25,4945.0,5606.25,5232.5,5117.5,4715.0,3162.5,718.75,63192.5
2170,2023-12-11,661.25,546.25,460.0,690.0,2645.0,4312.5,4887.5,4715.0,4053.75,3680.0,3392.5,3478.75,3421.25,3536.25,3622.5,3823.75,4312.5,5002.5,5232.5,4341.25,3622.5,3018.75,2587.5,1207.5,77251.25
2171,2023-12-12,460.0,345.0,345.0,776.25,2673.75,4255.0,4513.75,4456.25,3795.0,3220.0,3306.25,3306.25,3392.5,3450.0,3680.0,3967.5,4542.5,5290.0,5146.25,4255.0,3536.25,2961.25,2616.25,1236.25,75526.25
2172,2023-12-13,603.75,575.0,546.25,718.75,2587.5,4427.5,4801.25,4686.25,4025.0,3363.75,3306.25,3363.75,3651.25,3651.25,3536.25,3910.0,4657.5,5060.0,5060.0,4226.25,3392.5,2932.5,2673.75,1983.75,77740.0
2173,2023-12-14,862.5,575.0,575.0,776.25,2558.75,4427.5,4743.75,4082.5,3795.0,3363.75,3220.0,3392.5,3392.5,3450.0,3478.75,3910.0,4657.5,5175.0,5290.0,4600.0,3593.75,3047.5,2645.0,1236.25,76848.75
2174,2023-12-15,546.25,488.75,546.25,690.0,2760.0,4283.75,4686.25,4743.75,3766.25,3220.0,3248.75,3306.25,3220.0,3306.25,3507.5,3795.0,4628.75,5290.0,5002.5,4312.5,3507.5,2932.5,2702.5,2271.25,76762.5
2175,2023-12-16,1150.0,575.0,546.25,776.25,2415.0,4025.0,4312.5,4255.0,3565.0,3191.25,3133.75,3306.25,4082.5,4427.5,4600.0,4398.75,4053.75,3737.5,3910.0,3421.25,3220.0,2903.75,2645.0,2185.0,74836.25
2176,2023-12-17,1207.5,517.5,517.5,575.0,1236.25,2156.25,2098.75,2185.0,2242.5,2472.5,2501.25,2731.25,2760.0,2788.75,2875.0,2817.5,2932.5,2846.25,3076.25,2990.0,2760.0,2587.5,1955.0,632.5,51462.5
2177,2023-12-18,546.25,517.5,460.0,718.75,2616.25,4398.75,4858.75,4686.25,3996.25,3478.75,3335.0,3248.75,3306.25,3450.0,3593.75,4053.75,4485.0,4887.5,5060.0,4427.5,3565.0,3076.25,2673.75,1063.75,76503.75
2178,2023-12-19,287.5,431.25,517.5,632.5,2587.5,4370.0,4715.0,4772.5,3881.25,3421.25,3335.0,3306.25,3162.5,3306.25,3593.75,3852.5,4628.75,5146.25,5060.0,4370.0,3392.5,3047.5,2846.25,1380.0,76043.75
2179,2023-12-20,632.5,575.0,575.0,805.0,2472.5,4341.25,4772.5,4600.0,3823.75,3335.0,3191.25,3220.0,3191.25,3191.25,3450.0,3708.75,4456.25,5117.5,5203.75,4370.0,3507.5,3047.5,2673.75,1552.5,75813.75
2180,2023-12-21,575.0,575.0,575.0,776.25,2760.0,4398.75,4858.75,4542.5,3737.5,3392.5,3248.75,3191.25,3133.75,3450.0,3565.0,3967.5,4686.25,5203.75,5088.75,4657.5,3593.75,3047.5,2702.5,1322.5,77050.0
2181,2023-12-22,632.5,603.75,575.0,690.0,1983.75,2415.0,3478.75,4312.5,3881.25,3363.75,3277.5,3421.25,3421.25,3593.75,3593.75,3708.75,4628.75,4945.0,5002.5,4600.0,3593.75,3105.0,2788.75,2242.5,73858.75
2182,2023-12-23,1121.25,517.5,546.25,690.0,2645.0,4025.0,4053.75,3392.5,3593.75,3248.75,3363.75,3881.25,4111.25,4456.25,4370.0,4341.25,4226.25,4427.5,4427.5,4197.5,3421.25,2817.5,2558.75,2185.0,76618.75
2183,2023-12-24,1092.5,460.0,460.0,488.75,1265.0,2300.0,2328.75,2271.25,2271.25,2760.0,2875.0,2932.5,2875.0,2932.5,2990.0,3076.25,3076.25,3133.75,3076.25,2875.0,2645.0,1782.5,460.0,488.75,50916.25
2184,2023-12-25,460.0,460.0,460.0,488.75,1121.25,2070.0,2242.5,2328.75,2242.5,2558.75,2472.5,2415.0,2443.75,2357.5,2472.5,2501.25,2530.0,2530.0,2673.75,2645.0,2673.75,2587.5,1753.75,575.0,47063.75
2185,2023-12-26,546.25,546.25,488.75,661.25,2616.25,4283.75,4456.25,4456.25,3737.5,2875.0,3191.25,3191.25,3162.5,3191.25,3507.5,3996.25,4312.5,4628.75,4715.0,4168.75,3421.25,2961.25,2587.5,1092.5,72795.0
2186,2023-12-27,172.5,0.0,258.75,747.5,2731.25,4398.75,4485.0,4456.25,3910.0,3220.0,3047.5,2788.75,2961.25,2932.5,3220.0,3565.0,4082.5,4456.25,4743.75,4111.25,3306.25,2846.25,2673.75,1265.0,70380.0
2187,2023-12-28,575.0,575.0,575.0,776.25,2616.25,4427.5,4628.75,4571.25,3737.5,3133.75,3162.5,3335.0,3277.5,3277.5,3737.5,4140.0,4312.5,4657.5,4801.25,4082.5,3363.75,3018.75,2702.5,1178.75,74663.75
2188,2023-12-29,575.0,575.0,546.25,718.75,2673.75,4370.0,4628.75,4628.75,3766.25,3306.25,3162.5,3133.75,3162.5,3191.25,3392.5,4197.5,4255.0,4513.75,4657.5,4168.75,3593.75,3133.75,2788.75,1236.25,74376.25
2189,2023-12-30,517.5,460.0,575.0,776.25,2386.25,3881.25,4197.5,4025.0,3478.75,3047.5,2990.0,3881.25,4111.25,3938.75,3967.5,3881.25,3622.5,3507.5,3507.5,3363.75,3191.25,2788.75,2587.5,1293.75,69977.5
2190,2023-12-31,603.75,460.0,488.75,517.5,1150.0,2156.25,2242.5,2271.25,2185.0,2530.0,2443.75,2530.0,2530.0,2673.75,2702.5,2702.5,2558.75,2645.0,2760.0,2616.25,2673.75,1926.25,575.0,488.75,46431.25
2191,2024-01-01,460.0,460.0,460.0,488.75,1207.5,2127.5,2271.25,2328.75,2242.5,2472.5,2530.0,2443.75,2357.5,2386.25,2443.75,2472.5,2443.75,2501.25,2616.25,2616.25,2587.5,2587.5,1782.5,575.0,46862.5
2192,2024-01-02,488.75,460.0,488.75,661.25,2645.0,4168.75,4398.75,4456.25,3622.5,3105.0,3220.0,3162.5,3133.75,3191.25,3478.75,4111.25,4341.25,4628.75,4398.75,3967.5,3450.0,2990.0,2645.0,1207.5,72421.25
2193,2024-01-03,345.0,316.25,345.0,661.25,2760.0,4255.0,4485.0,4456.25,3680.0,3220.0,3133.75,3105.0,3220.0,3220.0,3478.75,4255.0,4341.25,4600.0,4456.25,3938.75,3478.75,3018.75,2616.25,1207.5,72593.75
2194,2024-01-04,575.0,575.0,575.0,776.25,2702.5,4341.25,4456.25,4053.75,3852.5,3248.75,2961.25,3335.0,3335.0,3248.75,3651.25,4312.5,4686.25,4600.0,4513.75,3823.75,3335.0,3018.75,2558.75,1293.75,73830.0
2195,2024-01-05,460.0,431.25,517.5,833.75,2616.25,4226.25,4485.0,4226.25,3651.25,3162.5,3248.75,3133.75,3162.5,3277.5,3536.25,4226.25,4082.5,4513.75,4542.5,4025.0,3335.0,3047.5,2587.5,1265.0,72593.75
2196,2024-01-06,488.75,488.75,460.0,690.0,2271.25,3737.5,4197.5,3938.75,3565.0,3018.75,2903.75,3248.75,3996.25,4312.5,4197.5,4111.25,4226.25,4082.5,4025.0,3708.75,3277.5,2875.0,2587.5,1265.0,71673.75
2197,2024-01-07,575.0,546.25,517.5,488.75,1236.25,2185.0,2300.0,2213.75,2127.5,2501.25,2616.25,2731.25,2875.0,2932.5,3018.75,3047.5,2875.0,2961.25,2932.5,2846.25,2788.75,2587.5,1753.75,575.0,51232.5
2198,2024-01-08,632.5,575.0,575.0,517.5,1207.5,2213.75,2213.75,2242.5,2242.5,2415.0,2673.75,2760.0,2817.5,2817.5,2903.75,2875.0,2932.5,2903.75,3047.5,2875.0,2558.75,2415.0,1725.0,1006.25,51146.25
2199,2024-01-09,1035.0,718.75,460.0,690.0,2645.0,4370.0,4801.25,4513.75,3680.0,3306.25,3105.0,3162.5,3191.25,3421.25,3536.25,3881.25,4743.75,4858.75,5002.5,4082.5,3450.0,2932.5,2558.75,1265.0,75411.25
2200,2024-01-10,345.0,287.5,431.25,661.25,2443.75,4283.75,4600.0,4628.75,3881.25,3363.75,3335.0,3162.5,3047.5,3248.75,3421.25,3766.25,4600.0,5146.25,5290.0,4456.25,3335.0,3018.75,2558.75,1207.5,74520.0
2201,2024-01-11,488.75,488.75,488.75,718.75,2846.25,4111.25,4140.0,3335.0,3335.0,3421.25,3105.0,3335.0,3306.25,3507.5,3536.25,3823.75,4657.5,5290.0,5318.75,4341.25,3507.5,2990.0,2645.0,1322.5,74060.0
2202,2024-01-12,575.0,460.0,517.5,805.0,2501.25,4197.5,4830.0,4398.75,3737.5,3220.0,3220.0,3191.25,3018.75,3335.0,3421.25,3852.5,4657.5,5117.5,5088.75,4025.0,3392.5,3076.25,2587.5,1121.25,74347.5
2203,2024-01-13,460.0,460.0,517.5,661.25,2501.25,3852.5,4370.0,4255.0,3507.5,3220.0,3018.75,3306.25,4168.75,4427.5,4197.5,4025.0,4082.5,4226.25,4082.5,3823.75,3162.5,2932.5,2587.5,1265.0,73111.25
2204,2024-01-14,632.5,603.75,575.0,603.75,1293.75,2271.25,2213.75,2357.5,2213.75,2300.0,2501.25,2645.0,2645.0,2731.25,2760.0,2846.25,2875.0,2846.25,2788.75,2702.5,2501.25,2558.75,1667.5,575.0,49708.75
2205,2024-01-15,517.5,460.0,517.5,776.25,2645.0,4283.75,4772.5,4686.25,3708.75,3421.25,3220.0,3220.0,3335.0,3507.5,3708.75,3938.75,4571.25,4743.75,5261.25,4571.25,3450.0,2961.25,2530.0,1063.75,75871.25
2206,2024-01-16,373.75,345.0,402.5,776.25,3363.75,4398.75,4887.5,4456.25,3852.5,3392.5,3306.25,3191.25,3392.5,3536.25,3737.5,3938.75,4542.5,5318.75,5261.25,4427.5,3478.75,3076.25,2731.25,1380.0,77567.5
2207,2024-01-17,575.0,575.0,575.0,718.75,2558.75,4456.25,4715.0,4628.75,3795.0,3076.25,3191.25,3248.75,3162.5,3421.25,3507.5,3852.5,4743.75,5203.75,5031.25,4255.0,3622.5,3105.0,2616.25,1265.0,75900.0
2208,2024-01-18,575.0,575.0,575.0,632.5,2645.0,4226.25,4801.25,4600.0,3938.75,3335.0,3335.0,3277.5,3248.75,3392.5,3593.75,3708.75,4456.25,4945.0,4887.5,4283.75,3335.0,3162.5,2587.5,1265.0,75382.5
2209,2024-01-19,575.0,575.0,575.0,690.0,2558.75,4255.0,4887.5,4657.5,3852.5,3363.75,3363.75,3392.5,3392.5,3421.25,3507.5,4053.75,4571.25,5060.0,5088.75,4111.25,3536.25,2990.0,2673.75,1207.5,76360.0
2210,2024-01-20,603.75,632.5,460.0,603.75,1552.5,2098.75,3047.5,3651.25,3335.0,2990.0,3047.5,3363.75,4168.75,4341.25,4398.75,4341.25,4341.25,4025.0,3996.25,3565.0,3105.0,2875.0,2616.25,1236.25,68396.25
2211,2024-01-21,575.0,575.0,575.0,488.75,1150.0,2098.75,2070.0,2041.25,2156.25,2501.25,2443.75,2645.0,2702.5,2760.0,2932.5,2875.0,2817.5,2817.5,2903.75,2788.75,2645.0,2530.0,1667.5,603.75,49363.75
2212,2024-01-22,575.0,546.25,517.5,690.0,2472.5,4283.75,4715.0,4600.0,3766.25,3306.25,3220.0,3191.25,3306.25,3306.25,3536.25,3795.0,4542.5,5031.25,5146.25,4111.25,3191.25,2961.25,2616.25,1265.0,74692.5
2213,2024-01-23,345.0,345.0,517.5,805.0,2472.5,4226.25,4628.75,4571.25,3680.0,3306.25,3220.0,3220.0,3162.5,3421.25,3507.5,3910.0,4628.75,5060.0,5002.5,4341.25,3421.25,3018.75,2616.25,1207.5,74635.0
2214,2024-01-24,575.0,546.25,575.0,690.0,2645.0,4398.75,4686.25,4571.25,3852.5,3363.75,3191.25,3220.0,3220.0,3478.75,3507.5,3967.5,4657.5,5060.0,4945.0,4341.25,3306.25,2961.25,2616.25,1265.0,75641.25
2215,2024-01-25,546.25,460.0,575.0,718.75,2645.0,4398.75,4542.5,4168.75,3651.25,3220.0,3076.25,3105.0,3277.5,3363.75,3363.75,3910.0,4456.25,5117.5,5146.25,4168.75,3565.0,3076.25,2645.0,1293.75,74491.25
2216,2024-01-26,603.75,575.0,575.0,718.75,2645.0,3967.5,4657.5,4571.25,3593.75,2990.0,3220.0,3248.75,3191.25,3306.25,3421.25,3910.0,4600.0,5175.0,5002.5,4283.75,3248.75,2961.25,2702.5,1178.75,74347.5
2217,2024-01-27,488.75,488.75,517.5,718.75,2443.75,3881.25,4140.0,3996.25,3248.75,3220.0,3076.25,3191.25,4082.5,4341.25,4312.5,4168.75,4197.5,4025.0,3881.25,3622.5,3133.75,2817.5,2443.75,1236.25,71673.75
2218,2024-01-28,460.0,517.5,460.0,517.5,1150.0,2098.75,1983.75,373.75,0.0,0.0,0.0,0.0,0.0,2530.0,2702.5,2616.25,2530.0,2673.75,2760.0,2501.25,2415.0,2386.25,1725.0,603.75,33005.0
2219,2024-01-29,690.0,546.25,603.75,747.5,2415.0,4283.75,4743.75,4513.75,4053.75,3191.25,3133.75,3191.25,3105.0,3306.25,3363.75,3823.75,4456.25,5002.5,5031.25,4255.0,3507.5,2990.0,2587.5,1265.0,74807.5
2220,2024-01-30,373.75,345.0,488.75,690.0,2645.0,4197.5,4686.25,4600.0,3766.25,3220.0,3191.25,3277.5,3220.0,3248.75,3593.75,3708.75,4456.25,5318.75,5347.5,4398.75,3392.5,3220.0,2645.0,1178.75,75210.0
2221,2024-01-31,776.25,977.5,776.25,776.25,2645.0,4312.5,4628.75,4686.25,3593.75,3335.0,3220.0,3162.5,3162.5,3248.75,3478.75,3910.0,4485.0,5060.0,5117.5,4370.0,3507.5,2961.25,2558.75,1178.75,75928.75
2222,2024-02-01,575.0,460.0,517.5,632.5,2760.0,4255.0,4858.75,4571.25,3910.0,3335.0,3162.5,3105.0,3105.0,3133.75,3162.5,3680.0,4398.75,4973.75,4887.5,4082.5,3248.75,2961.25,2558.75,1207.5,73542.5
2223,2024-02-02,603.75,575.0,546.25,690.0,2558.75,4197.5,4715.0,4341.25,3967.5,3220.0,3076.25,3248.75,3076.25,3306.25,3392.5,3795.0,4600.0,5060.0,5146.25,4226.25,3363.75,2875.0,2357.5,1092.5,74031.25
2224,2024-02-03,517.5,460.0,488.75,690.0,2357.5,3593.75,3910.0,4168.75,3565.0,2990.0,2760.0,3018.75,4053.75,4283.75,4025.0,3996.25,4111.25,4111.25,4111.25,3593.75,3105.0,2673.75,2558.75,1121.25,70265.0
2225,2024-02-04,517.5,460.0,460.0,603.75,1121.25,1955.0,1983.75,1955.0,1092.5,0.0,0.0,0.0,0.0,0.0,0.0,0.0,0.0,0.0,0.0,0.0,0.0,0.0,0.0,0.0,10148.75
2226,2024-02-05,345.0,373.75,373.75,718.75,2242.5,4082.5,4801.25,4542.5,3967.5,3306.25,3248.75,3248.75,3191.25,3306.25,3507.5,3852.5,4456.25,5031.25,5146.25,4255.0,3392.5,2846.25,2443.75,1150.0,73830.0
2227,2024-02-06,603.75,575.0,575.0,632.5,2328.75,4053.75,4628.75,4628.75,4140.0,3363.75,3306.25,3220.0,3248.75,3507.5,3478.75,3996.25,4715.0,5232.5,5117.5,4226.25,3248.75,2817.5,2472.5,1035.0,75152.5
2228,2024-02-07,488.75,575.0,575.0,603.75,2645.0,4312.5,4858.75,4916.25,4053.75,3421.25,3335.0,3363.75,3392.5,3478.75,3622.5,4140.0,4772.5,5347.5,5376.25,4370.0,3536.25,2961.25,2587.5,1207.5,77941.25
2229,2024-02-08,690.0,632.5,632.5,718.75,2501.25,4111.25,4657.5,4743.75,4140.0,3450.0,3248.75,3248.75,3421.25,3593.75,3680.0,3881.25,4686.25,5433.75,5318.75,4053.75,3306.25,2961.25,2587.5,1236.25,76935.0
2230,2024-02-09,747.5,632.5,575.0,718.75,2357.5,4255.0,4772.5,4542.5,3852.5,3191.25,3220.0,3363.75,3220.0,3450.0,3478.75,3996.25,4743.75,5261.25,5002.5,4140.0,3536.25,2932.5,2558.75,1150.0,75698.75
2231,2024-02-10,603.75,517.5,517.5,661.25,2213.75,3737.5,4140.0,4025.0,3536.25,3076.25,3047.5,3306.25,4226.25,4513.75,4398.75,4370.0,4341.25,4283.75,4168.75,3622.5,3105.0,2731.25,2645.0,1150.0,72938.75
2232,2024-02-11,488.75,460.0,546.25,546.25,1121.25,2127.5,2012.5,1926.25,2012.5,2156.25,2558.75,2587.5,2558.75,2702.5,2673.75,2731.25,2587.5,2731.25,2702.5,2645.0,2530.0,2558.75,1638.75,575.0,47178.75
2233,2024-02-12,546.25,488.75,546.25,690.0,2300.0,4140.0,4743.75,4427.5,4082.5,3421.25,3335.0,3277.5,3335.0,3248.75,3018.75,3852.5,4513.75,5146.25,5175.0,4197.5,3306.25,2875.0,2443.75,1063.75,74175.0
2234,2024-02-13,373.75,316.25,460.0,718.75,2472.5,4111.25,4772.5,4686.25,3938.75,3536.25,3363.75,3248.75,3306.25,3507.5,3565.0,3881.25,4887.5,5203.75,4973.75,4111.25,3248.75,2990.0,2472.5,1121.25,75267.5
2235,2024-02-14,575.0,575.0,575.0,718.75,2558.75,4398.75,4571.25,4830.0,3910.0,3277.5,3162.5,3162.5,3191.25,3335.0,3593.75,3967.5,4600.0,5232.5,5318.75,4542.5,3651.25,3105.0,2587.5,1178.75,76618.75
2236,2024-02-15,546.25,546.25,575.0,747.5,2501.25,4226.25,4858.75,4830.0,4111.25,3450.0,3536.25,3565.0,3450.0,3622.5,3651.25,4053.75,4600.0,5347.5,5318.75,4283.75,3450.0,2990.0,2530.0,1121.25,77912.5
2237,2024-02-16,575.0,575.0,575.0,718.75,2443.75,4312.5,4801.25,4858.75,4082.5,3105.0,3306.25,3306.25,3478.75,3622.5,3795.0,4197.5,4973.75,5203.75,5462.5,4571.25,3565.0,3220.0,2673.75,1150.0,78573.75
2238,2024-02-17,603.75,575.0,575.0,747.5,2271.25,3766.25,4025.0,3938.75,3450.0,3133.75,3133.75,3392.5,4513.75,4686.25,4542.5,4542.5,4312.5,3881.25,3680.0,3248.75,2846.25,2673.75,2386.25,1178.75,72105.0
2239,2024-02-18,632.5,575.0,632.5,546.25,1035.0,2041.25,2127.5,2070.0,2098.75,2357.5,2645.0,2702.5,2760.0,2961.25,2990.0,2903.75,2731.25,2932.5,2932.5,2817.5,2645.0,2587.5,1753.75,632.5,50111.25
2240,2024-02-19,575.0,575.0,603.75,747.5,2357.5,4168.75,4830.0,4858.75,3910.0,3536.25,3593.75,3593.75,3536.25,3651.25,3708.75,4197.5,4743.75,5060.0,5203.75,4427.5,3708.75,2990.0,2501.25,1236.25,78315.0
2241,2024-02-20,575.0,575.0,575.0,690.0,2501.25,4312.5,4542.5,4657.5,4197.5,3565.0,3507.5,3507.5,3421.25,3507.5,3680.0,4025.0,4571.25,5290.0,5146.25,4485.0,3593.75,3047.5,2530.0,1121.25,77625.0
2242,2024-02-21,431.25,345.0,345.0,690.0,2386.25,4283.75,4485.0,3680.0,4312.5,3565.0,3335.0,3565.0,3450.0,3593.75,3622.5,4025.0,4887.5,5405.0,5203.75,4197.5,3191.25,2990.0,2587.5,1035.0,75612.5
2243,2024-02-22,833.75,1035.0,1006.25,632.5,2328.75,4197.5,4916.25,4657.5,4053.75,3363.75,3335.0,3536.25,3392.5,3507.5,3507.5,3852.5,4743.75,5290.0,5002.5,4283.75,3220.0,2903.75,2472.5,1236.25,77308.75
2244,2024-02-23,603.75,575.0,575.0,747.5,2443.75,4140.0,4772.5,4887.5,3881.25,3220.0,3220.0,3335.0,3220.0,3363.75,3593.75,4140.0,4571.25,5462.5,5175.0,4456.25,3363.75,2990.0,2587.5,1207.5,76532.5
2245,2024-02-24,603.75,575.0,575.0,718.75,2041.25,3536.25,3967.5,4255.0,3565.0,3018.75,2961.25,3191.25,4111.25,4255.0,4341.25,4140.0,4226.25,3421.25,3306.25,3191.25,2990.0,2673.75,2328.75,1121.25,69115.0
2246,2024-02-25,517.5,460.0,546.25,575.0,977.5,1811.25,2012.5,2012.5,1897.5,2213.75,2357.5,2472.5,2472.5,2501.25,2530.0,2530.0,2530.0,2587.5,2587.5,2415.0,2443.75,2328.75,1581.25,575.0,44936.25
2247,2024-02-26,488.75,488.75,517.5,690.0,2300.0,3967.5,4600.0,4600.0,3852.5,3450.0,3277.5,3248.75,3220.0,3392.5,3478.75,3737.5,4485.0,5117.5,4715.0,4140.0,3162.5,2817.5,2415.0,1092.5,73255.0
2248,2024-02-27,460.0,431.25,431.25,661.25,2415.0,4197.5,4830.0,4715.0,3852.5,3306.25,3162.5,3392.5,3363.75,3507.5,3565.0,4053.75,4830.0,5462.5,5117.5,4398.75,3392.5,2875.0,2472.5,1150.0,76043.75
2249,2024-02-28,488.75,431.25,460.0,632.5,2472.5,3823.75,3881.25,4485.0,3708.75,3191.25,3248.75,3277.5,3306.25,3421.25,3536.25,3910.0,4628.75,5146.25,5088.75,4082.5,3622.5,3047.5,2386.25,1265.0,73542.5
2250,2024-02-29,603.75,488.75,488.75,632.5,2328.75,3938.75,4628.75,4427.5,3651.25,3335.0,3306.25,3191.25,3248.75,3450.0,3507.5,3823.75,4571.25,5232.5,5318.75,4485.0,3363.75,3018.75,2558.75,1236.25,74836.25
2251,2024-03-01,517.5,517.5,517.5,718.75,2242.5,4226.25,4628.75,460.0,0.0,0.0,0.0,0.0,0.0,0.0,0.0,0.0,0.0,0.0,0.0,0.0,0.0,0.0,0.0,0.0,13828.75
2252,2024-03-02,0.0,0.0,0.0,0.0,0.0,0.0,0.0,0.0,0.0,0.0,0.0,0.0,0.0,0.0,0.0,0.0,0.0,0.0,0.0,0.0,0.0,0.0,0.0,0.0,0.0
2253,2024-03-03,0.0,0.0,0.0,0.0,0.0,0.0,0.0,0.0,0.0,0.0,0.0,0.0,402.5,2501.25,2616.25,2673.75,2501.25,2645.0,2645.0,2558.75,2501.25,2357.5,1638.75,776.25,25817.5
2254,2024-03-04,718.75,690.0,632.5,690.0,2443.75,4226.25,4571.25,4485.0,3823.75,3191.25,3248.75,3162.5,3248.75,3421.25,3507.5,3938.75,4686.25,5491.25,5405.0,4600.0,3421.25,2932.5,2501.25,1207.5,76245.0
2255,2024-03-05,776.25,690.0,661.25,747.5,2328.75,3938.75,4628.75,4456.25,4025.0,3565.0,3421.25,3335.0,3306.25,3392.5,3565.0,4082.5,4858.75,5635.0,5203.75,4341.25,3392.5,2932.5,2530.0,1322.5,77136.25
2256,2024-03-06,776.25,776.25,632.5,690.0,2443.75,4226.25,4686.25,4715.0,3967.5,3392.5,3248.75,3248.75,3277.5,3478.75,3651.25,3996.25,4772.5,5318.75,5520.0,4715.0,3363.75,2990.0,2530.0,1380.0,77797.5
2257,2024-03-07,805.0,690.0,632.5,690.0,2472.5,4053.75,4686.25,4456.25,3910.0,3651.25,3565.0,3622.5,3622.5,3766.25,3881.25,4255.0,5060.0,5405.0,5060.0,4140.0,3450.0,2932.5,2645.0,1207.5,78660.0
2258,2024-03-08,805.0,776.25,661.25,661.25,2386.25,4197.5,4571.25,4657.5,3910.0,3363.75,3335.0,3335.0,3450.0,3651.25,3593.75,3910.0,4916.25,5433.75,5376.25,4456.25,3421.25,3018.75,2530.0,1207.5,77625.0
2259,2024-03-09,546.25,488.75,575.0,690.0,2213.75,3593.75,3996.25,3996.25,3536.25,3076.25,2903.75,3306.25,4168.75,3392.5,2558.75,3795.0,4082.5,3737.5,3421.25,3248.75,3248.75,2817.5,2530.0,1207.5,67131.25
2260,2024-03-10,661.25,575.0,575.0,546.25,1092.5,2041.25,2041.25,2012.5,1955.0,2156.25,2501.25,2645.0,2645.0,2673.75,2702.5,2817.5,2702.5,2846.25,2846.25,2788.75,2587.5,2645.0,1868.75,718.75,48645.0
2261,2024-03-11,718.75,690.0,603.75,690.0,2472.5,4255.0,4830.0,5031.25,4053.75,3277.5,3191.25,3248.75,3306.25,3536.25,3536.25,3996.25,4571.25,5405.0,5318.75,4398.75,3565.0,2961.25,2616.25,1150.0,77423.75
2262,2024-03-12,805.0,747.5,718.75,718.75,2415.0,4111.25,4657.5,4715.0,4053.75,3421.25,3421.25,3363.75,3536.25,3680.0,3881.25,4226.25,5002.5,5548.75,5548.75,4657.5,3593.75,3133.75,2673.75,1351.25,79982.5
2263,2024-03-13,718.75,632.5,661.25,690.0,2587.5,4283.75,4916.25,4801.25,4140.0,3622.5,3478.75,3536.25,3421.25,3593.75,3708.75,4082.5,4887.5,5405.0,5318.75,4628.75,3680.0,3047.5,2702.5,1351.25,79896.25
2264,2024-03-14,661.25,517.5,575.0,747.5,2558.75,4485.0,4973.75,4801.25,3967.5,3450.0,3277.5,3421.25,3335.0,3536.25,3708.75,4140.0,5146.25,5663.75,5117.5,4312.5,3421.25,3047.5,2702.5,1322.5,78890.0
2265,2024-03-15,661.25,603.75,632.5,747.5,2357.5,3881.25,3852.5,4715.0,3996.25,3392.5,3277.5,3335.0,3392.5,3507.5,3651.25,4168.75,4858.75,5318.75,5318.75,4427.5,3680.0,3047.5,2501.25,1523.75,76848.75
2266,2024-03-16,575.0,488.75,517.5,862.5,2271.25,3910.0,4168.75,4312.5,3766.25,3363.75,3191.25,3478.75,4226.25,4456.25,4456.25,4341.25,4542.5,3651.25,3363.75,3335.0,3076.25,2788.75,2558.75,1293.75,72996.25
2267,2024-03-17,603.75,575.0,575.0,632.5,1150.0,1955.0,2041.25,1983.75,1983.75,2213.75,2242.5,2472.5,2616.25,2530.0,2673.75,2760.0,2558.75,2558.75,2616.25,2587.5,2673.75,2501.25,1725.0,632.5,46862.5
2268,2024-03-18,575.0,575.0,603.75,747.5,2558.75,4485.0,4628.75,4743.75,3967.5,3421.25,3162.5,3306.25,3363.75,3478.75,3766.25,4053.75,4858.75,5347.5,5405.0,5002.5,3766.25,2961.25,2645.0,1236.25,78660.0
2269,2024-03-19,661.25,632.5,632.5,805.0,2357.5,4197.5,4858.75,4600.0,3996.25,3306.25,3248.75,3306.25,3306.25,3421.25,3536.25,3881.25,4830.0,5318.75,5203.75,4600.0,3507.5,3047.5,2587.5,1236.25,77078.75
2270,2024-03-20,575.0,603.75,575.0,776.25,2415.0,4283.75,4772.5,4571.25,3938.75,3565.0,3392.5,3220.0,3248.75,3421.25,3593.75,3852.5,4513.75,4715.0,5060.0,4513.75,3622.5,2961.25,2558.75,1380.0,76130.0
2271,2024-03-21,833.75,747.5,718.75,747.5,2300.0,4140.0,4686.25,4485.0,3967.5,3421.25,3248.75,3220.0,3248.75,3335.0,3622.5,4053.75,4657.5,5405.0,5117.5,4542.5,3680.0,2990.0,2702.5,1236.25,77107.5
2272,2024-03-22,833.75,805.0,690.0,747.5,2501.25,4053.75,4485.0,4427.5,3996.25,3363.75,3220.0,3306.25,3392.5,3536.25,3680.0,4082.5,4772.5,5347.5,5060.0,4542.5,3507.5,2932.5,2587.5,1236.25,77107.5
2273,2024-03-23,661.25,575.0,661.25,776.25,2386.25,3881.25,4053.75,4082.5,230.0,0.0,0.0,0.0,0.0,0.0,0.0,0.0,0.0,0.0,0.0,0.0,0.0,0.0,0.0,0.0,17307.5
2274,2024-03-24,0.0,0.0,0.0,0.0,0.0,0.0,0.0,0.0,0.0,0.0,0.0,0.0,0.0,0.0,0.0,0.0,0.0,0.0,0.0,0.0,0.0,0.0,0.0,0.0,0.0
2275,2024-03-25,0.0,0.0,0.0,0.0,0.0,0.0,0.0,0.0,0.0,0.0,0.0,0.0,0.0,0.0,0.0,1581.25,2702.5,2788.75,2788.75,2702.5,2472.5,2472.5,1725.0,690.0,19923.75
2276,2024-03-26,632.5,632.5,575.0,690.0,2386.25,3737.5,4025.0,3910.0,3335.0,3220.0,3306.25,3478.75,3363.75,3536.25,3651.25,3910.0,4283.75,4427.5,4082.5,4053.75,3248.75,2903.75,2673.75,1293.75,71357.5
2277,2024-03-27,977.5,632.5,632.5,718.75,2386.25,3823.75,4053.75,3967.5,3392.5,3421.25,3306.25,3277.5,3162.5,3335.0,3507.5,3795.0,3996.25,4053.75,3421.25,3335.0,3162.5,2817.5,2501.25,1236.25,68913.75
2278,2024-03-28,891.25,833.75,776.25,632.5,977.5,1782.5,1696.25,1696.25,1696.25,1868.75,2185.0,2213.75,2558.75,2760.0,2702.5,2760.0,2702.5,2817.5,2645.0,2501.25,2328.75,2328.75,1667.5,603.75,45626.25
2279,2024-03-29,575.0,488.75,632.5,575.0,891.25,1696.25,1638.75,1581.25,1753.75,2012.5,1983.75,2357.5,2415.0,2501.25,2501.25,2530.0,2530.0,2673.75,2530.0,2587.5,2386.25,2357.5,1696.25,632.5,43527.5
2280,2024-03-30,603.75,488.75,575.0,718.75,1868.75,2530.0,2530.0,2443.75,2386.25,2558.75,2501.25,2702.5,3565.0,3938.75,3565.0,3306.25,3277.5,3306.25,3191.25,2961.25,2702.5,2645.0,2415.0,1207.5,57988.75
2281,2024-03-31,575.0,575.0,575.0,575.0,920.0,1696.25,1610.0,1610.0,1638.75,1840.0,2300.0,2415.0,2530.0,2443.75,2472.5,2443.75,2530.0,2616.25,2673.75,2616.25,2501.25,2213.75,1610.0,632.5,43613.75
2282,2024-04-01,603.75,575.0,603.75,718.75,2386.25,4053.75,4427.5,4571.25,3967.5,3277.5,3162.5,3162.5,3248.75,3421.25,3478.75,3680.0,4830.0,5290.0,5175.0,4542.5,3507.5,2788.75,2443.75,1035.0,74951.25
2283,2024-04-02,575.0,603.75,575.0,718.75,2443.75,4140.0,4858.75,4743.75,3967.5,3392.5,3191.25,3306.25,3105.0,3277.5,3507.5,3766.25,4370.0,5031.25,4973.75,4111.25,3162.5,2760.0,2443.75,1121.25,74146.25
2284,2024-04-03,575.0,575.0,575.0,690.0,2357.5,4111.25,4600.0,4657.5,3823.75,3363.75,3220.0,3277.5,3335.0,3536.25,3593.75,3795.0,4513.75,5203.75,4887.5,4025.0,3335.0,2760.0,2386.25,1207.5,74405.0
2285,2024-04-04,632.5,575.0,632.5,718.75,2328.75,4197.5,4686.25,4542.5,3651.25,3248.75,3220.0,3162.5,3133.75,3306.25,3335.0,3910.0,4657.5,5031.25,4686.25,4025.0,3191.25,2817.5,2386.25,1207.5,73283.75
2286,2024-04-05,1150.0,1207.5,1035.0,747.5,2271.25,4082.5,4657.5,4370.0,3795.0,3335.0,3335.0,3220.0,3248.75,3335.0,3565.0,4053.75,4686.25,5261.25,4887.5,4312.5,3507.5,2846.25,2587.5,1178.75,76676.25
2287,2024-04-06,603.75,546.25,632.5,776.25,2357.5,3622.5,4140.0,3996.25,3478.75,3047.5,3018.75,3220.0,4255.0,4571.25,4485.0,3852.5,4053.75,3708.75,3478.75,3133.75,2990.0,2645.0,2472.5,1178.75,70265.0
2288,2024-04-07,517.5,460.0,460.0,517.5,1092.5,1983.75,1926.25,1983.75,2012.5,2300.0,2386.25,2702.5,2645.0,2760.0,2788.75,2760.0,2731.25,2846.25,2846.25,2731.25,2587.5,2386.25,1696.25,632.5,47753.75
2289,2024-04-08,488.75,460.0,517.5,747.5,2271.25,4197.5,3622.5,3795.0,3766.25,3392.5,3306.25,3220.0,3363.75,3565.0,3766.25,4111.25,4858.75,5318.75,5117.5,4283.75,3363.75,2903.75,2501.25,1207.5,74146.25
2290,2024-04-09,632.5,517.5,575.0,776.25,2386.25,4111.25,4628.75,4571.25,3910.0,3277.5,3277.5,3248.75,3191.25,3478.75,3593.75,3881.25,4657.5,5318.75,5203.75,4226.25,3450.0,3047.5,2587.5,1150.0,75698.75
2291,2024-04-10,230.0,230.0,373.75,776.25,2731.25,4542.5,5002.5,4715.0,3910.0,3248.75,3220.0,3335.0,3392.5,3536.25,3622.5,3996.25,4743.75,5146.25,4973.75,4255.0,3335.0,2932.5,2501.25,1322.5,76072.5
2292,2024-04-11,747.5,690.0,661.25,718.75,2328.75,4053.75,4571.25,4485.0,3910.0,3277.5,3363.75,3220.0,3277.5,3363.75,3536.25,3910.0,4715.0,5117.5,5060.0,4341.25,3421.25,2961.25,2673.75,1322.5,75727.5
2293,2024-04-12,690.0,718.75,632.5,718.75,2501.25,4197.5,4628.75,4600.0,3536.25,3105.0,3105.0,3076.25,3162.5,3306.25,3478.75,3766.25,4542.5,5203.75,5060.0,4370.0,3335.0,2846.25,2501.25,1178.75,74261.25
2294,2024-04-13,632.5,575.0,575.0,718.75,2357.5,3795.0,4283.75,4111.25,3565.0,2961.25,3018.75,3450.0,4197.5,4197.5,4370.0,4283.75,4255.0,3823.75,3421.25,3076.25,2903.75,2616.25,2443.75,1207.5,70840.0
2295,2024-04-14,776.25,776.25,747.5,805.0,1437.5,2357.5,2328.75,2156.25,2213.75,2415.0,2731.25,2846.25,2875.0,2932.5,2990.0,3076.25,3076.25,3105.0,3133.75,3105.0,2990.0,2702.5,2012.5,862.5,54452.5
2296,2024-04-15,603.75,575.0,575.0,718.75,2357.5,4255.0,4858.75,4370.0,3967.5,3421.25,3248.75,3162.5,3248.75,3421.25,3536.25,3967.5,4715.0,5290.0,5261.25,4370.0,3565.0,2961.25,2530.0,1178.75,76158.75
2297,2024-04-16,632.5,575.0,632.5,747.5,2386.25,4312.5,4571.25,4456.25,4111.25,3565.0,3363.75,3335.0,3421.25,3565.0,3708.75,3938.75,4916.25,5175.0,5060.0,4513.75,3565.0,2846.25,2558.75,1265.0,77222.5
2298,2024-04-17,575.0,603.75,575.0,690.0,2415.0,4140.0,4686.25,4628.75,4168.75,3536.25,3105.0,3306.25,3392.5,3306.25,3507.5,3823.75,4628.75,5520.0,5232.5,4283.75,3392.5,2903.75,2645.0,1207.5,76273.75
2299,2024-04-18,690.0,632.5,632.5,690.0,2443.75,4082.5,4887.5,4571.25,3823.75,3220.0,3133.75,3133.75,3248.75,3392.5,3536.25,3823.75,3708.75,3536.25,4743.75,4140.0,3191.25,2760.0,2501.25,1121.25,71645.0
2300,2024-04-19,632.5,575.0,575.0,661.25,2357.5,3996.25,4542.5,4485.0,3766.25,3076.25,3335.0,3133.75,3076.25,3220.0,3363.75,3795.0,4571.25,4973.75,4945.0,3996.25,3220.0,2645.0,2501.25,1207.5,72651.25
2301,2024-04-20,603.75,575.0,575.0,718.75,2185.0,3306.25,3967.5,4082.5,3392.5,3162.5,3191.25,3421.25,4025.0,4485.0,4427.5,4456.25,4398.75,3852.5,3392.5,3220.0,2932.5,2501.25,2300.0,1035.0,70207.5
2302,2024-04-21,575.0,575.0,575.0,546.25,1121.25,1955.0,1897.5,1868.75,1926.25,2185.0,2156.25,2386.25,2587.5,2817.5,2616.25,2673.75,2645.0,2788.75,2702.5,2731.25,2760.0,2415.0,1667.5,575.0,46747.5
2303,2024-04-22,833.75,1092.5,833.75,690.0,2530.0,3795.0,4370.0,4370.0,3852.5,3105.0,3047.5,3047.5,3105.0,3162.5,3306.25,3708.75,4456.25,5088.75,5031.25,4053.75,3478.75,2817.5,2472.5,1121.25,73370.0
2304,2024-04-23,287.5,373.75,488.75,690.0,2530.0,4341.25,4370.0,4628.75,3881.25,3191.25,3220.0,3191.25,3220.0,3363.75,3421.25,3478.75,4571.25,5405.0,5203.75,4398.75,3507.5,2990.0,2645.0,1265.0,74663.75
2305,2024-04-24,632.5,632.5,632.5,661.25,2558.75,4197.5,4743.75,4743.75,3795.0,3220.0,3220.0,3248.75,3277.5,3363.75,3536.25,3852.5,4485.0,5261.25,5261.25,4226.25,3651.25,3047.5,2415.0,1293.75,75957.5
2306,2024-04-25,805.0,718.75,632.5,747.5,2645.0,4456.25,4830.0,4743.75,4053.75,3162.5,3277.5,3335.0,3306.25,3392.5,3478.75,3852.5,4571.25,5290.0,5232.5,4168.75,3450.0,3133.75,2587.5,1696.25,77567.5
2307,2024-04-26,632.5,575.0,603.75,747.5,2530.0,4283.75,5002.5,4686.25,3852.5,3478.75,3335.0,3076.25,3133.75,3277.5,3306.25,3622.5,4571.25,5031.25,5002.5,4628.75,3565.0,3047.5,2501.25,1265.0,75756.25
2308,2024-04-27,661.25,575.0,575.0,718.75,2300.0,3651.25,4255.0,4168.75,3507.5,3047.5,2990.0,3277.5,4226.25,4772.5,4772.5,4312.5,4226.25,3881.25,3507.5,3133.75,2788.75,2530.0,2357.5,1178.75,71415.0
2309,2024-04-28,517.5,460.0,460.0,546.25,1092.5,2098.75,2156.25,2213.75,2070.0,2443.75,2472.5,2587.5,2702.5,2731.25,2932.5,2846.25,2788.75,2990.0,2961.25,2932.5,2846.25,2357.5,1840.0,632.5,49680.0
2310,2024-04-29,575.0,575.0,575.0,718.75,2443.75,4255.0,4830.0,4830.0,3881.25,3335.0,3162.5,3335.0,3248.75,3335.0,3507.5,3852.5,4542.5,5290.0,5290.0,4858.75,3823.75,3076.25,2788.75,1207.5,77337.5
2311,2024-04-30,373.75,345.0,402.5,805.0,2530.0,4283.75,4887.5,4715.0,4082.5,3622.5,3450.0,3450.0,3335.0,3363.75,3392.5,3881.25,4686.25,5347.5,5290.0,4801.25,3622.5,3105.0,2616.25,1236.25,77625.0
2312,2024-05-01,603.75,575.0,575.0,603.75,1207.5,2300.0,2242.5,2242.5,2386.25,2616.25,2731.25,2846.25,2673.75,2645.0,2932.5,2990.0,3047.5,3047.5,3105.0,2990.0,2817.5,2415.0,1753.75,690.0,52037.5
2313,2024-05-02,603.75,575.0,575.0,661.25,2587.5,4226.25,4715.0,4600.0,4053.75,3536.25,3392.5,3220.0,3191.25,3507.5,3478.75,3881.25,4686.25,5347.5,5146.25,4312.5,3622.5,3047.5,2616.25,1265.0,76848.75
2314,2024-05-03,575.0,488.75,575.0,747.5,2415.0,4226.25,4542.5,4657.5,3910.0,3536.25,3392.5,3335.0,3277.5,3392.5,3536.25,3823.75,4686.25,5318.75,5290.0,4715.0,3680.0,3191.25,2558.75,1351.25,77222.5
2315,2024-05-04,546.25,546.25,575.0,747.5,2386.25,3421.25,4111.25,3881.25,3536.25,3047.5,2932.5,3133.75,4053.75,4427.5,4370.0,4398.75,4111.25,3852.5,3565.0,3220.0,3047.5,2702.5,2386.25,1351.25,70351.25
2316,2024-05-05,575.0,575.0,575.0,575.0,1092.5,2070.0,2070.0,2012.5,2012.5,2357.5,2501.25,2702.5,2760.0,2817.5,2932.5,2788.75,2760.0,2846.25,2788.75,2702.5,2702.5,2443.75,1840.0,575.0,49076.25
2317,2024-05-06,575.0,575.0,575.0,805.0,2702.5,4427.5,4686.25,4628.75,3967.5,3507.5,3363.75,3248.75,3277.5,3335.0,3507.5,3938.75,4657.5,5347.5,5261.25,4542.5,3795.0,3105.0,2645.0,1265.0,77740.0
2318,2024-05-07,575.0,575.0,575.0,776.25,2731.25,4542.5,5146.25,5088.75,4398.75,4025.0,3823.75,3881.25,3967.5,3938.75,4140.0,4513.75,5405.0,6066.25,5462.5,4858.75,4053.75,3565.0,2961.25,1322.5,86393.75
2319,2024-05-08,258.75,230.0,258.75,747.5,2645.0,4571.25,5146.25,4772.5,4197.5,3852.5,3795.0,3651.25,3852.5,3852.5,3967.5,4427.5,4945.0,5692.5,5002.5,4542.5,3823.75,3335.0,2932.5,1351.25,81851.25
2320,2024-05-09,661.25,575.0,575.0,747.5,2760.0,4600.0,4973.75,5175.0,4657.5,4025.0,3910.0,3910.0,3996.25,3938.75,3967.5,4398.75,5175.0,5692.5,5462.5,4830.0,3967.5,3478.75,2990.0,1380.0,85847.5
2321,2024-05-10,603.75,575.0,603.75,833.75,2645.0,4657.5,4973.75,5175.0,4427.5,4053.75,3996.25,4111.25,4140.0,4082.5,4226.25,4600.0,5433.75,5980.0,5778.75,5002.5,4226.25,3478.75,3076.25,1351.25,88032.5
2322,2024-05-11,575.0,575.0,575.0,747.5,2616.25,3852.5,4398.75,4312.5,3910.0,3450.0,3392.5,3507.5,4398.75,4945.0,4830.0,4830.0,4600.0,4370.0,3852.5,3421.25,3047.5,2846.25,2673.75,1437.5,77165.0
2323,2024-05-12,690.0,603.75,575.0,575.0,1207.5,2357.5,2357.5,2328.75,2357.5,2558.75,2702.5,2932.5,2990.0,2846.25,2903.75,3076.25,2961.25,3133.75,3162.5,3133.75,3018.75,2731.25,2041.25,632.5,53877.5
2324,2024-05-13,575.0,575.0,575.0,575.0,1265.0,2357.5,2415.0,2386.25,2530.0,2731.25,2932.5,2961.25,3105.0,3162.5,3421.25,3191.25,3191.25,3277.5,3306.25,3277.5,3162.5,2817.5,2070.0,603.75,56465.0
2325,2024-05-14,575.0,575.0,603.75,718.75,2731.25,4801.25,5290.0,5031.25,4341.25,3967.5,3737.5,3823.75,3910.0,3766.25,3938.75,4283.75,5318.75,5922.5,6066.25,5203.75,4140.0,3421.25,2990.0,1322.5,86480.0
2326,2024-05-15,345.0,345.0,373.75,776.25,2616.25,4485.0,5060.0,4916.25,4600.0,3910.0,3766.25,3881.25,3996.25,3967.5,3967.5,4398.75,5261.25,6123.75,6123.75,5261.25,4226.25,3421.25,2903.75,1380.0,86106.25
2327,2024-05-16,603.75,575.0,603.75,718.75,2875.0,4571.25,5232.5,5060.0,4427.5,3967.5,4082.5,3852.5,3910.0,3910.0,3938.75,4398.75,5290.0,5807.5,5865.0,5117.5,4053.75,3450.0,2961.25,1265.0,86537.5
2328,2024-05-17,661.25,603.75,661.25,862.5,2788.75,4715.0,5088.75,5002.5,4398.75,3938.75,3910.0,3766.25,3938.75,3881.25,4082.5,4427.5,5376.25,6008.75,5520.0,5117.5,4082.5,3421.25,3191.25,1437.5,86882.5
2329,2024-05-18,632.5,546.25,546.25,833.75,2443.75,3881.25,4513.75,4427.5,3766.25,3478.75,3392.5,3651.25,4427.5,4858.75,5175.0,4686.25,4513.75,4341.25,4025.0,3565.0,3450.0,2961.25,2817.5,1322.5,78257.5
2330,2024-05-19,632.5,575.0,546.25,546.25,1063.75,2328.75,2271.25,2271.25,2300.0,2645.0,2731.25,2932.5,3076.25,3047.5,3133.75,3047.5,3076.25,3133.75,3133.75,3162.5,2990.0,2788.75,2070.0,575.0,54078.75
2331,2024-05-20,575.0,575.0,575.0,862.5,2616.25,4686.25,5232.5,5146.25,4456.25,4140.0,3938.75,3852.5,4053.75,3996.25,4025.0,3651.25,5146.25,5750.0,5721.25,5031.25,4140.0,3450.0,3047.5,1322.5,85991.25
2332,2024-05-21,603.75,575.0,575.0,718.75,2300.0,4226.25,4686.25,4341.25,4025.0,3392.5,3076.25,3105.0,3133.75,3306.25,3680.0,4111.25,4945.0,5117.5,4600.0,3852.5,3507.5,3133.75,2558.75,1207.5,74778.75
2333,2024-05-22,575.0,546.25,575.0,690.0,2300.0,3967.5,3881.25,4197.5,3795.0,3421.25,3191.25,3220.0,3248.75,3306.25,3565.0,3766.25,4715.0,4945.0,4830.0,4370.0,3593.75,2932.5,2558.75,1207.5,73398.75
2334,2024-05-23,690.0,575.0,575.0,747.5,2213.75,3938.75,4542.5,4197.5,4082.5,3622.5,3363.75,3363.75,3421.25,3622.5,3651.25,4082.5,4830.0,5347.5,4916.25,4025.0,3421.25,2932.5,2415.0,1150.0,75727.5
2335,2024-05-24,661.25,690.0,603.75,690.0,2300.0,4312.5,4743.75,4686.25,4140.0,3622.5,3335.0,3363.75,3220.0,3421.25,3565.0,3881.25,4858.75,5433.75,5318.75,4398.75,3565.0,3018.75,2558.75,1265.0,77653.75
2336,2024-05-25,603.75,575.0,661.25,690.0,2271.25,3478.75,4226.25,4197.5,3536.25,3220.0,3133.75,3248.75,4140.0,4542.5,4485.0,4513.75,4427.5,3967.5,3507.5,3076.25,2788.75,2472.5,2328.75,1150.0,71242.5
2337,2024-05-26,776.25,1006.25,1035.0,1236.25,2386.25,3852.5,3881.25,3622.5,3737.5,4111.25,4168.75,4226.25,4427.5,4916.25,5146.25,5376.25,5175.0,5088.75,5146.25,5318.75,4801.25,4485.0,3450.0,1351.25,88722.5
2338,2024-05-27,230.0,373.75,373.75,517.5,1495.0,2328.75,2357.5,2328.75,2098.75,1811.25,1926.25,1840.0,1840.0,1983.75,2041.25,2156.25,2472.5,2788.75,2932.5,2673.75,2041.25,1753.75,1523.75,833.75,42722.5
2339,2024-05-28,690.0,690.0,632.5,776.25,2530.0,4312.5,4916.25,4686.25,4082.5,3478.75,3363.75,3248.75,3277.5,3450.0,3507.5,3910.0,4686.25,5203.75,5175.0,4456.25,3478.75,3191.25,2731.25,1207.5,77682.5
2340,2024-05-29,345.0,345.0,431.25,690.0,2616.25,3938.75,4513.75,4456.25,3737.5,3191.25,3191.25,3133.75,2990.0,3191.25,3536.25,3938.75,4686.25,5261.25,5146.25,4542.5,3651.25,3162.5,2788.75,1236.25,74721.25
2341,2024-05-30,575.0,575.0,575.0,690.0,2673.75,4370.0,4427.5,4571.25,3996.25,3392.5,3363.75,3392.5,3248.75,3363.75,3306.25,3593.75,4485.0,4916.25,4945.0,4398.75,3392.5,3105.0,2616.25,1236.25,75210.0
2342,2024-05-31,603.75,488.75,517.5,718.75,2415.0,4111.25,4628.75,4715.0,4082.5,3622.5,3565.0,3392.5,3478.75,3507.5,3622.5,4111.25,4916.25,5203.75,5663.75,4858.75,3795.0,3306.25,2788.75,1293.75,79407.5
2343,2024-06-01,718.75,661.25,546.25,747.5,2242.5,3421.25,3852.5,3967.5,3507.5,3220.0,3133.75,3335.0,4168.75,4456.25,4398.75,4657.5,4513.75,4111.25,3478.75,3248.75,2961.25,2673.75,2501.25,1265.0,71788.75
2344,2024-06-02,28.75,0.0,0.0,0.0,0.0,0.0,0.0,0.0,0.0,0.0,0.0,0.0,0.0,0.0,0.0,0.0,0.0,0.0,0.0,0.0,0.0,0.0,0.0,0.0,28.75
2345,2024-06-03,517.5,575.0,575.0,690.0,1495.0,3651.25,3507.5,3421.25,3450.0,3708.75,4168.75,4226.25,4456.25,4600.0,4628.75,4571.25,4715.0,4801.25,4657.5,4427.5,4398.75,3881.25,2702.5,776.25,78602.5
2346,2024-06-04,575.0,546.25,575.0,718.75,2386.25,4226.25,4485.0,4485.0,3852.5,3277.5,3047.5,3133.75,3335.0,3220.0,3450.0,3823.75,4456.25,5405.0,5175.0,4571.25,3737.5,3478.75,2731.25,1236.25,75928.75
2347,2024-06-05,575.0,546.25,488.75,747.5,2443.75,4255.0,4801.25,4715.0,3996.25,3536.25,3363.75,3306.25,3421.25,3565.0,3680.0,4226.25,4973.75,5635.0,5347.5,4743.75,3938.75,3392.5,2817.5,1265.0,79781.25
2348,2024-06-06,575.0,575.0,517.5,776.25,2558.75,4370.0,4743.75,4772.5,4197.5,3421.25,3306.25,3306.25,3306.25,3478.75,3651.25,4082.5,5060.0,5750.0,5405.0,4657.5,3795.0,3392.5,2760.0,1265.0,79723.75
2349,2024-06-07,603.75,575.0,575.0,718.75,2443.75,4226.25,4916.25,4801.25,4255.0,3823.75,3507.5,3421.25,3507.5,3766.25,3593.75,4168.75,4858.75,5462.5,5347.5,4600.0,3823.75,3421.25,2788.75,1236.25,80442.5
2350,2024-06-08,632.5,575.0,603.75,920.0,2271.25,3536.25,4226.25,4111.25,3622.5,3162.5,3162.5,3421.25,4312.5,4858.75,4772.5,4715.0,4686.25,4140.0,3708.75,3277.5,3076.25,2587.5,2386.25,1265.0,74031.25
2351,2024-06-09,603.75,575.0,575.0,575.0,1121.25,2070.0,2156.25,2041.25,2127.5,2357.5,2530.0,2760.0,2846.25,2760.0,2616.25,2587.5,2645.0,2817.5,2731.25,2760.0,2731.25,2328.75,1753.75,661.25,48731.25
2352,2024-06-10,575.0,575.0,575.0,546.25,1178.75,2185.0,2127.5,2098.75,2098.75,2357.5,2558.75,2645.0,2587.5,2702.5,2673.75,2702.5,2673.75,2846.25,2875.0,2846.25,2673.75,2415.0,1753.75,747.5,49018.75
2353,2024-06-11,661.25,575.0,575.0,747.5,2673.75,4226.25,4916.25,4916.25,4111.25,3737.5,3392.5,3737.5,3306.25,3536.25,3651.25,4168.75,4945.0,5462.5,5462.5,4772.5,3795.0,3133.75,2587.5,1236.25,80327.5
2354,2024-06-12,718.75,747.5,575.0,805.0,2616.25,4485.0,4830.0,4801.25,3938.75,3536.25,3507.5,3248.75,3248.75,3593.75,3737.5,4140.0,4801.25,5376.25,5520.0,4715.0,3766.25,3191.25,2846.25,1437.5,80183.75
2355,2024-06-13,690.0,690.0,632.5,833.75,2472.5,4370.0,4801.25,4025.0,4053.75,3852.5,3392.5,3507.5,3450.0,3680.0,3910.0,4197.5,4973.75,5261.25,5347.5,4628.75,3938.75,3277.5,2616.25,1293.75,79896.25
2356,2024-06-14,718.75,661.25,575.0,718.75,2386.25,4082.5,4628.75,4686.25,4082.5,3421.25,3363.75,3105.0,3105.0,3248.75,3421.25,3996.25,4715.0,5203.75,4973.75,4370.0,3622.5,3105.0,2558.75,1121.25,75871.25
2357,2024-06-15,575.0,517.5,517.5,661.25,1983.75,3478.75,3996.25,4140.0,3622.5,3018.75,3076.25,3306.25,4226.25,4456.25,4657.5,4513.75,4427.5,4053.75,3622.5,3248.75,2961.25,2443.75,2213.75,1150.0,70868.75
2358,2024-06-16,575.0,575.0,575.0,575.0,1121.25,2012.5,2070.0,2098.75,2041.25,2098.75,2472.5,2501.25,2673.75,2760.0,2788.75,2817.5,2788.75,2558.75,2673.75,2616.25,2616.25,2300.0,1610.0,661.25,47581.25
2359,2024-06-17,575.0,488.75,575.0,718.75,2616.25,4398.75,4916.25,4657.5,4255.0,3651.25,3478.75,3220.0,3335.0,3478.75,3622.5,4025.0,4743.75,5577.5,5175.0,4571.25,3737.5,3018.75,2673.75,1178.75,78688.75
2360,2024-06-18,546.25,575.0,575.0,718.75,2731.25,4513.75,4973.75,4600.0,4140.0,3565.0,3335.0,3536.25,3392.5,3536.25,3565.0,4197.5,4743.75,5405.0,5060.0,4197.5,3478.75,3018.75,2673.75,1207.5,78286.25
2361,2024-06-19,603.75,632.5,603.75,776.25,2443.75,4283.75,4628.75,4485.0,4025.0,3392.5,3363.75,3363.75,3248.75,3450.0,3478.75,3478.75,4312.5,4600.0,4858.75,4140.0,3565.0,2990.0,2472.5,1121.25,74318.75
2362,2024-06-20,575.0,575.0,575.0,747.5,2386.25,4341.25,4830.0,4887.5,4283.75,3593.75,3450.0,3565.0,3766.25,3622.5,3852.5,4140.0,4945.0,5548.75,5433.75,4398.75,3593.75,3105.0,2616.25,1351.25,80183.75
2363,2024-06-21,632.5,575.0,575.0,661.25,2587.5,4427.5,4427.5,4945.0,4312.5,3651.25,3478.75,3478.75,3507.5,3622.5,3881.25,4283.75,5232.5,5692.5,5491.25,4628.75,3823.75,3220.0,2702.5,1293.75,81132.5
2364,2024-06-22,632.5,575.0,575.0,718.75,2472.5,3622.5,4255.0,4283.75,3593.75,3191.25,3191.25,3478.75,4341.25,4772.5,4628.75,4571.25,4197.5,4053.75,3708.75,3335.0,3047.5,2587.5,2415.0,1207.5,73456.25
2365,2024-06-23,575.0,546.25,575.0,575.0,1178.75,2185.0,2185.0,2156.25,2098.75,2386.25,2501.25,2731.25,2731.25,2760.0,2731.25,2817.5,2817.5,2788.75,2846.25,2875.0,2731.25,2530.0,1696.25,546.25,49565.0
2366,2024-06-24,488.75,460.0,488.75,776.25,2443.75,4168.75,4801.25,4830.0,3967.5,3593.75,3392.5,3306.25,3392.5,3392.5,3593.75,4082.5,4945.0,5548.75,5232.5,4370.0,3306.25,2788.75,2443.75,1178.75,76992.5
2367,2024-06-25,575.0,575.0,575.0,632.5,2472.5,4226.25,4542.5,4600.0,4053.75,3507.5,3277.5,3335.0,3306.25,3277.5,3708.75,3996.25,5031.25,5663.75,5376.25,4456.25,3392.5,2731.25,2501.25,1207.5,77021.25
2368,2024-06-26,546.25,488.75,546.25,690.0,2300.0,3996.25,4542.5,4513.75,4053.75,3507.5,3335.0,3536.25,3450.0,3335.0,3622.5,3938.75,4916.25,5635.0,5520.0,4341.25,3220.0,2788.75,2501.25,1380.0,76705.0
2369,2024-06-27,575.0,575.0,575.0,632.5,2472.5,4312.5,4973.75,4916.25,4111.25,3593.75,3450.0,3392.5,3565.0,3450.0,3766.25,4111.25,5175.0,5491.25,5318.75,4513.75,3306.25,2817.5,2530.0,1293.75,78918.75
2370,2024-06-28,690.0,747.5,690.0,690.0,2788.75,4197.5,4657.5,4657.5,4140.0,3450.0,3162.5,3335.0,3421.25,3421.25,3651.25,4025.0,4973.75,5520.0,5405.0,4197.5,3277.5,2788.75,2530.0,1207.5,77625.0
2371,2024-06-29,488.75,460.0,460.0,718.75,2386.25,3507.5,4082.5,4140.0,3450.0,2990.0,3047.5,3306.25,3967.5,4600.0,4542.5,4111.25,4255.0,3996.25,3565.0,3277.5,2961.25,2558.75,2386.25,1408.75,70667.5
2372,2024-06-30,747.5,690.0,603.75,546.25,1236.25,2242.5,2127.5,1983.75,2070.0,2386.25,2645.0,2731.25,2903.75,2817.5,2817.5,2903.75,2846.25,2645.0,2875.0,2788.75,2645.0,2443.75,1840.0,603.75,50140.0
2373,2024-07-01,575.0,603.75,546.25,517.5,1121.25,2242.5,2213.75,2156.25,2185.0,2415.0,2501.25,2731.25,2760.0,2817.5,2846.25,2846.25,2846.25,3018.75,2846.25,2875.0,2817.5,2472.5,1753.75,575.0,50283.75
2374,2024-07-02,575.0,575.0,575.0,718.75,2415.0,4255.0,4772.5,4772.5,3881.25,3478.75,3047.5,3248.75,3363.75,3306.25,3622.5,3996.25,4858.75,5692.5,5261.25,4370.0,3392.5,2702.5,2558.75,1293.75,76733.75
2375,2024-07-03,862.5,920.0,546.25,718.75,2443.75,4168.75,4600.0,4772.5,4025.0,3450.0,3162.5,3162.5,3133.75,3162.5,3593.75,3881.25,4743.75,5462.5,5433.75,4370.0,3392.5,2903.75,2587.5,1293.75,76791.25
2376,2024-07-04,603.75,575.0,575.0,690.0,2443.75,4283.75,4772.5,4686.25,4082.5,3565.0,3392.5,3306.25,3248.75,3306.25,3565.0,3852.5,4801.25,5405.0,5261.25,4168.75,3478.75,2731.25,2587.5,1380.0,76762.5
2377,2024-07-05,603.75,575.0,575.0,661.25,2530.0,4025.0,4542.5,4657.5,3967.5,3392.5,3047.5,2990.0,3133.75,3220.0,3593.75,3766.25,4830.0,5376.25,5347.5,4255.0,3363.75,2846.25,2587.5,1408.75,75296.25
2378,2024-07-06,575.0,575.0,575.0,690.0,2530.0,3708.75,4226.25,4255.0,3622.5,3220.0,3105.0,3363.75,4197.5,4743.75,4858.75,4628.75,4628.75,3938.75,3536.25,3191.25,2961.25,2530.0,2386.25,1293.75,73341.25
2379,2024-07-07,575.0,575.0,575.0,575.0,1236.25,2328.75,2271.25,2185.0,2185.0,2386.25,2558.75,2788.75,2817.5,2731.25,2903.75,2846.25,2702.5,2817.5,2932.5,3047.5,2875.0,2558.75,1926.25,661.25,51060.0
2380,2024-07-08,575.0,575.0,603.75,805.0,2415.0,4341.25,4858.75,4772.5,4111.25,3680.0,3277.5,3421.25,3507.5,3478.75,3708.75,4140.0,5002.5,5433.75,5635.0,4485.0,3450.0,2846.25,2645.0,1408.75,79177.5
2381,2024-07-09,575.0,575.0,575.0,833.75,2587.5,4398.75,4485.0,4657.5,3852.5,3363.75,3133.75,3421.25,3392.5,3450.0,3593.75,4082.5,4945.0,5807.5,5433.75,4283.75,3450.0,2932.5,2616.25,1380.0,77826.25
2382,2024-07-10,718.75,603.75,632.5,805.0,2616.25,4283.75,4485.0,4600.0,3938.75,3392.5,3220.0,3363.75,3335.0,3363.75,3651.25,4283.75,4916.25,5290.0,5203.75,4255.0,3392.5,2558.75,2386.25,1121.25,76417.5
2383,2024-07-11,575.0,575.0,575.0,718.75,2415.0,4283.75,4772.5,4772.5,4082.5,3708.75,3421.25,3335.0,3478.75,3565.0,3766.25,4168.75,5146.25,5721.25,5548.75,4456.25,3478.75,2817.5,2616.25,1265.0,79263.75
2384,2024-07-12,575.0,517.5,632.5,747.5,2587.5,4255.0,4973.75,4657.5,3680.0,3306.25,2903.75,3105.0,3105.0,3133.75,3450.0,3823.75,4772.5,5376.25,5117.5,4255.0,3478.75,2846.25,2472.5,1351.25,75123.75
2385,2024-07-13,1092.5,718.75,575.0,747.5,2443.75,3795.0,4370.0,4255.0,3593.75,3133.75,3105.0,3220.0,4312.5,4628.75,4226.25,3967.5,3392.5,3565.0,3363.75,3076.25,2990.0,2788.75,2415.0,1466.25,71242.5
2386,2024-07-14,747.5,661.25,632.5,575.0,1265.0,2328.75,2271.25,2213.75,2242.5,2443.75,2645.0,2788.75,2846.25,2788.75,2702.5,2645.0,2645.0,2932.5,2702.5,2587.5,2213.75,2098.75,1610.0,690.0,49277.5
2387,2024-07-15,603.75,690.0,603.75,776.25,2558.75,4398.75,4312.5,4427.5,3881.25,3565.0,3277.5,3248.75,3220.0,3220.0,3507.5,3852.5,4715.0,5376.25,5376.25,4312.5,3421.25,2673.75,2501.25,1236.25,75756.25
2388,2024-07-16,690.0,632.5,603.75,747.5,2760.0,4312.5,4398.75,4571.25,3996.25,3363.75,3248.75,3421.25,3248.75,3306.25,3651.25,3795.0,4053.75,5031.25,5060.0,4226.25,3363.75,2702.5,2645.0,1236.25,75066.25
2389,2024-07-17,345.0,345.0,345.0,690.0,2731.25,4513.75,4743.75,4772.5,3967.5,3651.25,3335.0,3363.75,3363.75,3392.5,3622.5,3938.75,4772.5,5491.25,5347.5,4283.75,3507.5,2846.25,2645.0,1293.75,77308.75
2390,2024-07-18,603.75,575.0,603.75,747.5,2673.75,4255.0,4743.75,4628.75,4140.0,3651.25,3363.75,3306.25,3277.5,3306.25,3536.25,3967.5,4743.75,5491.25,5433.75,4312.5,3507.5,2961.25,2616.25,1408.75,77855.0
2391,2024-07-19,805.0,690.0,632.5,747.5,2530.0,4513.75,4973.75,4887.5,3967.5,3565.0,3220.0,3421.25,3220.0,3335.0,3478.75,3967.5,4801.25,5261.25,5232.5,4427.5,3536.25,2903.75,2587.5,1437.5,78142.5
2392,2024-07-20,776.25,603.75,718.75,603.75,1322.5,2443.75,2415.0,2271.25,2271.25,2443.75,2645.0,2846.25,2932.5,2846.25,3018.75,2990.0,2932.5,2932.5,3018.75,2990.0,2673.75,2558.75,1926.25,575.0,52756.25
2393,2024-07-21,575.0,575.0,488.75,603.75,1207.5,2271.25,2357.5,2185.0,2328.75,2472.5,2731.25,2875.0,3105.0,2990.0,2961.25,2990.0,2875.0,2846.25,3047.5,2760.0,2731.25,2501.25,1868.75,603.75,51951.25
2394,2024-07-22,575.0,575.0,632.5,920.0,2501.25,4370.0,4801.25,4830.0,4111.25,3478.75,3220.0,3306.25,3363.75,3277.5,3507.5,3795.0,4830.0,5318.75,5175.0,4341.25,3565.0,2760.0,2645.0,1265.0,77165.0
2395,2024-07-23,460.0,460.0,517.5,718.75,2558.75,4427.5,5060.0,4715.0,3795.0,3421.25,3306.25,3363.75,3277.5,3392.5,3536.25,3967.5,4858.75,5548.75,5347.5,4168.75,3363.75,2903.75,2530.0,1293.75,76992.5
2396,2024-07-24,805.0,776.25,690.0,776.25,2731.25,4283.75,4945.0,4916.25,4082.5,3363.75,3076.25,3335.0,3392.5,3450.0,3622.5,4111.25,4858.75,5405.0,5261.25,4398.75,3363.75,2875.0,2673.75,1437.5,78631.25
2397,2024-07-25,690.0,632.5,603.75,776.25,2616.25,4226.25,4772.5,4830.0,3996.25,3565.0,3133.75,3306.25,3277.5,3450.0,3507.5,4082.5,4715.0,5405.0,5203.75,4456.25,3450.0,2875.0,2702.5,1408.75,77682.5
2398,2024-07-26,690.0,603.75,690.0,747.5,2673.75,4456.25,4743.75,4571.25,3938.75,3392.5,3133.75,3363.75,3220.0,3335.0,3565.0,3996.25,4887.5,5520.0,5232.5,4427.5,3363.75,2788.75,2587.5,1351.25,77280.0
2399,2024-07-27,661.25,718.75,632.5,747.5,2645.0,3737.5,4140.0,4370.0,3651.25,3162.5,3076.25,3392.5,4226.25,4801.25,4715.0,4513.75,4312.5,3938.75,3593.75,3191.25,2932.5,2558.75,2501.25,1293.75,73513.75
2400,2024-07-28,690.0,661.25,575.0,575.0,1293.75,2357.5,2357.5,2098.75,2185.0,2271.25,2587.5,2760.0,2846.25,2846.25,2875.0,2903.75,2961.25,2903.75,3047.5,2846.25,2702.5,2501.25,1782.5,575.0,51203.75
2401,2024-07-29,575.0,575.0,575.0,833.75,2616.25,4485.0,5002.5,4657.5,4025.0,3651.25,3277.5,3335.0,3306.25,3306.25,3622.5,3938.75,4743.75,5548.75,5376.25,4427.5,3335.0,2846.25,2558.75,1207.5,77826.25
2402,2024-07-30,661.25,603.75,575.0,747.5,2616.25,4226.25,4772.5,4628.75,4140.0,3335.0,3076.25,3421.25,3277.5,3248.75,3536.25,3823.75,4887.5,5491.25,5290.0,4370.0,3421.25,2788.75,2645.0,1293.75,76877.5
2403,2024-07-31,632.5,661.25,632.5,776.25,2443.75,4341.25,4801.25,4772.5,4053.75,3478.75,3191.25,3248.75,3220.0,3248.75,3507.5,3910.0,4772.5,5405.0,5318.75,4341.25,3392.5,2817.5,2673.75,1265.0,76906.25
2404,2024-08-01,575.0,575.0,575.0,833.75,2587.5,4283.75,4801.25,4456.25,3910.0,3478.75,3277.5,3306.25,3363.75,3220.0,3421.25,3881.25,4801.25,5347.5,5290.0,4168.75,3536.25,2903.75,2760.0,1236.25,76590.0
2405,2024-08-02,575.0,603.75,632.5,776.25,2558.75,4456.25,4801.25,4772.5,4053.75,3363.75,3450.0,3248.75,3363.75,3392.5,3565.0,3967.5,5060.0,5290.0,5376.25,4283.75,3277.5,2788.75,2616.25,2386.25,78660.0
2406,2024-08-03,1293.75,632.5,575.0,805.0,2415.0,3593.75,4197.5,4082.5,3593.75,3162.5,3105.0,3335.0,4140.0,4571.25,4571.25,4571.25,4341.25,4025.0,3708.75,3450.0,3306.25,2903.75,2702.5,1437.5,74520.0
2407,2024-08-04,575.0,575.0,575.0,632.5,1322.5,2558.75,2558.75,2530.0,2558.75,2530.0,2990.0,3133.75,3162.5,3105.0,3133.75,3162.5,3162.5,3277.5,3421.25,3191.25,2990.0,2760.0,2041.25,690.0,56637.5
2408,2024-08-05,575.0,718.75,603.75,862.5,2443.75,4082.5,4715.0,4456.25,3938.75,3450.0,3191.25,2990.0,3277.5,3363.75,3593.75,4111.25,4945.0,5778.75,5692.5,4600.0,3651.25,2990.0,2817.5,1293.75,78142.5
2409,2024-08-06,632.5,575.0,603.75,718.75,2673.75,4485.0,5088.75,5060.0,4456.25,3708.75,3680.0,3622.5,3795.0,3680.0,3737.5,4197.5,5175.0,5606.25,5606.25,4916.25,3680.0,3133.75,2731.25,1380.0,82943.75
2410,2024-08-07,718.75,603.75,747.5,690.0,1437.5,2731.25,2731.25,2530.0,2616.25,2645.0,2817.5,3133.75,3191.25,3191.25,3248.75,3306.25,3277.5,3335.0,3392.5,3277.5,3162.5,2846.25,2012.5,776.25,58420.0
2411,2024-08-08,690.0,690.0,718.75,891.25,3047.5,4772.5,5088.75,4628.75,4140.0,3421.25,3593.75,3708.75,3680.0,3651.25,3910.0,4255.0,5031.25,5778.75,5778.75,4887.5,3910.0,3421.25,3018.75,1380.0,84093.75
2412,2024-08-09,661.25,603.75,603.75,805.0,2961.25,4628.75,5146.25,4945.0,4140.0,3450.0,3220.0,3421.25,3622.5,3708.75,3852.5,4168.75,5117.5,5807.5,5865.0,4743.75,3795.0,3105.0,2817.5,1236.25,82426.25
2413,2024-08-10,661.25,603.75,603.75,805.0,2760.0,3996.25,4398.75,4513.75,3938.75,3536.25,3392.5,3507.5,4283.75,4657.5,4830.0,4686.25,4657.5,4341.25,4025.0,3536.25,3076.25,2760.0,2702.5,2501.25,78775.0
2414,2024-08-11,1322.5,603.75,575.0,575.0,1351.25,2558.75,2645.0,2530.0,2645.0,2875.0,2961.25,3478.75,4025.0,4053.75,3852.5,3708.75,3881.25,4025.0,4140.0,3823.75,3306.25,2932.5,1955.0,661.25,64486.25
2415,2024-08-12,575.0,575.0,632.5,805.0,2788.75,4801.25,5261.25,5060.0,4082.5,3478.75,3680.0,3593.75,3622.5,3536.25,3967.5,4427.5,5491.25,6037.5,4600.0,3708.75,3881.25,3076.25,2817.5,1380.0,81880.0
2416,2024-08-13,575.0,575.0,603.75,776.25,2903.75,4715.0,5232.5,5203.75,4398.75,3967.5,3651.25,3622.5,3651.25,3651.25,3795.0,4283.75,5175.0,5807.5,5606.25,4686.25,3622.5,3133.75,2817.5,1322.5,83777.5
2417,2024-08-14,632.5,603.75,603.75,833.75,2846.25,4715.0,5261.25,5060.0,4370.0,3996.25,3651.25,3593.75,3795.0,3708.75,3881.25,4140.0,4168.75,4485.0,5433.75,4743.75,3651.25,3076.25,2875.0,1408.75,81535.0
2418,2024-08-15,661.25,575.0,661.25,891.25,2903.75,4715.0,5146.25,5002.5,4370.0,3766.25,3622.5,3680.0,3766.25,3766.25,3996.25,4341.25,5146.25,5836.25,5376.25,4628.75,3795.0,3220.0,2903.75,1351.25,84122.5
2419,2024-08-16,661.25,632.5,661.25,862.5,2932.5,4456.25,5031.25,5088.75,4255.0,3737.5,3478.75,3651.25,3766.25,3680.0,3852.5,4197.5,5203.75,5606.25,5318.75,4513.75,3737.5,3133.75,2875.0,1322.5,82656.25
2420,2024-08-17,575.0,575.0,575.0,718.75,2702.5,3881.25,4686.25,4571.25,3766.25,3421.25,3335.0,3507.5,4370.0,4801.25,4255.0,4600.0,4743.75,4255.0,4053.75,3421.25,3191.25,3047.5,2760.0,1351.25,77165.0
2421,2024-08-18,603.75,603.75,575.0,575.0,1351.25,2501.25,2616.25,2587.5,2616.25,2788.75,2990.0,3133.75,3306.25,3277.5,3191.25,3277.5,3363.75,3335.0,3248.75,3220.0,2932.5,2702.5,2041.25,603.75,57442.5
2422,2024-08-19,575.0,603.75,575.0,575.0,1351.25,2415.0,2386.25,2386.25,2558.75,2731.25,2875.0,3076.25,3162.5,3133.75,3248.75,3306.25,3277.5,3162.5,3363.75,3133.75,2932.5,2702.5,2012.5,718.75,56263.75
2423,2024-08-20,690.0,632.5,603.75,891.25,2932.5,4657.5,4887.5,4945.0,4312.5,3737.5,3708.75,3593.75,3737.5,3651.25,3823.75,4140.0,4945.0,5865.0,5577.5,4600.0,3795.0,3133.75,2875.0,1236.25,82972.5
2424,2024-08-21,460.0,345.0,517.5,920.0,2875.0,4542.5,5031.25,5232.5,4427.5,3938.75,3795.0,3910.0,3823.75,3680.0,3881.25,4111.25,5117.5,5778.75,5635.0,4743.75,3593.75,3191.25,2846.25,1265.0,83662.5
2425,2024-08-22,603.75,575.0,603.75,862.5,2817.5,4772.5,5232.5,5031.25,4283.75,3881.25,3622.5,3823.75,3852.5,3708.75,4053.75,4370.0,5088.75,5663.75,5750.0,4628.75,3737.5,3162.5,2760.0,1380.0,84266.25
2426,2024-08-23,661.25,632.5,661.25,862.5,2846.25,4657.5,5117.5,5088.75,4370.0,3910.0,3651.25,3766.25,3852.5,3795.0,4025.0,4312.5,5290.0,5807.5,5405.0,4686.25,3536.25,3191.25,2903.75,1466.25,84496.25
2427,2024-08-24,718.75,661.25,632.5,805.0,2587.5,4025.0,4571.25,4657.5,3852.5,3421.25,3363.75,3680.0,4571.25,5088.75,4686.25,4743.75,4542.5,4082.5,3737.5,3421.25,3191.25,2875.0,2702.5,1437.5,78056.25
2428,2024-08-25,661.25,603.75,661.25,603.75,1380.0,2386.25,2558.75,2731.25,2645.0,2817.5,2932.5,3306.25,3363.75,3392.5,3421.25,3363.75,3363.75,3363.75,3536.25,3450.0,3076.25,2760.0,2012.5,575.0,58966.25
2429,2024-08-26,575.0,575.0,603.75,862.5,2817.5,4715.0,5433.75,5060.0,4168.75,3737.5,3680.0,3651.25,3680.0,3708.75,3881.25,4312.5,5232.5,5778.75,5692.5,4657.5,3795.0,3076.25,2846.25,1466.25,84007.5
2430,2024-08-27,632.5,575.0,603.75,805.0,2760.0,4743.75,5031.25,5175.0,4197.5,3737.5,3795.0,3766.25,3852.5,3708.75,3910.0,4140.0,5002.5,5577.5,5663.75,4485.0,3651.25,3018.75,2788.75,1523.75,83145.0
2431,2024-08-28,632.5,632.5,661.25,1006.25,2846.25,4628.75,5002.5,4973.75,4226.25,3795.0,3708.75,3881.25,3823.75,3881.25,3938.75,4255.0,5290.0,5951.25,5692.5,4628.75,3737.5,3162.5,2731.25,1351.25,84438.75
2432,2024-08-29,575.0,575.0,661.25,833.75,2846.25,4743.75,5031.25,5088.75,4168.75,3766.25,3622.5,3680.0,3795.0,3708.75,3680.0,4082.5,5002.5,5721.25,5692.5,4686.25,3536.25,3162.5,2817.5,1322.5,82800.0
2433,2024-08-30,690.0,661.25,575.0,805.0,2961.25,4542.5,5175.0,5002.5,4398.75,3795.0,3708.75,3708.75,3737.5,3766.25,3996.25,4312.5,5203.75,5836.25,5721.25,4743.75,3622.5,3191.25,2932.5,2472.5,85560.0
2434,2024-08-31,1437.5,603.75,546.25,862.5,2673.75,3938.75,4628.75,4312.5,3823.75,3478.75,3478.75,3651.25,4341.25,4858.75,4858.75,4743.75,4542.5,4341.25,4168.75,3507.5,3306.25,3076.25,2817.5,1380.0,79378.75
2435,2024-09-01,747.5,805.0,805.0,948.75,2990.0,3680.0,3881.25,3852.5,3852.5,3967.5,4312.5,4283.75,4513.75,4513.75,4513.75,4427.5,4628.75,4772.5,4657.5,4485.0,4370.0,4082.5,2932.5,718.75,82742.5
2436,2024-09-02,632.5,575.0,575.0,776.25,2961.25,4657.5,5060.0,5117.5,4341.25,3938.75,3593.75,3680.0,3910.0,3795.0,3938.75,4312.5,5002.5,5922.5,5807.5,4571.25,3795.0,3220.0,2846.25,1293.75,84323.75
2437,2024-09-03,546.25,431.25,546.25,747.5,2817.5,4513.75,5232.5,5002.5,4197.5,3737.5,3478.75,3680.0,3881.25,3910.0,4082.5,4485.0,5433.75,5692.5,5117.5,4715.0,3651.25,3047.5,2903.75,1408.75,83260.0
2438,2024-09-04,488.75,460.0,575.0,948.75,2875.0,4772.5,5175.0,5117.5,4283.75,3852.5,3536.25,3680.0,3622.5,3737.5,3910.0,4485.0,5491.25,6095.0,5606.25,4542.5,3565.0,3105.0,2788.75,1437.5,84151.25
2439,2024-09-05,575.0,603.75,603.75,862.5,2817.5,4513.75,5060.0,5088.75,4226.25,3766.25,3651.25,3737.5,3737.5,3622.5,3938.75,4226.25,5261.25,5951.25,5520.0,4571.25,3565.0,2875.0,2846.25,1523.75,83145.0
2440,2024-09-06,632.5,603.75,632.5,891.25,2788.75,4772.5,5088.75,4973.75,4197.5,3910.0,3708.75,3766.25,3766.25,3881.25,4140.0,4312.5,5347.5,5951.25,5807.5,4686.25,3852.5,3162.5,2903.75,1437.5,85215.0
2441,2024-09-07,690.0,661.25,690.0,862.5,2903.75,4082.5,4312.5,4743.75,3938.75,3651.25,3421.25,3795.0,4513.75,5002.5,4973.75,5002.5,4715.0,4312.5,3967.5,3536.25,3335.0,2990.0,2788.75,1408.75,80298.75
2442,2024-09-08,833.75,1035.0,1035.0,1035.0,2098.75,4053.75,3766.25,3392.5,3823.75,4025.0,4542.5,4571.25,4571.25,5261.25,5175.0,5232.5,5146.25,5318.75,5376.25,5318.75,4973.75,4743.75,3421.25,1063.75,89815.0
2443,2024-09-09,977.5,1035.0,747.5,805.0,2932.5,4628.75,5261.25,5031.25,4111.25,3852.5,3593.75,3622.5,3737.5,3680.0,3938.75,4226.25,5088.75,5807.5,5692.5,4743.75,3708.75,3133.75,2932.5,1351.25,84640.0
2444,2024-09-10,690.0,575.0,661.25,948.75,2932.5,4628.75,5088.75,5060.0,4111.25,3795.0,3708.75,3651.25,3651.25,3680.0,3910.0,4226.25,5088.75,5807.5,5548.75,4715.0,3651.25,3076.25,2875.0,1351.25,83432.5
2445,2024-09-11,661.25,632.5,632.5,891.25,2875.0,4801.25,4542.5,5031.25,4456.25,3910.0,3593.75,3737.5,3910.0,3823.75,3996.25,4341.25,5232.5,5865.0,5606.25,4772.5,3881.25,3363.75,2932.5,1408.75,84898.75
2446,2024-09-12,690.0,661.25,632.5,920.0,2932.5,4542.5,5232.5,4945.0,4226.25,3478.75,3565.0,3766.25,3938.75,3910.0,4082.5,4370.0,5175.0,5577.5,5635.0,4628.75,3852.5,3191.25,2731.25,1380.0,84065.0
2447,2024-09-13,632.5,575.0,632.5,948.75,2731.25,4657.5,5175.0,5031.25,4312.5,3852.5,3507.5,3536.25,3708.75,3795.0,3938.75,4197.5,5405.0,5721.25,5778.75,4743.75,3737.5,3191.25,2932.5,1495.0,84237.5
2448,2024-09-14,603.75,603.75,632.5,833.75,2673.75,3996.25,4628.75,4427.5,3996.25,3680.0,3047.5,3651.25,4427.5,4715.0,4513.75,4686.25,4571.25,4456.25,3938.75,3478.75,3277.5,2961.25,2846.25,1351.25,77998.75
2449,2024-09-15,603.75,603.75,575.0,603.75,1523.75,2558.75,2587.5,2501.25,2501.25,2731.25,2817.5,2903.75,3047.5,3277.5,3306.25,3421.25,3306.25,3248.75,3335.0,3133.75,3047.5,2817.5,2213.75,747.5,57413.75
2450,2024-09-16,661.25,603.75,661.25,862.5,2788.75,4628.75,5002.5,5031.25,4283.75,3708.75,3651.25,3622.5,3795.0,3708.75,3996.25,4197.5,5290.0,5865.0,5692.5,4657.5,3651.25,3133.75,2760.0,1380.0,83633.75
2451,2024-09-17,460.0,431.25,546.25,862.5,2817.5,4715.0,5203.75,5031.25,4197.5,3852.5,3593.75,3680.0,3737.5,3852.5,3996.25,4341.25,5117.5,5836.25,5807.5,4485.0,3910.0,3105.0,2846.25,1351.25,83777.5
2452,2024-09-18,546.25,546.25,575.0,862.5,2961.25,4628.75,5347.5,5117.5,4456.25,3967.5,3622.5,3680.0,3852.5,3795.0,4025.0,4283.75,5002.5,5721.25,5750.0,4571.25,3795.0,3105.0,2961.25,1437.5,84611.25
2453,2024-09-19,977.5,977.5,1092.5,1380.0,3450.0,5347.5,5606.25,5635.0,4973.75,4485.0,4255.0,4255.0,4226.25,4312.5,4513.75,4743.75,5663.75,6296.25,6095.0,5290.0,4283.75,3766.25,3507.5,1868.75,97002.5
2454,2024-09-20,1035.0,1035.0,718.75,920.0,2961.25,4600.0,4945.0,4945.0,4283.75,3852.5,3737.5,3708.75,3708.75,3737.5,3852.5,4341.25,5175.0,5721.25,5692.5,4743.75,3881.25,3076.25,2817.5,1552.5,85042.5
2455,2024-09-21,546.25,488.75,603.75,862.5,2731.25,3996.25,4657.5,4657.5,3881.25,3593.75,3565.0,3651.25,4370.0,4801.25,4973.75,4830.0,4542.5,4456.25,3996.25,3593.75,3277.5,2875.0,2760.0,1293.75,79005.0
2456,2024-09-22,575.0,546.25,488.75,661.25,1351.25,2386.25,2443.75,2443.75,2558.75,2702.5,2788.75,3133.75,3248.75,3191.25,3133.75,3191.25,3133.75,3133.75,3220.0,3133.75,2961.25,2760.0,1955.0,718.75,55861.25
2457,2024-09-23,632.5,575.0,690.0,862.5,2846.25,4571.25,5146.25,4973.75,4168.75,3795.0,3421.25,3565.0,3536.25,3565.0,3852.5,4111.25,5117.5,5635.0,5778.75,4571.25,3766.25,3076.25,2846.25,1408.75,82512.5
2458,2024-09-24,690.0,575.0,603.75,920.0,2846.25,4715.0,5031.25,4743.75,3967.5,3881.25,3478.75,3536.25,3737.5,3766.25,3938.75,4341.25,5318.75,6095.0,5692.5,4686.25,3622.5,3162.5,2875.0,1380.0,83605.0
2459,2024-09-25,603.75,603.75,632.5,920.0,2990.0,4628.75,5232.5,5088.75,4226.25,3852.5,3651.25,3766.25,3708.75,3680.0,3910.0,4168.75,5290.0,5836.25,5577.5,4772.5,3737.5,3248.75,2903.75,1380.0,84410.0
2460,2024-09-26,805.0,718.75,690.0,920.0,2817.5,4542.5,5261.25,5002.5,4168.75,3766.25,3708.75,3593.75,3852.5,3766.25,3996.25,4226.25,5232.5,5606.25,5462.5,4600.0,3795.0,3162.5,2817.5,1437.5,83950.0
2461,2024-09-27,661.25,603.75,718.75,862.5,2760.0,4542.5,4341.25,4513.75,3680.0,3881.25,3708.75,3622.5,3795.0,3795.0,3478.75,4226.25,5117.5,5635.0,5663.75,4772.5,3852.5,3047.5,2903.75,1466.25,81650.0
2462,2024-09-28,632.5,575.0,575.0,891.25,2760.0,3881.25,4283.75,4197.5,3622.5,3191.25,3478.75,3680.0,4111.25,4283.75,4025.0,3938.75,3507.5,3593.75,3593.75,3277.5,3105.0,2788.75,2817.5,1437.5,72248.75
2463,2024-09-29,632.5,575.0,575.0,603.75,1437.5,2300.0,2558.75,2558.75,2443.75,2645.0,2760.0,2932.5,2903.75,3018.75,3047.5,2990.0,2990.0,2961.25,3076.25,2961.25,2846.25,2587.5,1811.25,603.75,53820.0
2464,2024-09-30,575.0,603.75,575.0,718.75,2788.75,4427.5,5060.0,4945.0,4197.5,3737.5,3450.0,3737.5,3852.5,3795.0,3910.0,4168.75,5117.5,5520.0,5433.75,4600.0,3766.25,3105.0,2817.5,1322.5,82225.0
2465,2024-10-01,460.0,402.5,373.75,891.25,2817.5,4628.75,5060.0,5088.75,4283.75,3766.25,3478.75,3450.0,3593.75,3392.5,3881.25,4255.0,5117.5,5548.75,5433.75,4657.5,3737.5,3047.5,2760.0,1265.0,81391.25
2466,2024-10-02,603.75,575.0,575.0,833.75,2961.25,4628.75,5060.0,5002.5,4398.75,3795.0,3507.5,3450.0,3622.5,3766.25,3910.0,4226.25,5146.25,5865.0,5606.25,4571.25,3680.0,3047.5,2788.75,1523.75,83145.0
2467,2024-10-03,488.75,517.5,488.75,920.0,2616.25,4628.75,5088.75,4945.0,4283.75,3795.0,3593.75,3593.75,3651.25,3708.75,3938.75,4341.25,5318.75,5836.25,5836.25,4686.25,3766.25,3105.0,2846.25,1495.0,83490.0
2468,2024-10-04,690.0,575.0,718.75,920.0,2875.0,4628.75,5060.0,5175.0,4197.5,3795.0,3507.5,3593.75,3823.75,3708.75,3881.25,4197.5,5175.0,5922.5,5721.25,4628.75,3766.25,3133.75,2846.25,1351.25,83892.5
2469,2024-10-05,575.0,546.25,575.0,805.0,2760.0,4053.75,4657.5,4715.0,3967.5,3421.25,3363.75,3680.0,4513.75,5031.25,4887.5,4341.25,4312.5,3852.5,3823.75,3565.0,3363.75,2903.75,2875.0,1322.5,77912.5
2470,2024-10-06,603.75,575.0,575.0,603.75,1408.75,2443.75,2530.0,2530.0,2472.5,2673.75,2760.0,3018.75,2961.25,3105.0,3220.0,3191.25,3162.5,3133.75,3162.5,3105.0,2817.5,2760.0,1955.0,661.25,55430.0
2471,2024-10-07,603.75,632.5,632.5,805.0,2961.25,4657.5,5175.0,5117.5,4168.75,3795.0,3536.25,3708.75,3766.25,3622.5,3795.0,4283.75,5146.25,5520.0,5203.75,4542.5,3651.25,3018.75,2846.25,1293.75,82483.75
2472,2024-10-08,575.0,546.25,603.75,920.0,2903.75,4628.75,5088.75,5031.25,4197.5,3737.5,3565.0,3565.0,3766.25,3737.5,3938.75,4283.75,5060.0,5635.0,5433.75,4628.75,3507.5,3047.5,2788.75,1351.25,82541.25
2473,2024-10-09,690.0,690.0,690.0,977.5,2903.75,4715.0,5088.75,5031.25,4283.75,3708.75,3593.75,3795.0,3737.5,3766.25,3938.75,4197.5,5290.0,5807.5,5635.0,4772.5,3766.25,3018.75,2817.5,1322.5,84237.5
2474,2024-10-10,661.25,373.75,431.25,776.25,2903.75,4513.75,5002.5,5117.5,4312.5,3708.75,3335.0,3536.25,3593.75,3507.5,3766.25,4226.25,5031.25,5750.0,5606.25,4628.75,2903.75,2012.5,1840.0,1006.25,78545.0
2475,2024-10-11,603.75,575.0,546.25,718.75,2645.0,4312.5,4743.75,4370.0,4053.75,3737.5,3306.25,3335.0,3363.75,3363.75,3536.25,3737.5,4686.25,5347.5,4801.25,4025.0,3076.25,2788.75,2645.0,1322.5,75641.25
2476,2024-10-12,603.75,575.0,603.75,805.0,2386.25,3507.5,4053.75,4082.5,3450.0,3105.0,3133.75,3105.0,3910.0,4370.0,4341.25,4255.0,4111.25,3881.25,3507.5,3277.5,2990.0,2558.75,2501.25,1322.5,70437.5
2477,2024-10-13,661.25,575.0,575.0,575.0,1236.25,2185.0,2127.5,2098.75,2127.5,2328.75,2587.5,2731.25,2731.25,2731.25,2731.25,2903.75,2788.75,2846.25,2961.25,2903.75,2673.75,2357.5,1811.25,603.75,49852.5
2478,2024-10-14,546.25,546.25,488.75,546.25,1178.75,2156.25,2213.75,2127.5,2127.5,2300.0,2443.75,2616.25,2731.25,2731.25,2760.0,2875.0,2846.25,2846.25,2903.75,2731.25,2558.75,2328.75,1753.75,690.0,49047.5
2479,2024-10-15,546.25,517.5,546.25,805.0,2760.0,4513.75,5002.5,4916.25,4542.5,3795.0,3478.75,3565.0,3622.5,3622.5,3680.0,4025.0,4858.75,5865.0,5778.75,4600.0,3593.75,3076.25,2788.75,1293.75,81793.75
2480,2024-10-16,86.25,0.0,258.75,776.25,2990.0,4715.0,5203.75,5060.0,4226.25,3823.75,3536.25,3622.5,3651.25,3536.25,3823.75,4226.25,5261.25,5577.5,5462.5,4715.0,3565.0,3133.75,2846.25,1380.0,81477.5
2481,2024-10-17,603.75,575.0,575.0,747.5,2961.25,4600.0,5203.75,4945.0,4341.25,3852.5,3622.5,3680.0,3651.25,3680.0,3823.75,4053.75,5175.0,5721.25,5865.0,4772.5,3651.25,3162.5,2760.0,1495.0,83518.75
2482,2024-10-18,718.75,661.25,575.0,833.75,2760.0,4341.25,4858.75,5175.0,4370.0,3910.0,3823.75,3651.25,3795.0,3708.75,4025.0,4456.25,5290.0,5721.25,5606.25,4715.0,3766.25,3191.25,2903.75,1523.75,84381.25
2483,2024-10-19,632.5,575.0,575.0,805.0,2788.75,4025.0,4456.25,4571.25,3852.5,3421.25,3363.75,3680.0,4571.25,4858.75,4801.25,4945.0,4772.5,4485.0,3938.75,3450.0,3277.5,2961.25,2760.0,2501.25,80068.75
2484,2024-10-20,1265.0,575.0,575.0,632.5,1408.75,2472.5,2587.5,2472.5,2357.5,2645.0,2817.5,3105.0,3248.75,3133.75,2961.25,3105.0,3047.5,2990.0,3162.5,3105.0,2961.25,2673.75,1811.25,632.5,55746.25
2485,2024-10-21,575.0,661.25,603.75,862.5,2817.5,4628.75,5088.75,5146.25,4456.25,3823.75,3478.75,3737.5,3622.5,3622.5,3565.0,3047.5,3277.5,3910.0,4283.75,4053.75,3651.25,3047.5,2788.75,1236.25,75986.25
2486,2024-10-22,575.0,488.75,517.5,862.5,2932.5,4715.0,5031.25,5175.0,4168.75,3708.75,3651.25,3565.0,3680.0,3680.0,3852.5,4053.75,4830.0,5347.5,5663.75,4715.0,3651.25,3162.5,2817.5,1265.0,82110.0
2487,2024-10-23,747.5,690.0,661.25,747.5,2961.25,4600.0,5261.25,5002.5,4168.75,3852.5,3651.25,3708.75,3708.75,3622.5,3852.5,4255.0,5031.25,5462.5,5433.75,4571.25,3766.25,3191.25,2817.5,1322.5,83087.5
2488,2024-10-24,575.0,575.0,575.0,862.5,2932.5,4628.75,5290.0,5347.5,4341.25,3766.25,3651.25,3737.5,3823.75,3708.75,3967.5,4398.75,5203.75,5606.25,5750.0,4715.0,3708.75,3162.5,2731.25,1495.0,84553.75
2489,2024-10-25,575.0,575.0,575.0,805.0,2961.25,4485.0,5117.5,4772.5,4082.5,3708.75,3277.5,3335.0,3680.0,3507.5,3593.75,3967.5,4715.0,5606.25,5462.5,4427.5,3622.5,2875.0,2645.0,1897.5,80270.0
2490,2024-10-26,718.75,575.0,603.75,862.5,2673.75,3795.0,4398.75,4283.75,3651.25,3248.75,3191.25,3306.25,4082.5,4600.0,4542.5,4398.75,4370.0,4082.5,3680.0,3363.75,2932.5,2587.5,2415.0,1351.25,73715.0
2491,2024-10-27,632.5,632.5,661.25,690.0,1351.25,2328.75,2386.25,2501.25,2357.5,2472.5,2702.5,2903.75,2961.25,2875.0,2903.75,2846.25,2932.5,2990.0,3018.75,2846.25,2645.0,2443.75,1897.5,718.75,52698.75
2492,2024-10-28,632.5,718.75,632.5,862.5,2673.75,4427.5,5146.25,4571.25,3881.25,3593.75,3593.75,3392.5,3450.0,3450.0,3622.5,3938.75,4830.0,5290.0,5433.75,4513.75,3478.75,2961.25,2645.0,1293.75,79033.75
2493,2024-10-29,661.25,690.0,747.5,747.5,2616.25,4398.75,4916.25,4801.25,4140.0,3507.5,3363.75,3363.75,3335.0,3306.25,3565.0,4053.75,4858.75,5520.0,5520.0,4485.0,3392.5,2875.0,2616.25,1351.25,78832.5
2494,2024-10-30,690.0,661.25,603.75,891.25,2702.5,4600.0,4830.0,4945.0,3996.25,3593.75,3421.25,3277.5,3363.75,3392.5,3335.0,3852.5,4686.25,5203.75,5203.75,4255.0,3392.5,2875.0,2530.0,1437.5,77740.0
2495,2024-10-31,690.0,575.0,575.0,776.25,2587.5,4370.0,4772.5,4398.75,3910.0,3478.75,3047.5,3421.25,3450.0,3363.75,3708.75,4197.5,4973.75,5175.0,5060.0,3881.25,3162.5,2501.25,2386.25,1293.75,75756.25
2496,2024-11-01,690.0,690.0,661.25,776.25,2472.5,4053.75,4772.5,4657.5,3910.0,3507.5,3191.25,3220.0,3277.5,3105.0,3306.25,3737.5,4600.0,5405.0,5290.0,4398.75,3335.0,2817.5,2587.5,1351.25,75813.75
2497,2024-11-02,517.5,460.0,517.5,805.0,2645.0,3680.0,4255.0,4140.0,3536.25,3191.25,3105.0,3335.0,4140.0,4628.75,4427.5,4427.5,4341.25,4111.25,3622.5,3306.25,3047.5,2673.75,2472.5,1351.25,72737.5
2498,2024-11-03,575.0,546.25,546.25,632.5,1926.25,2213.75,2242.5,2213.75,2242.5,2501.25,2645.0,2760.0,2760.0,2760.0,2875.0,2875.0,2846.25,3018.75,3047.5,2817.5,2587.5,2271.25,1811.25,661.25,51376.25
2499,2024-11-04,603.75,603.75,575.0,546.25,1293.75,2328.75,2357.5,2386.25,2328.75,2501.25,2558.75,3076.25,2990.0,2875.0,3018.75,2990.0,3105.0,2990.0,3018.75,2731.25,2587.5,2472.5,1955.0,718.75,52612.5
2500,2024-11-05,718.75,805.0,690.0,920.0,2645.0,4370.0,4858.75,4686.25,3967.5,3622.5,3363.75,3191.25,3421.25,3248.75,3450.0,3852.5,4628.75,5175.0,5290.0,4255.0,3335.0,2846.25,2673.75,1380.0,77395.0
2501,2024-11-06,747.5,690.0,632.5,776.25,2558.75,4427.5,4973.75,4542.5,4025.0,3593.75,3392.5,3306.25,3450.0,3421.25,3478.75,3910.0,4628.75,5318.75,5433.75,4485.0,3248.75,2961.25,2587.5,1380.0,77970.0
2502,2024-11-07,603.75,575.0,546.25,747.5,2616.25,4341.25,5002.5,4772.5,4140.0,3507.5,3162.5,3306.25,3335.0,3363.75,3392.5,4082.5,4686.25,5232.5,5146.25,4370.0,3421.25,2846.25,2558.75,1236.25,76992.5
2503,2024-11-08,517.5,373.75,345.0,776.25,2616.25,4168.75,4858.75,4571.25,3795.0,3392.5,3162.5,3105.0,3105.0,3018.75,3220.0,3737.5,4657.5,5347.5,5031.25,4312.5,3363.75,2875.0,2443.75,1322.5,74117.5
2504,2024-11-09,575.0,575.0,575.0,862.5,2501.25,3766.25,4226.25,3795.0,575.0,0.0,0.0,0.0,0.0,0.0,0.0,0.0,1380.0,3823.75,3363.75,3162.5,2903.75,2501.25,2415.0,1408.75,38410.0
2505,2024-11-10,690.0,460.0,632.5,690.0,1868.75,3766.25,3708.75,661.25,0.0,0.0,0.0,0.0,0.0,0.0,0.0,4082.5,4197.5,4370.0,4370.0,4370.0,4168.75,3881.25,2760.0,747.5,45425.0
2506,2024-11-11,661.25,575.0,575.0,575.0,1408.75,2300.0,2328.75,172.5,0.0,0.0,0.0,0.0,0.0,0.0,0.0,2213.75,2875.0,3105.0,3047.5,2990.0,2788.75,2587.5,1725.0,603.75,30532.5
2507,2024-11-12,575.0,575.0,575.0,776.25,2645.0,4341.25,4858.75,4772.5,3967.5,3450.0,3277.5,3248.75,3306.25,3220.0,3450.0,3938.75,4657.5,5203.75,5203.75,4283.75,3622.5,2731.25,2530.0,1351.25,76561.25
2508,2024-11-13,575.0,603.75,661.25,747.5,2616.25,4283.75,4858.75,4715.0,3967.5,3450.0,3306.25,3536.25,3450.0,3335.0,3565.0,4025.0,4887.5,5290.0,5261.25,4398.75,3306.25,2760.0,2702.5,1437.5,77740.0
2509,2024-11-14,575.0,575.0,575.0,747.5,2558.75,4283.75,4830.0,4772.5,3938.75,3421.25,3220.0,3162.5,3248.75,3105.0,3421.25,3737.5,4743.75,5376.25,5175.0,4341.25,3191.25,2530.0,2443.75,1408.75,75382.5
2510,2024-11-15,661.25,575.0,632.5,776.25,2587.5,4312.5,4542.5,4801.25,3766.25,3335.0,3105.0,3220.0,3162.5,3162.5,3421.25,3737.5,4600.0,5347.5,5175.0,4398.75,3392.5,2788.75,2673.75,1466.25,75641.25
2511,2024-11-16,603.75,575.0,632.5,776.25,2443.75,3507.5,4370.0,4168.75,3680.0,3277.5,3162.5,3248.75,4082.5,4485.0,4398.75,4398.75,4341.25,3967.5,3593.75,3306.25,3047.5,2472.5,2472.5,1293.75,72306.25
2512,2024-11-17,603.75,575.0,575.0,575.0,1322.5,2242.5,2328.75,2328.75,2357.5,2443.75,2645.0,2760.0,2932.5,2932.5,2990.0,2990.0,2990.0,2875.0,2932.5,2760.0,2645.0,2386.25,2041.25,747.5,51980.0
2513,2024-11-18,575.0,575.0,575.0,862.5,2616.25,4312.5,4772.5,4686.25,4226.25,3507.5,3306.25,3392.5,3248.75,3248.75,3507.5,3795.0,4628.75,5232.5,5232.5,4312.5,3277.5,2846.25,2616.25,1293.75,76647.5
2514,2024-11-19,575.0,575.0,575.0,805.0,2817.5,4657.5,5146.25,5002.5,4255.0,3823.75,3737.5,3680.0,3795.0,3478.75,3651.25,3938.75,4916.25,5692.5,5548.75,4456.25,3651.25,3076.25,2760.0,1265.0,81880.0
2515,2024-11-20,517.5,488.75,488.75,805.0,2875.0,4743.75,4887.5,4743.75,4197.5,3852.5,3766.25,3507.5,3680.0,3708.75,3823.75,4025.0,4858.75,5088.75,5060.0,4686.25,3593.75,3133.75,2788.75,1696.25,81017.5
2516,2024-11-21,632.5,891.25,833.75,862.5,2875.0,4600.0,4916.25,5088.75,4427.5,3680.0,3450.0,3507.5,3536.25,3536.25,3881.25,4255.0,4715.0,5778.75,5663.75,4772.5,3881.25,3220.0,2846.25,1437.5,83288.75
2517,2024-11-22,805.0,948.75,747.5,833.75,2875.0,4628.75,5175.0,5031.25,4082.5,3795.0,3593.75,3651.25,3651.25,3737.5,3795.0,4283.75,5203.75,5750.0,5462.5,4283.75,3680.0,3076.25,2702.5,1380.0,83173.75
2518,2024-11-23,690.0,661.25,661.25,862.5,2817.5,3938.75,4513.75,4600.0,3823.75,3306.25,3191.25,3622.5,4456.25,4887.5,4686.25,4743.75,4456.25,4082.5,3766.25,3536.25,3335.0,2932.5,2788.75,1380.0,77740.0
2519,2024-11-24,575.0,575.0,575.0,575.0,1466.25,2501.25,2587.5,2673.75,2702.5,2731.25,3018.75,3248.75,3277.5,3220.0,3363.75,3335.0,3162.5,3335.0,3421.25,3133.75,2961.25,2702.5,1983.75,575.0,57701.25
2520,2024-11-25,575.0,603.75,575.0,833.75,2875.0,4542.5,5117.5,4916.25,4226.25,3708.75,3622.5,3708.75,3622.5,3680.0,3910.0,4312.5,5088.75,5922.5,5951.25,4686.25,2875.0,3421.25,2846.25,1351.25,82972.5
2521,2024-11-26,661.25,690.0,632.5,920.0,2932.5,4715.0,4715.0,4628.75,4312.5,3651.25,3651.25,3651.25,3651.25,3680.0,3910.0,4255.0,5117.5,5807.5,5577.5,4686.25,3708.75,3191.25,2875.0,1380.0,83001.25
2522,2024-11-27,575.0,575.0,575.0,747.5,2788.75,4571.25,5031.25,5117.5,4312.5,3737.5,3651.25,3507.5,3565.0,3536.25,3708.75,4025.0,5203.75,5922.5,5836.25,4887.5,3708.75,3220.0,2846.25,1437.5,83087.5
2523,2024-11-28,575.0,575.0,575.0,862.5,2903.75,4427.5,5088.75,5031.25,4168.75,3737.5,3565.0,3651.25,3737.5,3622.5,3938.75,4140.0,5060.0,5778.75,5778.75,4715.0,3766.25,3162.5,2875.0,1380.0,83116.25
2524,2024-11-29,690.0,632.5,603.75,833.75,2616.25,4571.25,4370.0,5002.5,4168.75,3708.75,3507.5,3593.75,3737.5,3795.0,3996.25,4370.0,5175.0,5232.5,5318.75,4600.0,3766.25,3220.0,2961.25,1437.5,81908.75
2525,2024-11-30,575.0,632.5,632.5,833.75,2731.25,4140.0,4628.75,4513.75,3938.75,3421.25,3478.75,3622.5,4226.25,4686.25,4772.5,4600.0,4571.25,4398.75,3910.0,3593.75,3363.75,2846.25,2903.75,1495.0,78516.25
2526,2024-12-01,661.25,575.0,661.25,632.5,1437.5,2501.25,2501.25,2415.0,2415.0,2616.25,2846.25,3018.75,3105.0,3133.75,3133.75,3248.75,3220.0,3133.75,3191.25,3018.75,2932.5,2760.0,2041.25,603.75,55803.75
2527,2024-12-02,575.0,603.75,575.0,862.5,2702.5,4513.75,5088.75,5088.75,4197.5,3622.5,3536.25,3622.5,3737.5,3680.0,3938.75,4140.0,5088.75,5606.25,5376.25,4542.5,3766.25,3105.0,2788.75,1811.25,82570.0
2528,2024-12-03,632.5,603.75,632.5,920.0,2673.75,4628.75,5031.25,4945.0,4168.75,3823.75,3450.0,3708.75,3565.0,3536.25,3910.0,4226.25,4973.75,5462.5,5663.75,4600.0,3766.25,3105.0,2875.0,1437.5,82340.0
2529,2024-12-04,402.5,345.0,431.25,862.5,2817.5,4571.25,5002.5,4945.0,4168.75,3766.25,3622.5,3708.75,3795.0,3622.5,3938.75,4370.0,5088.75,5663.75,5721.25,4801.25,3881.25,3105.0,2875.0,1495.0,83001.25
2530,2024-12-05,661.25,575.0,603.75,977.5,2645.0,4485.0,5146.25,4887.5,4082.5,3910.0,3622.5,3622.5,3680.0,3708.75,3910.0,4140.0,5232.5,5750.0,5606.25,4600.0,3737.5,3191.25,2875.0,1408.75,83058.75
2531,2024-12-06,603.75,575.0,690.0,891.25,2817.5,4513.75,5002.5,4743.75,4197.5,3967.5,3795.0,3766.25,3708.75,3708.75,3881.25,4168.75,5031.25,5635.0,5232.5,4628.75,3737.5,3306.25,2875.0,2415.0,83892.5
2532,2024-12-07,1926.25,1667.5,1178.75,862.5,2846.25,3967.5,4513.75,4485.0,3622.5,3335.0,3220.0,3622.5,4370.0,4916.25,4858.75,4772.5,4628.75,4312.5,3852.5,3565.0,3363.75,3018.75,2645.0,2415.0,81966.25
2533,2024-12-08,1696.25,1523.75,1063.75,632.5,1351.25,2386.25,2443.75,2443.75,2357.5,2673.75,2932.5,3220.0,3133.75,3133.75,3162.5,3248.75,3191.25,3335.0,3306.25,3076.25,2846.25,2817.5,2213.75,1351.25,59541.25
2534,2024-12-09,1322.5,1523.75,1092.5,747.5,2846.25,4427.5,5088.75,4916.25,4168.75,3622.5,3651.25,3680.0,3737.5,3795.0,3852.5,4312.5,5175.0,5405.0,5635.0,4686.25,3795.0,3105.0,2788.75,1437.5,84812.5
2535,2024-12-10,575.0,575.0,575.0,833.75,2702.5,4542.5,4801.25,5002.5,4111.25,3565.0,3536.25,3565.0,3565.0,3680.0,3938.75,4283.75,5146.25,5635.0,5663.75,4715.0,3766.25,3191.25,2903.75,1466.25,82340.0
2536,2024-12-11,661.25,632.5,603.75,833.75,2846.25,4542.5,5060.0,4801.25,4255.0,3478.75,3536.25,3593.75,3766.25,3737.5,3967.5,4226.25,5146.25,5635.0,5290.0,4542.5,3852.5,3047.5,2903.75,1408.75,82368.75
2537,2024-12-12,546.25,517.5,546.25,747.5,2875.0,4571.25,5002.5,4801.25,4111.25,3622.5,3622.5,3507.5,3622.5,3593.75,3708.75,4025.0,5031.25,5635.0,5520.0,4743.75,3766.25,3220.0,3105.0,1466.25,81908.75
2538,2024-12-13,718.75,690.0,690.0,805.0,2846.25,4542.5,4945.0,4945.0,4053.75,3651.25,3507.5,3708.75,3852.5,3766.25,4025.0,4226.25,5175.0,5692.5,5290.0,4657.5,3881.25,3162.5,2903.75,2558.75,84295.0
2539,2024-12-14,1265.0,603.75,690.0,805.0,2731.25,3996.25,4657.5,4398.75,3766.25,3392.5,3335.0,3680.0,4312.5,4801.25,4772.5,4830.0,4571.25,4427.5,4053.75,3622.5,3392.5,3047.5,2875.0,2530.0,80557.5
2540,2024-12-15,1265.0,575.0,575.0,718.75,1782.5,3795.0,3651.25,3680.0,3651.25,3910.0,4312.5,4168.75,4370.0,4427.5,4485.0,4513.75,4513.75,4456.25,4542.5,4255.0,4111.25,3766.25,2903.75,891.25,79321.25
2541,2024-12-16,632.5,575.0,575.0,776.25,2760.0,4341.25,4945.0,4801.25,4197.5,3766.25,3593.75,3536.25,3622.5,3622.5,3852.5,4255.0,5031.25,5606.25,5462.5,4657.5,3450.0,3018.75,2817.5,1408.75,81305.0
2542,2024-12-17,575.0,690.0,690.0,862.5,2788.75,4542.5,5002.5,4715.0,4283.75,3766.25,3507.5,3565.0,3651.25,3737.5,3881.25,4111.25,5203.75,5778.75,5606.25,4571.25,3565.0,2961.25,2903.75,1380.0,82340.0
2543,2024-12-18,488.75,460.0,488.75,920.0,2846.25,4542.5,5060.0,5060.0,4168.75,3852.5,3680.0,3737.5,3910.0,3766.25,4168.75,4456.25,5175.0,5750.0,5520.0,4628.75,3680.0,3076.25,2932.5,1322.5,83691.25
2544,2024-12-19,575.0,603.75,661.25,805.0,2903.75,4513.75,4887.5,4887.5,4111.25,3622.5,3536.25,3565.0,3680.0,3651.25,3766.25,4082.5,5060.0,5491.25,5520.0,4772.5,3881.25,3018.75,2903.75,1437.5,81937.5
2545,2024-12-20,603.75,575.0,575.0,747.5,2817.5,4427.5,4801.25,4772.5,3967.5,3622.5,3507.5,3680.0,3737.5,3737.5,4025.0,4283.75,5088.75,5002.5,4600.0,4283.75,3910.0,3507.5,3018.75,2443.75,81736.25
2546,2024-12-21,1293.75,632.5,632.5,920.0,2702.5,4025.0,4398.75,4398.75,3823.75,3421.25,3450.0,3651.25,4197.5,4571.25,4772.5,4686.25,4485.0,4283.75,3938.75,3766.25,3335.0,3018.75,2875.0,2443.75,79723.75
2547,2024-12-22,1322.5,575.0,575.0,575.0,1380.0,2443.75,2443.75,2530.0,2415.0,2731.25,2903.75,3076.25,3220.0,3105.0,3220.0,3191.25,3248.75,3277.5,3105.0,2731.25,2846.25,2846.25,1840.0,575.0,56177.5
2548,2024-12-23,575.0,575.0,575.0,891.25,3018.75,4427.5,4600.0,4772.5,4168.75,3708.75,3622.5,3565.0,3536.25,3593.75,3881.25,4226.25,4916.25,5548.75,5261.25,4600.0,3708.75,3162.5,2961.25,1437.5,81333.75
2549,2024-12-24,690.0,603.75,603.75,891.25,2673.75,3938.75,3910.0,3565.0,3450.0,3277.5,3363.75,3392.5,3651.25,3536.25,3795.0,3996.25,3795.0,4025.0,3967.5,3996.25,3306.25,2961.25,1408.75,575.0,69373.75
2550,2024-12-25,575.0,575.0,575.0,603.75,1265.0,2328.75,2530.0,2328.75,2357.5,2558.75,2530.0,2731.25,2788.75,2875.0,2903.75,2817.5,2760.0,2990.0,2961.25,2817.5,2817.5,2558.75,1983.75,603.75,51836.25
2551,2024-12-26,575.0,575.0,546.25,747.5,2731.25,3910.0,4111.25,4168.75,3766.25,2932.5,3047.5,2932.5,3105.0,3162.5,3507.5,3766.25,4168.75,4628.75,4628.75,4226.25,3306.25,2846.25,2558.75,1437.5,71386.25
2552,2024-12-27,373.75,345.0,345.0,805.0,2702.5,3938.75,4283.75,4283.75,3622.5,2846.25,2875.0,2932.5,3018.75,3133.75,3622.5,4053.75,4226.25,4542.5,4743.75,4283.75,3392.5,2903.75,2558.75,1466.25,71300.0
2553,2024-12-28,690.0,690.0,690.0,891.25,2587.5,3766.25,4312.5,4025.0,3306.25,3133.75,3220.0,3478.75,3996.25,4312.5,4312.5,4168.75,3938.75,3708.75,3565.0,3392.5,3306.25,2990.0,2702.5,1581.25,72766.25
2554,2024-12-29,747.5,690.0,632.5,575.0,1351.25,2443.75,2415.0,2415.0,2530.0,2530.0,2702.5,3018.75,3162.5,3277.5,3248.75,3335.0,3277.5,3105.0,3133.75,2990.0,2875.0,2760.0,2156.25,690.0,56062.5
2555,2024-12-30,661.25,575.0,575.0,891.25,2587.5,3910.0,4197.5,4168.75,3565.0,2990.0,2961.25,3105.0,2990.0,3076.25,3335.0,3680.0,4140.0,4600.0,4456.25,4341.25,3335.0,2846.25,2616.25,1408.75,71012.5
2556,2024-12-31,1006.25,948.75,747.5,776.25,2673.75,3795.0,3967.5,3450.0,2903.75,2817.5,2903.75,3191.25,3220.0,3277.5,3622.5,3852.5,3996.25,4111.25,3708.75,3191.25,3018.75,2530.0,1293.75,575.0,65578.75
2557,2025-01-01,575.0,575.0,575.0,575.0,1351.25,2328.75,2415.0,2300.0,2300.0,2558.75,2645.0,2558.75,2587.5,2616.25,2645.0,2616.25,2702.5,2817.5,2875.0,2846.25,2702.5,2587.5,1955.0,718.75,50427.5
2558,2025-01-02,661.25,603.75,575.0,833.75,2673.75,3852.5,4053.75,4025.0,3507.5,2760.0,2817.5,3018.75,3133.75,3220.0,3478.75,3938.75,4053.75,4398.75,4255.0,4053.75,3306.25,2846.25,2616.25,1581.25,70265.0
2559,2025-01-03,690.0,661.25,690.0,805.0,2788.75,3823.75,4140.0,3996.25,3536.25,2961.25,2990.0,3076.25,3133.75,3105.0,3392.5,3852.5,4168.75,4370.0,4312.5,4053.75,3306.25,2932.5,2530.0,1408.75,70725.0
2560,2025-01-04,718.75,632.5,575.0,920.0,2357.5,3450.0,3680.0,3766.25,3565.0,3248.75,3133.75,3421.25,3996.25,4226.25,4370.0,4111.25,3507.5,3421.25,3536.25,3335.0,2961.25,2587.5,2472.5,1408.75,69402.5
2561,2025-01-05,661.25,632.5,603.75,575.0,1408.75,2357.5,2386.25,2300.0,2328.75,2472.5,2616.25,2616.25,2760.0,2875.0,2903.75,2846.25,2903.75,3018.75,3018.75,2875.0,2673.75,2616.25,2041.25,661.25,52152.5
2562,2025-01-06,603.75,575.0,603.75,661.25,1408.75,2415.0,2415.0,2328.75,2328.75,2443.75,2616.25,2702.5,2788.75,2903.75,2875.0,2846.25,2932.5,2990.0,3076.25,2932.5,2760.0,2702.5,2098.75,805.0,52813.75
2563,2025-01-07,718.75,690.0,690.0,948.75,2846.25,4111.25,4485.0,4283.75,3651.25,2961.25,2961.25,3133.75,3105.0,3306.25,3593.75,3996.25,4168.75,4686.25,4772.5,4255.0,3478.75,2817.5,2616.25,1495.0,73772.5
2564,2025-01-08,776.25,603.75,690.0,920.0,2702.5,4025.0,4456.25,4398.75,3622.5,2990.0,2990.0,3018.75,3076.25,3133.75,3565.0,3967.5,4255.0,4858.75,4945.0,4197.5,3421.25,2817.5,2530.0,1351.25,73312.5
2565,2025-01-09,718.75,690.0,661.25,862.5,2731.25,3967.5,4283.75,4255.0,3593.75,2932.5,2990.0,2990.0,3076.25,3105.0,3593.75,3938.75,4341.25,4772.5,4686.25,4140.0,3335.0,2731.25,2472.5,1437.5,72306.25
2566,2025-01-10,805.0,747.5,603.75,776.25,2702.5,4025.0,4283.75,4312.5,3708.75,2990.0,2990.0,2990.0,3047.5,3018.75,3536.25,3938.75,4197.5,4743.75,4743.75,4398.75,3478.75,2846.25,2702.5,1322.5,72910.0
2567,2025-01-11,460.0,230.0,460.0,891.25,2673.75,3593.75,3593.75,3335.0,3277.5,3363.75,3076.25,3421.25,4082.5,4427.5,4485.0,4398.75,4140.0,3651.25,3536.25,3392.5,2961.25,2731.25,2587.5,1408.75,70178.75
2568,2025-01-12,632.5,575.0,575.0,690.0,1351.25,2415.0,2415.0,2386.25,2357.5,2558.75,2645.0,2731.25,2846.25,2903.75,2932.5,2875.0,2875.0,2932.5,3047.5,2817.5,2645.0,2558.75,1955.0,575.0,52296.25
2569,2025-01-13,546.25,546.25,575.0,747.5,2903.75,4283.75,4715.0,4686.25,4025.0,3593.75,3191.25,3133.75,3277.5,3335.0,3421.25,4025.0,4628.75,5060.0,5232.5,4427.5,3277.5,2817.5,2530.0,1322.5,76302.5
2570,2025-01-14,575.0,546.25,575.0,833.75,2558.75,4312.5,4801.25,4571.25,4140.0,3450.0,3018.75,3076.25,3248.75,3421.25,3450.0,3881.25,4542.5,5290.0,5376.25,4427.5,3450.0,2760.0,2501.25,1293.75,76101.25
2571,2025-01-15,546.25,460.0,575.0,862.5,2846.25,4283.75,4600.0,4485.0,4140.0,3421.25,3105.0,3018.75,3220.0,3248.75,3335.0,3910.0,4485.0,5318.75,5232.5,4427.5,3478.75,2731.25,2587.5,1351.25,75670.0
2572,2025-01-16,575.0,632.5,632.5,862.5,2760.0,4255.0,4858.75,4628.75,4168.75,3306.25,3162.5,3191.25,3277.5,3392.5,3450.0,4053.75,4686.25,5261.25,5232.5,4456.25,3708.75,2903.75,2673.75,1351.25,77481.25
2573,2025-01-17,690.0,690.0,690.0,891.25,2788.75,4513.75,4686.25,4686.25,3881.25,3536.25,3191.25,3162.5,3306.25,3421.25,3507.5,4283.75,4916.25,5232.5,5146.25,4341.25,3306.25,2788.75,2645.0,1408.75,77711.25
2574,2025-01-18,661.25,603.75,575.0,833.75,2587.5,3536.25,3881.25,3938.75,3593.75,3220.0,3277.5,3392.5,4197.5,4542.5,4542.5,4341.25,4168.75,3766.25,3565.0,3306.25,2903.75,2702.5,2501.25,1293.75,71932.5
2575,2025-01-19,575.0,575.0,575.0,632.5,1466.25,2357.5,2328.75,2271.25,2271.25,2501.25,2501.25,2587.5,2760.0,2875.0,2817.5,2875.0,2846.25,2846.25,2903.75,2788.75,2616.25,2558.75,1753.75,575.0,50858.75
2576,2025-01-20,575.0,575.0,603.75,1035.0,2731.25,4283.75,4715.0,4398.75,3708.75,3335.0,3133.75,3133.75,3277.5,3248.75,3248.75,3967.5,4571.25,5117.5,5318.75,4542.5,3507.5,2760.0,2587.5,1265.0,75641.25
2577,2025-01-21,690.0,661.25,690.0,1006.25,2760.0,4312.5,4916.25,4628.75,4197.5,3536.25,3248.75,3162.5,3248.75,3335.0,3392.5,4053.75,4657.5,5146.25,5146.25,4571.25,3363.75,2817.5,2501.25,1265.0,77308.75
2578,2025-01-22,575.0,632.5,603.75,833.75,2903.75,4197.5,4772.5,4657.5,4140.0,3363.75,3306.25,3105.0,3220.0,3191.25,3248.75,4082.5,4628.75,5117.5,5117.5,4427.5,3363.75,2846.25,2501.25,1207.5,76043.75
2579,2025-01-23,632.5,603.75,575.0,862.5,2673.75,4255.0,4945.0,4657.5,3996.25,3507.5,3133.75,3105.0,3277.5,3191.25,3335.0,3881.25,4686.25,5290.0,5060.0,4427.5,3478.75,2903.75,2616.25,1265.0,76360.0
2580,2025-01-24,402.5,373.75,575.0,1006.25,2990.0,4370.0,4973.75,4571.25,4226.25,3651.25,3076.25,3162.5,3363.75,3450.0,3421.25,4283.75,4973.75,5261.25,5146.25,4542.5,3392.5,2903.75,2616.25,1322.5,78056.25
2581,2025-01-25,718.75,690.0,747.5,948.75,2817.5,3823.75,4053.75,4140.0,3565.0,3277.5,3248.75,3536.25,4398.75,4628.75,4628.75,4513.75,4197.5,3737.5,3651.25,3306.25,2932.5,2846.25,2673.75,1408.75,74491.25
2582,2025-01-26,603.75,575.0,575.0,661.25,1495.0,2443.75,2357.5,2443.75,2300.0,2443.75,2645.0,2760.0,2817.5,2903.75,2932.5,2932.5,2903.75,3047.5,2990.0,2817.5,2616.25,2472.5,1696.25,718.75,52152.5
2583,2025-01-27,920.0,920.0,920.0,1236.25,3105.0,4887.5,5088.75,5232.5,4427.5,3651.25,3593.75,3680.0,3766.25,3881.25,4168.75,4485.0,5060.0,5807.5,6210.0,4830.0,3795.0,3306.25,3076.25,1696.25,87745.0
2584,2025-01-28,1063.75,1150.0,1063.75,1293.75,3133.75,4858.75,5548.75,5203.75,4628.75,3852.5,3651.25,3708.75,3766.25,3967.5,4111.25,4542.5,4973.75,6037.5,6123.75,5088.75,3881.25,3335.0,3076.25,1811.25,89872.5
2585,2025-01-29,1063.75,1035.0,575.0,776.25,2702.5,4513.75,5002.5,5060.0,3996.25,3392.5,3133.75,3133.75,3076.25,3248.75,3593.75,4082.5,4743.75,5376.25,5548.75,4398.75,3335.0,2990.0,2875.0,1322.5,78976.25
2586,2025-01-30,718.75,718.75,690.0,891.25,2731.25,4427.5,5117.5,4916.25,4082.5,3335.0,3162.5,3133.75,3363.75,3421.25,3852.5,4053.75,4657.5,5520.0,5318.75,4283.75,3191.25,2760.0,2443.75,1265.0,78056.25
2587,2025-01-31,632.5,575.0,603.75,805.0,2702.5,4398.75,4887.5,4743.75,3852.5,3392.5,3133.75,3277.5,3306.25,3363.75,3708.75,4053.75,4686.25,5577.5,5462.5,4255.0,3133.75,2702.5,2472.5,1380.0,77107.5
2588,2025-02-01,690.0,690.0,718.75,891.25,2788.75,3823.75,3910.0,3938.75,3680.0,3277.5,3162.5,3536.25,4341.25,4628.75,4628.75,4571.25,4255.0,3852.5,3680.0,3392.5,2875.0,2673.75,2587.5,1380.0,73973.75
2589,2025-02-02,603.75,575.0,575.0,575.0,1351.25,2328.75,2271.25,2271.25,2271.25,2472.5,2645.0,2673.75,2875.0,2846.25,2932.5,2932.5,2875.0,2990.0,2990.0,2846.25,2702.5,2616.25,1983.75,661.25,51865.0
2590,2025-02-03,603.75,575.0,575.0,1006.25,2587.5,4398.75,5146.25,4887.5,3996.25,3392.5,3047.5,3076.25,3248.75,3306.25,3680.0,3996.25,4571.25,5462.5,5692.5,4312.5,3133.75,2558.75,2530.0,1322.5,77107.5
2591,2025-02-04,316.25,345.0,373.75,805.0,2702.5,4427.5,5088.75,4858.75,3938.75,776.25,0.0,2156.25,3191.25,3306.25,3708.75,3967.5,4485.0,5318.75,5088.75,4255.0,3191.25,2558.75,2530.0,1293.75,68683.75
2592,2025-02-05,632.5,603.75,603.75,747.5,2616.25,4370.0,4657.5,4542.5,3938.75,3421.25,2990.0,3105.0,3191.25,3335.0,3680.0,3967.5,4743.75,5290.0,4657.5,4542.5,3363.75,2673.75,2530.0,1293.75,75497.5
2593,2025-02-06,690.0,661.25,632.5,805.0,2702.5,4485.0,5060.0,4973.75,4082.5,3363.75,3133.75,2875.0,3133.75,3450.0,3737.5,4111.25,4772.5,5663.75,5462.5,4341.25,3248.75,2731.25,2587.5,1265.0,77970.0
2594,2025-02-07,690.0,690.0,661.25,805.0,2702.5,4456.25,5088.75,5117.5,4111.25,3392.5,3105.0,3076.25,3277.5,3335.0,3708.75,4082.5,4743.75,5721.25,5376.25,4255.0,3191.25,2673.75,2472.5,1437.5,78171.25
2595,2025-02-08,718.75,690.0,690.0,718.75,2702.5,3852.5,3881.25,3881.25,3593.75,3306.25,3047.5,3363.75,4168.75,4542.5,4571.25,4485.0,4140.0,3651.25,3565.0,3277.5,2788.75,2645.0,2443.75,1351.25,72076.25
2596,2025-02-09,575.0,575.0,603.75,575.0,1293.75,2328.75,2328.75,2328.75,2386.25,2472.5,2530.0,2558.75,2702.5,2817.5,2760.0,2731.25,2501.25,2328.75,2587.5,2788.75,2616.25,2501.25,2185.0,1782.5,50858.75
2597,2025-02-10,632.5,632.5,575.0,862.5,2587.5,4657.5,4830.0,4973.75,4283.75,3392.5,3191.25,3162.5,3248.75,3392.5,3708.75,3708.75,4600.0,5520.0,5318.75,4197.5,3248.75,2760.0,2558.75,1380.0,77423.75
2598,2025-02-11,575.0,575.0,603.75,805.0,2702.5,4456.25,5117.5,5060.0,3967.5,3306.25,3018.75,2932.5,3047.5,3248.75,3507.5,3852.5,4542.5,5462.5,5462.5,4255.0,3277.5,2760.0,2501.25,1437.5,76475.0
2599,2025-02-12,603.75,575.0,575.0,833.75,2702.5,4600.0,5060.0,4973.75,3910.0,3248.75,3162.5,3191.25,3335.0,3306.25,3565.0,3881.25,4513.75,5520.0,5520.0,4283.75,3191.25,2846.25,2558.75,1380.0,77337.5
2600,2025-02-13,575.0,575.0,575.0,833.75,2702.5,4571.25,5175.0,5031.25,4082.5,3335.0,3162.5,3220.0,3363.75,3478.75,3651.25,3823.75,4715.0,5606.25,5146.25,4111.25,3536.25,2846.25,2558.75,1408.75,78085.0
2601,2025-02-14,603.75,575.0,575.0,948.75,2558.75,4485.0,4945.0,5060.0,4111.25,3248.75,3191.25,3105.0,3363.75,3392.5,3622.5,3823.75,4772.5,5606.25,5203.75,4456.25,3363.75,2817.5,2702.5,1293.75,77826.25
2602,2025-02-15,632.5,575.0,575.0,805.0,2645.0,3680.0,3910.0,3967.5,3478.75,3248.75,3277.5,3507.5,4283.75,4513.75,4513.75,4542.5,4427.5,3823.75,3737.5,3335.0,2875.0,2530.0,2386.25,1437.5,72708.75
2603,2025-02-16,718.75,718.75,690.0,747.5,1696.25,3680.0,3565.0,3737.5,3507.5,3737.5,3881.25,3708.75,3881.25,3938.75,4226.25,4168.75,4197.5,4255.0,4398.75,4140.0,3823.75,3622.5,2702.5,718.75,74462.5
2604,2025-02-17,632.5,661.25,661.25,833.75,2645.0,4427.5,4801.25,4858.75,4140.0,3363.75,3076.25,3220.0,3220.0,3363.75,3651.25,4082.5,4916.25,5462.5,5462.5,4398.75,3306.25,2846.25,2558.75,1408.75,77998.75
2605,2025-02-18,776.25,575.0,575.0,805.0,2616.25,4571.25,5117.5,4945.0,4053.75,3450.0,3220.0,3191.25,3220.0,3277.5,3680.0,4140.0,4916.25,5663.75,5520.0,4370.0,3335.0,2817.5,2501.25,1322.5,78660.0
2606,2025-02-19,460.0,460.0,431.25,833.75,2616.25,4485.0,4973.75,5060.0,3938.75,3248.75,3277.5,3105.0,3191.25,3277.5,3651.25,4312.5,5175.0,5606.25,5750.0,4542.5,3277.5,2846.25,2673.75,1380.0,78573.75
2607,2025-02-20,373.75,345.0,517.5,1006.25,2587.5,4513.75,5117.5,5002.5,3967.5,3392.5,3191.25,3220.0,3248.75,3421.25,3680.0,4226.25,5088.75,5606.25,5606.25,4398.75,3392.5,2788.75,2587.5,1437.5,78717.5
2608,2025-02-21,488.75,373.75,546.25,805.0,2645.0,4485.0,5031.25,4887.5,3795.0,3248.75,3162.5,3220.0,3248.75,3421.25,3852.5,4283.75,5318.75,5635.0,5606.25,4456.25,3335.0,2788.75,2501.25,1293.75,78430.0
2609,2025-02-22,575.0,575.0,575.0,891.25,2587.5,3622.5,3938.75,3938.75,3651.25,3191.25,3277.5,3363.75,4226.25,4542.5,4485.0,4485.0,4140.0,3823.75,3536.25,3335.0,2875.0,2587.5,2530.0,1380.0,72133.75
2610,2025-02-23,661.25,603.75,575.0,575.0,1437.5,2443.75,2472.5,2501.25,2501.25,2645.0,2817.5,2731.25,2903.75,3162.5,3076.25,2990.0,2903.75,3105.0,3133.75,2875.0,2645.0,2558.75,1926.25,632.5,53877.5
2611,2025-02-24,575.0,546.25,546.25,833.75,2530.0,4542.5,5175.0,5060.0,4082.5,3248.75,3220.0,3162.5,3191.25,3335.0,3478.75,3766.25,4140.0,5146.25,5663.75,4513.75,3248.75,2616.25,2645.0,1265.0,76532.5
2612,2025-02-25,661.25,718.75,718.75,833.75,2673.75,4600.0,4686.25,4830.0,4025.0,3593.75,3105.0,3191.25,3248.75,3335.0,3708.75,4111.25,5088.75,5635.0,5491.25,4398.75,3220.0,2846.25,2558.75,1293.75,78573.75
2613,2025-02-26,661.25,632.5,632.5,862.5,2587.5,4600.0,4973.75,4887.5,4140.0,3392.5,3105.0,3277.5,3478.75,3450.0,3766.25,4283.75,5203.75,5750.0,5663.75,4686.25,3277.5,2731.25,2558.75,1293.75,79896.25
2614,2025-02-27,575.0,575.0,575.0,833.75,2673.75,4657.5,5002.5,4945.0,3910.0,3248.75,3076.25,3162.5,3105.0,3220.0,3593.75,4283.75,5261.25,5836.25,5462.5,4398.75,3277.5,2788.75,2702.5,1351.25,78516.25
2615,2025-02-28,718.75,690.0,690.0,833.75,2846.25,4485.0,4801.25,5031.25,4025.0,3392.5,3306.25,3191.25,3335.0,3248.75,3363.75,4168.75,5318.75,5577.5,5261.25,4370.0,3392.5,2702.5,2501.25,1293.75,78545.0
2616,2025-03-01,603.75,575.0,603.75,862.5,2501.25,3565.0,4025.0,4025.0,3622.5,3306.25,3105.0,3536.25,4370.0,4542.5,4427.5,4370.0,4197.5,3708.75,3680.0,3306.25,2932.5,2673.75,2530.0,1265.0,72335.0
2617,2025-03-02,632.5,603.75,603.75,661.25,1322.5,2300.0,2271.25,2328.75,2213.75,2328.75,2443.75,2645.0,2875.0,2788.75,2932.5,2817.5,2846.25,2990.0,3018.75,2875.0,2673.75,2587.5,2041.25,805.0,51606.25
2618,2025-03-03,776.25,747.5,632.5,805.0,2760.0,4485.0,4973.75,4772.5,4082.5,3478.75,3248.75,3277.5,3248.75,3450.0,3766.25,4197.5,5088.75,5548.75,5520.0,4542.5,3133.75,2817.5,2558.75,1408.75,79321.25
2619,2025-03-04,776.25,747.5,632.5,891.25,2645.0,4485.0,5031.25,4973.75,4053.75,3565.0,3162.5,3220.0,3248.75,3277.5,3392.5,4082.5,5031.25,5405.0,5290.0,4628.75,3248.75,2731.25,2530.0,1380.0,78430.0
2620,2025-03-05,718.75,718.75,661.25,776.25,2731.25,4513.75,5203.75,4858.75,3967.5,3248.75,3191.25,3105.0,3191.25,3335.0,3651.25,4082.5,4973.75,5692.5,5462.5,4053.75,2932.5,2530.0,2501.25,1466.25,77567.5
2621,2025-03-06,690.0,690.0,690.0,776.25,2961.25,4456.25,5117.5,4916.25,3938.75,3277.5,3220.0,3105.0,3162.5,3277.5,3536.25,4025.0,5002.5,5606.25,5433.75,4628.75,3277.5,2760.0,2558.75,1495.0,78602.5
2622,2025-03-07,805.0,690.0,632.5,805.0,2760.0,4542.5,5088.75,5117.5,4082.5,3363.75,3076.25,3133.75,3277.5,3277.5,3565.0,4168.75,5031.25,5548.75,5290.0,4341.25,3363.75,2731.25,2587.5,1408.75,78688.75
2623,2025-03-08,431.25,316.25,460.0,920.0,2645.0,3536.25,3823.75,4168.75,3766.25,3335.0,3335.0,3363.75,4427.5,4657.5,4513.75,4485.0,4427.5,3737.5,3795.0,3421.25,2961.25,2616.25,2530.0,1265.0,72938.75
2624,2025-03-09,115.0,0.0,0.0,0.0,0.0,0.0,0.0,0.0,0.0,0.0,0.0,0.0,0.0,0.0,0.0,0.0,0.0,0.0,0.0,0.0,0.0,0.0,0.0,0.0,115.0
2625,2025-03-10,488.75,661.25,632.5,833.75,2673.75,4542.5,3996.25,4226.25,4283.75,3478.75,3220.0,3277.5,3191.25,3277.5,3593.75,4197.5,5146.25,5520.0,5577.5,4485.0,3277.5,2558.75,2530.0,1408.75,77078.75
2626,2025-03-11,805.0,805.0,632.5,891.25,2731.25,4600.0,5175.0,4830.0,4053.75,3363.75,3133.75,3335.0,3335.0,3306.25,3450.0,3823.75,4858.75,5290.0,5433.75,4312.5,3191.25,2702.5,2501.25,1408.75,77970.0
2627,2025-03-12,805.0,776.25,690.0,920.0,2616.25,4485.0,4916.25,5088.75,3967.5,3191.25,3248.75,3018.75,3162.5,3220.0,3622.5,4140.0,4973.75,5462.5,5548.75,4370.0,3191.25,2645.0,2530.0,1437.5,78027.5
2628,2025-03-13,747.5,862.5,718.75,920.0,2702.5,4456.25,5203.75,4830.0,4111.25,3277.5,3162.5,2990.0,3248.75,3277.5,3708.75,4197.5,4772.5,5318.75,5548.75,4485.0,3105.0,2673.75,2530.0,1322.5,78171.25
2629,2025-03-14,575.0,575.0,575.0,776.25,2645.0,4485.0,4830.0,4916.25,3938.75,3248.75,3076.25,3162.5,3191.25,3277.5,3708.75,4283.75,5232.5,5663.75,5433.75,4370.0,3162.5,2645.0,2587.5,1437.5,77797.5
2630,2025-03-15,632.5,575.0,603.75,862.5,2760.0,3766.25,3938.75,3910.0,3680.0,3248.75,3220.0,3421.25,4370.0,4686.25,4628.75,4571.25,4341.25,3795.0,3507.5,3191.25,2846.25,2731.25,2587.5,1351.25,73226.25
2631,2025-03-16,776.25,690.0,718.75,833.75,1638.75,3737.5,3507.5,3392.5,3450.0,3651.25,3651.25,3823.75,3938.75,4197.5,4168.75,3996.25,3967.5,4226.25,4111.25,4111.25,3938.75,3766.25,2702.5,1006.25,74002.5
2632,2025-03-17,747.5,603.75,546.25,776.25,2645.0,4513.75,4743.75,5117.5,4082.5,3392.5,3162.5,3162.5,3191.25,3335.0,3536.25,4053.75,4973.75,5548.75,5491.25,4427.5,3162.5,2817.5,2443.75,1408.75,77883.75
2633,2025-03-18,690.0,747.5,603.75,747.5,2558.75,4571.25,5060.0,4945.0,4111.25,3335.0,3133.75,2990.0,3220.0,3133.75,3507.5,3996.25,4916.25,5491.25,5606.25,4283.75,3220.0,2645.0,2472.5,1495.0,77481.25
2634,2025-03-19,805.0,747.5,690.0,747.5,2760.0,4456.25,5088.75,4887.5,3996.25,3277.5,3248.75,3277.5,3277.5,3335.0,3680.0,4082.5,5031.25,5692.5,5577.5,4542.5,3248.75,2788.75,2788.75,1696.25,79723.75
2635,2025-03-20,690.0,718.75,603.75,833.75,2702.5,4571.25,5175.0,4916.25,3996.25,3450.0,3162.5,3162.5,3306.25,3536.25,3680.0,4168.75,5031.25,5663.75,5606.25,4398.75,3191.25,2731.25,2587.5,1552.5,79436.25
2636,2025-03-21,575.0,460.0,575.0,776.25,2673.75,4600.0,5031.25,4801.25,4025.0,3306.25,3277.5,3220.0,3363.75,3392.5,3737.5,4283.75,5405.0,5750.0,5520.0,4456.25,3306.25,2817.5,2645.0,1523.75,79522.5
2637,2025-03-22,690.0,632.5,603.75,776.25,2558.75,3651.25,4053.75,3881.25,3593.75,3277.5,3306.25,3507.5,4370.0,4600.0,4485.0,4628.75,4341.25,3766.25,3565.0,3248.75,2846.25,2673.75,2472.5,1236.25,72766.25
2638,2025-03-23,345.0,0.0,0.0,0.0,0.0,0.0,0.0,0.0,0.0,0.0,0.0,0.0,0.0,0.0,0.0,0.0,0.0,0.0,0.0,0.0,0.0,0.0,0.0,0.0,345.0
2639,2025-03-24,0.0,0.0,0.0,0.0,0.0,0.0,0.0,0.0,0.0,0.0,0.0,0.0,0.0,0.0,0.0,0.0,0.0,0.0,0.0,0.0,0.0,0.0,0.0,0.0,0.0
2640,2025-03-25,380.374,646.406,677.0712,981.91,2840.7812,4626.488,5166.858,5032.0892,4270.374,3518.1852,3200.876,3243.572,3406.124,3414.8812,3642.0092,4249.5672,5089.492,5662.55,5650.1512,4504.904,3270.678,2851.4572,2660.894,1324.694,80312.3868
2641,2025-03-26,413.0772,336.7412,409.594,959.686,2783.6992,4693.55,5185.578,4911.454,4133.8552,3466.742,3353.216,3278.992,3265.04,3221.3892,3505.6812,4075.9712,4645.572,5026.9732,5103.896,4312.148,3091.718,2595.62,2357.5752,1297.508,76425.2768
2642,2025-03-27,728.636,736.9512,728.2372,925.214,2594.82,4456.6372,4892.186,4794.0332,3856.4612,3309.3792,3004.5852,2926.558,3023.534,3067.742,2976.06,3935.398,4641.1352,5337.6612,5255.0232,4196.1392,3048.1692,2514.098,2279.8772,1420.6732,74649.2088
2643,2025-03-28,722.358,628.2532,628.204,789.772,2646.2392,4279.164,4849.7672,4579.1032,3856.01,3107.8852,2901.562,2870.3972,2784.516,3006.0492,3320.9032,3958.4772,5005.6592,5330.4912,5293.9812,4300.478,2904.4312,2525.862,2334.814,1288.4232,73912.8008
2644,2025-03-29,589.9932,615.9532,645.7872,813.338,2444.438,3484.242,3773.878,3758.5232,3368.86,3128.2852,3022.0832,3139.668,3825.7512,4277.81,3914.5292,4142.696,3925.058,3476.666,3312.44,2975.132,2668.6232,2399.664,2383.506,1290.2732,67377.198
2645,2025-03-30,609.642,569.7792,555.0892,612.6652,1329.586,2120.1732,2069.4752,2028.312,2196.5532,2317.014,2271.914,2349.132,2376.906,2476.948,2509.062,2460.3832,2532.0192,2618.2712,2595.1572,2560.5412,2442.008,2358.7512,1765.0512,764.4932,46488.9268
2646,2025-03-31,655.152,639.0732,635.2152,891.404,2531.514,4121.288,4198.7172,4469.098,3805.828,3151.556,2950.168,2913.276,2963.3632,3053.796,3336.236,3845.796,4676.7572,5152.6192,5099.618,4000.3672,3106.4112,2426.768,2265.9232,1277.6712,72167.616
2647,2025-04-01,704.6252,704.46,676.684,762.274,2721.192,4270.6792,4728.0712,4604.1152,3914.9312,3263.9252,2924.6,3031.092,3189.0792,3241.6852,3535.46,4053.2392,4916.4292,5340.744,4849.7792,4152.4632,3199.052,2582.248,2288.238,1276.7992,74931.8656
2648,2025-04-02,735.4072,612.6972,644.4132,777.732,2540.322,4115.8952,5007.782,4711.9272,3760.2552,3180.778,2998.9152,2865.0812,3122.3412,2932.438,3316.168,3707.174,4672.504,5306.762,5318.4912,4175.828,2989.3772,2540.7412,2324.2812,2009.838,74367.1496
2649,2025-04-03,938.4092,665.6552,686.1392,838.472,2618.6372,4463.302,4704.194,4654.188,3915.072,3202.232,3044.418,2948.6592,3053.9092,3033.604,3279.4432,3991.396,4857.7852,5555.3452,5611.918,4253.2332,2991.1512,2682.456,2352.9432,1310.8412,75653.4036
2650,2025-04-04,811.8532,745.5972,721.1972,890.442,2736.412,4273.7892,4827.4372,4594.5392,3914.238,3175.9892,3062.5032,2794.968,2918.5312,2977.7292,3374.626,4038.9652,4980.2772,5356.1852,4861.9132,3859.4372,2973.3152,2465.17,2327.606,1340.4832,74023.2044
2651,2025-04-05,774.9912,634.4952,779.5732,987.3032,2528.464,3520.4712,3672.694,3764.862,3288.926,2948.986,2833.73,3204.146,3988.3072,4335.334,4431.184,4304.6432,4239.204,3544.59,3318.5052,2956.8672,2708.6292,2499.194,2303.9212,1229.36,68798.3812
2652,2025-04-06,639.086,579.3552,556.62,567.584,1228.1252,2118.628,2079.1832,2119.884,2251.7652,2352.206,2401.8772,2445.9,2492.628,2488.1412,2684.29,2646.5352,2537.796,2593.4212,2565.6952,2451.078,2291.7312,2226.51,1766.116,656.8792,46741.0352
2653,2025-04-07,606.914,590.158,635.2872,944.2552,2647.9332,4212.846,4814.1692,4659.7472,3870.5132,3217.8272,3108.548,3066.2992,3138.67,3220.3972,3535.544,3982.268,4227.8952,4655.3792,5092.0352,4033.222,3095.422,2482.346,2330.074,1279.746,73447.4964
2654,2025-04-08,788.602,772.9192,676.4072,923.362,2587.6752,4345.1172,4611.0172,4750.2652,3836.106,3167.0592,2939.03,2961.664,3135.574,3223.6372,3245.47,3788.574,4599.736,5140.9332,5185.93,4054.3812,3044.73,2543.2892,2252.484,1193.608,73767.5712
2655,2025-04-09,486.932,388.6592,462.33,871.376,2659.2072,4341.0412,4698.498,4514.032,3922.3972,3048.7132,3054.702,3124.246,3100.1952,3173.724,3347.6652,3827.4212,4757.1352,5500.4392,5054.26,3754.1232,3012.0792,2540.214,2325.8312,1125.75,73090.9716
2656,2025-04-10,758.0452,709.4312,745.51,889.016,2538.72,4154.01,4779.8692,4734.1992,3957.8832,3243.77,2964.082,2974.384,3065.58,2925.7892,3275.272,3798.1172,4783.334,5476.738,5255.3612,4132.39,2947.7912,2528.902,2389.208,1229.19,74256.5928
2657,2025-04-11,819.134,792.012,760.3412,872.6652,2561.402,4102.3512,4059.722,4710.2412,3876.746,3083.596,2841.9812,2982.5232,3166.2472,3137.072,3374.0152,3905.978,4921.482,5120.5752,4896.716,4152.96,3048.4992,2530.588,2320.0212,1278.912,73315.7812
2658,2025-04-12,690.486,721.316,669.8152,849.7332,2525.01,3492.574,3555.228,3716.658,3406.1312,3042.128,3262.0392,4039.256,4494.4672,4779.798,4518.7872,4678.65,4422.0492,4059.8892,3859.0292,3181.436,2751.608,2505.516,2337.0692,1222.9272,72781.6012
2659,2025-04-13,1496.0852,1323.7932,655.464,653.624,1354.3072,2127.2372,2033.164,2084.224,2167.048,2363.4992,2735.4952,3415.3992,4068.7992,4053.494,4175.0812,4119.7592,3972.9832,3943.778,3626.9052,3093.676,2775.3172,2352.886,1649.308,960.8232,61202.1508
2660,2025-04-14,1671.5292,965.926,738.1532,1001.6592,2509.9752,4086.978,4574.7132,4539.492,3880.5732,3171.9052,3193.9552,3004.294,3060.4652,3237.25,3394.516,3952.876,4841.8392,5044.908,5112.1792,4159.362,3187.168,2578.4392,2311.2832,1248.104,75467.5436
2661,2025-04-15,719.06,706.1932,675.8652,810.038,2669.2292,4284.4432,4679.2272,4382.58,3605.542,3211.9072,3105.8452,3021.9312,3084.5,3167.7252,3478.132,4024.988,4911.07,5394.99,5130.6772,4235.786,3020.614,2591.702,2397.626,1230.734,74540.406
2662,2025-04-16,687.0872,665.836,664.718,928.382,2693.56,4313.516,4640.8252,4535.9712,3665.164,3166.4452,3199.9512,3306.4492,3459.6132,3443.4572,3760.742,4333.9052,4871.7092,5358.096,4780.6892,3799.826,3106.2872,2940.062,2625.572,1218.298,76166.1624
2663,2025-04-17,761.708,961.678,944.7892,1014.0012,1955.714,2919.9552,2715.438,2623.9252,2636.05,2996.354,2834.76,2843.45,3008.8872,3024.214,3013.716,2939.4272,3057.9272,3110.828,3079.662,2921.104,2924.1092,2748.3192,2237.7432,1121.024,58394.784
2664,2025-04-18,1026.664,1000.4652,991.086,1031.0532,1741.8372,2484.136,2333.042,2244.608,2344.7452,2576.9452,2588.2872,2632.474,2983.274,2967.99,2998.62,2948.5092,2931.924,3042.9212,3150.8632,3018.424,3013.696,2818.288,2172.0772,1186.6272,56228.5572
2665,2025-04-19,1112.754,1019.0532,995.19,1283.236,2959.91,3766.03,3918.4032,3785.93,3347.9252,3397.1612,3266.2332,3530.4972,4174.548,4388.792,4484.6412,4172.0972,3773.7852,3739.988,3812.094,3499.308,3055.954,2901.9992,2787.6932,1642.7952,74816.0184
2666,2025-04-20,981.2372,972.882,934.4452,943.3512,1803.6572,2524.9532,2366.0092,2417.4732,2489.2672,2591.632,2522.3452,2620.6152,2867.7,2888.7592,2929.756,2727.838,2574.11,2689.16,2727.8812,2755.414,2703.7032,2590.6892,2040.334,1070.184,53733.3968
2667,2025-04-21,999.8,988.9212,1014.1012,1208.6592,3006.4072,4819.7232,5106.8752,5001.454,4378.5632,3620.0712,3391.838,3491.804,3473.94,3650.8392,3906.2512,4346.138,5188.442,5814.342,5756.8672,4604.3372,3498.6652,3135.624,2836.1932,1740.762,84980.6188
2668,2025-04-22,1128.6112,1120.254,1121.778,1266.662,3104.508,4846.374,5417.7072,5117.7852,4312.5532,3559.092,3276.64,3212.4772,3346.1032,3387.884,3769.2172,4391.996,5069.4992,5776.254,5903.3452,4867.14,3738.368,3071.338,2930.4912,1840.8732,85576.9512
2669,2025-04-23,774.46,379.168,601.7172,797.356,2540.0052,4229.0412,4633.7392,4881.382,3972.2092,3282.5712,3017.37,3036.1652,3139.582,3209.1412,3399.7112,3976.5832,4838.46,5269.57,5336.8772,4410.714,3160.082,2665.434,2373.4,1398.6732,75323.4124
2670,2025-04-24,836.9032,815.012,791.27,987.264,2596.6112,4271.396,4546.8512,4730.104,4032.5612,3190.894,3050.8092,2862.6412,2940.6432,3110.6472,3516.008,4071.3352,4667.1512,5226.4292,5294.1372,4185.24,2998.478,2580.4,2252.926,1363.188,74918.9004
2671,2025-04-25,675.8552,648.4392,670.366,821.186,2456.506,4177.6972,4816.5052,4687.93,3844.7892,3039.74,2955.784,2982.8112,3017.642,3115.2232,2897.526,2462.398,4308.592,5228.2552,5175.0612,3963.092,2835.262,2462.4032,2231.9932,1258.4492,70733.5064
2672,2025-04-26,753.6312,534.93,544.2712,821.3912,2407.7372,3358.334,3882.5072,3808.632,3483.438,3018.7392,2829.6292,3321.436,4150.476,4549.054,4407.67,4084.6072,4289.8992,3425.64,3354.602,3071.716,2719.3812,2498.802,2311.45,1300.85,68928.824
2673,2025-04-27,814.9352,1179.392,1373.2432,733.4572,1417.676,2251.9752,2217.744,2240.7372,2256.62,2397.0552,2432.844,2540.8092,2494.556,2536.718,2688.1092,2569.3192,2608.3392,2694.674,2644.5352,2597.1692,2487.2912,2295.7792,1827.594,724.688,50025.2608
2674,2025-04-28,684.2072,683.6852,679.696,815.428,2677.2452,4277.2232,4639.926,4553.824,3947.466,3307.1,2966.6512,2728.2112,2913.8192,3064.3432,3276.0352,3823.5512,4685.676,5320.39,5282.6072,4058.6812,2974.3052,2466.2812,2300.7592,1351.4292,73478.5412
2675,2025-04-29,626.9032,593.36,697.222,779.4532,2064.8812,4077.822,4866.6412,4729.678,3953.83,3080.49,2933.6892,2982.0792,3119.8032,3230.008,3218.7152,3672.2392,4747.8652,5243.164,5044.8592,4231.1432,3393.3692,2852.2532,2678.4652,1383.678,74201.612
2676,2025-04-30,617.562,639.0992,626.4332,775.0992,2703.424,4369.142,4984.2492,4920.038,4160.112,3475.3692,3175.4512,3235.838,3308.382,3395.55,3638.01,4321.278,4885.8512,5790.502,5410.952,4567.55,3261.206,2665.28,2563.122,1385.136,78874.6364
2677,2025-05-01,648.2292,625.4032,649.806,694.82,1386.3492,2509.85,2404.92,2403.556,2337.812,2467.3312,2590.018,2477.7312,2678.45,2778.6012,2679.006,2722.796,2711.1652,2895.54,2893.392,2724.03,2563.088,2534.346,1942.1392,702.468,51020.8476
2678,2025-05-02,695.5172,659.674,676.2232,814.916,2751.8712,4501.9432,5075.51,4902.956,4083.3532,3344.1672,3154.6372,3160.518,3174.214,3171.554,3504.6932,4222.866,5169.0012,5638.1852,5367.206,4356.5,3232.164,2891.304,2659.17,1333.768,78541.912
2679,2025-05-03,686.0312,639.7032,708.7912,921.3312,2628.9192,3791.528,3994.9252,3989.13,3615.2392,3320.91,3192.9212,3448.4252,4276.35,4587.7032,4616.398,4386.8212,3992.454,3727.81,3540.272,3095.7552,2653.6692,2469.0892,2336.2392,1282.972,71903.388
2680,2025-05-04,753.5112,716.0472,718.9712,778.368,1499.4752,2484.948,2265.862,2180.4632,2166.202,2355.154,2395.7692,2357.204,2708.5152,2733.774,2609.2752,2618.176,2704.5812,2805.1592,2995.3972,2854.348,2674.968,2560.622,2078.6392,832.6,50848.0304
2681,2025-05-05,674.6292,637.102,670.6052,771.192,2571.628,4241.3552,4754.2712,4732.1112,3803.8192,3172.1772,2953.3852,2771.3612,3028.2592,3082.798,3298.5932,3810.226,4571.5972,5137.908,5268.248,4112.9652,2822.4272,2149.232,2232.2572,1249.0952,72517.2432
2682,2025-05-06,678.57,582.3612,585.3132,734.952,2432.9952,4151.352,4757.1272,4870.2392,4147.0972,3170.09,3083.1232,3027.5072,2904.9972,3007.4152,3219.64,3860.468,4796.1152,5122.32,5470.0432,4216.7972,2953.716,2489.752,2359.8252,1324.782,73946.5988
2683,2025-05-07,733.2512,686.39,711.9232,855.38,2588.4112,4358.3772,4842.928,4722.226,3696.3492,3059.0,2909.0392,2775.786,2835.274,2901.1912,3175.4412,3781.8052,4459.676,5255.202,5334.6792,4193.5272,3002.4312,2493.8692,2327.7052,1317.43,73017.2928
2684,2025-05-08,427.604,332.928,448.7572,883.89,2684.392,4265.266,4876.422,4610.0072,3824.6632,3001.1072,3062.584,2969.2932,3061.3192,3095.44,3241.896,3835.076,4876.1892,5259.26,5202.69,4223.7232,2919.226,2458.77,2502.446,1275.1632,73338.1128
2685,2025-05-09,758.0272,655.988,660.766,891.3692,2600.404,4388.35,4772.1452,4480.49,3774.5232,3102.448,3014.436,2904.2812,3134.644,3279.9192,3428.5872,3861.6372,4764.8392,5359.302,5271.588,4173.904,3098.168,2548.6912,2344.562,1366.764,74635.834
2686,2025-05-10,709.4172,640.052,640.742,907.5112,2513.57,3634.708,3725.9632,3687.2372,3346.2932,3154.7792,3125.1012,3151.122,3893.22,4390.362,4300.486,4309.2812,4058.8732,3574.924,3514.43,3140.4932,2613.318,2443.938,2392.33,1333.65,69201.802
2687,2025-05-11,638.072,627.6092,608.22,628.3272,1383.7,2265.67,2194.18,2170.3,2173.7492,2308.818,2322.5872,2371.2012,2663.792,2697.806,2774.626,2667.4332,2579.392,2685.288,2791.958,2656.3552,2592.208,2412.1352,1811.288,722.998,48747.7136
2688,2025-05-12,814.2712,721.876,687.1652,909.6412,2678.5232,4405.2092,4750.726,4680.3732,3983.57,3271.9692,2989.096,2969.7492,3156.9572,3212.404,3483.168,4008.6632,4818.8812,5472.1612,5408.4892,4069.4592,3040.79,2395.28,2400.264,1327.4972,75656.184
2689,2025-05-13,746.9772,692.322,649.6932,836.5872,2531.1932,4383.19,4916.7972,4733.316,3826.5872,3068.7912,3032.318,2972.156,3036.592,3080.0452,3427.106,3897.2872,4781.19,5315.312,5395.3112,4152.732,3009.6632,2570.1832,2395.45,1362.51,74813.3104
2690,2025-05-14,724.8472,702.324,676.128,782.632,2598.8752,4240.4952,4934.2192,4737.344,4065.906,3332.718,2954.34,2860.232,3147.3052,3106.752,3466.386,3949.276,4936.6652,5349.09,5262.906,4218.4132,3236.564,2676.784,2373.5992,1395.656,75729.4576
2691,2025-05-15,735.6792,678.476,736.6572,942.2392,2603.3972,4301.8552,4830.454,4591.5192,3623.8752,3388.788,3120.6412,2792.044,3005.11,2927.2392,3179.4692,3770.962,4472.8912,4279.8012,4409.4532,4751.26,3244.336,2775.1632,2405.778,1340.58,72907.6688
2692,2025-05-16,645.3052,621.6572,626.3152,853.7852,2550.4532,4296.6512,4877.714,4679.8632,3852.9472,3157.012,3077.144,2820.2,2925.0992,2942.498,3308.8712,3903.702,4879.71,5265.5932,5128.0512,4212.3212,2937.3412,2583.29,2281.0912,1338.41,73765.026
2693,2025-05-17,680.3569,627.8303,643.3096,822.5506,2554.0401,3511.7431,3855.1232,3653.3413,3388.1764,2988.4612,2914.9953,3090.8411,3964.5676,4105.7893,4245.6902,4196.0573,4037.6681,3510.3881,3311.5193,2965.3341,2645.3119,2505.9691,2374.5844,1277.022,67870.6705
2694,2025-05-18,646.9913,1180.0188,1131.6061,1190.2216,2576.5984,4157.5583,3931.5261,3760.9911,3902.3073,4054.1416,4048.9691,3923.0915,4069.0666,4554.6341,4674.7104,4606.006,4649.7124,4654.4996,4601.8473,4805.0564,4458.0229,4352.5857,3420.5161,1441.4362,84792.1149
2695,2025-05-19,992.2632,630.9652,633.2332,825.76,2497.0332,4087.4172,4672.6772,4713.042,4005.7732,3100.4492,3088.9572,2891.3,3078.0752,3156.264,3339.83,4149.5652,5004.7292,5534.89,5496.352,4145.362,2948.132,2536.982,2372.614,1412.528,75314.1944
2696,2025-05-20,662.404,664.4652,702.546,828.66,2586.8352,4275.648,4836.8672,4833.764,3814.3852,3198.6672,3120.2332,3000.7272,3001.976,3138.0092,3351.0872,3878.382,4801.49,5181.972,5278.6412,4209.682,3222.4792,2519.666,2408.038,1425.626,74942.2512
2697,2025-05-21,574.1372,392.892,477.548,899.5,2474.4152,4374.0332,4949.008,4913.222,3938.646,3200.6172,3174.064,3040.504,3084.8812,3244.482,3488.946,4016.32,4770.9,5001.268,5373.4292,4103.97,3144.578,2512.4592,2366.832,1391.1132,74907.7656
2698,2025-05-22,742.6011,729.2981,659.0403,855.1541,2531.5199,4422.2059,4941.3846,4814.4451,3959.0929,3111.6043,3052.5105,3054.0284,3213.2091,3169.7863,3342.4229,4041.4915,4900.7099,5496.8404,5449.9633,4235.7193,3115.9973,2579.8264,2362.7375,1395.2501,76176.8392
2699,2025-05-23,711.7737,638.6967,660.9158,856.4668,2630.1591,4231.5263,4830.9794,4825.2489,4113.5109,3384.64,3173.2648,3292.5684,3061.1978,3197.3473,3487.3949,4109.1726,4976.0553,5496.9624,5511.2113,4318.3098,3160.2929,2558.5559,2429.0626,1406.0888,77061.4024
2700,2025-05-24,700.7749,626.0978,650.0829,843.1383,2489.0982,3437.7268,3757.3246,3673.5231,3425.2554,3158.9774,3150.0833,3210.1606,4060.0806,4327.5811,4395.8679,4268.8746,4013.0846,3681.7086,3464.9781,3274.4741,2737.8284,2545.3554,2384.7243,1329.0549,69605.8559
2701,2025-05-25,350.1872,0.0,0.0,0.0,0.0,0.0,0.0,0.0,0.0,0.0,0.0,0.0,0.0,0.0,0.0,0.0,0.0,0.0,0.0,3.11,27.77,27.366,26.798,26.788,462.0192
2702,2025-05-26,505.4161,766.3866,763.7874,865.3913,2720.0294,4527.7687,5092.6898,4818.2308,3812.4694,3112.5426,3155.2481,3187.1263,3184.9724,3203.0535,3633.5406,4066.8688,4960.3641,5323.0751,5518.5833,4358.369,3030.4643,2494.0134,2361.6003,1282.9111,76744.9024
2703,2025-05-27,670.1031,647.2287,642.9312,761.2723,2575.6526,4360.1994,4904.3413,4792.7813,3708.2753,3111.4609,3129.6525,3122.5374,3108.0158,3106.5841,3333.0284,3991.7356,4650.5386,5359.7931,5020.8754,4379.0709,3004.946,2490.6541,2293.0841,1324.2859,74489.048
2704,2025-05-28,694.6186,697.7826,726.066,902.6761,2563.6608,4433.4256,4981.2559,4791.5266,4013.6158,3325.4895,2980.3638,2991.8659,3125.7954,3300.0631,3456.1057,3887.2854,4929.3046,5456.9046,5635.7069,4187.1191,3115.1053,2564.0908,2445.8208,1315.5088,76521.1577
2705,2025-05-29,733.27,670.572,726.244,799.43,2624.1092,4345.0032,4990.3952,4639.516,3954.6572,3357.864,3100.092,3107.604,3202.1552,3187.888,3421.0172,3985.8092,4649.9692,5327.9732,5552.174,4418.574,3272.2972,2655.062,2365.302,1334.174,76421.152
2706,2025-05-30,703.4012,697.24,759.06,794.758,2659.7872,4285.6712,4557.498,4488.7152,3927.4312,3335.8252,3049.488,3217.0332,3247.9012,3288.822,3629.6952,4188.89,5195.9012,4937.0752,4981.8432,4162.3412,3210.0212,2462.4992,2481.9472,1313.948,75576.7932
2707,2025-05-31,644.8832,680.19,637.1532,792.642,2531.1032,3495.838,3725.2172,3903.974,3341.0952,3138.7652,3074.046,3305.218,3884.72,4279.64,4373.5392,4354.618,4190.4972,3746.6132,3711.0092,3242.5352,2856.368,2567.8292,2555.602,1328.8632,70361.9596
2708,2025-06-01,810.1741,878.7806,872.7881,900.3476,1902.8224,3910.9883,3487.5693,3458.821,3403.7487,3666.5764,3666.8384,3605.2794,3934.4086,4117.8769,4065.6381,4059.9736,4024.6673,4206.6191,4243.7194,4082.0213,3843.0934,3763.0188,3491.1381,1922.8878,76319.7967
2709,2025-06-02,638.7212,538.636,523.408,633.588,1433.9772,2313.8432,2178.5832,2126.0512,2204.4732,2356.1512,2363.5392,2468.3312,2565.53,2621.3912,2646.8612,2611.2292,2579.4872,2641.078,2693.428,2611.9552,2454.742,2436.268,1797.404,759.03,48197.7068
2710,2025-06-03,773.486,744.338,771.9072,936.944,2635.7252,4013.3412,4940.2332,4795.9392,3973.2672,3342.1292,3225.4532,3136.786,3038.7992,3079.1692,3311.378,4092.6032,4995.468,5472.338,5512.3712,4242.0552,3140.034,2599.3592,2376.732,1399.1312,76548.988
2711,2025-06-04,711.1672,652.2392,628.918,785.9112,2654.0252,4432.13,5001.712,4704.1672,3955.382,3249.9852,3015.8652,3046.834,3147.708,3234.7332,3452.2612,3935.918,4861.4872,5479.874,5228.966,4181.6892,3135.0692,2584.966,2368.86,1343.088,75792.9564
2712,2025-06-05,475.0976,421.3103,513.3823,901.6114,2504.6421,4310.3294,5008.4581,4743.6407,3867.2228,3190.6781,2861.7915,3025.0849,3151.6186,3166.4651,3348.3916,3850.1581,4950.7656,5301.8615,5173.8123,4349.956,3187.6766,2584.1649,2297.3521,1310.4434,74495.915
2713,2025-06-06,961.8081,1045.2391,978.2064,828.8106,2595.1086,4399.3725,4863.3849,4899.1169,4017.1359,3269.4053,3088.2686,3038.1767,3122.4251,3128.0579,3573.4884,4095.2093,4858.8191,4670.7904,4965.3763,4129.6453,3084.7084,2658.9491,2414.4236,1305.2928,75991.2193
2714,2025-06-07,961.9426,1054.0456,1039.8248,849.6461,2405.7459,3315.4824,3716.0863,3713.0728,3342.2906,3087.7841,2971.8876,3103.9348,3833.9328,4170.3099,4189.9941,4203.6519,4004.6947,3514.229,3431.8893,3039.1039,2704.9811,2419.3149,2335.2039,1184.7784,68593.8275
2715,2025-06-08,713.116,654.564,603.1172,625.4612,1315.922,2202.9932,2116.77,2084.4212,2215.984,2273.498,2569.0332,2489.3412,2536.902,2695.8432,2728.9332,2665.5652,2605.5632,2769.0412,2700.2372,2550.568,2353.7212,2291.212,1744.9892,672.4992,48179.296
2716,2025-06-09,651.2386,640.1316,644.7983,813.5344,2434.3536,4066.7508,4596.5497,4735.6703,3742.5213,3092.9581,2843.1038,2783.7318,2952.4379,2834.5146,3440.2466,3948.6933,4740.3334,5390.7246,5140.0391,4048.0271,2800.0681,2441.4183,2201.4296,1221.6252,72204.9001
2717,2025-06-10,584.5632,548.9292,623.7,855.032,2295.738,3960.318,4638.9692,4590.368,3786.614,3069.5692,2821.8872,2767.718,2922.972,2950.7872,3301.584,3867.57,4848.3772,4998.0472,5023.586,3936.3052,2820.1192,2346.6412,2208.492,1094.6832,70862.5704
2718,2025-06-11,654.412,654.552,659.4932,827.3732,2413.1672,4228.646,4627.5612,4475.5812,3766.0152,3011.6512,2727.754,3006.914,2844.462,2998.5952,3070.7372,3768.918,4562.62,5326.294,4909.9012,4008.3832,2997.944,2538.5572,2098.6892,1319.638,71497.8596
2719,2025-06-12,956.1272,861.086,690.478,784.134,2414.2152,4178.0492,4690.724,4700.48,3947.266,3163.694,3073.654,3007.072,2950.35,3025.97,3260.4572,3828.732,4650.7332,5164.704,5252.8572,4019.248,2816.424,2415.6372,2139.5592,1155.712,73147.3636
2720,2025-06-13,607.422,612.7752,610.7632,813.91,2468.6472,4170.2452,4421.4432,4498.98,3924.5152,3081.8052,2746.72,2889.6512,2898.3692,2915.876,3382.9292,3968.182,4713.078,5055.43,4782.9672,3920.4052,3411.666,2793.446,2156.4932,1251.5992,72097.3188
2721,2025-06-14,717.1072,641.836,632.334,772.9152,2359.42,3381.156,3637.0652,3523.57,3258.944,2887.21,2904.738,3033.95,3829.542,4216.9652,4167.642,4107.0872,4032.7092,3429.8292,3252.4932,2957.0472,2566.3252,2274.2432,2178.308,1939.1112,66701.5484
2722,2025-06-15,979.4338,597.4471,595.1774,649.2996,1326.3206,2085.8118,2215.0702,2328.8024,2423.8441,2453.4478,2578.6236,2636.3633,2784.5304,2760.5881,2901.7981,2785.3544,2865.1531,2873.6424,2813.6948,2713.5798,2648.6513,2466.3776,2026.5964,876.9024,51386.5105
2723,2025-06-16,696.8132,730.0392,673.3032,892.232,2575.3932,4571.95,4998.95,4838.4412,3756.9512,3209.804,3121.508,3121.2232,3148.3832,3257.138,3394.938,4112.558,4868.718,5436.5092,5409.0932,4224.0212,3114.0232,2561.622,2306.256,1665.2752,76685.1436
2724,2025-06-17,704.298,697.79,696.7292,958.758,2556.97,4336.6372,4824.8552,4654.484,3975.97,3280.5332,3161.652,3097.4012,3262.908,3218.296,3412.4512,4085.68,5111.5292,5560.5512,5321.9512,4263.8152,3146.1272,2507.0952,2368.8772,1375.278,76580.6376
2725,2025-06-18,524.746,415.1972,469.1812,819.666,2510.0652,4371.002,4790.8352,4614.468,3973.9712,3232.408,3160.2232,3114.108,3281.116,3263.318,3398.962,3838.988,4777.6152,5568.812,5331.544,4072.066,3163.204,2689.1172,2414.716,1268.0252,75063.3548
2726,2025-06-19,588.7901,558.3982,555.7183,943.5373,2451.8258,4257.9207,4860.0411,4760.4169,3887.4847,3319.7536,3176.4673,3121.1973,3170.7775,3283.9776,3631.0968,4243.6271,5210.3398,5446.3526,5489.4192,4364.6441,3219.1178,2585.0406,2589.6423,1380.6058,77096.1925
2727,2025-06-20,586.9188,587.6183,614.331,798.3491,2564.3799,4300.1761,4801.1891,4592.9156,3878.4721,3288.3622,3171.7756,3149.0548,3189.9466,3342.1115,3542.2161,3895.0359,4896.9174,5356.1119,5320.623,4282.1183,3012.8026,2515.3668,2471.6993,1438.9203,75597.4123
2728,2025-06-21,651.1168,555.7007,591.9888,887.4879,2565.6363,3564.9558,3836.1479,3828.9268,3365.0519,3149.3148,3054.7806,3110.8614,4030.5541,4226.5601,3413.9374,3558.9532,3738.2514,3505.4366,3511.9169,3179.3779,2734.8963,2435.2671,2333.3628,1413.9276,67244.4111
2729,2025-06-22,1165.7953,1187.5411,1126.7421,635.8518,1339.024,2108.8179,2066.3229,2090.6456,2146.6838,2201.7401,2345.4229,2377.2386,2599.6109,2643.5026,2782.2908,2604.7491,2641.5549,2745.4624,2687.3471,2594.6681,2409.6516,2373.7996,1717.8421,705.0068,49297.3121
2730,2025-06-23,613.2703,644.2349,603.1083,594.9149,1264.5385,2075.9101,2107.2484,1988.3238,1970.5768,2222.8139,2301.0676,2326.6734,2457.0916,2508.81,2509.1564,2514.7748,2618.3721,2598.0746,2730.5862,2648.4661,2322.7953,2318.8239,1879.4849,671.0331,46490.1499
2731,2025-06-24,607.8049,622.3148,604.2098,808.2599,2427.0413,4407.2361,4799.2251,4780.6778,3874.1408,3215.992,3109.9203,2897.3711,2910.5203,2986.2254,3377.3688,3904.6584,4769.2003,5380.865,5186.6856,4275.0348,2958.6369,2557.6155,2333.7515,1318.2513,74113.0077
2732,2025-06-25,675.9292,592.5152,641.254,798.8852,2517.9532,4302.39,4761.6552,4772.984,3991.8972,3321.2,3234.388,3053.182,3092.668,3006.5652,3379.944,4071.088,4979.8492,5406.1792,5409.3132,4237.466,3003.5292,2505.1452,2327.112,1382.86,75465.9524
2733,2025-06-26,684.976,634.674,613.34,760.4772,2649.998,4431.2992,4832.5772,4744.8092,3891.974,3178.4232,3010.43,3023.4132,3152.9552,3126.944,3335.896,3930.066,4822.076,5287.654,5415.3192,4118.6132,2997.1932,2516.3572,2371.738,1388.5432,74919.7464
2734,2025-06-27,720.4232,651.1392,652.256,844.3272,2589.316,4136.2632,4644.4572,4834.4512,3960.71,3180.934,2863.95,2984.0692,2965.626,3167.6012,3565.054,4138.2412,5166.4732,5459.1972,5471.4512,4187.7352,2976.9272,2565.8292,2336.714,1340.0772,75403.2232
2735,2025-06-28,669.378,645.48,675.3932,856.9212,2549.834,3442.4832,3849.952,3845.7092,3483.3912,3205.952,3114.2272,3233.9132,3977.896,4354.0812,4543.9692,4338.6852,4273.4372,3719.2552,3556.542,3079.6132,2710.6652,2533.5712,2328.378,1353.7752,70342.5032
2736,2025-06-29,590.494,572.2032,559.744,620.084,1258.948,2246.1412,2096.7512,2160.1392,2215.0332,2413.9312,2491.2812,2496.048,2680.2972,2745.3452,2801.75,2797.132,2808.034,2863.7892,2875.678,2848.576,2667.354,2684.768,1686.076,678.0452,49857.6432
2737,2025-06-30,618.7235,657.162,649.5249,602.4712,1355.1583,2176.6254,2155.4089,2113.8109,2166.6766,2316.4173,2343.9928,2534.3154,2605.4334,2700.9313,2735.9852,2721.6181,2758.8745,2760.1276,2757.4706,2619.8528,2509.4931,2400.9714,1898.2241,769.7137,48928.983
2738,2025-07-01,738.6486,734.5651,724.4055,984.3816,2650.7114,4313.4553,4632.5381,4831.3769,3958.3772,3433.4911,3075.5182,3035.6071,3199.1394,3063.4133,3372.8751,3972.9381,4914.7861,5401.3462,5295.7556,4313.2306,3167.2995,2566.1998,2495.2761,1408.9122,76284.2481
2739,2025-07-02,570.8068,865.262,1003.1818,903.1439,2494.2299,4383.6054,4860.2598,4588.5006,3990.0361,3360.7783,3077.3737,2955.5221,3239.8821,3102.0538,3688.0451,4267.2786,5072.0289,5651.9109,5393.6552,4322.3973,3082.6414,2672.3511,2320.1411,1435.1506,77300.2365
2740,2025-07-03,735.2971,731.0458,702.8113,884.5201,2551.8403,4362.6048,4895.8813,4766.1403,3951.8754,3202.7026,2953.0396,3141.2226,3246.6377,3221.8852,3465.6579,4115.9348,4973.3174,5461.3663,5551.0675,4204.186,2998.4399,2529.0413,2474.3203,1402.9299,76523.7654
2741,2025-07-04,803.7144,822.1267,751.5873,884.1278,2603.1446,4414.5518,4805.7439,4721.4941,3906.8267,3066.6531,3070.6479,3065.0061,3091.7651,3170.0781,3383.7809,4086.6396,4965.7863,5395.7446,5319.3891,4353.7786,2943.6579,2581.5511,2442.9055,1458.8108,76109.512
2742,2025-07-05,815.0431,810.1041,798.6159,989.5083,2457.4811,3451.9736,3739.8371,3746.6096,3292.5184,3070.5651,2999.8946,3197.6648,4133.4494,4379.3694,4481.2651,4367.9864,4193.4912,3736.3143,3469.9225,3161.8816,2731.3067,2558.8046,2413.7394,1316.1221,70313.4684
2743,2025-07-06,653.9438,683.9771,690.6383,668.2276,1347.1406,2164.0688,2208.9004,2108.7861,2084.8723,2279.7333,2388.1637,2383.4586,2619.1984,2679.6223,2718.9571,2734.2636,2647.6293,2749.9101,2750.8038,2594.9161,2427.8109,2420.2208,1895.2336,736.3926,48636.8692
2744,2025-07-07,651.3832,681.5912,696.6272,941.464,2610.286,4317.356,4946.232,4675.952,3910.134,3210.9352,3043.528,3080.1,3182.6072,3292.93,3526.738,4201.934,4796.7532,5648.624,5518.428,4391.7712,3109.0692,2428.0292,2317.27,1320.4252,76500.168
2745,2025-07-08,806.062,728.496,691.3932,929.1732,2517.2992,4409.31,5012.112,4877.236,3839.01,3184.906,3052.596,3058.862,3158.0512,3249.8132,3576.4612,4086.534,4899.8332,5422.926,5366.0292,4211.0732,3075.058,2502.1432,2330.9992,1359.9472,76345.3244
2746,2025-07-09,810.6592,718.8272,696.664,905.56,2572.576,4255.012,4816.3472,4756.696,4019.254,3117.4792,2922.2752,2960.684,3170.8252,3203.6412,3337.594,3976.0252,4717.276,5428.8312,5462.466,4091.018,3213.858,2569.6132,2401.8952,1364.3232,75489.4004
2747,2025-07-10,917.2069,859.8825,511.2293,869.4109,2700.2871,4348.1739,4902.0069,4707.4781,3954.0951,3257.9639,3002.5796,3127.3738,3140.6941,3143.7856,3423.6536,3912.7456,4324.5184,5203.4824,5205.5303,4283.8478,2985.5174,2648.8829,2433.1473,1340.7101,75204.2035
2748,2025-07-11,713.7418,698.5323,697.1351,848.7385,2506.6314,4286.7704,4677.4791,4823.7074,3858.6588,3125.1389,3010.8729,3003.164,3128.8549,3187.6246,3470.737,4098.0574,4821.6806,5527.2146,5376.2069,4423.3196,3004.6555,2571.4491,2395.4331,1436.4333,75692.2372
2749,2025-07-12,733.4021,652.2426,673.2257,914.3026,2513.3978,3501.4773,3864.4802,3868.499,3356.4298,3072.6981,3053.3171,3221.2783,4031.8543,4353.9758,4305.4221,4169.8613,4194.7177,3662.5111,3649.4849,3182.6526,2769.8963,2524.9964,2534.5449,1368.1339,70172.8019
2750,2025-07-13,760.708,699.3472,649.25,723.1492,1448.326,2321.128,2179.3692,2143.3152,2246.7172,2426.3,2441.684,2506.9072,2593.5172,2589.55,2666.468,2525.48,2587.82,2779.6492,2720.604,2525.2932,2505.4112,2371.2232,1799.712,675.452,48886.3812
2751,2025-07-14,642.9966,640.392,678.8209,980.2899,2542.7586,4372.5186,4832.2853,4874.6229,3762.6703,3104.4678,3118.2191,3108.0644,3243.4688,3150.8011,3397.8843,3923.2333,4858.1101,5454.4074,5467.8403,4055.1679,2988.0861,2513.6871,2363.7974,1401.0261,75475.6163
2752,2025-07-15,700.5429,661.6676,736.1424,939.8741,2703.7721,4566.7626,4818.8971,4604.9603,3944.4536,3300.7004,2872.7653,3060.4789,3130.6663,3206.6331,3299.9344,3827.3756,4822.6271,5446.6323,5553.8463,4196.6058,3077.5941,2500.5759,2361.5719,1392.778,75727.8581
2753,2025-07-16,508.0196,392.0751,389.2843,887.2288,2489.3098,4378.0751,4746.2281,4955.5226,3796.8161,3234.5174,3041.2286,3126.0538,3234.1599,3249.7953,3515.7261,4204.4701,5037.8054,5475.1598,5374.0823,4176.2799,2977.404,2532.2939,2336.3008,1567.4864,75625.3232
2754,2025-07-17,1243.666,977.406,947.7872,920.8492,2624.2992,4387.3232,5016.672,4698.114,3831.01,3246.576,3012.8052,3016.952,3031.854,3173.636,3384.5812,3894.386,4735.398,5510.1,5605.2112,4201.8252,3004.5292,2533.0332,2295.9952,1334.4212,76628.4304
2755,2025-07-18,961.7972,970.9592,949.392,1291.82,3744.556,5946.7652,6750.8532,6642.1392,5336.8192,4372.4632,4170.8352,4166.824,4153.3812,4510.688,4908.426,5824.2932,7039.6092,7766.8892,7284.504,5712.548,4444.34,3710.8752,3192.0772,1880.6672,105733.522
2756,2025-07-19,647.9432,679.628,631.7992,862.6032,2545.858,3511.286,3731.4372,3663.282,3406.9872,3161.686,3182.68,3315.1,4082.342,4446.158,4461.618,4450.5792,4224.714,3565.9712,3396.666,3112.3692,2932.7332,2469.45,2332.8732,1420.572,70236.336
2757,2025-07-20,633.0967,652.7076,610.6674,627.2059,1418.0511,2214.4559,2110.2254,2167.9918,2164.9081,2411.2526,2427.8091,2414.9251,2582.1632,2704.6926,2737.8363,2750.7246,2700.8853,2799.0643,2760.0793,2578.3821,2514.5716,2411.046,1762.3836,674.7972,48829.9228
2758,2025-07-21,654.934,637.4372,654.86,842.4552,2603.11,4375.1792,4913.4532,4938.648,3889.0572,3207.9232,2958.412,2960.846,3058.0732,3152.992,3452.654,4035.54,4886.514,5523.856,5518.5932,4090.0012,3005.0012,2495.5592,2348.066,1368.5912,75571.7564
2759,2025-07-22,950.61,1004.8252,910.3052,1019.432,2780.36,4661.208,4951.008,4897.926,4161.2492,3255.91,2976.78,3165.9932,3159.8252,3380.442,3590.426,4052.776,4949.7072,5683.408,5851.3812,4392.5412,3189.5592,2791.256,2496.556,1629.568,79903.0528
2760,2025-07-23,971.1132,974.6432,961.162,1034.2272,2843.7252,4480.032,5081.516,4974.09,4164.868,3208.794,3045.6372,3186.6652,3353.842,3378.458,3529.622,4297.386,5009.372,5781.9072,5482.248,4314.232,3255.6032,2684.1212,2592.1152,1633.826,80239.206
2761,2025-07-24,1064.5963,1008.0122,1030.2301,1061.4296,2935.5503,4421.7769,5012.7436,4834.1921,4104.8532,3376.4055,3284.4799,3151.1684,3250.1818,3373.6004,3578.5521,4142.9561,5144.6308,5749.2529,5567.6309,4636.2606,3309.3408,2807.5388,2640.8436,1606.1609,81092.3878
2762,2025-07-25,781.761,794.3106,703.0631,841.8248,2649.3906,4367.0754,4839.1283,4589.3846,3947.4016,3325.0954,3075.6331,3084.6823,3010.6576,3078.7153,3382.0881,4093.1409,4925.2751,5242.0384,5216.089,4082.3636,2943.1078,2460.6987,2424.9343,1495.1503,75353.0099
2763,2025-07-26,696.9756,636.5663,648.7961,894.3227,2618.383,3608.8791,3869.7253,3773.6959,3317.9566,2938.7838,3014.6433,3089.3284,3721.0114,3847.2896,4153.1091,4086.7753,3935.9206,3201.3011,3319.3224,3021.9631,2490.2288,2429.8316,2190.6226,1166.2566,66671.6883
2764,2025-07-27,363.312,347.87,341.426,437.9832,1265.956,2091.87,1966.688,2034.9792,2048.2492,2254.2532,2246.468,2437.7212,2604.7752,2631.8732,2668.9912,2587.018,2771.7132,2811.542,2805.492,2647.698,2593.1512,2404.304,1738.9372,713.1672,46815.4384
2765,2025-07-28,644.4372,626.646,501.008,926.574,2533.6792,4328.914,4842.1132,4704.1312,3891.006,3275.968,3103.012,3071.4872,3194.504,3228.6932,3554.006,4015.4612,4926.4072,5493.3572,5436.2412,4064.9392,3120.236,2532.104,2311.412,1269.706,75596.0432
2766,2025-07-29,916.4006,905.2526,912.9814,938.6488,2856.9718,4460.7151,5143.5339,4931.2318,3939.0083,3401.5978,3270.1721,3209.0953,3209.5361,3298.1424,3627.2631,4265.9264,5181.4406,5679.9876,5766.4176,4537.4627,3375.5026,2770.5923,2580.8596,1470.5231,80649.2636
2767,2025-07-30,1107.2351,1085.5736,979.9634,989.2564,2722.4782,4319.8872,4857.5769,5115.2246,4189.397,3407.3396,3174.5206,3089.1193,3142.9982,3187.2483,3502.7859,4016.1448,4918.4744,5695.3248,5476.6656,4293.8834,3233.3441,2759.0029,2500.1914,1450.1243,79213.76
2768,2025-07-31,775.326,813.6792,747.466,993.22,2834.598,4604.4812,4950.072,4740.546,3893.7652,3311.1392,3223.872,3017.2552,3344.996,3374.884,3399.0392,4134.94,4983.2772,5651.174,5560.754,4361.9012,3266.6652,2808.2892,2640.742,1438.5352,78870.6172
2769,2025-08-01,534.5372,468.8272,659.5492,949.6012,2739.2952,4658.4892,5017.716,4852.6592,4195.104,3398.7492,3370.9732,3306.6192,3339.448,3438.7372,3753.046,4359.0232,5041.402,5401.41,5668.638,4675.268,3401.1812,2790.6772,2552.32,2258.5932,80831.864
2770,2025-08-02,1187.4472,700.208,679.906,881.0932,2456.144,3460.07,3912.572,3870.272,3325.2172,3003.6412,3081.876,3015.172,3831.188,4146.632,4187.142,4120.1532,4055.9132,3577.4892,3501.9892,3161.494,2668.6552,2566.7712,2361.6812,1994.3572,69747.0844
2771,2025-08-03,1103.7956,633.6086,601.1498,604.8073,1245.8554,2048.3134,1985.9733,2000.1306,1996.8814,2142.7698,2269.3296,2404.7551,2424.6643,2499.621,2626.2414,2517.8149,2562.6703,2656.0078,2716.4526,2575.3721,2457.0741,2372.8516,1895.3101,787.2469,47128.697
2772,2025-08-04,742.5812,683.892,677.298,990.914,2503.12,4274.6972,4872.3312,4836.3632,3880.034,3289.1052,2974.2332,3050.7412,3288.61,3320.592,3617.0512,4110.1592,5074.0212,5389.7232,5520.6,4234.638,2905.046,2537.5692,2248.1432,1313.2452,76334.7088
2773,2025-08-05,912.5512,953.93,915.1952,874.1892,2577.024,4301.344,4841.572,4789.6512,3861.396,3158.8852,3136.21,3053.626,3225.2732,3148.932,3585.4992,4073.812,5080.592,5476.014,5348.68,4102.3172,3098.4572,2380.884,2389.0,1243.8272,76528.862
2774,2025-08-06,646.4952,625.708,602.92,769.2792,2604.108,4390.38,5001.59,4900.9692,3905.9852,3307.146,3020.386,3162.598,3069.5632,3279.702,3494.6432,4055.3512,5098.426,5567.476,5185.4172,4318.806,3242.9392,2576.4112,2386.7212,1332.3392,76545.3604
2775,2025-08-07,1035.1056,1060.2451,1058.7979,909.8798,1503.1045,2461.3151,2532.0009,2433.1589,2546.4682,2655.7161,2636.1556,3110.3606,3508.3366,3509.9628,3547.8957,3589.0296,3698.0801,3732.9289,3508.1854,2840.7701,2691.4939,2641.8768,1807.2128,645.1295,59663.2105
2776,2025-08-08,601.9236,560.6456,616.3461,841.4604,2662.8081,4395.355,5010.3916,4817.3166,3877.2088,3370.8961,3751.8426,3325.9766,3307.5356,3246.8032,3410.4417,3958.8609,4848.9539,5261.4008,4941.5841,4189.5811,3086.7579,2709.7004,2454.5248,1193.5406,76441.8561
2777,2025-08-09,674.0486,590.3519,605.9833,811.0701,2415.377,3391.3933,4033.3463,4322.0752,3691.2472,3243.7432,3211.7793,3440.1276,4260.6221,4750.4749,4791.1464,4769.9486,4669.8762,4248.1441,3730.9614,3329.2798,3054.7578,2615.2035,2474.8633,1339.9396,74465.7607
2778,2025-08-10,674.4638,705.4511,715.8249,642.9506,1452.4613,2438.4639,2471.8768,2373.9214,2517.4223,2635.3108,2681.8396,3021.0108,3725.2291,3750.9758,3729.1963,3713.3106,3663.9598,3722.4025,3782.4328,3484.1547,2951.7999,2639.0641,1924.6646,708.2993,60126.4868
2779,2025-08-11,670.5755,675.6203,658.3071,983.713,2430.0011,4346.1279,4786.1663,4632.9914,3994.0717,3210.9371,3110.1451,3029.0161,3155.2144,3230.8461,3454.1943,3926.098,4819.0789,5494.9545,5319.5983,4203.6455,3108.2341,2644.5791,2407.8744,1320.3521,75612.3423
2780,2025-08-12,937.986,963.4629,903.1323,784.6484,2690.5769,4449.1841,4913.7927,4645.7896,4043.7911,3499.3164,3140.8767,3189.1589,3124.3179,3158.6448,3564.9364,4075.9083,4781.2208,5308.9076,5470.5642,4159.7219,3112.8418,2571.9246,2501.5798,1278.8394,77271.1235
2781,2025-08-13,661.1138,616.1716,691.9685,809.7736,2626.3276,4604.4353,4894.6479,4817.2411,3928.9959,3293.6189,2983.8111,2910.4489,3142.534,3192.2804,3516.6562,3950.2641,5090.0116,5364.9409,5425.3301,4335.1223,3156.4452,2669.8721,2399.0383,1346.4986,76427.548
2782,2025-08-14,522.3432,738.2492,660.89,943.7652,2688.968,4163.366,4736.032,4941.746,3993.942,3273.9992,2913.3912,2988.0232,3063.124,3093.8,3298.8692,3933.6392,4879.726,5310.182,5343.7632,4402.382,3012.2372,2592.866,2503.5952,1380.594,75379.4932
2783,2025-08-15,714.44,776.4772,657.154,847.928,2570.83,4308.91,4841.2032,4851.2052,3902.8472,3294.1472,3192.2312,3146.736,3041.9872,2920.23,3355.666,4002.1612,4910.592,5246.128,5124.09,4224.626,3002.1312,2552.8632,2343.34,1316.772,75144.696
2784,2025-08-16,740.796,646.72,634.4052,819.778,2405.1372,3274.9352,3698.052,3640.9952,3397.0672,3097.5612,2970.4,3037.0292,3742.284,4091.552,4109.3212,3767.7252,4005.696,3663.696,3568.116,3129.238,2770.4872,2408.562,2328.566,1259.638,67207.758
2785,2025-08-17,619.936,626.3912,587.6832,630.3032,1187.764,2173.9212,2165.02,2163.6612,2225.2212,2338.522,2530.4292,2608.1672,2629.724,2727.4532,2756.856,2761.332,2674.1272,2853.5852,2714.352,2748.224,2411.526,2239.1852,1865.532,593.5612,48832.4776
2786,2025-08-18,540.3041,540.0392,543.1174,700.7421,1313.1011,2188.3408,2222.1239,2229.2849,2292.6702,2503.3948,2496.0719,2399.0701,2528.9854,2482.2763,2677.7404,2743.0403,2773.1202,2850.0398,2732.8624,2669.6874,2453.5741,2352.8636,1889.1194,834.1262,48955.696
2787,2025-08-19,669.384,688.1564,796.6236,970.7633,2687.5608,4499.3676,4754.4741,4694.9234,4038.6056,3393.7244,3216.9284,3128.3734,3172.7994,3281.4346,3541.6196,4014.4129,4957.1708,5354.1598,5037.6128,4697.1294,3381.6369,2726.2341,2355.9216,1269.1769,77328.1938
2788,2025-08-20,686.2836,697.6905,725.5476,977.2819,2566.6346,4273.9256,4814.5335,4612.3176,3979.3714,3315.4954,3191.4811,3027.9794,3134.4018,3046.7304,3433.2321,3851.6888,4929.0234,5541.6143,5428.6065,4493.6811,3113.4322,2601.6821,2380.5441,1342.0359,76165.2149
2789,2025-08-21,891.0558,675.4028,602.2111,807.9831,2528.5518,4250.9276,4785.2024,4669.5479,4328.9905,3291.8736,3103.9333,3118.3555,3235.9213,3242.9608,3518.0336,4063.8331,5043.1508,5324.8081,5322.8616,4473.4924,3141.1541,2611.2923,2382.3786,1389.1516,76803.0737
2790,2025-08-22,700.7732,648.0761,671.9164,1019.9148,2602.2369,4387.8966,4941.7176,4749.9971,3715.8843,3268.4893,3238.1239,3096.0749,3148.0815,3019.9598,3323.1293,3848.8081,4877.0078,5388.6579,5169.8863,4130.7878,3066.7796,2499.1499,2469.9176,1269.4343,75252.701
2791,2025-08-23,1054.1671,1046.9799,887.6538,814.8326,2443.8948,3572.5557,3947.1726,3735.9199,3380.7153,3017.3863,3033.4863,3156.1847,3731.18,4258.2719,4122.1741,4230.2831,4167.5316,3527.1531,3593.1428,3184.6776,2725.5744,2400.1928,2372.8309,1299.0661,69703.0274
2792,2025-08-24,717.9342,655.4974,576.9846,595.3014,1400.0113,2166.0154,2169.4729,2181.0516,2201.977,2471.8328,2440.6834,2482.1561,2551.5764,2700.5558,2770.8117,2734.1971,2611.1898,2630.3598,2723.3475,2570.7468,2382.9785,2339.48,1909.4491,785.1236,48768.7342
2793,2025-08-25,740.9652,716.82,637.7272,800.0192,2652.646,4289.3312,4829.006,4789.5392,3969.8712,3172.562,2929.0092,2970.682,2944.348,3154.588,3313.034,3918.4812,4649.6612,5329.8832,5303.468,4251.962,3147.1212,2554.606,2335.7052,1347.24,74748.2764
2794,2025-08-26,869.27,755.8972,652.7832,885.4652,2852.2852,4408.256,4912.8332,4769.6512,3789.2072,3442.838,3154.1552,2907.6632,2998.8272,3131.086,3350.9552,4015.3012,4901.4092,5499.5852,5285.9032,4278.0292,3134.714,2549.0392,2326.772,1353.766,76225.6924
2795,2025-08-27,791.8692,747.5672,680.46,845.4452,2695.618,4324.4952,4771.5412,4495.386,3898.152,3174.152,2884.252,2952.248,3210.0832,3201.186,3435.5852,4120.2912,4819.3732,5032.6372,5140.1152,4499.9052,3352.2652,2472.494,2380.6272,1404.1332,75329.882
2796,2025-08-28,913.4136,1102.7523,944.1261,908.2986,2487.1121,4328.7461,4848.2896,4671.2464,3989.9829,3288.7328,2977.8191,2854.0825,2948.8771,2978.4636,3279.0646,4003.0244,4923.8126,4603.5071,5031.6681,4236.5607,3397.492,2523.8207,2489.5816,1609.2667,75339.7413
2797,2025-08-29,876.8126,1021.6733,927.8648,869.0867,2460.5521,4191.873,4874.8973,4642.8746,3962.8216,3328.7089,3078.5105,2962.9393,2983.8713,3194.5628,3398.7208,4138.6799,4961.1726,5267.1203,5320.3459,4236.5549,3053.1651,2465.4575,2319.3833,1942.2413,76479.8904
2798,2025-08-30,800.9276,580.5361,744.4753,897.7531,2452.9203,3499.2493,3743.1154,3767.4383,3481.2632,3107.3666,3071.0333,3193.7259,4045.5481,4171.6118,4139.1167,4237.9891,4135.2066,3581.7306,3342.8991,3152.7211,2752.5544,2473.8548,2347.9159,1883.1299,69604.0825
2799,2025-08-31,1211.39,661.0772,658.066,647.884,1306.5752,2197.048,2138.3792,2076.7432,2129.446,2343.5512,2340.606,2325.164,2540.1232,2596.4,2612.3412,2643.6632,2615.8732,2774.066,2762.392,2609.402,2554.1392,2393.7132,1901.8712,763.53,48803.4444
2800,2025-09-01,669.6971,716.2668,726.4556,913.6668,2611.2654,4341.5321,4876.6536,4688.5009,3909.1231,3299.2604,3122.7784,3002.4696,3101.2846,3129.8506,3479.7471,3791.0333,4723.8448,5403.6079,5260.3069,4095.0091,3042.6254,2446.1234,2208.4116,1337.6536,74897.1681
2801,2025-09-02,778.3994,827.3116,735.6873,767.0358,2540.0108,4285.89,4505.1554,4624.3254,3757.9607,3160.0997,3092.8613,3057.8728,3073.4596,3107.3011,3369.4984,3797.6586,4950.5314,5347.1578,5535.1721,4336.7244,3114.8341,2591.4303,2427.3206,1407.2083,75190.9069
2802,2025-09-03,977.7069,1102.6293,648.1464,858.6546,2493.7846,4235.5246,4853.0696,4727.0621,4048.0848,3275.4406,2960.7446,3080.6911,3115.8471,3322.4558,3566.2653,4146.3694,5143.0228,5395.1084,5272.6356,4188.5716,3088.1801,2613.4435,2369.9243,1351.8493,76835.2124
2803,2025-09-04,837.406,847.174,677.908,848.1492,2739.6992,4303.148,4800.4572,4413.8712,3992.592,3149.346,3053.664,2809.852,2978.7712,3023.938,3426.488,4060.0732,5096.7432,5564.806,5242.4052,4009.9332,2929.3752,2564.9112,2354.168,1370.49,75095.3692
2804,2025-09-05,884.278,830.0532,707.2352,743.822,2650.424,4340.4292,4761.704,4751.56,3898.462,3249.39,2917.7552,2931.8312,2980.0892,3174.672,3279.462,4009.134,4978.8592,5227.574,4986.4432,4039.44,2936.528,2547.4392,2446.8912,1322.266,74595.742
2805,2025-09-06,977.8212,972.4092,701.216,828.588,2389.3172,3628.568,3904.5572,3880.774,3514.934,2959.6632,3063.0712,3130.1072,3818.834,4141.494,4046.4472,4015.97,3983.346,3498.726,3342.9032,3202.5352,2764.366,2367.266,2183.698,1254.5212,68571.1332
2806,2025-09-07,566.0606,567.1946,569.8676,787.8174,1756.3907,2073.3046,2217.8039,2075.8711,2314.8303,2385.3648,2455.4224,2529.2051,2619.4583,2664.0998,2499.8346,2588.5709,2593.7548,2520.007,2518.8809,2514.2103,2387.9554,2478.1674,1875.6094,807.3241,48367.006
2807,2025-09-08,722.4992,759.39,594.9,800.012,2594.738,4326.118,4802.456,4869.354,3868.676,3364.536,2985.168,2986.8312,3204.276,3321.2752,3553.1572,4122.0412,5045.2192,5272.8632,4901.28,4088.7412,3156.734,2575.246,2320.3112,1300.3792,75536.202
2808,2025-09-09,754.4932,820.994,939.8832,972.942,2896.774,4587.942,4797.184,4949.078,4106.8912,3449.9952,3099.9612,2982.1532,3149.296,3193.3592,3412.75,4177.2292,5105.3592,5726.2272,5525.226,4361.026,3222.716,2747.764,2548.994,1446.6332,78974.8712
2809,2025-09-10,884.2032,815.73,742.9632,905.5152,2780.864,4450.3732,4861.2112,4838.5972,4032.482,3397.9292,3013.198,3059.256,3087.7672,3270.2172,3633.9372,4321.4032,5190.0732,5647.868,5534.188,4352.88,3280.4792,2819.396,2616.41,1588.288,79125.2296
2810,2025-09-11,1078.0846,1161.6444,1033.7531,1062.3116,2794.0018,4514.7079,4991.8366,4957.9096,4102.8098,3359.9379,3382.7183,3086.1321,3319.2893,3223.0191,3619.3986,4149.5673,5125.4306,5616.0241,5376.9876,4567.2959,3481.0265,2822.1443,2649.3755,1682.1106,81157.5171
2811,2025-09-12,1112.6129,1089.9791,1126.5606,1128.8631,2961.6759,4532.1973,4767.6186,4868.3442,4107.5721,3260.6399,3053.3771,3112.2426,3155.4989,3309.9903,3583.7243,4230.2021,5212.6124,5541.364,5264.7582,4190.8914,3330.1549,2841.3169,2746.5615,1697.8949,80226.6532
2812,2025-09-13,881.0378,682.5041,956.6284,936.0748,2600.0636,3532.8893,3835.8864,3839.2717,3529.2568,3117.8854,3095.1676,3265.0903,4111.7655,4356.9677,4390.3469,4300.0843,4198.3544,3571.0884,3591.0816,3151.5059,2863.4116,2429.5221,2303.6547,1605.6561,71145.1954
2813,2025-09-14,729.0041,695.4418,615.8754,634.9983,1342.1306,2260.6269,2239.5149,2221.366,2222.3508,2450.5643,2346.3011,2593.6384,2804.5442,2694.5958,2613.4096,2688.3778,2612.7139,2779.3141,2811.8316,2704.7272,2585.4793,2445.3708,1820.6463,679.6114,49592.4346
2814,2025-09-15,634.4129,636.8649,646.5029,894.3691,2494.5614,4298.5771,4767.5501,4775.5966,3940.1504,3241.4196,3110.7783,2908.9531,3000.2511,3195.5368,3451.3718,3866.1304,5004.6474,5301.2149,5168.6232,4297.6931,3159.3071,2543.3691,2362.6004,1475.1266,75175.6083
2815,2025-09-16,959.2498,1107.8918,1133.0681,1100.1931,2671.7731,4172.0866,4884.3856,4723.6623,3995.8305,3157.9424,2912.6774,2812.8226,2956.4604,3203.0711,3391.8499,3932.6989,4907.6109,5324.6388,5383.2711,4305.9478,3024.9328,2510.7123,2306.7763,1402.2223,76281.7759
2816,2025-09-17,940.8633,913.3943,962.4123,924.0127,2724.5968,4154.2873,4741.4858,4738.721,3924.2988,3044.3754,2857.9206,2910.9713,3050.4208,3126.3266,3358.2963,3914.4279,4919.2046,5284.8303,5081.6968,4200.1603,3091.2583,2532.6121,2345.2721,1338.8386,75080.6843
2817,2025-09-18,1117.7532,1102.446,1041.4172,857.0032,2592.0952,4084.5212,4494.0472,4515.2392,3818.0792,3038.702,2760.4172,2751.302,2864.266,2933.358,3368.53,3682.314,4718.5312,5375.742,5275.256,4387.2012,2989.858,2533.7772,2401.396,1268.322,73971.5744
2818,2025-09-19,666.0972,616.9492,637.0772,927.2152,2537.638,4182.2032,4683.0112,4550.812,4053.3192,3100.768,2923.0132,2787.274,3069.8972,3039.4392,3422.6052,3869.9432,4841.3672,5295.986,5107.692,4125.396,3210.6592,2610.9552,2337.27,1246.3932,73842.9812
2819,2025-09-20,634.69,617.328,624.496,835.3372,2589.0172,3505.342,3853.802,3684.2752,3446.498,2948.4592,2971.4872,3151.3852,3706.596,3966.972,4020.13,4009.236,3884.7832,3429.13,3290.202,3186.944,2598.59,2385.204,2384.698,1419.0992,67143.7016
2820,2025-09-21,642.536,626.4852,604.236,595.474,1309.9532,2199.368,2136.982,2186.6612,2095.708,2212.022,2412.3752,2522.92,2540.7992,2621.2852,2655.154,2635.332,2650.824,2777.16,2746.5192,2674.276,2496.156,2432.5832,1770.606,662.07,48207.4856
2821,2025-09-22,628.2692,619.742,612.522,949.0132,2459.214,4309.39,4601.948,4534.5552,3887.5532,3094.9832,3074.01,3016.736,2951.2332,3124.402,3523.8532,4017.518,4818.3432,5298.9012,5349.292,4063.7192,3171.5892,2574.08,2316.7,1392.0392,74389.6064
2822,2025-09-23,738.39,721.364,696.41,804.82,2540.1172,4221.89,4577.5212,4687.2032,3692.514,3253.692,3022.9632,3084.49,3250.7432,3195.6712,3544.666,4138.5332,5058.3092,5586.756,5331.27,4455.966,3086.056,2464.6732,2300.4672,1411.9912,75866.4772
2823,2025-09-24,656.1392,647.4632,691.008,832.42,2550.514,4387.088,4731.4552,4560.488,3980.264,3321.0412,3015.216,3079.4052,3173.9532,3130.9132,3488.5292,3910.4692,5208.638,5528.6892,5517.206,4223.5972,3156.882,2600.3232,2418.9892,1388.6052,76199.2968
2824,2025-09-25,661.0472,634.5252,638.4612,835.2792,2588.0012,4105.218,4670.0532,4893.3652,4188.3632,3351.278,3009.4052,2795.8692,3065.9392,3083.7192,3221.074,3865.5312,4737.8492,5243.172,5229.8772,4191.7112,3193.1992,2616.184,2276.006,1292.062,74387.1904
2825,2025-09-26,677.3264,654.5864,781.8653,871.4186,2594.304,4281.4016,4755.3705,4558.9466,3887.3636,3214.6066,2867.7749,2970.5935,3011.7874,2992.6618,3402.8648,3929.8096,4848.9716,5480.5559,5133.1028,4110.0605,2969.5763,2565.9433,2277.2463,1344.7281,74182.8664
2826,2025-09-27,624.9518,601.3233,629.4726,787.0161,2567.6491,3494.679,3857.8756,3799.0033,3498.2463,3090.4691,3026.7146,3204.0541,3642.7223,3994.5884,3900.2247,4171.0406,4043.6014,3600.6869,3308.5468,3158.5511,2690.6086,2420.0031,2199.4159,1786.2871,68097.7318
2827,2025-09-28,654.5492,623.39,643.184,624.864,1333.8112,2160.678,2179.5732,2203.702,2238.5172,2247.7572,2363.5612,2461.9512,2588.47,2636.4892,2646.892,2681.222,2606.936,2635.2712,2610.346,2526.9932,2479.7352,2299.45,1855.668,751.2412,48054.2524
2828,2025-09-29,724.3212,738.124,719.73,976.4092,2495.478,4229.82,4824.8432,4738.93,3960.8432,3218.1152,2916.888,2836.946,3043.974,3061.4812,3416.742,4191.664,5042.738,5520.986,5275.8232,4110.91,3125.336,2441.6832,2345.9092,1310.3812,75268.076
2829,2025-09-30,656.4972,649.9512,649.32,883.704,2563.362,4289.44,4649.9232,4387.772,3775.536,3293.4052,2778.5712,2834.8252,2727.124,2645.6492,3168.0172,3983.8592,4609.606,4958.068,5492.34,4326.16,3046.3592,2472.38,2256.9972,1345.714,72444.5812
2830,2025-10-01,622.512,589.1472,644.4972,874.2032,2602.732,4360.474,4710.872,4710.8632,3783.002,3090.6232,2863.0592,2960.824,3229.1372,3116.31,3215.9852,3829.63,4793.9852,5278.312,5142.8992,4169.416,2992.4812,2323.7112,2139.368,1333.208,73377.2524
2831,2025-10-02,771.2042,651.2354,716.6438,921.0493,2464.6519,4316.7539,4682.0039,4535.4929,3948.5711,3237.6224,2969.7344,2902.2143,3096.0151,3186.6069,3320.3689,3960.5968,4997.5394,5335.7161,5308.0081,4339.4531,3197.2111,2497.7547,2246.9201,1343.7156,74947.0834
2832,2025-10-03,1249.5158,968.2701,1039.5236,1153.5729,2671.4806,4271.9666,4877.9879,4749.7907,3998.5388,3268.9121,3060.7822,3055.0033,3233.1344,3285.7651,3488.6859,4230.4161,5183.3571,5490.3156,5529.2996,4412.9262,3416.4958,2742.2464,2585.8434,1494.604,79458.4342
2833,2025-10-04,920.2976,900.3843,1085.9074,1018.0806,2694.1493,3659.2488,3875.3574,3910.3018,3457.4596,3054.5993,3061.9943,3342.0836,4119.7695,4223.8423,4458.6994,4430.4689,4308.9999,3817.6835,3586.1822,3494.5689,2773.7904,2496.3651,2508.3144,1530.9866,72729.5351
2834,2025-10-05,806.7942,726.2634,709.7483,754.7404,1391.1853,2293.1721,2164.9195,2178.5031,2121.4841,2310.4183,2308.3396,2390.5498,2567.0444,2626.0805,2590.7113,2535.8652,2745.9942,2812.7259,2799.1553,2623.7442,2517.3236,2308.0936,1782.6329,663.5209,48729.0101
2835,2025-10-06,655.43,649.2692,596.6752,902.21,2374.802,4198.22,4999.6992,4546.838,3919.6552,3301.492,2851.954,2917.67,3140.1112,3160.9732,3511.032,3914.226,4874.764,5339.404,5343.3872,4276.0352,3173.736,2511.4992,2515.378,1353.744,75028.2048
2836,2025-10-07,690.858,665.7532,643.8372,946.022,2377.5452,4218.296,4938.986,4706.602,3980.1232,3235.974,2886.818,2867.576,3043.0,3143.5852,3303.7232,3956.2552,4861.4772,5290.344,5150.7132,4221.0412,3019.418,2481.206,2259.908,1380.3832,74269.4452
2837,2025-10-08,471.952,530.102,694.8172,1031.348,2508.0212,4341.5372,4789.2912,4695.1312,3930.8732,3138.9292,2689.7192,2619.802,2746.118,2866.9,3108.844,3845.974,4622.5512,5401.272,5223.7812,4198.044,2938.5812,2554.8652,2280.622,1314.7912,72543.8676
2838,2025-10-09,744.2792,679.904,711.0572,876.214,2599.536,4352.954,4830.3692,4620.7932,3928.1392,3162.6712,2970.894,2945.5752,3051.6192,2972.14,3296.914,3931.67,4728.756,5127.6072,5327.186,4225.3972,2970.94,2399.5532,2236.4792,1398.002,74088.6504
2839,2025-10-10,842.7892,951.932,903.9932,941.1572,2446.7032,4135.9232,4792.62,4646.722,3800.2212,3036.7172,2820.9092,2815.7332,2971.756,3011.5132,3350.6512,4088.064,4888.3972,5272.2772,4857.364,4214.27,3024.3352,2535.6532,2309.6372,1391.508,74050.8472
2840,2025-10-11,962.8892,1049.7192,957.2512,916.7352,2412.0192,3300.574,3700.0332,3804.8412,3470.664,3074.304,2991.6612,3161.6412,3844.1512,4194.7332,4325.6772,3704.8792,3935.3432,3271.4912,3158.9532,2765.058,2479.618,2257.4812,2139.7372,1300.706,67180.1616
2841,2025-10-12,1002.5752,1288.0392,1186.4192,1227.67,2305.864,4073.916,3675.6432,3516.1432,3890.058,4033.834,4173.0232,4010.0352,4356.758,4445.6552,4626.546,4577.3252,4489.7912,4631.8852,4656.5192,4462.3932,4237.5492,4010.602,3454.7692,2370.4752,84703.4892
2842,2025-10-13,1318.2589,1250.1576,1255.2868,1158.6518,2290.4006,3939.9903,3775.8643,3902.1869,3863.1599,4079.5118,4114.0451,4189.1017,4420.7474,4336.2316,4525.9323,4509.6066,4509.3324,4542.9249,4735.9931,4818.7136,4498.4682,4303.6913,3849.9204,2625.1486,86813.3261
2843,2025-10-14,1041.7812,968.084,736.208,903.5712,2407.824,4335.2452,4553.6592,3840.0932,4507.4752,3740.2712,3321.4632,3492.352,3626.594,3676.628,4040.0552,4391.6352,5280.128,6310.3432,5784.5072,4853.1032,3683.3752,3249.3092,2938.816,1875.494,83558.016
2844,2025-10-15,1033.1311,718.2403,697.4916,1072.4998,2703.7708,4366.0673,4956.6879,4783.2751,3896.9228,3181.1294,3030.8951,3036.337,3301.1723,2991.6023,3330.3159,3926.5712,4892.2845,5487.9795,5616.0956,4583.9964,3274.3729,2633.5231,2433.4608,1411.8836,77359.7063
2845,2025-10-16,715.9132,760.1252,814.9992,1178.0692,2664.012,4495.5932,4886.41,4848.1012,3942.9552,3299.71,3017.9192,3066.378,3265.0552,3283.8932,3693.3692,4144.4192,4339.274,4652.8512,4769.672,4001.616,3285.0552,3044.8992,2593.156,1547.1752,76310.6212
2846,2025-10-17,758.1556,751.9123,749.2669,997.8204,2797.9951,4539.7119,4947.3251,4718.3481,4033.1571,3384.0804,3217.2178,3050.2551,3117.6361,3200.6275,3417.1656,4031.3551,5021.6041,5619.5287,5144.5246,4212.0924,3129.7729,2723.3494,2432.6303,1453.9594,77449.4919
2847,2025-10-18,787.4974,383.354,818.0313,1085.2686,2578.8839,3697.5384,3935.0321,3836.8511,3440.0606,3144.9519,3019.6546,3289.2136,4034.8171,4435.9304,4300.9405,4303.6769,4065.5991,3860.3106,3633.6179,3273.9916,2838.4273,2587.9899,2474.8348,1380.5686,71207.0422
2848,2025-10-19,758.2286,737.3021,727.7065,737.8161,1587.0765,2406.7064,2301.4516,2197.7699,2234.9336,2392.5865,2538.8307,2532.1149,2683.8389,2765.9943,2787.6536,2729.9973,2837.0233,2922.3448,2987.3944,2846.0926,2704.9888,2576.9531,2053.6818,836.2058,51884.6921
2849,2025-10-20,653.3581,654.8243,693.6978,945.1789,2519.8828,4153.9229,5073.8734,4662.6875,3061.0026,2838.8566,2868.8328,2764.0485,2799.9999,2988.1783,3370.2939,3928.1066,4522.1821,4875.5124,4798.8926,4014.7071,2969.8653,2397.6946,2241.2686,1498.6626,71295.5302
2850,2025-10-21,891.7323,909.8176,895.8061,1143.3896,2912.5831,4269.7009,4223.2989,3816.9876,3335.8283,2845.7827,3285.1311,3489.8596,3645.9133,3788.0439,4310.2084,5026.3051,5893.9236,6071.7225,6012.6378,5055.1746,3592.7934,3178.4793,2920.6926,2359.0818,83874.8941
2851,2025-10-22,899.2954,785.7196,887.5813,1077.5334,3389.1693,5328.8526,5686.755,5242.2978,4459.8996,3699.6757,3656.8281,3815.1213,3768.8561,3810.4009,4066.1526,5041.5413,5364.7598,5692.3933,5420.2972,4464.3593,3507.1898,3409.0544,3099.5426,1974.6853,88547.9617
2852,2025-10-23,967.9796,865.8598,885.5838,1052.3801,3392.6509,5138.0659,5756.7616,5532.3756,4583.0731,3725.1949,3650.0538,3823.6448,3894.6874,3598.8176,4112.4456,4739.9878,5834.1791,6040.7404,5687.3641,4344.4193,3482.8248,3365.9348,3050.2136,2003.3218,89528.5602
2853,2025-10-24,901.5843,888.9053,904.9044,1102.6475,3505.5038,5300.4361,5548.2966,4850.8488,4300.2888,3910.9259,3641.3504,3823.7173,3864.4793,3854.3556,4179.3333,5012.9363,5733.8888,6061.6099,5781.7209,4317.2529,3612.6155,3367.3691,3183.6081,2063.6236,89712.2025
2854,2025-10-25,1102.1225,1136.8966,1085.3708,1091.8984,3408.8944,4897.7916,5035.8014,4759.1856,4104.3984,3709.2138,3803.5079,4821.7051,5091.5378,4871.4496,5037.4746,4817.4836,4790.8954,3924.5311,3785.813,3468.0846,3458.2554,3240.4666,2997.9098,1836.5976,86277.2856
2855,2025-10-26,897.1613,846.9628,806.6616,847.2858,1745.1451,2733.4051,2810.7762,2591.0061,2703.9704,3112.3691,3098.3314,3044.8758,3231.2913,3265.5506,3349.0129,3300.5996,3451.9246,3511.3328,3464.1174,3417.4868,3246.2761,3117.1531,2346.6248,1063.5501,62002.8708
2856,2025-10-27,953.9606,904.4404,870.1453,1065.6118,2695.4231,4353.3898,4505.4144,4471.3246,4102.4323,3422.5949,2943.7332,2834.0013,2663.9589,3067.8529,3504.1704,4357.1134,4890.0871,5806.9812,5636.9114,4378.1321,3384.1884,2816.2978,2503.3801,1561.0543,77692.5997
2857,2025-10-28,854.8671,836.6429,825.0908,1103.1071,2791.8681,4638.8964,4926.7149,4868.2814,4018.5855,3434.9141,3020.1759,2903.4821,3228.4383,3056.4371,3570.3038,4298.5558,5090.2631,5721.2859,5184.3768,4321.3764,3429.4571,2722.9771,2542.4837,1423.3458,78811.9272
2858,2025-10-29,897.9322,861.5779,907.9904,1055.6216,2955.1551,4643.9581,5061.5598,4750.32,3944.9634,3448.439,3065.9774,3154.4374,2998.1736,3313.0148,3518.1721,3986.6828,4476.6794,5430.7273,5305.3069,4597.9221,3492.3534,2805.8714,2556.6528,1472.6954,78702.1843
2859,2025-10-30,933.7112,970.448,1058.076,923.8812,2897.732,4494.086,4982.75,4827.036,4015.37,3307.6032,3064.2072,2946.416,3263.7532,3376.536,3552.84,4353.9172,5339.5492,5629.776,5519.266,4594.134,3410.026,2869.226,2529.8772,1623.1,80483.3176
2860,2025-10-31,970.496,1174.6292,1116.5312,1167.1312,2772.5592,4661.996,4953.0412,4751.2032,4218.8012,3431.922,3100.9732,2960.718,3045.9672,3238.848,3671.366,4280.404,5070.096,5670.804,5369.5,4500.7412,3241.19,2459.694,2398.4352,1463.8192,79690.8664
2861,2025-11-01,855.9512,818.736,814.1272,1049.032,2821.612,3881.378,4046.4292,4030.1932,3625.848,3208.048,3140.4652,3343.6612,4079.336,4346.622,4426.0652,4341.14,4238.19,3909.7932,3738.914,3373.736,2918.054,2677.1592,2529.2992,1496.5892,73710.3792
2862,2025-11-02,805.9218,888.5537,870.2774,926.5848,1834.7121,4004.1103,3525.1858,3569.3859,3467.1944,3795.0449,4051.5159,3989.0366,4125.3336,4142.7446,4516.0844,4284.7186,4246.9084,4514.5059,4519.0419,4169.5843,4038.6558,3859.8946,2686.799,963.4085,77795.2032
2863,2025-11-03,912.7363,923.478,900.6616,897.4907,1859.8494,3839.2481,3714.4694,3780.4939,3708.4983,3630.5678,3784.1497,3656.9161,4289.2151,4187.0961,4228.2444,4230.7411,4280.4563,4432.4216,4264.7589,4121.7916,3663.0923,3730.9121,2731.1802,951.2954,76719.7644
2864,2025-11-04,803.8923,806.9804,833.7823,1101.0522,2715.5318,4418.4063,4895.5945,4717.3606,4154.9015,3376.6888,3206.3434,3116.0213,3190.2263,3163.8051,3570.5189,4156.7258,4917.0762,5400.8206,5435.9296,4547.2789,3492.1399,2792.6788,2559.4916,1532.5091,78905.7562
2865,2025-11-05,936.4863,1004.0528,1055.5876,910.9379,2722.5473,4299.0221,4542.6846,4831.4574,4003.609,3383.2766,3043.764,2937.7976,2975.5863,3135.0584,3436.1459,4181.2099,5073.4719,5358.9104,4867.5546,4248.3112,3339.9471,2838.4253,2546.8713,1565.5043,77238.2198
2866,2025-11-06,953.9841,996.2736,1252.5218,1228.7636,2839.3791,4612.7888,5122.7579,4774.7236,4055.7567,3340.5629,3107.2169,3105.1571,3117.9958,3190.8836,3595.5433,4327.0638,5220.0539,5400.2248,5377.9141,4408.5613,3425.2912,2818.8434,2565.1921,1455.5188,80292.9722
2867,2025-11-07,900.5283,914.8949,987.4458,1063.9233,2941.8176,4654.5345,5193.7213,4848.9282,4030.2748,3302.5456,3174.0616,3174.6242,3172.045,3195.0261,3715.5021,4435.7016,4983.1513,5449.8079,5202.6334,4455.9759,3383.6069,2836.9819,2651.4338,1490.3372,80159.5032
2868,2025-11-08,1116.9361,1156.5678,984.9918,1074.632,2705.5138,3791.8756,4264.8791,4160.7963,3559.0171,3178.7705,3158.5401,3287.3149,4164.8658,4685.1505,4549.5999,4503.1351,4293.4499,4029.3569,3682.0024,3445.9414,2999.6568,2648.0191,2460.0548,1554.3461,75455.4138
2869,2025-11-09,937.2211,1050.5473,1171.4134,1007.0256,1567.4202,2488.8561,2419.6944,2248.4241,2320.8404,2419.9488,2544.9004,2633.1814,2696.6011,2776.5313,2637.8716,2725.9654,2673.7798,2733.2574,2799.6489,2696.9236,2595.86,2428.069,2085.3939,943.0756,52602.4508
2870,2025-11-10,993.1534,933.4194,958.7846,1215.0491,2757.4166,4524.3146,4992.4666,4950.8224,4029.2471,3106.7036,3152.2221,2961.2951,3143.7114,3166.1673,3449.4999,4213.7696,4829.1801,5593.2111,5462.5748,4591.7359,3396.3491,2571.2099,2625.9643,1565.9394,79184.2074
2871,2025-11-11,922.6925,935.5659,940.2923,1131.7634,2733.4604,4677.1559,5038.8296,4926.6646,3974.4725,3353.2684,3274.7621,3165.3384,3087.6523,3153.6673,3508.7303,4197.378,5060.2673,5484.2758,5466.7362,4470.7809,3327.2791,2767.7659,2477.0411,1499.9741,79575.8143
2872,2025-11-12,827.135,823.9851,941.7901,1109.1081,2792.297,4527.5454,4900.7186,4726.9148,4068.3523,3513.8261,3216.7017,3146.2648,3178.4176,3135.7283,3464.4471,4233.0156,4684.7878,5524.1499,5427.1509,4422.2476,3345.3134,2866.8484,2548.8242,1529.0274,78954.5972
2873,2025-11-13,816.4381,877.7881,958.36,1015.428,2864.8616,4567.9378,4931.6963,4655.9954,4053.8054,3390.3439,3206.0169,3070.0134,3234.1584,3324.348,3559.9983,4044.8989,4863.5977,5561.0081,3706.1786,3932.1036,3647.2691,2862.1966,2484.6681,1482.4567,77111.567
2874,2025-11-14,735.3994,739.7866,805.2096,949.6319,2771.6948,4470.0929,4832.1284,4694.9072,4117.3674,3238.6233,3050.5158,2960.8943,3111.101,3119.9494,3661.9491,4143.4431,5227.9851,5614.0106,5368.5338,4416.7171,3404.7439,2815.9256,2663.4318,1533.7727,78447.8148
2875,2025-11-15,969.0734,905.9376,1040.8964,1107.4144,2763.1301,3917.2446,4071.3071,3978.3524,3531.4007,3152.2939,3105.8744,3194.9511,3910.5205,4229.4183,4171.5489,4207.3469,4060.4551,3711.7423,3533.3084,3303.9686,2724.4849,2412.8919,2303.8396,1451.8321,71759.2336
2876,2025-11-16,347.1564,0.0,0.0,0.0,0.0,0.0,0.0,0.0,0.0,0.0,0.0,0.0,0.0,0.0,0.0,0.0,0.0,0.0,0.0,0.0,0.0,0.0,0.0,0.0,347.1564
2877,2025-11-17,0.0,0.0,0.0,0.0,0.0,0.0,0.0,0.0,0.0,0.0,0.0,0.0,0.0,0.0,0.0,0.0,0.0,0.0,0.0,0.0,0.0,17.9178,27.3624,211.5301,256.8103
2878,2025-11-18,548.4563,597.0038,593.9098,851.8494,2707.4008,4450.5535,5030.3938,4906.9231,4090.2681,3315.3994,3055.4509,3047.3721,3111.7104,3170.8058,3543.2928,4289.1451,5072.9869,5352.8106,5377.1561,4399.7748,3192.9439,2598.9172,2325.3816,1278.7028,76908.609
2879,2025-11-19,826.0874,762.1641,849.3528,964.2539,2513.2001,4318.3284,5036.9701,4924.0513,4164.6184,3410.8446,3156.2186,3044.9523,3041.9696,3138.9356,3366.9177,4067.4482,4961.4726,5524.4763,5321.1013,4507.3171,3236.0547,2553.7684,2425.4861,1482.4632,77598.4528
2880,2025-11-20,1024.0365,887.338,941.9466,1352.6878,2804.9391,4498.6164,5109.7441,4807.1696,4151.4726,3430.0699,3190.5078,3122.2564,3182.0866,3060.1483,3459.2354,4171.4125,5021.0451,5525.4566,5503.2676,4629.8488,3324.5231,2674.4056,2477.5636,1480.2204,79829.9984
2881,2025-11-21,848.7923,888.3486,893.5251,1086.8426,2826.441,4747.0476,5053.8586,4744.5012,3963.4113,3205.6972,3038.0076,3036.9631,3158.5342,3216.1138,3656.3611,4318.2101,4883.8936,5378.9426,5160.4738,4282.3826,3142.7314,2831.2861,2570.7634,1422.2244,78355.3533
2882,2025-11-22,613.3546,658.8368,816.2371,1141.6646,2649.3521,3904.7773,3950.7086,4092.7301,3521.3311,3194.6523,3083.3321,3127.2106,3875.3053,4249.5396,4351.3777,4226.6774,4126.1236,3678.2944,3692.1791,3439.0618,2882.9671,2599.3261,2534.3761,1553.7045,71963.12
2883,2025-11-23,882.1772,843.5752,842.4072,864.7712,1580.666,2462.8292,2426.582,2212.0352,2182.572,2418.95,2507.098,2487.5532,2690.8112,2647.8572,2666.3552,2609.9712,2757.3472,2932.9592,2890.428,2794.108,2776.6132,2573.55,1940.5372,917.714,51909.468
2884,2025-11-24,723.6778,810.2879,842.6496,1102.5611,2801.2193,4510.3161,4915.3571,4929.1308,4360.9136,3353.9569,3035.2756,2994.4447,2987.7591,3077.6502,3527.6489,4205.3514,5136.0334,5448.9786,5408.3841,4578.7628,3336.988,2713.3363,2598.4757,1508.9926,78908.1516
2885,2025-11-25,1050.4601,1058.7516,907.4278,964.4316,2664.8721,4656.4248,5027.0671,4893.7733,4049.2726,3449.4556,3062.2523,3018.7007,3079.2238,3052.5621,3306.2242,4051.0271,4778.3058,4776.0326,5023.8317,4375.3826,3289.9831,2710.2163,2442.1231,1439.8182,77127.6202
2886,2025-11-26,863.9435,860.2453,869.7276,956.5622,2863.5991,4646.8527,4976.9781,4831.2552,3970.8308,3239.0721,3100.6591,3060.3916,3120.8391,3150.0844,3504.1586,4176.4843,4923.5034,5512.1241,5401.3669,4565.6924,3450.1966,2760.7721,2521.7809,1539.2711,78866.3912
2887,2025-11-27,914.2473,1112.1001,881.4089,1046.8656,2968.8999,4584.3681,4901.691,5000.9751,3946.8509,3365.8364,3112.4048,2914.5516,3006.8996,3016.3604,3425.7663,4059.8398,4998.8678,5347.6218,5457.1793,4470.5403,3454.7514,2672.1421,2721.2579,1564.0289,78945.4553
2888,2025-11-28,866.8734,759.2596,817.3866,867.3458,2744.0816,4566.2983,5133.1689,4764.1006,3963.7341,3221.072,3002.0393,2900.3768,3015.1681,3158.5754,3529.326,4227.5174,5142.7781,5412.7404,5453.1492,4658.7671,3493.8168,2812.5723,2644.9709,1581.5068,78736.6255
2889,2025-11-29,1018.9812,951.1152,899.108,1198.574,2763.1592,3877.6192,4254.7912,4095.262,3626.328,3175.2932,3094.018,3319.9332,4022.1712,4409.932,4207.078,4263.7932,4158.8,3870.2992,3874.4932,3507.112,3068.9372,2659.984,2473.7992,1627.7932,74418.3748
2890,2025-11-30,1236.0716,1252.4249,1172.4596,1753.0786,1817.8389,2473.8838,2434.5235,2393.5062,2316.0972,2596.8462,2513.4998,2690.2436,2919.4263,2958.9728,2889.5783,2876.9116,2959.7747,3117.2406,3076.5648,2832.1146,2600.5785,2687.1663,2169.7329,958.7083,56697.2436
2891,2025-12-01,914.1572,881.3852,885.1792,1079.038,2749.1452,4387.486,4994.966,4628.7932,3992.5832,3395.6312,3024.1852,2944.8312,2999.718,3076.708,3493.2592,4435.6372,4964.454,5630.8272,5516.656,4763.2612,3419.306,2828.8252,2488.474,1459.39,78953.8968
2892,2025-12-02,1016.9932,1011.8232,1016.5192,1207.84,4000.6892,6440.358,7098.5792,6832.464,5474.8832,4724.484,4303.1152,4332.888,4446.152,4485.2372,5202.6752,6127.5772,7355.86,8211.974,8017.0252,6832.95,5013.4812,4054.314,3566.254,2070.606,112844.7424
2893,2025-12-03,951.7403,802.8551,770.1379,1068.1595,2784.8811,4638.1897,4877.1106,4878.7381,4145.9369,3525.8446,3228.0929,2983.1345,3257.4711,3372.1488,3669.5052,4274.5012,4920.5904,5557.5858,5471.2194,4456.6351,3438.1838,2802.7499,2601.7506,1548.7925,80025.955
2894,2025-12-04,1015.3888,947.2422,932.7838,1002.5581,2739.2484,4241.8039,4650.1874,4657.5216,4137.2549,3217.8259,2948.6256,3085.215,3125.3776,3117.0851,3374.3522,4249.0631,4968.8793,5193.187,4770.6287,4660.9538,3561.3516,2828.94,2309.5933,1440.4266,77175.4939
2895,2025-12-05,666.5743,650.2284,670.3929,841.1661,2500.8015,4331.1444,4576.6901,4576.4679,3886.9547,3198.9848,2877.7038,2836.7256,2964.7989,3160.4428,3351.5396,4124.5833,4867.1761,5232.6353,5118.4841,4394.8835,3401.8955,2670.5598,2346.5775,2165.4921,75412.903
2896,2025-12-06,1258.4096,590.2836,596.3553,809.0102,2569.4226,3626.0276,3917.6751,3982.2713,3453.7352,2960.7813,3037.5669,3257.9853,3804.2921,4237.6519,4088.3278,4298.9267,4117.4784,3517.1848,3591.6648,3273.6596,2802.0463,2410.3459,2372.6411,2166.2331,70739.9765
2897,2025-12-07,1299.8436,952.0213,1134.0626,1086.0079,2391.6878,4232.0674,4253.5262,4190.9374,4221.7791,4519.2859,4795.9662,4536.3758,4669.9263,4845.8824,4862.7798,4940.8183,4812.6866,5086.3121,5026.3018,5059.8423,4502.4096,4310.3996,3324.2477,739.569,89794.7367
2898,2025-12-08,648.6844,673.1091,765.1725,792.1934,2345.9621,4172.0766,3979.7986,3949.5869,4228.9503,4311.8454,4400.3814,4459.9355,4527.5914,4718.4416,4723.9111,4910.6561,5070.0211,5122.5974,5151.0933,5033.5776,4531.1458,4267.6683,3281.9726,766.0496,86832.4221
2899,2025-12-09,614.3878,606.496,656.7536,908.9841,2847.1864,4648.2181,4951.9149,4973.8558,4116.2689,3379.2796,3170.0523,3287.8576,3372.3004,3508.2323,3884.3779,4521.8292,5177.1833,5753.0537,5385.0401,4628.2963,3631.4488,3423.9504,3286.9149,1971.6014,82705.4838
2900,2025-12-10,1273.1181,1220.8023,1314.4739,1365.3033,3283.162,5181.0376,5589.38,5514.9466,4680.4919,4042.508,4001.1383,3787.9772,3774.2046,3847.1366,4219.1728,4987.0251,5892.2551,6272.0818,6280.8475,5167.3556,4251.8988,3442.1546,3230.3016,2030.815,94649.5883
2901,2025-12-11,1383.0292,1661.118,1290.4872,1419.0012,3319.448,5020.738,5524.006,5470.8872,4698.0812,3739.658,3634.9432,3613.1092,3738.0892,3656.2112,4052.1092,4828.3732,5510.8752,6011.5752,5991.8572,5087.1992,3875.1412,3288.598,3071.87,2048.984,91935.3892
2902,2025-12-12,1335.894,1376.412,1353.496,1618.74,3089.0472,4797.544,5386.5992,5168.544,4433.678,3768.926,3345.2172,3502.264,3504.5252,3628.9072,3885.7652,4377.198,4714.3252,5210.368,5067.1232,4415.0532,3593.68,3237.1052,3116.226,2791.5172,86718.1552
2903,2025-12-13,1998.1652,1703.994,1384.7112,1464.7652,3023.8912,4109.1992,5625.8452,5981.1552,5262.66,5903.0512,4587.126,4745.168,5669.8172,6393.9392,6405.654,6296.1452,6291.28,5323.946,4676.4092,5154.0612,5100.5312,4490.8332,4441.29,4066.7692,110100.4072
2904,2025-12-14,3224.2854,1368.3563,1373.0924,1273.3913,1942.4991,3003.0736,3782.5182,3906.1409,3963.7094,4057.1456,4033.0489,4055.8481,4138.0411,4380.2698,4538.9778,4417.4891,4434.6253,4556.4089,4754.709,4615.2591,4231.7031,4138.4853,3580.1983,1395.3623,85164.6383
2905,2025-12-15,1226.0714,1361.9193,1396.3151,1720.1811,4467.7494,6688.7361,7218.4971,7020.9731,6201.0066,5172.6981,4761.0553,4844.5548,5007.7849,5097.9198,5556.7573,6391.4218,7862.6929,8696.8906,8624.0703,6720.2668,5351.8233,4363.6388,4129.9359,2850.6386,122733.5984
2906,2025-12-16,1491.4092,1485.3096,1565.9926,1895.9121,4292.4051,6784.9424,7319.7533,6934.7949,6238.3858,5287.4276,4772.653,4687.3646,4883.1036,2762.2611,4671.1686,6315.1783,7700.8926,8025.5326,8281.3874,6744.6484,5229.1917,4414.3406,4309.4444,2613.801,118707.3005
2907,2025-12-17,1244.6122,1245.8484,1196.1288,1690.8341,4338.3761,6683.4683,7231.1132,7125.7163,6142.9676,5240.1918,4526.7294,4822.1752,4962.4176,5069.1231,5522.1651,6523.8231,7482.6966,8071.8078,8230.3009,7209.7271,5461.8638,4309.2261,4018.7838,2891.4551,121241.5515
2908,2025-12-18,1524.9984,1203.5751,1309.8606,1679.5106,4185.0174,6568.8018,7475.7929,7186.8574,5993.332,5135.8639,4759.6933,4620.5146,4836.4093,5078.2594,5577.9294,6429.0055,7564.1899,8074.8828,7816.2147,7054.2448,5403.8588,4446.0349,4041.5348,2566.0593,120532.4416
2909,2025-12-19,1394.3801,1345.7654,810.8069,976.4899,2506.6829,3941.9003,4857.651,4418.1911,4018.5488,3237.5508,3135.4484,2887.0444,2988.7223,3121.7796,3434.5511,4094.2351,4638.2321,5123.7398,4967.6841,4288.8514,3405.1562,2608.0929,2495.0273,2343.5299,77040.0618
2910,2025-12-20,1334.1854,692.8846,690.2711,938.4757,2620.0488,3642.3086,3964.0696,3963.8386,3537.6606,3299.5248,3185.1556,3256.5021,3936.1441,4049.5539,3503.4451,3346.7558,3442.1787,3098.1198,2902.9363,2714.2821,2424.0701,2245.9096,2200.7513,2088.7481,67077.8204
2911,2025-12-21,1311.5971,750.0209,737.1266,755.3338,1380.4849,2286.8258,2282.9153,2224.7462,2287.9465,2371.5008,2472.7138,2529.2873,2698.9873,2693.5766,2917.3621,2702.3029,2732.6584,2797.4319,2833.9158,2633.8573,2504.7429,2362.8801,1918.4862,697.0725,50883.773
2912,2025-12-22,766.6701,752.2929,745.6004,957.9674,2601.5243,4337.2746,4817.5543,4510.5566,3880.0361,3162.8876,2869.8823,2964.7343,2938.7246,3057.2656,3504.6646,4157.6699,5031.8329,5256.8586,5276.8356,4520.2091,3178.0406,2627.7774,2475.4403,1495.9227,75888.2228
2913,2025-12-23,731.4271,815.5023,822.6627,1040.0037,2834.1306,4375.5656,4834.9821,4632.0423,4074.9356,3444.2983,3095.8593,3321.1411,3683.4339,3536.8058,3825.6382,4293.9296,4896.6531,5191.4688,5172.3014,4362.0638,3630.2395,2878.772,2543.423,1517.8357,79555.1155
2914,2025-12-24,449.0138,396.7243,415.5193,912.5884,2613.5149,3759.4509,3853.5339,3936.1981,3320.8478,2784.5902,2873.6959,2848.4258,3039.7709,3376.7364,3711.5496,3985.6817,4133.7154,4283.8581,4070.8189,3919.5973,3211.0514,2651.5278,1444.5217,734.5258,66727.4583
2915,2025-12-25,632.7551,627.0761,626.6444,739.4476,1389.1966,2243.2884,2225.1206,2079.5853,1971.4661,2128.6118,2143.2742,2267.7371,2277.1508,2528.8253,2558.3221,2538.1356,2482.8211,2547.8552,2578.0189,2539.0531,2379.5659,2299.0429,1740.7426,758.8073,46302.5441
2916,2025-12-26,639.8466,610.0136,604.8284,750.1888,2467.5146,3397.4561,3774.3288,3881.1774,3240.0527,2871.2133,2713.3903,2752.8108,2864.328,2852.6704,3330.4173,3700.3771,3895.5829,4190.1486,4206.6442,4051.2916,3259.9823,2577.5753,2370.7951,1387.0976,66389.7318
2917,2025-12-27,822.9094,789.1438,768.4668,935.6723,2512.8883,3308.8209,3773.1116,3722.9879,3489.2103,3039.9488,2752.429,3007.0582,3620.5583,4241.3959,4348.4989,4193.2616,4057.8254,3551.1524,3435.5758,3358.9138,2730.9873,2295.6334,2388.9658,1381.0298,68526.4457
2918,2025-12-28,701.0986,682.3419,684.3426,724.1835,1363.7389,2236.7044,2170.7779,2171.0065,2061.3551,2351.2838,2321.2123,2437.9441,2453.7708,2840.8399,2687.9561,2755.4606,2764.3868,2831.4706,2766.9488,2696.1528,2510.8321,2384.0163,1846.3918,772.4388,49216.655
2919,2025-12-29,682.0439,653.6526,673.4436,962.2668,2445.6744,3865.8681,4190.2266,3907.8788,3411.1024,2747.8362,2802.7916,2922.857,3002.2106,3148.0124,3521.9076,3850.2219,4204.9089,4504.1385,4402.0486,4171.2031,3247.5783,2582.1538,2297.6666,1487.4773,69685.1696
2920,2025-12-30,893.9353,899.6554,871.3106,1119.6393,2901.2043,3987.6213,4009.2569,4088.2829,3443.8281,2948.8116,3070.1126,3253.1611,3345.309,3437.7044,3848.7281,4282.9536,4539.4618,4874.8761,4681.2404,4538.0015,3771.7992,3050.9413,2834.0096,1712.3184,76404.1628
2921,2025-12-31,960.9486,912.9236,754.5996,922.0301,2721.6486,3847.2256,3981.8773,3551.5014,3058.0469,2843.3026,3012.419,3060.6476,3193.5816,3335.8578,3644.9581,3675.1641,3506.7951,3215.8828,3109.9243,3015.1368,2690.5202,2429.9019,1437.9238,678.2948,63561.1122
