,Fecha,H1,H2,H3,H4,H5,H6,H7,H8,H9,H10,H11,H12,H13,H14,H15,H16,H17,H18,H19,H20,H21,H22,H23,H24,Total
0,2018-01-01,164.9999,164.9999,161.3332,164.9999,183.3336,718.6671,2126.6671,1903.0,2005.667,2016.6671,2016.6668,2020.3339,2038.6673,1994.6671,1976.3338,1987.3335,2053.3338,1936.0004,2016.667,2035.0004,1939.6668,1961.6671,1323.6671,168.6666,35079.0064
1,2018-01-02,157.6667,157.6667,150.3337,249.3332,1569.3336,4205.6678,4374.3343,4484.3346,3534.6676,3171.6673,3212.0008,3153.3341,3241.3341,3186.3341,3270.6676,3633.6676,4675.0011,5093.0014,4675.001,4550.3343,2783.0006,2456.6671,2343.0006,902.0003,69230.3502
2,2018-01-03,198.0002,194.3337,194.3337,234.6669,1723.3338,4414.6678,4836.3346,4649.3346,3732.6677,3487.0008,3340.3342,3380.6673,3571.3341,3417.3344,3454.0007,3809.6676,4517.3343,4788.6675,5008.6678,3637.3341,2596.0007,2207.3338,2101.0006,828.6669,70323.0178
3,2018-01-04,205.3332,201.6667,198.0002,245.6667,1694.0006,4216.6679,4455.0008,4165.3343,3927.0008,3193.6674,3160.6676,3237.6677,3182.6674,3109.3342,3281.6677,3443.0011,4880.3346,4928.0013,5071.0011,4253.3341,2647.3341,2361.3341,2174.3339,898.3334,69131.3509
4,2018-01-05,216.3333,212.6666,208.9999,293.3334,1595.0006,4257.0009,4766.6681,4455.0013,3600.6677,3292.6673,3314.6676,3318.3339,3336.6676,3285.3341,3314.6676,3820.6678,4554.0011,5115.0011,5239.6679,4147.0008,2717.0006,2431.0008,2346.667,902.0001,70741.0171
5,2018-01-06,212.6666,205.3332,201.6667,297.0002,1595.0006,4249.6676,4297.3343,4301.0008,3890.3343,2838.0006,2863.6674,2915.0007,3677.6673,4224.001,4176.3344,4264.3343,4297.3343,4367.0009,3311.0009,3512.6676,2955.3341,2504.3339,2053.334,894.6671,68104.6828
6,2018-01-07,176.0,179.6668,179.6668,176.0,810.3338,1976.3338,2236.6671,2126.6671,2130.3338,2350.3336,2695.0006,2988.3341,3069.0008,3058.0008,2896.6674,2940.6674,3149.6676,3237.6674,3281.6675,3083.6674,2665.6674,2438.3338,1752.6671,209.0004,49808.0125
7,2018-01-08,183.3336,183.3336,187.0004,183.3336,781.0006,1976.3338,2174.3338,2031.3338,2016.6671,2240.3338,2654.6676,2878.3344,2970.0009,2805.0009,3105.6674,3076.3344,3083.6673,3186.3342,3116.6674,2823.3342,2533.6674,2207.3338,1602.3336,201.6672,48202.0148
8,2018-01-09,187.0004,187.0004,187.0004,311.6669,1635.3339,5316.6676,5034.3348,5415.6679,4180.0009,3087.3339,3168.0009,3142.3342,3237.6674,3259.6676,2911.3341,3080.0007,2915.0008,2797.6673,3432.0009,3083.6677,2522.6671,2060.6671,1811.3336,641.6666,63605.6831
9,2018-01-10,205.3332,205.3332,201.6667,363.0001,975.3335,3116.6676,3556.6677,3699.6676,3325.6677,2317.3338,3300.0008,3054.3341,3157.0008,3340.3343,3303.6675,4752.0013,5555.0011,5984.0013,4946.3346,5434.0013,3369.6678,2489.6673,2130.3341,924.0001,69707.0175
10,2018-01-11,201.6667,194.3337,198.0002,341.0004,1723.3339,5646.6681,5533.0011,5833.6684,4748.3343,3197.3341,3094.6676,3234.0009,3446.6677,3208.3339,3248.6676,4931.6681,5683.3348,5650.3345,5727.3344,6013.3349,3501.6677,2511.6674,2163.3338,858.0002,80890.3544
11,2018-01-12,205.3332,201.6667,205.3332,524.3336,1510.6671,5371.6678,6354.3346,5536.6678,4876.6681,3124.0007,3186.3344,3237.6672,3182.6676,3072.6676,3248.6674,4792.3345,5676.0013,6083.0017,5734.6679,5503.6681,3571.3344,2409.0006,2119.3335,792.0003,80520.0193
12,2018-01-13,223.6669,216.3333,216.3333,436.3333,1433.6671,4227.6676,4543.0013,4202.0008,3820.6676,3043.3341,2940.6674,3105.6674,3809.6679,4418.3343,4374.3343,4224.0009,4249.6675,4158.0011,3131.3342,3080.0006,2801.3339,2467.6671,1844.3338,777.3336,67745.3493
13,2018-01-14,164.9999,161.3332,164.9999,164.9999,792.0001,1906.6671,2310.0006,2288.0006,2379.6673,2456.6674,2911.334,3102.0006,3017.6673,2904.0006,3021.3344,2922.3339,3054.3339,3296.3341,2970.0009,2977.3339,2746.3338,2203.6671,1540.0006,205.3336,49661.3447
14,2018-01-15,187.0004,183.3336,187.0004,366.6668,1492.3339,5529.3346,5789.6681,5991.3348,4594.3346,3208.3344,3377.0009,3157.0009,3113.0006,3025.0007,3164.3344,4803.3343,5529.3346,5767.6682,5771.3348,4964.6679,4018.6676,2398.0009,2060.6671,880.0003,79559.3548
15,2018-01-16,399.6668,575.6666,546.3337,949.6668,3292.6673,8081.3356,8514.0024,8077.6691,6717.3351,5074.6681,4895.0014,5052.6678,5386.3346,4994.0014,5111.3346,6805.3352,8231.6691,8712.0024,8195.0023,8407.6689,5115.0013,3901.3343,3762.0011,1705.0006,122503.3665
16,2018-01-17,557.3332,553.6669,608.6667,1129.3336,3054.3343,7920.0021,8272.0022,8055.6688,6589.0016,4854.6678,5030.6678,4664.0014,4759.3346,4576.0011,4678.6677,6959.3351,7817.3353,8624.0026,8400.3356,7520.3353,5357.0011,4048.0009,3549.3343,1730.6671,119309.6971
17,2018-01-18,531.6669,520.6666,586.6666,905.667,3146.0006,7971.3353,8576.3358,8022.6686,6416.6683,4854.6676,4990.3346,4997.6679,4946.3344,4726.3346,4807.0014,6607.3352,8132.6686,8613.0023,8110.6686,8107.0024,5324.0012,3886.6676,3421.0008,1617.0003,119819.3632
18,2018-01-19,520.6666,542.6669,608.6667,905.6668,2999.3342,7351.6684,8565.3358,8033.6688,6222.3348,4799.6678,4763.0011,4832.6676,4891.3344,4829.0011,4810.6679,6629.3348,8004.3353,7656.0022,8275.6691,7018.0018,5507.3346,4114.0008,3641.0011,1719.6671,117241.6957
19,2018-01-20,619.6666,594.0002,597.6669,799.3334,2995.6676,6167.3348,6996.0015,6490.0016,5364.3345,4543.0008,4656.6678,4763.0014,5793.3348,6508.335,6816.3351,6823.6684,6534.0016,6589.0015,5562.3347,5188.3346,4576.0011,4293.6678,3626.3346,1598.6671,108496.6934
20,2018-01-21,516.9999,524.3333,524.3333,542.6666,1646.3336,3322.0008,3604.3343,3439.3344,3476.0008,3681.334,4216.6676,4898.6676,4920.6676,4935.3349,4942.6679,4975.6681,5067.3343,4986.6682,4935.3344,5126.001,4367.0011,3784.0009,2841.6676,549.9999,81825.3521
21,2018-01-22,524.3333,539.0004,535.3336,1169.6668,2750.0006,8019.0021,8543.3356,8635.0023,6673.3349,4682.3341,4550.3344,4612.6676,4711.6681,4851.0011,5019.6678,6794.3353,8055.6686,8679.0024,8466.3356,7916.3356,5551.3348,3857.3341,3732.6676,1771.0003,120640.697
22,2018-01-23,520.6668,528.0001,535.3336,1125.6669,2988.334,7208.6683,8609.3355,8015.3354,6878.668,4950.001,5012.3345,4818.0013,4961.0008,4924.3347,5155.3346,6559.6683,7835.6686,8459.0026,8382.0021,7901.6686,5397.3346,4022.3343,3648.3344,1701.3338,120138.3628
23,2018-01-24,542.6672,539.0004,535.3336,1180.6671,2812.334,8169.3356,7282.0021,8169.3354,6449.6681,4598.0009,4777.6676,4627.3343,4777.6678,4873.0013,4939.0011,7003.3351,8015.3353,8521.3358,8352.6689,7601.0019,5386.3346,4216.6678,3809.6674,1675.6671,118855.0304
24,2018-01-25,549.9999,498.6669,487.6669,810.3336,3098.3344,7923.6686,6449.6684,5661.3349,7252.6683,5096.6682,5023.3345,5247.0011,5390.0013,5327.6679,5331.3347,6966.6686,8217.0021,8701.0021,5606.3346,5841.0016,3806.0009,2515.3338,2152.3338,839.6671,108793.6942
25,2018-01-26,187.0004,187.0004,183.3336,480.3337,1485.0003,4906.0011,5529.3346,6145.3349,4466.0008,2951.6671,3124.0009,3186.3344,3160.6677,3171.6676,3428.3341,4777.6679,5415.6681,5943.6683,5969.3349,5067.3349,3476.0009,2306.3335,2218.3336,902.0003,78668.354
26,2018-01-27,179.6668,176.0,179.6668,278.6666,1800.3338,4209.3344,4499.0008,4308.3344,3542.0008,2819.6676,2900.3342,2764.6674,3776.6676,4433.0011,4169.0008,4191.001,4246.0011,4279.0011,3021.3342,3182.6677,2790.3341,2530.0006,2009.3336,920.3338,67206.3503
27,2018-01-28,176.0,176.0,176.0,176.0,799.3337,1976.3338,2284.3338,2211.0003,2126.6673,2387.0006,2482.334,2838.0006,3080.0009,3201.0006,3237.6674,2926.0009,3248.6676,2988.3341,3208.3341,3267.0007,2775.6674,2423.6674,1815.0004,198.0004,50178.346
28,2018-01-29,172.3333,172.3333,172.3333,278.6666,1760.0006,5830.0014,5976.6681,5914.3346,5232.3346,3303.6677,3248.6676,3307.3342,3366.0009,3091.0007,3351.3341,4994.0013,5316.6678,5969.3346,5452.3346,5426.6681,3985.6676,2343.0006,2020.3339,674.6669,81359.6864
29,2018-01-30,407.0004,253.0001,190.6672,267.6669,1679.3337,5313.0011,5247.0011,5588.0013,4799.6679,3395.3341,3175.3344,3124.0009,3094.6676,3223.0011,3274.3341,4766.6679,5001.3345,5819.0011,5371.6679,5716.3345,3729.0009,2277.0003,2141.3339,847.0001,78701.353
30,2018-01-31,201.6667,205.3332,205.3332,451.0004,1569.3338,5507.3347,5998.6678,5866.6679,4741.0011,3113.0008,3175.3339,3212.0009,3149.6674,3153.3342,3204.6677,4983.0009,5863.0016,5815.3349,6105.0016,4799.6675,3655.6676,2544.6673,2317.3341,935.0004,80773.0196
31,2018-02-01,88.0001,29.3332,80.6667,370.3334,1664.6671,5529.3346,5789.6678,5734.6681,4535.6679,3076.334,3113.0012,3318.3339,3215.6676,3179.0008,3182.6676,4777.6676,5709.0013,5749.3346,5621.0011,5375.3349,3615.3341,2376.0006,2016.6671,927.6666,79075.3519
32,2018-02-02,69.6667,25.6667,150.3334,366.6669,1554.6673,5525.6683,5577.0016,6064.6681,4458.6676,3098.3339,2999.3344,3124.0009,3065.3341,2981.0007,3124.0007,4891.3347,5390.0011,5668.6681,5096.6678,4891.3343,3710.6674,2471.3342,2280.6671,839.6671,77425.3531
33,2018-02-03,176.0,179.6668,176.0,245.6669,1521.6671,4367.0008,4649.3341,4601.6679,3747.3343,2922.3341,2893.0006,3105.6674,3806.0008,4378.0011,4400.0008,4209.3343,4352.3343,4048.0008,3201.0006,3171.6676,2797.6674,2420.0006,1877.3335,759.0002,68005.682
34,2018-02-04,164.9999,157.6667,161.3332,164.9999,872.6671,1943.3338,2189.0006,2126.6671,2024.0003,2214.6674,2724.3341,3043.3342,2948.0009,3028.6671,3014.0007,3094.6676,2768.3339,3556.6676,3142.3341,3439.3339,2882.0008,2222.0006,1653.6671,179.6668,49716.3454
35,2018-02-05,157.6667,161.3332,161.3332,205.3332,1789.3336,5536.6679,6163.6681,5738.3346,4854.6676,3083.6672,3215.6674,3153.3342,3076.3342,3021.3341,3142.3342,4664.0011,5749.3346,5753.0013,5621.0014,5188.3348,3908.6676,2548.3338,2401.6673,902.0002,80197.3515
36,2018-02-06,198.0002,190.6672,190.6672,216.3334,1679.3338,5701.6682,6119.6681,6061.0016,4330.3343,3347.6676,3450.3343,3424.6676,3296.3341,3267.0007,3509.0012,4656.6677,5668.6682,5749.3348,5544.0016,5793.3346,3468.6676,2566.6674,2295.3339,887.3333,81612.6886
37,2018-02-07,176.0,172.3333,176.0,278.6668,1719.6671,5580.6681,6097.6683,6020.668,4766.6675,3138.6676,3179.0008,3424.6673,3197.3341,3226.6676,3270.6674,4774.0012,5753.0016,5998.6681,5386.3344,5324.0013,3945.3346,2427.3341,2387.0006,861.6669,81282.6867
38,2018-02-08,201.6667,198.0002,205.3332,447.3334,1595.0004,5676.0014,5617.3347,6013.3351,4741.0013,3208.3344,3267.0007,3465.0011,3362.3344,3289.0009,3380.6678,4869.3344,5386.3349,5716.3348,5841.0017,5078.3341,3545.6674,2387.0009,2163.3339,854.3336,80509.0214
39,2018-02-09,194.3337,198.0002,194.3337,517.0004,1470.3338,5580.6676,5907.0013,5896.0016,4576.0014,3241.3342,3256.0009,3263.3342,3545.6675,3399.0008,3340.3341,4935.3347,5562.3346,5445.0016,5727.3346,5430.3348,3421.0007,2735.3339,2266.0006,946.0003,81048.0212
40,2018-02-10,194.3337,190.6672,194.3337,370.3339,1584.0004,4352.3343,4814.3344,4594.3341,3806.0009,3083.6676,3050.6674,3072.6674,3996.6677,4590.6678,4601.6679,4301.0009,4642.0013,4348.6678,3553.0008,3080.0006,2841.6674,2500.6673,2178.0006,968.0001,70909.6852
41,2018-02-11,172.3333,164.9999,168.6666,168.6666,883.6671,2075.3335,2273.3336,2093.667,2343.0006,2431.0006,2728.0006,2904.0007,3036.0009,3028.6674,3061.6674,3014.0006,3219.3342,2937.0007,3116.6676,3094.6673,2486.0006,2284.3338,1576.6668,216.3333,49478.0107
42,2018-02-12,168.6666,172.3333,168.6666,264.0001,1917.6673,5514.6681,5239.6679,5368.0016,4568.6678,3054.3342,3245.0009,3509.0008,3663.0008,3116.6674,3256.0011,4737.3344,5654.0014,5738.3346,5456.0013,5591.6681,3619.0009,2530.0003,2321.0006,887.3336,79761.0197
43,2018-02-13,198.0002,190.6672,194.3337,363.0002,1697.6671,5507.3347,3894.0013,3732.6676,2973.6674,4315.6678,3542.0011,3146.0008,3146.0009,3226.6676,2845.3344,436.3333,513.3336,1019.3338,1059.6668,1096.3338,832.3336,795.667,781.0004,440.0001,45947.0144
44,2018-02-14,242.0002,245.6667,318.9999,337.3334,517.0001,1338.3338,3113.0008,4928.0014,4638.3343,3025.0008,2904.0009,3014.0009,3014.0009,3197.3342,3300.0006,3938.0008,5184.6679,4942.6678,5236.0011,4499.0012,3600.6678,2519.0006,2299.0003,942.3339,67294.3503
45,2018-02-15,194.3337,190.6672,187.0004,209.0001,1540.0003,5415.6676,5591.6682,5914.3346,4176.3343,3124.0007,3417.3343,3142.3344,3417.3341,3197.3342,3303.6674,4645.6678,5382.6678,5478.0014,5283.6676,4829.0013,3373.3341,2302.6671,2203.6671,792.0004,77311.6861
46,2018-02-16,190.6672,190.6672,187.0004,253.0004,1708.667,5613.6679,5676.0015,6086.6681,4535.6678,3157.0009,3098.3339,1195.3336,3083.6676,3175.3343,3446.6679,4264.3343,4748.3344,1118.3338,2192.6673,4297.3343,3333.0007,2449.3341,2126.667,854.3338,66982.6854
47,2018-02-17,198.0001,179.6668,176.0,223.6666,1580.3336,4216.6678,4169.0013,4418.3343,4011.3343,2959.0006,2713.3341,2808.6674,3641.0011,4191.0011,4183.6678,3938.0011,4018.6675,3886.6676,2940.6677,3021.3342,2717.0004,2299.0009,1961.6671,847.0003,65299.6837
48,2018-02-18,172.3333,164.9999,168.6666,172.3333,799.3338,1998.3338,2233.0004,2053.3336,2284.3336,2401.6674,2885.6674,3025.0008,3171.6674,2889.334,3252.3341,3036.0008,3025.0008,3182.6676,3146.0009,2889.3341,3003.0006,2291.667,1727.0003,190.6669,50163.6784
49,2018-02-19,168.6666,164.9999,164.9999,410.6668,1503.3338,5327.6679,5430.3349,5932.6681,4576.0011,3237.6674,3355.0008,3307.3343,3479.6678,3175.3344,3289.0009,4642.0011,5309.3344,5690.6681,5621.0011,4928.0011,3611.6675,2456.6673,2225.6671,865.3337,78873.686
50,2018-02-20,190.6672,190.6672,201.6667,219.9999,1705.0006,5830.0013,4810.6679,5265.3347,4935.3343,3054.3339,3047.0006,3010.3341,3127.6672,3102.0007,2981.0006,4616.3344,5562.3346,5797.0014,5423.0013,5210.3343,3468.6677,2398.0007,2229.3339,766.3336,77143.0188
51,2018-02-21,168.6666,176.0001,190.6672,212.6669,1774.6674,5617.3346,5595.3349,5910.6683,4579.6678,3366.0008,3259.6674,3069.0007,3252.3341,3292.6674,3270.6672,4928.0011,5456.0011,6006.0016,5610.0014,5034.3349,4220.3344,2519.0003,2130.3338,806.6668,80446.6868
52,2018-02-22,194.3337,183.3336,183.3336,234.6669,1653.6673,5507.3348,5269.0016,5558.6679,4480.6676,2984.6674,2889.3341,2926.0008,3080.0006,2977.3341,3047.0009,4704.3343,5305.6679,5533.0013,5221.3346,4961.0011,3439.3341,2335.6673,2156.0003,905.6669,75731.3527
53,2018-02-23,201.6667,212.6666,220.0,352.0001,1540.0004,5489.0012,5170.0012,5815.3348,4158.0009,3127.6677,3149.6672,3014.0008,3439.3344,3281.6673,3182.6676,4708.0011,5716.3346,5577.0017,5261.6679,4924.3343,3373.3342,2526.3342,2145.0003,762.667,77348.3522
54,2018-02-24,164.9999,164.9999,164.9999,293.3334,1455.6674,4312.0008,4730.0011,4400.0011,3571.3344,3127.6674,2929.6676,3054.3342,3509.0011,4055.3343,4213.0011,4524.6675,4205.6676,4007.6677,3102.0011,3028.6674,2871.0009,2566.6674,1965.3335,828.6668,67246.6835
55,2018-02-25,187.0004,187.0004,187.0004,183.3336,814.0004,2049.6671,2302.6671,1983.6671,2027.6671,2236.6673,2570.3336,3098.3341,3039.6674,3028.6676,3065.3342,2882.0009,3014.0008,2724.3339,2735.3338,2823.334,2478.6676,2211.0008,1723.3338,242.0,47795.0134
56,2018-02-26,164.9999,168.6666,172.3333,418.0001,1422.6671,5672.3347,4891.3346,5617.3346,4385.3342,3043.3341,3135.0009,3006.6673,3021.3341,3259.6673,3234.0009,4708.0011,5738.3348,5210.3344,6237.0013,4557.6676,3450.3341,2409.0008,2053.3336,803.0003,76780.0177
57,2018-02-27,194.3337,198.0002,194.3337,242.0004,1664.6672,5503.6679,5745.6678,5217.6678,4451.3343,3127.6674,3248.6674,3186.3344,3113.0008,3278.0009,3171.6674,4719.0008,5679.6681,5943.6678,5529.3349,5533.0011,3659.3343,2427.3339,2068.0006,817.6668,78914.0196
58,2018-02-28,194.3337,194.3337,198.0002,223.6669,1617.0004,5382.6678,5661.3349,5808.0011,4264.3347,3135.0009,3307.3341,3278.0011,3179.0008,3256.0009,3256.0009,4678.6676,5386.3346,5881.3348,5679.6681,4513.6678,3201.0006,2464.0006,2170.6671,836.0004,77766.3537
59,2018-03-01,201.6667,198.0002,198.0002,238.3334,1741.6671,5353.3349,6112.3349,5555.0011,4590.6681,2984.6676,2999.3339,2962.6673,3025.0009,3278.0009,3263.3341,4517.3346,5577.0014,5496.3351,4770.3345,4422.0012,3916.0008,2548.3338,2203.6671,861.6671,77014.6869
60,2018-03-02,201.6667,205.3332,201.6667,337.3334,1672.0003,4898.6676,5280.0013,4627.3343,4297.3343,3637.3344,3028.6674,3098.3341,3204.6677,3208.3344,3083.6673,4535.6679,5555.0011,5764.0011,5313.0016,5415.6681,3292.6673,2544.6673,2137.6668,850.6671,76391.3514
61,2018-03-03,179.6668,176.0,176.0,201.6668,1606.0006,4312.0011,4601.6679,4323.0011,3875.6673,2904.0007,2702.3338,2940.6676,3619.0008,4455.0011,4374.3342,4033.3343,4205.6678,4312.0011,3080.0008,3050.6673,2665.6674,2328.3335,2053.3339,832.3334,67008.3493
62,2018-03-04,164.9999,157.6667,161.3332,161.3332,740.6668,1870.0003,2291.667,2024.0003,1859.0003,2075.3336,2651.0007,2508.0006,2742.6674,2757.3342,2797.6674,2533.6673,2768.3338,2775.6676,2709.6672,2863.6674,2552.0006,2101.0005,1628.0004,198.0001,45092.6765
63,2018-03-05,176.0,172.3333,172.3333,465.6669,3182.6674,6842.0016,8011.6686,8268.3359,6611.0015,4821.6676,3846.3343,2973.6673,3069.0009,3160.6674,3028.6673,4260.6673,5701.6678,6149.0017,5584.3347,5210.3346,3824.3344,2555.6674,2079.0005,828.6668,90995.6885
64,2018-03-06,176.0,172.3332,172.3332,256.6672,1668.334,5408.3352,5129.668,5881.3352,4198.334,2999.334,3201.0012,3131.334,3080.0012,3278.0012,3325.6672,4642.0012,5676.0012,5830.002,5767.668,5162.668,3714.334,2625.334,2049.6672,854.334,78400.6884
65,2018-03-07,187.0004,176.0001,168.6666,304.3334,1558.3336,5445.0013,5852.0016,5738.3346,5540.3348,4587.0009,3512.6676,3523.6676,3417.3344,3358.6673,3358.6676,4649.3344,5672.3346,5712.668,5379.0011,5478.0011,3432.0009,2500.6671,2284.3339,953.3336,82789.6865
66,2018-03-08,209.0001,205.3332,208.9999,300.6669,1639.0006,5056.3346,5701.6681,5434.0011,5390.001,4227.6676,3193.6673,3164.3341,3043.3342,3032.3341,3292.6676,4708.0012,5360.6681,5782.3348,5437.6681,4895.0014,3736.3341,2394.3341,1994.6673,828.6669,79236.6864
67,2018-03-09,205.3334,208.9999,205.3334,414.3334,1540.0004,5654.0011,5672.3349,6215.0016,5107.6677,3747.3343,3175.3344,3373.3341,3351.3341,3080.0009,3498.0008,4752.0014,5635.6681,6020.6678,5063.6675,5071.0011,3846.3341,2401.6674,1958.0003,880.0004,81077.3525
68,2018-03-10,208.9999,205.3332,208.9999,300.6669,1705.0006,4136.0013,4271.6675,4352.3343,3791.3343,3131.3341,3025.0008,3017.6674,2467.6674,3765.6674,4286.3343,4150.6676,4165.3346,4084.6673,3098.3342,3124.0012,2889.3339,2376.0003,2075.3338,726.0004,65563.6826
69,2018-03-11,161.3332,161.3332,161.3332,161.3332,803.0003,1991.0006,2203.667,1991.0003,2214.667,2361.3339,2720.6674,2995.6676,2992.0009,2988.3341,3366.0006,3311.0012,3105.6674,2951.6673,3197.3343,3087.3342,2500.6677,2306.3339,1712.3338,179.6668,49624.6791
70,2018-03-12,172.3333,172.3333,176.0,304.3334,1617.0004,5580.6681,5617.3346,5837.3349,4495.3344,3105.6674,3003.0012,3113.0008,3175.334,3380.6674,3336.6676,4106.6676,1701.3338,2328.3341,2863.6677,3036.0009,2882.0006,2321.0003,2075.3335,806.6671,65208.0164
71,2018-03-13,190.6672,194.3337,194.3337,205.3334,1675.6669,5148.0011,6020.6684,5423.0013,4543.0009,3127.6674,3179.0009,3212.0006,3307.334,3171.6677,3281.6673,4667.6678,5401.0011,5434.001,5415.6682,4165.3343,3303.6674,2350.3339,2200.0003,887.3336,76699.3521
72,2018-03-14,183.3336,183.3336,183.3336,201.6669,1697.6671,5294.6679,5126.0014,5243.3346,4645.6676,3248.6677,3168.0008,3190.0006,3094.6674,3120.3341,3369.6672,4484.3344,5536.6678,5738.3348,5496.3346,4455.0011,3567.6676,2387.0005,1961.6668,1001.0003,76578.352
73,2018-03-15,201.6672,190.6672,183.3332,194.3332,1745.334,4950.0012,5965.668,5544.002,4528.3352,3190.0012,3131.334,3014.0012,3061.668,2926.0012,2981.0012,4469.668,5445.0012,5624.668,5049.0012,3226.668,3149.668,2467.6672,2236.6672,825.0,74301.3568
74,2018-03-16,179.6668,183.3336,179.6668,275.0001,1705.0004,5445.0013,5485.3348,5921.668,4268.001,3069.0008,3182.6677,3043.3341,3014.0007,3186.3339,3146.0006,4884.0014,5166.3346,5855.6684,5159.0013,4895.001,3197.3344,2541.0006,2134.0006,931.3336,77047.6865
75,2018-03-17,179.6668,176.0,176.0,308.0001,1584.0003,4205.6676,4605.3343,3505.3341,3578.6673,3182.6676,3278.0009,2867.334,3930.6676,4645.6674,4491.6676,4246.0008,4246.0012,4220.3346,3314.6677,3072.6673,2603.3341,2350.3341,1939.6671,968.0,67675.6825
76,2018-03-18,407.0,517.0001,509.6667,550.0002,1727.0003,3483.3341,3630.001,3461.3341,3450.3341,3751.0008,3996.6678,4312.001,4601.6676,4730.0011,4583.3341,4748.3347,4829.0014,4847.3346,4744.6676,4770.3347,4165.3346,3912.3346,2918.6677,385.0001,79031.353
77,2018-03-19,161.3332,161.3332,161.3332,161.3332,795.6671,2009.3338,2269.6671,2123.0005,2207.3336,2317.3338,2647.3339,2838.0007,2852.6671,3010.3339,2845.3341,2867.3339,2999.3339,3061.6672,3087.3344,3153.3341,2764.6676,2317.3341,1727.0004,190.6669,48730.0109
78,2018-03-20,179.6668,176.0,176.0,242.0,1635.3338,5558.6681,5170.0013,5789.668,4326.6679,3120.3344,3061.6674,2999.3341,2992.0007,3138.6676,3043.3342,4704.3344,5753.0013,5745.6683,5577.0013,5093.0011,3010.3341,2431.0004,2071.6671,781.0002,76776.3525
79,2018-03-21,164.9999,161.3332,164.9999,190.6666,1576.667,5445.0016,5419.3345,5958.3346,4220.3348,3050.6674,3069.0006,3017.6676,3157.0007,3234.0009,3245.0009,4697.0011,5536.6682,5459.6676,5511.0011,4887.6679,3377.0006,2379.6672,2126.6668,773.6672,76824.0179
80,2018-03-22,187.0001,190.6672,190.6672,223.6669,1760.0003,5617.3346,5408.3349,5665.0014,4532.0011,3087.3341,3050.6674,3072.6676,3157.0008,3259.6674,3146.0007,4697.0011,5522.0016,6064.668,5162.6678,4440.3344,3758.3344,2258.6673,2005.6671,850.6669,77308.0203
81,2018-03-23,190.6672,187.0004,187.0004,388.6672,1554.6673,5478.0014,5991.3348,5745.6682,4667.6676,3267.0008,3113.0006,3127.6674,3226.6676,3201.0012,3226.6676,4561.3347,5525.6675,5679.668,5683.3349,4891.3343,3201.0009,2431.0006,2090.0005,909.3338,78525.3549
82,2018-03-24,179.6668,179.6668,179.6668,223.6669,1573.0003,4451.3344,4649.3343,4513.6676,4044.3346,3021.3341,2959.0009,2904.0006,3725.3341,3886.6676,4209.3341,4213.0011,4095.6675,4297.3345,3289.0009,3076.3341,2937.0006,2482.334,1958.0004,806.6671,67855.3501
83,2018-03-25,205.3333,293.3334,304.3333,366.6669,1452.0006,3076.3341,3505.3346,3219.3341,3322.0009,3538.3341,3974.6676,4367.0006,2794.0008,2992.0012,2973.6674,2816.0006,2757.3339,2970.0009,2882.0009,2970.0012,2566.6673,2163.3335,1595.0006,201.6669,57306.3487
84,2018-03-26,194.3337,194.3337,194.3334,256.6669,1708.6671,5624.6684,5639.3346,5566.0014,4854.6678,3226.6677,3278.0008,3384.3341,3318.3341,3179.0008,3457.6676,4906.0017,5276.3346,5654.0017,5573.3346,4876.6677,3124.0008,2211.0006,1947.0006,876.3337,78521.6881
85,2018-03-27,208.9999,216.3333,208.9999,355.6667,1745.3339,5379.0011,5819.0016,5500.0014,4389.0014,3248.6674,3036.0009,2992.0009,3014.0007,2889.3341,3083.6674,4612.6678,5203.0013,5393.6676,5063.6676,5555.0013,3560.3343,2548.3339,2200.0003,821.3336,77044.0183
86,2018-03-28,190.6669,190.6672,187.0004,264.0001,1598.6668,5566.0011,5848.3347,5536.6682,4447.6678,2937.0009,3094.6677,2779.334,2959.0009,3010.3342,2966.3342,4609.0011,5529.3346,5228.6678,5313.0013,4840.0013,3366.0006,2654.6674,2321.0006,832.3338,76270.3536
87,2018-03-29,183.3336,183.3336,176.0,176.0,810.3339,2170.6671,2431.0004,2313.6674,2299.0005,2577.6673,3087.3344,3131.3341,3256.0009,3245.0006,3237.6676,3135.0009,3281.6676,3303.6673,3406.3341,3399.0009,2937.0007,2511.6671,1609.6668,179.6668,53042.0136
88,2018-03-30,164.9999,161.3332,164.9999,164.9999,894.6671,1921.3335,1906.6668,2013.0003,1925.0003,2200.0003,2684.0007,2757.3344,2434.6674,2552.0006,2735.3339,2632.6673,2585.0006,2742.6672,2654.6672,2427.3338,2189.0008,2057.0006,1433.6671,179.6668,43582.0096
89,2018-03-31,164.9999,164.9999,164.9999,256.6666,1433.667,4037.001,4315.6676,4033.3344,3582.3341,3021.3339,2992.0007,3538.3341,4264.3346,4246.0011,4165.3344,4128.6676,4271.6673,4095.6674,3670.3344,3105.6676,2662.0006,2456.6672,1983.6671,854.3334,67609.6818
90,2018-04-01,161.3332,157.6667,157.6667,161.3334,755.3339,1950.667,2064.334,2174.3338,2071.6671,2354.0005,2926.0009,2790.3341,2874.6677,2911.3339,2841.6674,2933.3341,2779.3344,2860.0007,2801.3341,2823.3339,2585.0006,2255.0006,1532.6668,179.6668,47102.0123
91,2018-04-02,164.9999,164.9999,161.3332,245.6666,1675.6673,5606.3349,6079.3348,5899.6682,4733.6681,3160.6677,2951.6674,3197.3341,3333.0009,3087.3341,3245.0006,4788.6679,5305.6678,5709.0017,5280.0013,5210.3349,3065.3338,2288.0003,1954.3338,828.6668,78136.686
92,2018-04-03,179.6668,168.6666,172.3333,216.3336,1653.6671,5628.3347,5852.0012,6042.6681,4550.3346,3091.0007,3127.6673,3241.3342,3237.6677,3204.6673,3208.3339,4620.0008,5496.3347,5602.6681,4719.0014,5162.668,3047.0009,2401.6672,2097.3339,843.3336,77564.6857
93,2018-04-04,179.6668,176.0,179.6668,242.0001,1679.3339,5412.0009,6039.0014,5507.3343,4730.0011,3215.6674,3138.6674,3039.6676,3267.0009,3149.6674,3006.6674,4491.6676,5379.0016,5723.6678,5379.0013,4176.3342,3307.3344,2456.6671,2046.0003,839.667,76761.6847
94,2018-04-05,183.3336,179.6668,179.6668,344.6668,1628.0006,5584.3349,6193.0018,5514.6681,3670.334,2988.3341,2977.3342,3149.6674,3120.3341,2889.3338,3069.0006,4653.0013,5632.0011,5753.0014,5745.6681,4594.3343,3336.6676,2398.0006,2035.0003,817.6668,76637.0191
95,2018-04-06,179.6668,176.0,172.3333,220.0001,1595.0006,5478.0014,5687.0011,5819.0013,4422.0011,4627.3343,4458.6679,4634.6681,4704.3341,4748.3349,4726.3344,6145.3349,5243.3344,6042.668,5584.3346,5159.0013,3362.3344,2475.0009,2167.0006,843.3336,88671.0221
96,2018-04-07,187.0004,183.3336,183.3336,377.6671,1536.3335,4227.6675,4495.3344,4579.6675,3853.6676,3549.334,3179.0009,3842.6676,4429.3344,4667.6679,4462.3343,4722.6679,4183.6678,4601.6675,4147.0009,3054.3343,2801.3341,2702.3342,2251.3338,902.0001,73120.6849
97,2018-04-08,168.6666,168.6666,168.6666,168.6666,803.0001,2005.6671,2313.6677,2159.6671,2156.0006,2218.3338,2746.3339,2669.3342,2702.3341,2750.0007,2838.0004,2984.6673,2907.6674,2959.0008,3087.3339,2808.6677,2698.6673,2093.6673,1540.0004,198.0004,47314.6786
98,2018-04-09,172.3333,168.6666,168.6666,198.0001,1668.3339,5496.3346,5584.3346,5826.3345,4462.3343,3245.0008,3032.3338,3083.6674,3215.6679,2959.0009,3120.3341,3996.6676,5401.0011,5672.3346,5148.0013,4579.6679,3351.3341,2247.6672,2027.6668,847.0003,75672.6843
99,2018-04-10,157.6669,154.0002,161.3332,289.6669,1514.3339,5280.0013,5540.3348,5661.3346,4521.001,3263.3341,3094.6676,2977.3339,2988.3344,2955.3341,3102.0009,4510.0011,5467.0013,5467.0014,5316.6679,5093.0012,3718.0009,2368.6674,2200.0006,773.667,76574.6866
100,2018-04-11,150.3337,146.6672,154.0002,208.9999,1613.3338,5661.3344,6017.0015,5852.0011,4323.0012,3267.0009,3039.6674,3149.6676,3230.3339,3157.0009,3219.3341,4704.3343,5804.3349,5742.0011,6094.0014,4645.6679,4213.0011,2478.6671,2031.3339,825.0004,79728.0199
101,2018-04-12,154.0004,146.6669,172.3333,234.6669,1631.667,5324.0013,5764.0014,5870.3349,4180.0008,3285.3341,3138.6673,3098.3339,3215.6676,3241.3339,3153.3341,4865.6681,5914.3349,5789.6681,5265.3346,3696.0008,3109.3341,2541.0009,2123.0003,810.3336,76725.0192
102,2018-04-13,176.0001,172.3333,194.3337,227.3334,1796.667,5617.3346,6002.3348,5371.6678,4744.6675,3237.6676,3241.3339,3168.0007,3289.0009,3098.3341,3157.0006,4733.6682,5786.0015,5665.0013,5511.0013,4605.3346,3681.3344,2416.3341,2090.0003,854.3335,78837.0192
103,2018-04-14,172.3333,172.3333,172.3333,231.0,1657.3341,4524.6677,4774.0011,4381.6676,3542.0009,3369.6676,3010.3344,3784.0009,3780.3344,3131.3341,3171.6676,2907.6672,4048.0009,4546.6679,3798.6674,3267.0009,2830.6674,2827.0009,2174.3338,986.3336,67261.3503
104,2018-04-15,161.3332,161.3332,157.6667,154.0002,858.0003,2137.667,2097.3336,2178.0007,2104.6671,2361.3338,2713.3338,2768.3342,2790.3341,2959.0007,2922.3341,2819.6673,3102.0008,3087.3343,3109.3344,3208.3341,2706.0006,2288.0006,1613.3338,179.6666,48638.3452
105,2018-04-16,161.3332,157.6667,157.6667,249.3334,1562.0003,5760.3349,5976.6681,5705.3346,4334.0011,3072.6672,3061.6676,2973.6672,3003.0009,3281.6674,3226.6674,4832.6681,4605.3344,4455.0011,5606.3347,4572.3344,2922.3344,2603.3342,2104.6671,854.3337,75240.0188
106,2018-04-17,161.3336,150.3336,190.6672,220.0004,1576.6671,5525.6681,5331.3348,5723.6678,4312.0008,3204.6676,3127.6674,3061.6674,3395.3341,3127.6676,3212.0009,4708.0011,5819.0014,5643.0017,5404.6678,5012.3346,3109.3341,2504.3341,1939.6673,810.3339,77271.3544
107,2018-04-18,179.6669,135.6668,179.6672,216.3334,1646.3339,5602.6684,5588.0008,5899.6681,4440.3344,3171.6674,3036.0008,3091.0008,3241.3343,3237.6674,3182.6674,4829.0011,5159.0014,5456.0013,5815.3349,4528.3345,3450.3339,2592.3341,2130.3338,806.6669,77616.0199
108,2018-04-19,183.3336,179.6668,176.0,194.3333,1631.667,5643.0013,5624.6682,5632.0017,4400.0008,3102.0009,2977.3339,3223.0009,3245.0009,3336.6674,3201.0006,4964.6678,5481.668,5786.0011,5991.3346,5412.0011,3241.3341,2794.0009,2211.0004,916.6671,79548.3524
109,2018-04-20,179.6668,172.3333,168.6666,238.3337,1708.667,5430.3347,5995.0011,5507.3343,4374.3344,3179.0007,2992.0008,3131.3344,2090.0003,3212.0011,2955.3339,4803.3344,5558.6679,5441.3346,5137.001,5203.0011,3472.3344,2478.6671,2123.0003,949.6668,76501.3507
110,2018-04-21,161.3336,154.0002,164.9999,187.0002,1617.0003,4429.3346,4477.0008,4583.3346,4205.6676,3094.6677,3054.3341,3795.0008,4176.3343,4418.3341,4480.6674,4407.3343,4095.6677,4301.0009,3776.6676,3087.3341,2651.0007,2761.0006,2112.0003,942.3336,71133.35
111,2018-04-22,172.3333,161.3334,172.3333,168.6666,729.6671,1873.6668,2167.0003,2082.6672,1954.3338,2361.3341,2753.6677,2753.667,2893.0009,2838.0009,2860.0009,2805.0009,2966.3341,2918.6673,2889.3339,2717.0009,3039.6677,3417.3342,2394.3342,337.3332,49426.6797
112,2018-04-23,264.0,264.0,282.3333,748.0003,2574.0008,7326.0016,7986.0021,7634.0021,6218.6678,4590.6675,4337.6676,4766.6676,4840.001,4924.3346,5005.0012,6185.6681,7502.0018,5844.6679,5371.6681,4810.6679,3765.6676,2544.6674,2152.3335,982.6672,100921.357
113,2018-04-24,183.3336,157.6667,165.0001,209.0001,1716.0006,5404.6678,5628.3346,5819.0011,4411.0008,3366.0009,3406.3341,2984.6672,3146.0006,3296.3342,3186.3341,4906.0013,5577.0011,5698.0014,5250.6676,5287.3344,3208.3341,2475.0007,2247.6671,821.3335,78551.0177
114,2018-04-25,168.6666,168.6666,183.3336,333.6668,1620.6668,5283.6676,5767.6681,5595.3349,4587.0014,2951.6674,3153.3344,3457.6678,3219.3343,3098.3344,3080.0006,4664.0011,5272.6679,5701.6679,5918.0016,4370.6676,3292.6676,2662.0007,2130.3336,894.6671,77575.6864
115,2018-04-26,190.6669,190.6672,190.6672,458.3336,1525.3337,5232.3346,5756.668,5404.6682,4521.0013,3285.3342,3424.6676,3377.0009,3523.6675,3234.0009,3190.0009,4928.0011,5492.6678,5734.668,5269.0011,4961.0011,3520.0011,2764.6676,2240.3336,898.3339,79313.688
116,2018-04-27,198.0002,190.6672,194.3337,242.0002,1694.0005,5298.3344,5514.6679,5694.3346,4348.6676,3072.6674,3215.6676,3153.3341,3091.0009,3039.6674,3120.3341,4634.6676,5668.6681,5760.3346,5602.6681,5129.6679,3369.6673,2643.6673,2372.3341,891.0004,78140.3532
117,2018-04-28,187.0004,183.3336,190.6672,399.6669,1426.3336,4282.6675,4469.6676,4161.6676,3527.3342,2790.3341,3003.0009,3875.6675,4418.3344,4466.0008,4513.6679,4249.6676,4136.0011,4359.6676,3696.0009,3087.334,2673.0009,2720.6674,2167.0003,1001.0003,69985.6843
118,2018-04-29,179.6668,176.0,179.6668,176.0,902.0001,1870.0005,2108.3336,2093.6671,1983.6668,2174.3338,2841.6673,2783.0008,2915.0008,2783.0006,2889.3339,2731.6673,2838.0009,2933.3341,2970.0012,2874.6672,2783.0006,2247.6673,1569.3338,198.0001,47201.0114
119,2018-04-30,164.9999,168.6666,161.3332,282.3333,1631.6671,5547.6678,5324.0011,5716.3349,4348.6678,3120.3344,3303.6676,3138.6674,3186.3344,3281.6675,3256.0007,4554.001,5621.0011,5921.668,5100.3348,4315.6676,3259.6676,2489.6671,2185.3338,806.6668,76886.3515
120,2018-05-01,179.6672,176.0,172.3332,183.3332,748.0,1873.6672,2159.6672,2280.6672,2163.334,2423.6672,2834.334,2959.0012,2878.334,2900.334,3175.334,3179.0012,3124.0012,2907.6672,2852.6672,2999.334,2757.334,2203.6672,1580.334,205.3332,48917.0128
121,2018-05-02,165.0,161.3332,165.0,410.6672,1507.0,5573.3352,5808.0012,5518.3352,4737.3352,3153.334,3355.0012,3296.334,3424.668,3113.0012,3391.668,5052.668,5430.3352,5628.3352,5705.3352,4715.3352,3314.668,2519.0012,2167.0012,825.0,79137.6928
122,2018-05-03,190.6672,194.3332,194.3332,249.3332,1760.0,5276.3352,6064.668,5415.668,4491.668,3054.334,2904.0012,3160.6672,2889.334,3080.0012,2951.6672,4770.334,5533.0012,5723.668,5522.0012,4301.0012,3278.0012,2596.0012,2064.334,825.0,76490.3528
123,2018-05-04,172.3332,176.0,176.0,216.3332,1697.6672,5214.0012,5522.0012,5720.0012,4440.334,3160.6672,3120.334,3281.6672,3113.0012,3135.0012,3267.0012,4645.668,5518.3352,5353.3352,5474.3352,4242.3352,3831.668,2636.334,2104.6672,861.6672,77080.6884
124,2018-05-05,179.6672,183.3332,179.6672,473.0,1463.0,4550.334,4268.0012,4576.0012,3685.0012,3098.334,3149.6672,3597.0012,4407.334,4697.0012,4422.0012,4231.3352,4326.668,4433.0012,3567.668,2713.334,2225.6672,2801.334,2141.334,979.0,70348.6856
125,2018-05-06,172.3332,172.3332,172.3332,165.0,854.334,2013.0,2200.0012,2104.6672,2016.6672,2387.0012,2819.6672,2621.6672,2856.334,2816.0012,2724.334,2790.334,2885.6672,2753.6672,2918.6672,3039.6672,2592.334,2163.334,1543.6672,187.0,46970.012
126,2018-05-07,165.0,165.0,161.3332,473.0,1481.334,5335.0012,5434.0012,5305.668,4682.334,3010.334,3080.0012,3050.6672,3124.0012,3179.0012,3175.334,4363.334,5503.668,5569.668,4928.0012,3927.0012,3289.0012,2372.334,2038.6672,898.334,74712.0192
127,2018-05-08,209.0,205.3332,209.0,282.3332,2273.334,7300.3352,7696.3352,7344.3352,5731.0012,4506.334,3098.334,3043.334,3142.334,3142.334,3138.668,4917.0012,5404.668,5745.668,5507.3352,4763.0012,3589.668,2515.334,2057.0012,898.334,86720.356
128,2018-05-09,198.0,194.3332,194.3332,212.6672,1683.0,5349.668,5426.668,5874.0012,4458.668,3340.334,3087.334,3043.334,3193.668,3241.334,3226.6672,4620.0012,5551.3352,6039.002,5419.3352,4697.0012,3399.0012,2471.334,1987.334,861.6672,77770.0212
129,2018-05-10,209.0,205.3332,201.6672,377.6672,1554.6672,5375.3352,5584.3352,5503.668,4469.668,3153.334,3061.668,3039.6672,3021.334,3175.334,3421.0012,4579.668,5364.3352,5551.3352,5199.3352,4345.0012,3468.668,2343.0012,2174.334,854.334,76233.6916
130,2018-05-11,212.6672,209.0,209.0,260.3332,1679.334,5236.0012,5331.3352,4634.668,4730.0012,3036.0012,2801.334,2929.6672,2893.0012,2977.334,3171.668,4631.0012,5525.668,5423.0012,5423.0012,4356.0012,3318.334,2420.0012,2016.6672,865.334,74290.3548
131,2018-05-12,198.0,194.3332,198.0,271.3332,1598.6672,4341.334,4440.334,4249.668,3721.668,3149.6672,2995.6672,3699.668,4367.0012,4414.668,4422.0012,4392.668,4220.334,4389.0012,3696.0012,3047.0012,2676.6672,2687.6672,2101.0012,832.334,70304.6856
132,2018-05-13,190.6672,187.0,190.6672,187.0,854.334,1895.6672,1961.6672,1892.0012,1961.6672,2240.334,2841.6672,2981.0012,2959.0012,2812.334,2735.334,2764.6672,2805.0012,2860.0012,2838.0012,2874.6672,2548.334,2317.334,1598.6672,190.6672,46687.6832
133,2018-05-14,176.0,172.3332,172.3332,176.0,828.6672,1943.334,2207.334,2141.334,1998.334,2350.334,2907.668,3006.6672,2977.334,3032.334,3058.0012,3003.0012,2948.0012,3138.6672,3149.6672,3113.0012,2497.0012,2068.0012,1591.334,179.6672,48836.3496
134,2018-05-15,176.0,176.0,172.3332,337.3332,1554.6672,5324.0012,5881.3352,5529.3352,4389.0012,3003.0012,2889.334,2962.6672,3036.0012,3021.334,3124.0012,4579.668,5254.3352,5335.0012,5236.0012,4763.0012,3439.334,2225.6672,1873.6672,861.6672,75144.6876
135,2018-05-16,205.3332,209.0,209.0,308.0,1675.6672,5104.0012,6020.668,5610.0012,4480.668,3355.0012,3050.668,3050.6672,3179.0012,3142.334,3241.334,4510.0012,5690.668,5052.668,5452.3352,4154.334,3454.0012,2390.6672,2035.0012,905.6672,76486.6876
136,2018-05-17,187.0,190.6672,187.0,267.6672,1705.0,5470.668,5360.668,5595.3352,4675.0012,3179.0012,3160.668,3028.668,3109.334,3245.0012,3318.334,4612.668,5452.3352,5654.0012,5558.668,4312.0012,3487.0012,2669.334,2148.6672,968.0,77542.6892
137,2018-05-18,194.3332,190.6672,187.0,381.3332,1565.6672,5085.668,5459.668,5866.668,4334.0012,2973.6672,3065.334,3017.6672,3025.0012,3113.0012,3252.334,4528.3352,5331.3352,5562.3352,5214.0012,4323.0012,3329.334,2339.334,2247.6672,843.334,75430.688
138,2018-05-19,209.0,209.0,209.0,260.3332,1562.0,4429.334,4748.3352,4422.0012,3872.0012,2955.334,2907.6672,3824.334,4484.3352,4513.668,4469.668,4385.334,4183.668,4132.334,3593.334,2819.6672,2607.0012,2504.334,1994.6672,865.334,70161.6848
139,2018-05-20,176.0,172.3332,172.3332,172.3332,847.0,1855.334,2137.6672,2031.334,2079.0012,2321.0012,2801.334,2746.334,2940.6672,3131.334,2918.6672,2863.6672,3120.334,3072.668,3036.0012,3190.0012,2779.334,2313.6672,1576.6672,176.0,48631.0136
140,2018-05-21,165.0,161.3332,157.6672,260.3332,1734.334,5159.0012,5258.0012,5239.668,3765.668,3248.6672,3010.334,2973.668,3036.0012,3076.334,3036.0012,4634.668,5613.668,5415.668,5918.002,4110.334,3538.334,2522.6672,2218.334,909.334,75163.0208
141,2018-05-22,198.0002,190.6672,194.3337,223.6672,1829.6671,5408.3343,3791.3344,1741.6668,1822.3338,1914.0003,2247.6671,2251.3342,2170.6671,2244.0005,2258.6668,2170.667,2233.0006,2288.0006,2266.0003,2068.0005,1947.0006,2031.3336,1925.0003,865.3336,46280.6778
142,2018-05-23,194.3337,190.6672,194.3337,319.0002,1433.6674,4550.3344,5573.3349,5500.0014,3963.6679,3065.3339,2896.6674,3131.3341,3120.3342,3006.6673,3032.3342,4645.6676,5800.6683,5595.3349,5507.3346,4015.001,3212.0009,2519.0006,2108.3338,806.6669,74382.0205
143,2018-05-24,194.3337,194.3337,198.0002,396.0004,1650.0004,5540.3346,5441.3346,5712.6678,4059.0009,2970.0006,3142.3344,2827.0006,2970.0007,2988.3341,3043.3344,4601.6676,5536.6679,5844.6681,5573.3346,4543.0011,3692.3344,2574.0007,2200.0006,781.0003,76673.6864
144,2018-05-25,212.6666,212.6666,216.3333,238.3334,1543.6668,5500.0013,5595.3348,5661.3343,4972.0011,3549.3343,3322.0009,3384.3342,3226.6674,3410.0009,3373.3344,4623.6679,5580.6681,5734.6684,5217.6679,5162.6681,3127.6674,2493.3338,2112.0005,946.0001,79416.3525
145,2018-05-26,194.3332,208.9999,208.9999,223.6666,1701.3338,4506.3346,4517.3343,4312.0008,4378.0013,3138.6676,3219.3342,3571.3341,4451.3344,4279.0008,4202.0011,4154.3343,4136.0011,4304.6675,3718.0009,3230.334,2944.3341,2808.6674,2269.6673,927.6668,71606.35
146,2018-05-27,198.0002,194.3337,194.3337,194.3337,843.3338,2002.0003,2137.6673,2071.6671,2137.6673,2555.6672,3285.3344,3138.6674,3509.0011,3593.3341,3820.6676,3831.6678,3747.3343,3666.6676,3446.6676,3014.0007,2713.3342,2365.0006,1573.0003,187.0004,54420.6824
147,2018-05-28,176.0,172.3333,172.3333,234.6666,1763.6673,5353.3343,4818.0011,5745.668,4576.0008,3014.0006,3281.6674,3278.0007,3168.0009,3083.6676,3179.0007,4671.3343,5434.0013,5881.3349,5639.3348,4535.6678,3069.0009,2354.0006,2148.6668,902.0003,76651.6843
148,2018-05-29,201.6672,201.6672,205.3332,341.0,1642.6672,5393.668,5214.0012,5694.3352,4194.668,3131.334,3032.334,3069.0012,3197.334,3252.334,3069.0012,4722.668,5045.3352,3454.0012,5338.668,4059.0012,3127.668,2321.0012,2104.6672,788.334,72801.6896
149,2018-05-30,208.9999,201.6669,205.3334,443.6669,1686.6668,5456.0013,5668.6681,5731.0013,4528.3343,3212.0011,3138.6676,3248.6676,3164.3339,3113.0009,3208.3341,4642.0014,5481.6678,5932.6682,5456.0014,5342.3346,3278.0009,2222.0007,2185.3338,861.6668,78617.0197
150,2018-05-31,216.3337,194.3337,201.6667,304.3334,1921.3338,5896.0013,4686.0013,5635.6678,4719.0014,3270.6673,3032.3341,3157.0008,3065.3339,2977.3342,3047.0007,4462.3344,5580.6679,5734.6681,4909.6675,4920.6678,3256.0006,2156.0006,1991.0003,788.3336,76123.6849
151,2018-06-01,208.9999,212.6666,208.9999,451.0001,1679.3339,5448.6679,5591.6684,5514.6679,4433.0012,2907.6674,3058.0006,2860.0006,2988.3341,3102.0008,3032.3339,4495.3343,5562.3346,5104.0014,5085.6678,4587.0014,3362.3343,2522.6674,2108.3338,920.3333,75445.3515
152,2018-06-02,194.3332,190.6672,194.3332,465.6672,1470.334,4521.0012,4554.0012,4154.334,4345.0012,3105.6672,3164.334,3729.0012,4568.668,4539.334,4634.668,4506.3352,4477.0012,4576.0012,3982.0012,3146.0012,2929.6672,2841.6672,2236.6672,799.334,73326.0204
153,2018-06-03,179.6668,172.3333,168.6666,172.3334,689.3336,2170.667,2200.0003,2170.667,2148.667,2332.0004,2904.0006,2973.6677,2944.3341,2882.0009,2860.0006,3164.3342,2999.3341,2673.0006,3094.6674,3036.0009,2775.6674,2306.3338,1558.3336,231.0004,48807.0117
154,2018-06-04,179.6668,179.6668,176.0,179.6668,876.3336,2038.667,2262.3338,2233.0004,2126.6674,2185.3338,2720.6673,2863.6676,2775.6676,2764.6671,3102.0011,2860.0006,2915.0006,3091.0009,3065.3339,2926.0006,2768.3339,2273.3339,1569.3338,260.3333,48392.6786
155,2018-06-05,201.6667,205.3332,194.3337,487.6669,1609.6674,5467.0013,5412.0014,5973.0013,3974.6679,3226.6674,3135.0009,3252.3341,3179.0009,3322.0009,3094.6674,4631.0012,5727.3348,5716.3348,5423.0016,4741.0011,3245.0009,2412.6673,2244.0006,803.0001,77678.3538
156,2018-06-06,220.0,216.3333,216.3333,260.3333,1800.3338,5536.6681,5525.6678,2937.0006,5008.6676,3619.0009,3377.0007,3190.0009,3274.3344,3171.6676,3149.6674,4066.3341,5698.0017,5518.3346,5639.3346,4352.3344,3311.0008,2423.6671,2108.3336,828.6669,75449.0175
157,2018-06-07,234.6672,231.0004,231.0004,245.6668,1741.667,5360.6681,5698.0014,5459.6681,4264.3343,3043.3344,3146.0008,3032.3341,3208.3341,3311.0007,3285.3343,4587.0011,5683.3347,5921.6681,5276.3346,5034.3341,3303.6675,2519.0006,2035.0003,854.3337,77707.6868
158,2018-06-08,231.0004,227.3336,227.3336,293.3336,1785.6674,5309.3349,5998.6681,5551.3346,4282.6679,3171.6674,3043.3341,3065.3342,3142.3341,3160.6674,3069.0006,4744.6682,5602.6678,5489.0011,5250.6681,4920.6679,3252.3341,2486.0006,2090.0008,1811.3338,78206.3543
159,2018-06-09,1668.3339,495.0,220.0,300.6668,1650.0004,4671.3346,4315.6676,4275.3346,3930.6678,3278.0009,3142.3341,3710.6679,4356.0011,4242.3344,4469.6678,4011.3342,4312.0011,4297.3343,3692.334,3212.0007,2871.0008,2739.0003,2280.6672,876.3336,73018.0181
160,2018-06-10,205.3332,201.6667,201.6667,198.0002,806.6671,1965.3338,2130.3339,2181.6671,2192.667,2335.6673,3039.6674,3021.3339,2911.3341,3003.0009,3054.3341,3047.0009,2845.3344,2926.0008,3113.0009,2856.3341,2497.0003,2145.0003,1584.0003,223.6667,48686.0121
161,2018-06-11,194.3337,187.0004,187.0004,190.6669,924.0001,2167.0006,2167.0004,2156.0003,2126.6673,2277.0006,2742.6676,2625.3338,2819.6677,3065.3342,3237.6676,3065.334,2904.0009,3149.6676,3256.0009,2944.3339,2636.3338,2225.6673,1565.667,219.9999,49034.3469
162,2018-06-12,201.6667,198.0002,194.3337,557.3339,1488.6671,5192.0013,5569.6681,5507.3349,4293.6673,2959.0009,3105.6676,3032.3341,3032.3342,3256.0009,3179.0011,4605.3343,5500.0013,5833.6682,5298.3344,4719.0011,3670.3344,2291.6673,2222.0003,839.6671,76747.0204
163,2018-06-13,231.0004,223.6668,220.0,465.6671,1672.0006,5628.3346,4950.0012,5720.0013,4198.3346,3127.6674,3105.6676,3190.0008,3208.3341,3175.3341,3237.6671,4656.6679,5192.0016,5555.0014,5584.3344,4502.6676,3450.334,2376.0006,2211.0006,806.6669,76688.3527
164,2018-06-14,220.0,216.3333,216.3333,491.3335,1543.6671,5320.3349,5778.6676,5536.6681,4271.6678,3131.3341,2812.3341,2841.6674,2915.0008,2918.6676,2874.6674,4689.6679,5514.6678,5749.3349,5228.6681,4935.3344,3432.0008,2339.3338,2269.667,872.6671,76120.0188
165,2018-06-15,201.6667,205.3332,201.6667,231.0001,1793.0004,5419.3343,5331.3346,5595.3346,4337.6676,2995.6673,3069.0012,3105.6676,2970.0009,3025.0009,3021.3341,4609.0011,5874.0014,5830.0016,5177.3344,5074.6679,3307.3344,2460.3341,2233.0004,887.3336,76956.0191
166,2018-06-16,212.6666,205.3332,205.3332,286.0,1587.6669,4337.6676,4356.0011,3245.0008,2354.0008,2772.0007,2467.6673,3208.3341,4312.0011,4407.3344,4583.3344,4447.6678,4444.0011,4682.3349,3732.6678,3138.6673,2783.0008,2585.0009,2071.6671,894.6669,67320.0168
167,2018-06-17,179.6668,183.3336,179.6668,187.0001,828.6669,1921.3339,2119.3335,2020.3336,2229.3338,2541.0006,2955.3339,3069.0009,3773.0011,3263.3341,3806.0009,3270.6678,3509.0009,3435.6674,3028.6674,3153.3341,2702.3339,2438.3338,1617.0005,172.3333,52583.6796
168,2018-06-18,157.6667,154.0002,154.0002,579.3337,1459.3338,5573.3346,5786.0013,5393.6681,4506.3345,3072.6673,3076.3342,3157.0009,3142.3341,2999.334,3443.0011,4451.3344,5657.6681,5698.0013,5562.3348,4528.3346,3175.3338,2434.6671,2079.0006,814.0001,77055.0195
169,2018-06-19,220.0,220.0,220.0,289.6668,1961.6671,5320.3344,5727.3349,5492.6675,4319.3344,3186.3339,3267.0008,3047.0008,3230.3341,3021.3342,3193.6677,4814.3344,5445.0013,6086.6682,5580.6678,4106.6678,3358.6674,2387.0006,2288.0006,894.6668,77678.3515
170,2018-06-20,208.9999,212.6666,208.9999,322.6666,1697.6671,5272.6679,5646.6681,5628.3347,4018.6676,3065.3344,3127.6673,2995.6674,3215.6672,3193.6676,3164.3343,5045.3346,5302.0016,5646.6679,5727.3343,4099.3343,3248.667,2559.3338,2361.3341,898.3333,76868.0175
171,2018-06-21,223.6668,227.3336,223.6668,311.6668,1763.6671,4172.6676,3985.6678,4565.0014,5027.0011,3883.0009,3153.3341,2937.0007,3069.0011,3032.3338,2900.3338,4766.6675,5375.3349,5393.668,5742.0013,4235.0011,3285.3343,2442.0006,2365.0009,825.0003,73905.3523
172,2018-06-22,220.0,220.0,216.3333,293.3334,1756.3339,5463.3349,6123.3349,5294.6682,4466.0011,3164.3339,2966.3342,3182.6674,3292.6674,3248.6674,3135.0008,4656.6679,5346.001,5441.3346,5162.6676,4282.6678,3307.3344,2445.6671,2291.6673,825.0004,76802.0189
173,2018-06-23,223.6668,223.6668,223.6668,286.0004,1650.0006,4136.0013,4642.0013,4466.0009,3963.6676,3182.6677,3157.0007,3648.3343,4202.0011,4385.3344,4282.6678,4385.3343,4370.6676,4235.0011,4088.3343,2922.3341,2742.6671,2596.0005,2625.3341,817.6669,71456.0185
174,2018-06-24,462.0001,542.6668,531.6666,649.0001,1804.0003,3193.6676,3402.6677,3318.3341,3230.3339,3468.6676,4114.0008,4081.0008,3043.3344,2819.6674,2508.0005,2618.0008,2735.3339,2805.0006,2673.0006,2706.0009,2566.6671,2236.6671,1525.3336,205.3334,57240.3467
175,2018-06-25,187.0004,190.6672,187.0004,253.0001,1811.3341,5573.3343,5852.0014,5547.6678,4180.0011,3366.0006,3454.0008,3292.6676,3215.6673,3186.334,3138.6676,4726.3344,5445.0013,5987.6684,5643.0014,4946.3348,3406.3341,2596.0007,2203.6671,887.3336,79277.0205
176,2018-06-26,216.3333,212.6666,216.3333,278.6669,1793.0006,5357.0013,5837.3346,5276.3346,4334.0013,3102.0007,3124.0006,3446.6674,3292.6674,3351.3339,3285.3344,4737.3344,5591.6678,5745.6679,5349.6679,4506.3343,3593.334,2702.3341,2306.3341,916.6666,78573.018
177,2018-06-27,208.9999,208.9999,216.3333,454.6669,1716.0006,5782.3346,5485.3349,5980.3346,4279.0009,3006.6677,3373.3344,3278.0006,3274.3342,3164.3344,3289.0008,4781.3346,5294.6679,5830.0014,4675.0011,4433.0011,3483.3343,2709.6672,2273.3338,836.0004,78034.0195
178,2018-06-28,223.6668,223.6668,220.0,377.6669,1877.3339,5624.668,6332.3351,5709.0013,4587.0011,3226.6679,3094.6676,3142.3339,3362.3341,3391.6679,3325.6673,4876.6679,5500.0016,5738.3348,5665.0016,4477.0009,3135.0007,2629.0009,2423.6673,953.3336,80116.6879
179,2018-06-29,227.3336,231.0004,223.6668,414.3336,1987.3336,5503.6681,5855.6681,5562.3343,4429.3346,3157.0006,3058.0009,3076.3341,3285.334,3116.6676,3175.3344,4972.0013,5404.6678,5782.3346,5445.0013,4499.0008,3307.3344,2559.3339,2288.0006,949.6669,78510.6863
180,2018-06-30,208.9999,205.3332,205.3332,538.9999,1529.0005,4334.0011,4546.6678,4403.6679,3846.3344,3025.0009,3047.0009,3740.0011,4499.0011,4466.0009,4381.6678,4521.0011,4429.3344,4381.6678,4103.0011,2959.0009,2977.3342,3021.3341,2533.6674,902.0001,72805.3517
181,2018-07-01,198.0002,198.0002,198.0002,194.3337,810.3336,2152.3339,2291.6671,2350.3338,2324.6672,2273.3338,2761.0003,2702.3341,2651.0003,2797.6674,2926.0009,2885.6677,3032.3342,3105.6676,2970.0008,2893.0008,2728.0006,2174.3339,1580.3336,219.9999,48418.3458
182,2018-07-02,201.6667,201.6667,201.6667,231.0004,891.0,2170.6671,2324.6673,2178.0004,2302.6674,2225.6671,2632.6671,2676.6671,2772.0009,2801.3341,2680.3342,2585.0006,2695.0005,2830.6676,2808.6676,2816.0003,2464.0006,2247.6674,1477.6669,212.6669,46629.0116
183,2018-07-03,176.0,172.3333,179.6668,568.3336,1653.6671,5588.0017,5621.0011,5544.0014,4315.6676,2962.6676,3146.0009,3615.3341,3905.001,3886.6676,3787.6676,4565.0012,5514.668,5426.6681,5390.0011,4939.0011,3520.0012,2585.0004,2299.0006,964.3336,80325.6867
184,2018-07-04,216.3333,220.0,212.6666,308.0001,1811.3339,5580.6679,5584.3348,5995.0014,4213.0011,3116.6676,3340.3339,3190.0008,3197.3341,3204.6674,3362.3344,4708.0011,5562.3343,5756.6683,5533.0011,4568.6678,3080.0011,2508.0009,2310.0006,880.0004,78459.3529
185,2018-07-05,216.3333,212.6666,212.6666,638.0001,1536.3338,5665.0013,5206.6681,5661.3349,4330.3343,3050.6674,3120.3342,3043.3342,3171.6677,2966.3342,3193.6677,4598.0008,5228.6678,5947.3348,5346.0012,4928.0014,3490.6674,2500.6671,2438.3338,898.3336,77601.3523
186,2018-07-06,227.3336,223.6668,220.0,594.0004,1694.0003,5646.6684,5375.3349,5760.3347,4532.0011,3050.6673,3391.6676,3318.3341,3215.6677,3237.6677,3358.6677,4880.3348,5507.3348,5918.0017,5511.0014,4579.6678,3292.6676,2739.0009,2350.3341,902.0004,79526.3558
187,2018-07-07,216.3333,212.6666,212.6666,487.6669,1657.3339,4286.3343,4755.6679,4246.0008,3765.6676,3157.0009,2973.6674,3582.3343,4433.0012,4422.0011,4543.0011,4451.3343,4451.3341,4469.6678,4271.6678,3050.6674,3116.6677,3043.3344,2588.6674,938.6668,73333.3516
188,2018-07-08,179.6668,183.3336,190.6672,194.3336,1030.3335,2244.0006,2258.6674,2222.0003,2280.667,2313.6676,2900.3342,2614.3339,2742.6673,2940.6676,2955.3339,2984.6673,3105.6676,3080.0009,2889.3339,3127.6673,2742.6673,2123.0005,1628.0003,205.3334,49137.013
189,2018-07-09,190.6672,194.3337,194.3337,469.3339,1664.6674,5529.3349,5940.0016,5533.0011,4477.0011,3263.3344,3025.0006,3234.0008,3278.0009,2933.3339,3098.3341,4708.0011,5342.3346,5830.0014,5635.6678,4374.3343,3377.0009,2423.6674,2225.6671,902.0,77843.3539
190,2018-07-10,208.9999,208.9999,201.6667,616.0001,1631.6671,5668.6675,6075.6681,5606.3346,4836.3344,3314.6673,3201.0009,3076.3341,3226.6674,3138.6676,3201.0009,4594.3343,5610.0013,5588.0013,4697.0009,4865.6682,3241.3341,2508.0003,2156.0006,931.3336,78404.3511
191,2018-07-11,227.3336,223.6668,231.0004,645.3336,1635.3339,5456.0013,5610.0013,5709.0011,4264.3343,3146.0009,3142.3344,2937.0006,3135.0008,3190.0007,3179.0009,4627.3344,6046.3348,5456.0014,5452.3348,4700.6678,3296.3344,2552.0006,2211.0003,924.0002,77997.3533
192,2018-07-12,238.3337,245.6667,242.0002,297.0002,1903.0006,4832.6678,5932.6678,5511.0008,4697.0008,2999.3344,2951.6674,3003.0009,3050.6676,2933.3344,3168.0012,4785.0011,5162.6678,5712.6681,5566.0013,4444.0011,3234.0006,2442.0009,2174.3338,869.0004,76395.0196
193,2018-07-13,216.3333,220.0,242.0002,359.3336,1730.6674,5492.6682,5452.3346,5492.6679,4458.6678,3105.6674,3311.0006,3358.6677,3307.3341,3388.0008,3380.6674,4565.0009,5613.6681,4891.3347,4895.0014,4851.0011,2962.6676,2475.0003,2192.6673,946.0003,76908.3527
194,2018-07-14,223.6668,238.3336,220.0,326.3334,1646.3339,4125.0008,4396.3343,4073.6678,4103.0009,3164.3341,3102.0009,3512.6679,4279.0012,4572.3344,4458.6676,4297.3343,4517.3346,4411.0011,3938.0009,3160.6671,2904.0006,2863.6673,2574.0006,920.3335,72028.0176
195,2018-07-15,198.0002,161.3337,25.6667,25.6667,25.6667,29.3332,3.6668,0.0,0.0,0.0,0.0,0.0,0.0,0.0,0.0,0.0,0.0,3.6668,25.6667,29.3332,25.6667,29.3332,25.6667,25.6667,634.334
196,2018-07-16,168.6666,164.9999,161.3332,209.0002,1507.0006,4257.0008,4271.6675,4275.3344,3344.0008,2357.6674,2266.0006,2445.6672,2515.3339,2379.6673,2464.0006,3516.3343,3934.3343,4275.3344,4110.3344,3380.6673,2339.3339,1998.3339,1741.6671,740.6668,58824.3474
197,2018-07-17,212.6666,212.6666,208.9999,278.6666,1378.6668,4187.3341,4440.3346,3813.3343,3274.3343,1844.3339,2442.0006,2379.6674,2449.3339,2339.3341,2324.6673,3446.6676,3894.0009,3729.0009,4337.6676,3718.0009,2423.6671,1954.3336,1587.667,718.6672,57596.0138
198,2018-07-18,223.6668,227.3336,227.3336,282.3336,1470.3335,4128.6676,4480.6674,3905.001,2988.3341,2218.3341,2398.0006,2284.3335,2302.6671,2475.0003,2504.3338,3637.3343,3996.6676,4187.3343,4081.001,3234.0009,2328.3341,1991.0003,1734.334,729.6668,58036.0139
199,2018-07-19,216.3333,216.3333,231.0004,535.3334,1635.3336,5459.6679,5819.0016,5624.6681,4220.3341,3120.3341,3314.6676,3058.0009,3523.6673,3201.0009,3325.6673,5008.6682,5830.0011,5503.6679,5342.3346,4671.3346,3032.3341,2500.6671,2086.3336,865.3336,78342.0186
200,2018-07-20,220.0,216.3333,212.6666,216.3333,1078.0003,2163.3338,2321.0006,2277.0006,2203.6673,2346.6676,2555.6676,2687.6673,2724.3338,2867.3341,2779.334,2841.6674,2750.0007,2860.0006,2856.3341,2863.6674,2676.6673,2273.3338,1653.6671,209.0004,47853.679
201,2018-07-21,194.3337,187.0004,187.0004,429.0004,1576.6669,4246.0012,4235.001,3971.0011,3655.6676,3186.3344,3135.0006,3439.3343,4213.0008,4231.3341,4345.0006,4330.334,4301.0008,4275.3343,4044.3344,2871.0009,2687.6671,2790.3342,2456.6674,825.0004,69813.351
202,2018-07-22,385.0001,480.3333,506.0001,476.6669,1507.0,2170.6673,2398.0006,2354.0006,3006.6674,3582.3343,3989.3346,4150.6676,4209.3341,4378.0009,4521.0011,4418.3341,4506.3344,4407.3343,4913.3347,4653.0013,4128.6676,3780.3343,2621.6676,421.6669,71965.6841
203,2018-07-23,187.0004,183.3336,183.3336,502.3336,1738.0004,5558.6678,5481.6679,5104.0011,4609.0011,3076.3341,3212.0011,2966.3339,3021.3341,3105.6674,3120.3343,4488.0009,5742.0013,5742.0014,5500.0011,5206.6681,3186.3344,2412.6671,2310.0003,924.0003,77561.0193
204,2018-07-24,201.6667,208.9999,208.9999,337.3336,1716.0003,5577.0013,5580.6676,5958.3346,4653.0011,3036.0006,3127.6676,2918.6673,3010.3344,3098.3341,3212.0006,4587.0011,5536.6678,5632.0015,4968.3348,4928.0011,3248.6676,2500.6674,2229.3339,865.3336,77341.0184
205,2018-07-25,201.6667,205.3332,205.3332,432.6669,1243.0004,3905.0009,3688.6676,4279.0008,3201.0007,2196.3338,2203.6674,2130.3335,2148.6668,2123.0003,2255.0003,2871.0006,3773.0011,3575.0009,3974.6678,2618.0006,2335.6674,1892.0004,1807.6673,722.3336,53988.0122
206,2018-07-26,190.6672,194.3337,190.6672,256.6669,1298.0001,3978.3343,3905.0011,3890.3343,3333.0008,2262.3338,2225.667,2174.3341,2130.3341,2262.3335,2251.3335,3208.3344,3714.3341,3960.0008,3817.0009,3050.6676,2387.0005,1855.3336,1547.3336,656.3336,54739.6807
207,2018-07-27,209.0,205.3332,220.0,392.3332,1716.0,5496.3352,5907.0012,5639.3352,4590.668,3105.6672,2933.334,2977.334,3021.334,2984.6672,3263.334,5005.0012,5738.3352,5514.668,5404.668,4345.0012,3435.668,2581.334,2123.0012,902.0,77711.3532
208,2018-07-28,238.3337,231.0004,227.3336,418.0004,1679.3338,4425.6678,4631.0011,4488.0013,3784.0009,3186.3341,3164.3339,3611.6674,4381.6676,4444.0011,4308.3341,4253.3346,4301.0008,4315.6678,4132.3344,2885.6673,2845.3341,2944.3342,2541.0006,927.6671,72365.3521
209,2018-07-29,495.0004,539.0004,542.6669,586.6669,1884.6671,3571.3339,3589.667,3384.3335,3340.3335,3758.3339,4000.3339,4187.3336,4271.6671,4323.0003,4326.6671,4440.3336,4502.6671,4469.667,4634.6671,4436.6671,3996.6673,3736.3341,2786.6671,626.9999,76431.6758
210,2018-07-30,495.0001,586.6666,333.6669,425.3336,1815.0004,5727.3351,5214.0013,5335.0013,4488.0008,3113.0009,3032.3339,3069.0009,3047.0009,3157.0006,3105.6674,4477.0014,5591.6681,5987.6684,5129.6679,4660.3343,3094.6676,2574.0006,2299.0004,828.6669,77586.6863
211,2018-07-31,341.0004,520.6666,297.0002,311.6667,1771.0007,5448.6681,5030.668,5984.0014,4484.3344,2885.6674,2893.0006,2830.6674,2893.0008,2808.6673,2794.0006,4400.0012,5533.0016,5815.3349,5511.0013,4715.3344,3457.6676,2555.6673,2203.6671,865.3336,76351.0196
212,2018-08-01,223.6672,212.6672,212.6672,451.0,1741.6672,5316.668,5833.668,5727.3352,4147.0012,3138.6672,3058.0012,3311.0012,3182.6672,3391.668,3061.6672,4623.668,5555.0012,6031.668,5566.002,4484.334,2911.334,2500.6672,2101.0012,814.0,77597.6888
213,2018-08-02,194.3332,194.3332,190.6672,370.3332,1796.6672,5467.0012,5265.3352,5591.668,4169.0012,2889.334,3021.334,2904.0012,3043.334,3017.6672,3065.334,4667.668,5503.668,5654.002,5676.0012,5082.0012,3369.668,2478.6672,2284.334,913.0,76809.3536
214,2018-08-03,227.3332,227.3332,238.3332,399.6672,1624.334,5206.668,4873.0012,5525.668,4477.0012,3061.668,3120.334,2937.0012,3146.0012,3333.0012,2992.0012,4656.668,5657.668,5852.002,5217.668,5298.3352,3314.6672,2453.0012,2064.334,1840.6672,77744.3568
215,2018-08-04,1279.6672,198.0,201.6672,374.0,1617.0,4125.0012,4678.668,4414.668,3714.334,3186.334,3175.334,3611.668,4583.334,4561.334,4422.0012,4480.668,4378.0012,4425.668,4202.0012,3072.668,2742.6672,2992.0012,2405.334,1921.334,74763.3536
216,2018-08-05,1283.334,176.0,183.3332,176.0,942.334,1947.0012,2240.334,2071.6672,2104.6672,2126.6672,2497.0012,2588.6672,2629.0012,2801.334,2695.0012,2680.334,2735.334,2882.0012,2981.0012,2867.334,2684.0012,2394.334,1694.0,187.0,47567.6824
217,2018-08-06,183.3332,179.6672,179.6672,410.6672,1771.0,5382.668,5463.3352,5742.002,4275.334,2926.0012,3157.0012,3201.0012,3281.6672,3149.6672,3362.334,4928.002,5379.0012,5621.0012,5628.3352,4829.0012,3234.0012,2570.334,2214.6672,902.0,77971.6892
218,2018-08-07,183.3332,183.3332,183.3332,227.3332,1074.334,2200.0012,2431.0012,2335.6672,2350.334,2343.0012,2753.6672,2684.0012,2764.6672,2676.6672,2577.6672,2790.334,2830.6672,2827.0012,2863.6672,2794.0012,2643.6672,2317.334,1580.334,190.6672,47806.0148
219,2018-08-08,183.3336,176.0,179.6668,249.3333,1976.3338,5621.0015,5199.3349,5635.6681,4697.0011,3190.0008,3080.0009,3135.0008,3245.0009,3186.3341,3252.3344,4931.6678,5456.0013,5826.3346,5874.0016,5038.0008,3406.3344,2662.0009,2229.3338,920.3334,79350.3536
220,2018-08-09,194.3337,190.6672,194.3337,297.0001,1800.3336,5382.6682,5518.3346,5793.3348,4106.6676,3083.6672,2992.0012,2937.0007,3072.6674,3138.6677,3182.6676,4678.6679,5478.0011,5610.0014,5855.6681,4799.6679,3179.0007,2625.3341,2225.6668,953.3338,77289.6871
221,2018-08-10,212.6666,198.0002,198.0002,264.0001,1793.0003,5536.6679,5852.0014,5676.0012,4165.3344,2955.3341,3113.0009,3047.0009,3047.0008,3171.6673,3281.6676,4748.3344,5698.0011,5793.3346,5522.0013,4759.3346,3648.3344,2746.3341,2266.0006,1936.0004,79629.0194
222,2018-08-11,1364.0003,216.3334,220.0,374.0004,1650.0003,4385.3343,4594.3344,4293.6676,4026.0009,3186.334,3083.6674,3791.3346,4678.6678,4741.0011,4825.3343,4678.6676,4455.0011,4455.0008,4473.3341,2911.3343,3138.6673,3003.0008,2687.667,2115.6673,77348.3511
223,2018-08-12,1294.3335,172.3333,172.3333,187.0001,986.3336,2390.6673,2431.0004,2343.0003,2299.0008,2284.334,2684.0006,3003.0009,2863.6674,3072.6674,3142.3341,2955.3342,3061.6674,3182.6674,3197.3344,3072.6674,2827.0006,2346.6673,1690.3336,212.6667,51872.346
224,2018-08-13,187.0004,179.6668,179.6668,601.3336,1606.0003,5379.0013,5690.6679,5632.0016,4154.3341,2944.3341,3336.6673,3212.0006,3109.3341,3142.3342,3270.6676,4543.0011,5327.6678,5753.001,5716.3347,4356.0011,3336.6675,2548.3342,2383.3341,872.6668,77462.019
225,2018-08-14,198.0002,183.3336,190.6669,352.0001,1782.0004,5507.3348,5855.6682,5863.0016,4227.6675,3248.6674,3490.6679,3351.3342,3303.6676,3234.0009,3380.6674,4759.3347,5756.6681,5694.3345,5078.3349,4748.3343,3171.6676,2706.0008,2383.3338,865.3336,79332.021
226,2018-08-15,183.3336,179.6668,190.6669,568.3334,1642.6674,5624.6681,6094.0013,5676.0014,4260.6675,3270.6676,3204.6674,3212.0006,3432.0011,3248.6677,3296.3339,4887.6681,5731.0014,5742.0014,5408.3346,5258.0014,3300.0011,2713.3341,2247.6671,832.3336,80204.6875
227,2018-08-16,183.3336,183.3336,183.3336,308.0004,1804.0003,5635.6684,5745.6679,5650.3346,4370.6678,3135.0009,3127.6673,3131.3341,2922.3344,2970.0008,3105.6676,4906.001,5463.3348,5855.6684,5639.3346,4873.0011,3842.6679,2673.0006,2339.3339,869.0003,78917.6879
228,2018-08-17,220.0001,220.0,220.0,498.6668,1679.3339,4994.0009,6149.0016,5610.0011,4293.6676,3241.3341,3329.3341,3234.0008,3164.3341,3307.3342,3435.6674,4645.6676,5621.0013,5184.6676,5848.3346,4708.001,3652.0009,2863.6673,2383.3341,1008.3336,79511.6847
229,2018-08-18,238.3337,234.6672,220.0,330.0001,1686.6673,4484.3348,4359.6678,4396.3344,4106.6676,3201.0011,3193.6674,3721.6678,4590.6678,4719.0011,4400.001,4312.0008,4411.0013,4363.334,4121.3341,3076.3344,2816.0009,2816.0006,2266.0006,938.6671,73003.3529
230,2018-08-19,253.0,205.3332,201.6667,198.0002,942.3335,2112.0009,2361.3341,2343.0006,2324.6674,2354.0006,2698.6676,2768.3342,2691.3338,2665.6676,2786.6676,2849.0007,2706.0009,2827.0008,2816.0008,3069.0009,2574.0005,2207.3338,1650.0003,190.6672,47795.0139
231,2018-08-20,179.6668,179.6668,179.6668,179.6668,979.0004,1998.3338,2288.0006,2306.3341,2200.0005,2280.6671,2588.667,2629.0008,2640.0006,2739.0006,2918.6671,2640.0009,2794.0009,2816.0009,2951.6673,2775.6674,2548.3344,2174.3338,1540.0003,209.0001,46735.3458
232,2018-08-21,187.0001,179.6668,176.0,289.6668,1851.6672,5643.0011,5848.3349,5764.0013,4202.0008,3164.3342,3322.0009,3168.0007,3080.0008,3120.3344,3223.0006,4605.3345,5525.6681,5683.3346,5382.6681,4744.6678,3446.6678,2709.6673,2207.3341,887.3336,78411.6865
233,2018-08-22,234.6672,234.6672,231.0004,267.6669,1628.0006,5206.6681,5907.0012,5789.6683,4433.0011,3083.6673,3329.3339,3182.6674,3182.6673,3153.3341,3512.6676,4675.0009,5430.3348,5544.0011,5188.3345,4994.0008,3520.0008,2742.6676,2398.0006,920.3336,78789.3533
234,2018-08-23,242.0002,242.0002,238.3337,487.6671,1789.3339,5408.3347,5445.0014,5602.6681,4363.3343,3270.6676,3204.6677,3289.0008,3149.6676,3116.6676,3149.6676,4645.6679,5518.3349,5496.3349,5698.0016,4656.6679,3333.0006,2566.6674,2240.3338,843.3333,77997.3548
235,2018-08-24,245.6669,252.9999,220.0002,517.0002,1554.6672,5448.6684,4957.3344,5555.0016,4840.0009,3069.0009,3113.0009,3498.0008,3058.0007,3127.6674,3428.3341,4708.0011,5749.3348,5382.6675,5562.3351,4323.0008,3190.0004,2537.3341,2189.0003,964.3336,77491.3522
236,2018-08-25,212.6666,208.9999,208.9999,571.9999,1474.0004,4576.0011,4678.6681,4414.6678,3949.0006,3245.0006,3175.334,3512.6676,4499.0008,4425.6676,4330.3343,4297.3344,4293.6676,4238.6679,4088.3344,2885.6674,2772.0006,2845.3341,2427.3338,935.0002,72266.3496
237,2018-08-26,223.6668,223.6666,212.6666,260.3334,990.0003,2027.6673,2196.3338,2156.0006,2233.0005,2317.3336,2786.6674,2794.0006,2680.3341,2845.3339,2896.6674,2911.3341,2794.0009,3069.0009,2962.6677,2889.3341,2522.6674,2225.6673,1536.3339,190.6669,47945.3461
238,2018-08-27,187.0004,168.6666,172.3333,242.0001,1719.6673,5338.6679,5580.6684,6196.6684,3868.3341,3025.0009,3028.6677,2977.3341,2992.0009,3050.6673,3036.0006,4627.3344,5646.6679,5881.3349,5591.6682,5177.3347,3377.0008,2354.0006,2163.3335,854.3336,77256.6866
239,2018-08-28,220.0,216.3333,220.0,451.0003,1712.3336,5602.668,5830.0016,5833.6681,4341.3343,3274.3341,3138.6674,3193.6674,3245.0009,3248.6673,3424.6674,4917.0014,5500.0014,5987.6681,5914.3348,4612.6678,3457.6676,2772.0009,2427.3336,920.3336,80461.3529
240,2018-08-29,264.0,267.6668,205.3332,307.9999,1778.3338,5826.3346,5877.6682,5797.0013,4242.3341,3149.6674,3120.3341,3182.6674,3325.6674,3230.3341,3384.3342,5078.3343,5379.0016,5764.0015,5903.3349,4242.3343,3743.6676,2618.0006,2390.6674,942.3336,80021.3523
241,2018-08-30,208.9999,205.3334,208.9999,480.3333,1804.0003,5683.3349,6053.6681,5573.3349,4389.0011,3072.6674,2838.0009,2937.0009,3072.6674,2962.6674,3050.6673,4807.0011,5470.6682,5947.3351,5822.6683,4444.001,3435.6676,2629.0009,2328.3338,865.3336,78290.6867
242,2018-08-31,208.9999,223.6667,256.6666,495.0001,1745.3338,5408.3345,5870.3346,5888.6681,4370.6679,3072.6676,2981.0006,3186.3342,3171.6676,3138.6674,3391.6676,4953.6677,5705.3349,5555.0014,5786.0014,4741.0011,3681.3344,2658.3341,2317.3339,916.6671,79724.3532
243,2018-09-01,212.6672,216.3332,242.0,326.3332,1818.6672,4546.668,4543.0012,4389.0012,3916.0012,3215.6672,3175.334,3619.0012,4535.668,4495.334,4422.0012,4304.668,4352.334,4297.334,4253.334,3087.334,3098.334,3021.334,2577.6672,1290.6672,73956.6844
244,2018-09-02,594.0,198.0,190.6672,183.3332,858.0,2343.0012,2427.334,2343.0012,2295.334,2412.6672,2691.334,2698.6672,2742.6672,2794.0012,2819.6672,2816.0012,2918.6672,2783.0012,2922.334,2900.334,2746.334,2313.6672,1554.6672,201.6672,48748.348
245,2018-09-03,179.6672,187.0,194.3332,256.6672,1895.6672,5445.0012,5793.3352,5676.0012,4579.668,2233.0012,2544.6672,3010.334,3091.0012,3109.334,3351.334,4766.668,5536.668,5848.3352,5558.668,4836.3352,3362.334,2372.334,2159.6672,854.334,76842.3556
246,2018-09-04,154.0,25.6672,44.0,355.6672,1492.334,4719.0012,5771.3352,5778.668,4546.668,3094.6672,2940.668,2860.0012,2999.334,2962.6672,3087.334,4506.334,5555.0012,5690.668,5544.002,4517.334,3186.334,2662.0012,2273.334,931.334,75698.3548
247,2018-09-05,245.6672,260.3332,253.0,359.3332,1829.6672,5621.002,6002.3352,5646.668,4858.3352,3241.334,2988.334,3153.334,3087.334,3087.334,3303.668,4906.0012,5485.3352,6207.668,5514.668,4363.334,3300.0012,2497.0012,2192.6672,909.334,79313.6892
248,2018-09-06,216.3332,212.6672,220.0,271.3332,1822.334,5335.0012,5888.668,5778.668,4143.334,3083.6672,3168.0012,3325.668,3153.334,3190.0012,3399.0012,4770.3352,5617.3352,5888.668,5617.3352,4726.3352,3575.0012,2420.0012,2075.334,880.0,78778.3568
249,2018-09-07,216.3332,209.0,212.6672,440.0,1661.0012,5258.0012,5657.668,5742.0012,4433.0012,3157.0012,3362.334,3149.668,3131.334,3248.6672,3417.334,4627.3352,5855.668,5771.3352,5852.0012,4077.334,2863.6672,2570.334,2266.0012,931.334,78111.0216
250,2018-09-08,194.3332,190.6672,183.3332,399.6672,1595.0,4385.334,4671.3352,4326.668,3978.334,2955.334,2904.0012,3454.0012,4315.668,4389.0012,4491.668,4495.334,4169.0012,4403.668,4004.0012,2819.6672,2962.6672,3138.6672,2416.334,909.334,71753.0196
251,2018-09-09,271.3332,249.3332,201.6672,190.6672,942.334,2079.0012,2163.334,2251.334,2104.6672,2181.6672,2581.334,2687.6672,2735.334,2797.6672,2753.6672,2827.0012,2819.6672,2907.6672,2966.334,2926.0012,2665.6672,2258.6672,1580.334,223.6672,47366.0144
252,2018-09-10,190.6672,190.6672,187.0,330.0,1840.6672,5584.3352,6343.3352,5316.668,4744.668,3314.668,2981.0012,3032.334,3080.0012,2977.334,3160.6672,4667.668,5188.3352,5599.0012,5643.0012,4345.0012,3300.0012,2731.6672,2181.6672,887.334,77817.69
253,2018-09-11,209.0,198.0,201.6672,337.3332,1936.0,5657.668,5951.0012,5654.0012,4367.0012,3182.6672,3252.334,3219.334,3157.0012,3366.0012,3289.0012,4785.0012,5822.668,6017.002,5243.3352,5375.3352,3461.334,2753.6672,2350.334,935.0,80721.6876
254,2018-09-12,245.6672,234.6672,223.6672,601.3332,1657.334,5588.0012,5569.668,5371.668,4224.0012,3032.334,2896.6672,3230.334,3175.334,3369.668,3457.668,4741.0012,5753.002,6101.3352,5657.668,5126.0012,3366.0012,2471.334,2126.6672,839.6672,79060.6896
255,2018-09-13,212.6672,212.6672,209.0,443.6672,1778.334,5687.0012,5899.668,6031.668,4422.0012,3094.6672,3234.0012,3157.0012,3149.6672,3076.334,3285.334,4924.3352,5665.0012,6002.3352,5555.0012,4594.334,3505.334,2614.334,2185.334,876.334,79816.0216
256,2018-09-14,275.0,264.0,278.6672,616.0,1683.0,5558.668,5650.3352,6306.668,3945.334,3065.334,3116.6672,3017.6672,3182.6672,3340.334,3300.0012,4854.668,5690.668,5767.668,5375.3352,4440.334,3311.0012,2599.6672,2376.0012,916.6672,78932.3532
257,2018-09-15,286.0,282.3332,278.6672,539.0,1661.0,4579.668,4550.334,4282.668,4194.668,3160.6672,3219.334,3864.668,4323.0012,4392.668,4458.668,4260.668,4323.0012,4345.0012,4106.668,2951.6672,3003.0012,2852.6672,2442.0012,891.0,73249.02
258,2018-09-16,234.6672,242.0,227.3332,194.3332,990.0,2229.334,2269.6672,2229.334,2321.0012,2302.6672,2621.6672,2761.0012,2746.334,2761.0012,2856.334,2790.334,2882.0012,3061.6672,3124.0012,3091.0012,2764.6672,2603.334,1705.0,201.6672,49210.348
259,2018-09-17,190.6672,187.0,187.0,506.0,1760.0,5456.0012,5712.668,5830.0012,4312.0012,3171.6672,3146.0012,3003.0012,3267.0012,3212.0012,3373.334,5074.668,5577.0012,5613.668,5463.3352,4392.668,2944.334,2482.334,2159.6672,872.6672,77894.6876
260,2018-09-18,245.6672,242.0,238.3332,333.6672,1712.334,5628.3352,5910.668,5870.3352,4271.668,3270.6672,3197.334,3175.334,3186.334,3274.334,3479.668,4972.0012,5500.0012,5925.3352,3846.334,5166.3352,3666.668,2647.334,2203.6672,942.334,78906.6892
261,2018-09-19,201.6672,198.0,198.0,535.3332,1562.0,5643.0012,5610.0012,6006.002,4139.668,3311.0012,3186.334,2948.0012,3186.334,3102.0012,3153.334,4843.668,5580.668,5863.0012,4785.0012,4264.334,3564.0012,2544.6672,2280.6672,968.0,77674.6864
262,2018-09-20,289.6672,293.3332,297.0,531.6672,1716.0,5544.0012,5822.668,6050.002,4246.0012,3248.668,3373.334,3179.0012,3025.0012,3270.668,3311.0012,4664.0012,5566.0012,5951.002,5668.668,4561.3352,3366.0012,2570.334,2258.6672,916.6672,79720.6908
263,2018-09-21,245.6672,245.6672,238.3332,271.3332,1914.0012,5390.0012,5866.668,5639.3352,4829.0012,3076.334,3135.0012,3197.334,3248.668,3270.668,3476.0012,4854.668,5591.668,6167.3352,5562.3352,4964.668,3105.6672,2412.6672,2284.334,953.334,79940.6908
264,2018-09-22,275.0,278.6672,271.3332,528.0,1584.0,4114.0012,4733.668,4330.334,4037.0012,3245.0012,3124.0012,3501.668,4477.0012,4638.334,4469.668,4546.668,4594.334,4425.668,4161.668,3058.0012,3102.0012,3058.0012,2684.0012,953.334,74191.3552
265,2018-09-23,194.3332,190.6672,187.0,194.3332,1041.334,2152.334,2324.6672,2280.6672,2247.6672,2335.6672,2805.0012,2794.0012,2845.334,2988.334,3047.0012,3010.334,3098.334,2999.334,3113.0012,3065.334,2680.334,2321.0012,1591.334,212.6672,49720.0156
266,2018-09-24,201.6667,194.3337,198.0002,685.6671,1518.0004,5797.0014,5470.6681,6013.3349,4172.6676,3109.3342,3278.0006,3443.0007,3340.3341,3428.3341,3626.3343,4924.3346,5716.3346,6031.6683,5401.0013,4462.3343,3259.6673,2544.6674,2368.6674,942.3339,80127.6872
267,2018-09-25,278.6672,282.3337,275.0004,462.0003,1837.0008,5448.6683,5848.3347,5841.0011,4125.0011,3256.0008,3061.6676,3072.6674,3234.0007,3175.3341,3105.6676,4909.6679,5599.0011,5111.3343,5830.0013,4337.6677,3076.3341,2482.3338,2511.6673,905.6671,78067.0204
268,2018-09-26,223.6668,227.3336,220.0,542.6668,1774.6671,5665.0013,5753.0016,5965.6681,4682.3343,3080.0009,3102.0009,3017.6677,3113.0008,3098.3341,3153.3342,4678.6678,5192.0013,5910.6682,5745.668,4609.0011,3688.6676,2526.3339,2163.334,938.6668,79071.6869
269,2018-09-27,227.3332,220.0,216.3332,355.6672,1800.334,4843.668,5591.668,6042.668,3853.668,3355.0012,3197.334,3292.668,3131.334,3109.334,3135.0012,4667.668,5580.668,5962.002,5452.3352,4623.668,3054.334,2504.334,2350.334,913.0,77480.3552
270,2018-09-28,223.6668,216.3333,216.3333,355.6666,1815.0006,5764.0014,5712.6681,5980.3348,4385.3341,3226.6676,3197.3341,3127.6677,3127.6676,3160.6677,3256.0006,4972.0013,5635.6681,5782.3346,5749.3349,4381.6676,3142.3341,2819.6671,2321.0005,953.3336,79522.6861
271,2018-09-29,234.6668,223.6668,212.6666,528.0001,1606.0005,4260.6679,4660.3344,4473.3341,3989.3342,3142.3344,3274.3341,3736.3341,4895.0009,4693.3344,4565.0009,4634.6675,4627.3343,4444.0013,4253.3344,3036.0008,3069.0009,3208.3341,2640.0008,920.3336,75328.0179
272,2018-09-30,238.3337,242.0002,231.0004,216.3334,1070.6671,2137.6671,2401.6671,2335.6673,2328.3335,2368.6673,2647.3336,2654.6674,2585.0006,2768.3338,2669.3341,2709.6673,2797.6674,2816.0009,2885.6673,2808.6672,2647.3339,2280.6671,1723.3336,249.3337,47813.345
273,2018-10-01,238.3333,289.6667,289.6667,454.6667,1950.6671,5287.3346,6156.3346,5577.0016,4594.3346,3234.0011,3179.0009,3179.0012,3142.3341,3157.0009,3296.3341,4854.6679,5584.3345,5063.6678,5976.6681,4297.3345,3490.6679,2581.3341,2189.0005,920.3337,78983.6872
274,2018-10-02,271.3336,267.6668,264.0,550.0001,1716.0006,5379.0013,5815.3348,5877.668,4898.6682,3461.3343,3340.3341,3362.3344,3318.3343,3296.3341,3296.3344,4697.001,5786.0013,5815.3349,5492.6678,5052.6679,2951.6673,2607.0008,2357.6673,898.3339,80773.0212
275,2018-10-03,256.6666,260.3333,242.0002,627.0004,1639.0003,5628.3349,5617.3346,5731.0011,4565.0011,3344.0009,3333.0006,3069.0009,3296.3339,3179.0009,3124.0008,4752.0008,5390.0011,5731.0013,5925.3346,4583.3346,3446.6674,2614.3338,2317.3339,990.0004,79662.0184
276,2018-10-04,275.0004,278.6672,271.3336,484.0001,1793.0003,5756.6684,5672.3347,5877.6681,4191.0011,3065.3344,3072.6676,3157.0009,3149.6676,3230.3343,3373.3343,5056.3343,5734.6679,5892.3348,5360.6679,4612.6679,3432.0011,2508.0006,2196.3338,931.3333,79372.3546
277,2018-10-05,253.0,256.6672,253.0,630.6672,1565.6672,5338.668,5415.668,5496.3352,5111.3352,3322.0012,3314.668,3054.334,3454.0012,3278.0012,3314.668,4854.668,5562.3352,5610.0012,5404.668,4682.3352,3446.6672,2651.0012,2189.0012,986.334,79445.6928
278,2018-10-06,198.0002,227.3334,231.0004,583.0001,1419.0006,4407.3343,4568.6676,4235.0011,4000.3343,3259.6674,3105.6676,3696.001,4418.3343,4572.3346,4440.3343,4550.3343,4469.6676,4499.001,4249.6677,2926.0008,2856.3339,2926.0009,2544.6673,938.6668,73322.3515
279,2018-10-07,231.0,223.6672,223.6672,231.0,1070.6672,2079.0012,2332.0012,2262.334,2317.334,2247.6672,2720.6672,2786.6672,2691.334,2871.0012,2808.6672,2687.6672,2808.6672,2885.6672,2698.6672,2632.6672,2610.6672,2390.6672,1675.6672,231.0,47718.0136
280,2018-10-08,238.3337,231.0004,231.0004,608.6668,1730.6671,5309.3346,5742.0011,5346.001,4627.3346,3344.0007,3472.3341,3157.0009,3281.6674,3226.6676,3325.6679,4777.6679,5291.0013,5789.6686,5291.0014,4154.3341,3435.6674,2717.0008,2247.6668,883.6671,78459.3537
281,2018-10-09,249.3333,223.6668,223.6668,278.6667,1818.6674,5441.3344,5639.3346,5709.0014,3916.0011,3336.6676,3355.0006,3410.0008,3358.6676,3399.0009,3362.3341,4605.3347,5507.3349,5258.0014,4836.3346,4543.0011,3245.0009,2599.6672,2211.0003,898.3336,77425.3528
282,2018-10-10,154.0,150.3332,161.3332,491.3332,1686.6672,5591.668,5613.668,5723.668,4444.0012,3153.334,3351.334,3314.668,3138.6672,3153.334,3303.6672,4726.334,5239.668,5965.668,5206.668,4975.668,3655.668,2431.0,2251.334,887.334,78771.0184
283,2018-10-11,220.0,216.3332,194.3332,597.6672,1463.0,5489.0012,5646.668,5811.668,4414.668,3113.0012,3333.0012,3116.6672,3047.0012,3043.334,3263.334,4832.668,5379.0012,5756.668,5584.3352,4601.668,3659.334,2570.334,2255.0012,898.334,78507.0212
284,2018-10-12,220.0001,242.0001,278.6672,399.6669,1774.6671,5632.0013,6094.0013,5511.0016,4422.0014,3296.3344,3289.0011,3021.3344,3329.3341,3252.3344,3285.3341,4799.6676,5294.6676,5635.6681,5397.3349,4150.6678,2992.0008,2607.0003,2251.3339,924.0002,78100.0207
285,2018-10-13,220.0001,267.6669,264.0,410.6671,1738.0006,4290.0011,4642.001,4381.6676,3894.0011,3186.3341,3190.0009,3875.6678,4334.0011,4495.3343,4546.6676,4550.334,4381.6679,4433.0013,4337.6676,3186.334,3047.0007,2955.3338,2632.6671,946.0004,74206.0181
286,2018-10-14,267.6668,256.6666,264.0001,260.3334,1096.3336,2130.3336,2266.0003,2288.0006,2383.3338,2390.667,2779.3341,2728.0009,2739.0006,2761.0006,2863.6674,2629.0009,2896.6674,3036.0008,2907.6674,2904.0006,2757.3341,2200.0003,1576.6668,216.3334,48598.0111
287,2018-10-15,201.6669,187.0004,216.3334,208.9999,993.6668,2031.3335,2284.3338,2152.3335,2200.0004,2299.0,2728.0009,2841.6673,2852.6676,2896.6676,2801.3338,2794.0009,2995.6674,2955.3341,2926.0009,3065.3342,2673.0007,2178.0006,1631.6668,227.3334,48341.3448
288,2018-10-16,194.3337,256.6666,238.3334,289.6669,1950.6671,5485.3346,5690.6682,5536.6678,4447.6676,2988.3341,3296.3341,2929.6673,2981.0006,3010.3341,2845.3344,4763.001,5569.6681,5544.0014,6042.6681,4367.0011,3325.6674,2779.3341,2361.3338,876.3338,77770.0193
289,2018-10-17,212.6666,212.6666,223.6668,352.0001,1873.6671,5683.3349,5415.6681,5375.3346,4491.6678,3179.0009,3285.3343,3344.0009,3274.3344,3135.0009,3333.0008,4634.6678,5558.6678,5639.3346,5452.3347,4227.6675,3303.6677,2504.3338,2277.0007,924.0004,77913.0198
290,2018-10-18,311.6668,308.0,308.0001,443.6669,1719.6668,5591.668,5562.3346,6002.3348,3846.3343,2962.6674,3234.0006,3241.3341,3080.0008,3087.3341,3109.3344,4612.6678,5485.3346,5690.6681,5775.0013,4312.0011,3373.3344,2504.3339,2233.0003,979.0001,77773.6853
291,2018-10-19,293.3332,296.9999,286.0002,355.6666,1837.0006,5569.6678,5547.6678,5599.0013,4902.3346,3230.3339,3351.3339,3413.6677,3098.3342,3080.0006,3355.0011,4807.0014,5580.6682,5936.3348,5096.6679,4242.334,3560.3344,2508.0008,2306.334,964.3339,79218.3528
292,2018-10-20,296.9999,293.3332,296.9999,352.0001,1708.6672,4297.3346,4403.6678,4440.3344,3897.6674,3017.6674,3105.6672,3721.6676,4370.6676,4469.6679,4330.3343,4253.3343,4198.3346,4308.3343,4150.6677,2922.3339,2801.3341,2959.0006,2497.0009,949.6668,72042.6837
293,2018-10-21,238.3337,231.0004,231.0004,231.0004,913.0001,2218.3341,2372.3338,2277.0006,2233.0003,2497.0005,2797.6674,2746.3341,2812.3341,2904.0006,2940.6673,2867.3341,2867.3344,2871.0012,2900.3338,3054.3342,2574.0005,2262.3339,1664.6668,242.0001,48946.3468
294,2018-10-22,216.3336,190.6672,187.0004,451.0004,1727.0006,5067.3343,5349.6681,5324.0013,4253.3344,3340.3342,3171.6676,3168.0007,3190.0006,3131.3341,3146.0008,3406.3343,4631.0011,5199.3344,5041.6681,3611.6673,3256.0006,2387.0006,2431.0008,993.6671,72871.3526
295,2018-10-23,249.3334,245.6667,242.0002,480.3334,2049.6668,5448.6677,5808.0009,5452.3339,3630.0006,3384.3336,3245.0,3340.3336,3274.3338,3256.0006,3395.3339,3655.6673,4609.0005,4942.6674,5140.6673,3703.3335,2933.3338,2504.3338,2357.6671,1041.3336,74389.3434
296,2018-10-24,256.6666,245.6667,238.3337,421.6666,2108.3338,5368.0011,5925.3349,5753.0013,4455.0014,3303.6676,3179.0007,3252.3341,3303.6673,3204.6674,3135.0006,3670.3343,4678.6677,5676.0011,5071.0011,4055.3346,3241.334,2467.6676,2214.6671,960.6672,76186.0185
297,2018-10-25,308.0002,245.6667,234.6672,425.3337,1972.6669,5591.6675,5661.3346,5646.6678,4125.0011,3164.3341,3252.3341,3080.0009,3069.0009,3237.6674,3237.6677,3523.6676,4583.3346,5401.0011,5082.0011,3905.0013,3087.3342,2500.6671,2222.0006,975.3336,74532.352
298,2018-10-26,242.0002,242.0002,238.3337,352.0001,2075.334,5448.6679,5643.0013,5610.0013,4147.0011,3135.0009,3153.3342,2966.3339,3241.3341,3193.6674,3248.6674,3549.3344,4693.3343,5430.3346,4554.001,3842.6676,3105.6674,2486.0006,2401.6673,990.0001,73989.685
299,2018-10-27,220.0001,220.0,216.3333,550.0001,1683.0006,4312.0009,2636.3338,1195.3335,1815.0005,4213.0011,3017.6674,3586.0008,4429.3343,4513.6676,4598.0011,4554.0011,4568.6679,4469.6679,4260.6676,3153.3342,3186.3344,3065.3342,2673.0006,942.3336,68079.0166
300,2018-10-28,231.0001,256.6669,267.6672,902.0001,2200.0006,2310.0006,2317.3341,2269.6671,2247.667,2709.6673,2783.0007,2654.6672,2764.6673,2658.3341,2753.6676,2702.3339,2702.3341,2808.6671,2812.3342,2449.3341,2145.0003,1683.0006,238.3332,91.6668,46959.0122
301,2018-10-29,194.3334,198.0002,198.0002,432.6669,1723.3338,5848.3346,5646.6681,5764.0019,4561.3343,3116.6674,3171.6676,3025.0009,3204.6676,3149.6677,3296.3343,4748.3346,5195.6682,5577.0013,5727.3348,4565.0011,3652.0009,2548.3336,2354.0003,869.0003,78767.354
302,2018-10-30,216.3333,216.3333,212.6666,414.3336,1675.6671,5705.3346,5082.0013,4814.3343,5063.6676,3050.6673,3065.3344,3039.6673,3043.3344,3120.3341,3186.3341,4535.6678,5382.668,5797.001,5192.0011,4491.6676,2863.6676,2596.0006,2247.6671,946.0004,75958.6845
303,2018-10-31,205.3334,194.3337,194.3337,275.0001,1778.3337,5654.0016,5379.001,5067.3346,5140.6679,3025.0009,3094.6674,3069.0008,3160.6677,3340.3339,3292.6676,4810.6676,5555.0013,5027.0014,4044.3346,4997.6681,3549.3343,2709.6674,2236.6671,993.6668,76794.6866
304,2018-11-01,275.0,271.3332,253.0,630.6672,1719.6672,5547.668,5771.3352,5672.3352,4477.0012,3072.6672,3120.334,3061.6672,3105.6672,3069.0012,3230.334,4752.0012,5426.668,5613.668,5313.0012,4044.334,2988.334,2625.334,2196.334,872.6672,77110.0196
305,2018-11-02,190.6672,201.6672,227.3332,355.6672,1906.6672,5390.0012,5533.0012,5811.668,4092.0012,3061.6672,3028.6672,3047.0012,3105.668,3116.668,3296.334,4436.668,5434.0012,5540.3352,5041.668,4638.3352,3417.334,2500.6672,2335.6672,931.334,76640.6892
306,2018-11-03,205.3332,205.3332,201.6672,627.0,1485.0,4341.334,4623.668,4363.3352,3890.334,2970.0012,2669.334,3681.334,4224.0012,4455.0012,4213.0012,4125.0012,4286.334,4172.668,3901.334,2852.6672,2871.0012,2830.6672,2401.6672,898.334,70495.3516
307,2018-11-04,194.3332,190.6672,190.6672,194.3332,931.334,1965.334,2361.334,2266.0012,2167.0012,2266.0012,2695.0012,2757.334,2830.6672,2838.0012,2878.334,3014.0012,2933.334,2797.6672,3006.6672,2827.0012,2482.334,2185.334,1628.0,256.6672,47857.35
308,2018-11-05,271.3332,278.6672,286.0,289.6672,1085.334,2240.334,2376.0012,2145.0012,2284.334,2306.334,2629.0012,2585.0012,2581.334,2603.334,2680.334,2779.334,2845.334,2808.6672,2918.6672,2772.0012,2588.6672,2258.6672,1609.6672,231.0,47454.0156
309,2018-11-06,209.0,201.6672,198.0,344.6672,1807.6672,5514.668,5012.3352,5639.3352,4887.668,3014.0012,3091.0012,2959.0012,3098.334,3113.0012,3164.334,4660.3352,5694.3352,6028.002,5661.3352,5030.668,3285.334,2739.0012,2240.334,916.6672,78510.6928
310,2018-11-07,220.0,220.0,216.3332,385.0,1705.0,5797.0012,5610.002,5767.668,4147.0012,3138.668,3153.334,3142.334,3153.334,3142.334,3351.334,4642.0012,5544.0012,5958.3352,5309.334,4187.334,3421.0012,2541.0012,2240.334,931.334,77924.0196
311,2018-11-08,253.0,260.3332,256.6672,286.0,1925.0012,5448.668,5430.3352,5749.3352,4304.668,3058.0012,3032.334,3182.6672,3065.334,3061.6672,3344.0012,4704.334,5324.0012,5672.3352,5283.668,4590.668,3347.668,2412.6672,1958.0012,865.334,76816.6896
312,2018-11-09,205.3332,209.0,205.3332,663.6672,1569.334,5313.0012,5646.668,4407.3352,2673.0012,3916.0012,3120.334,3120.334,3182.668,3080.0012,3127.6672,4469.668,5654.002,5573.3352,5170.0012,4733.668,3061.6672,2720.6672,2222.0012,909.334,74954.0228
313,2018-11-10,216.3332,216.3332,223.6672,473.0,1609.6672,4433.0012,4304.668,4348.668,3831.668,2929.6672,2889.334,3604.334,4172.668,4436.668,4392.668,4136.0012,4422.0012,4440.334,4015.0012,2878.334,2896.6672,2841.6672,2497.0012,1400.6672,71610.0196
314,2018-11-11,337.3332,271.3332,275.0,275.0,942.334,2207.334,2335.6672,2229.334,2277.0012,2361.334,2691.334,2676.6672,2673.0012,2709.6672,2614.334,2709.6672,2911.334,2731.6672,2779.334,2676.6672,2574.0012,2306.334,1796.6672,946.0,48308.3464
315,2018-11-12,275.0,275.0,267.6672,271.3332,924.0,2273.334,2343.0012,2145.0012,2093.6672,2211.0012,2563.0012,2489.6672,2702.334,2706.0012,2486.0012,2636.334,2860.0012,2856.334,2812.334,2801.334,2401.6672,2277.0012,1639.0,253.0,46563.0156
316,2018-11-13,260.3332,278.6672,275.0,359.3332,1826.0,5390.0012,5716.3352,5855.668,4202.0012,3080.0012,3157.0012,2970.0012,3036.0012,3157.0012,3171.6672,4183.668,6057.3352,5881.3352,5364.3352,5467.002,3322.0012,2559.334,2170.6672,927.6672,78668.3576
317,2018-11-14,245.6672,234.6672,234.6672,388.6672,1752.6672,5360.668,5958.3352,5921.668,4301.0012,3355.0012,3171.668,3182.6672,2966.334,3131.334,3204.6672,4374.334,5577.0012,5709.002,5104.0012,4796.0012,3355.0012,2464.0012,2236.6672,931.334,77957.0232
318,2018-11-15,234.6672,227.3332,231.0,484.0,1756.334,5793.3352,5628.3352,5892.3352,4356.0012,3292.668,3208.334,3241.334,3223.0012,3171.6672,3303.668,4862.0012,5577.0012,5830.002,5525.668,4876.668,3564.0012,2563.0012,2086.334,854.334,79783.0244
319,2018-11-16,253.0,264.0,256.6672,344.6672,1796.6672,5419.3352,5951.0012,5628.3352,4088.334,3230.334,3032.334,2834.334,3054.334,3091.0012,3252.334,4730.0012,5613.668,5822.668,5632.0012,4411.0012,3674.0012,2636.334,2137.6672,891.0,78045.0204
320,2018-11-17,238.3332,242.0,227.3332,495.0,1631.6672,4488.0012,4605.334,4557.668,3960.0012,3047.0012,3138.6672,3670.334,4370.668,4180.0012,4847.334,4220.334,4495.3352,4411.0012,4033.334,3087.334,3017.6672,2878.334,2570.334,971.6672,73384.6844
321,2018-11-18,260.3332,249.3332,245.6672,260.3332,946.0,2398.0012,2544.6672,2464.0012,2376.0012,2482.334,2874.6672,2959.0012,2926.0012,2856.334,2970.0012,2933.334,2933.334,3058.0012,3072.6672,3017.6672,2841.6672,2423.6672,1650.0,223.6672,50966.6816
322,2018-11-19,209.0,220.0,264.0,370.3332,1976.334,5467.0012,5610.002,5690.668,4631.0012,3256.0012,3072.6672,3039.668,3149.6672,3102.0012,3050.6672,4719.0012,5797.0012,6031.668,5734.668,4183.668,3105.6672,2530.0012,2148.6672,916.6672,78276.0208
323,2018-11-20,198.0,194.3332,194.3332,473.0,1602.334,5107.668,5661.3352,5767.668,4433.0012,3204.668,3135.0012,3113.0012,3109.334,3149.668,3223.0012,4594.334,4392.668,5591.668,5012.3352,4521.0012,3168.0012,2585.0012,2255.0012,869.0,75555.3564
324,2018-11-21,190.6672,187.0,190.6672,374.0,1866.334,5503.668,5492.668,6094.002,4722.668,3215.668,3164.334,3164.334,3186.334,3311.0012,3358.668,4664.0012,5430.3352,5973.0012,5569.668,5283.668,3439.334,2603.334,2174.334,894.6672,80054.3564
325,2018-11-22,190.6672,154.0,176.0,531.6672,1719.6672,5536.668,6028.0012,5815.3352,4264.3352,3109.334,3054.334,2984.668,3179.0012,3281.668,3384.334,4920.668,5459.668,5423.0012,4972.0012,4521.0012,2988.334,2530.0012,2211.0012,891.0,77326.3564
326,2018-11-23,179.6672,183.3332,183.3332,447.3332,1752.6672,5463.3352,5701.668,5775.0012,4473.334,3278.0012,3226.6672,3223.0012,3270.6672,3226.6672,3193.6672,4656.668,5485.3352,5800.668,5602.668,5071.0012,3109.334,2493.334,2134.0012,847.0,78778.3532
327,2018-11-24,209.0,205.3332,205.3332,528.0,1639.0,3886.668,4825.334,4209.334,4077.334,3226.668,3080.0012,3615.334,4348.668,4653.0012,4440.334,4268.0012,4451.334,4385.3352,4070.0012,2977.334,2845.334,2962.6672,2592.334,982.6672,72684.3508
328,2018-11-25,242.0,234.6672,256.6672,260.3332,982.6672,2082.6672,2284.334,2112.0012,2214.6672,2222.0012,2680.334,2805.0012,2742.6672,2717.0012,2764.6672,2764.6672,2317.334,2651.0012,2717.0012,2860.0012,2504.334,2236.6672,1631.6672,238.3332,46522.6828
329,2018-11-26,220.0,201.6672,194.3332,429.0,1683.0,5324.0012,5701.668,5965.668,4499.0012,3157.0012,3080.0012,3006.6672,3388.0012,3098.334,3164.334,4939.0012,5650.3352,6061.002,5173.668,4238.668,3391.668,2618.0012,2291.6672,850.6672,78327.3556
330,2018-11-27,212.6672,205.3332,209.0,421.6672,1789.334,5496.3352,5980.3352,5584.3352,4081.0012,3168.0012,3160.6672,3116.6672,3146.0012,3131.334,3325.668,4777.668,5382.668,5841.0012,5551.3352,4957.3352,3527.334,2482.334,2218.334,916.6672,78683.024
331,2018-11-28,300.6672,297.0,267.6672,370.3332,1807.6672,5701.668,5767.668,5555.0012,4246.0012,3179.0012,3109.334,2962.6672,3061.6672,3087.334,3186.334,4598.0012,4913.3352,6028.002,5129.668,4495.334,3014.0012,2515.334,2211.0012,850.6672,76655.3548
332,2018-11-29,267.6672,271.3332,282.3332,491.3332,1811.334,5551.3352,5646.668,5558.668,4444.0012,3168.0012,2922.334,2962.668,2992.0012,3028.6672,3146.0012,4733.668,5536.668,5738.3352,5588.002,5126.0012,3435.668,2713.334,2229.334,949.6672,78595.0236
333,2018-11-30,286.0,300.6672,286.0,539.0,1778.334,5720.0012,5852.002,5569.668,4414.668,3149.6672,3307.334,3215.6672,3215.668,3270.6672,3439.334,4774.0012,5368.0012,5676.0012,5716.3352,4719.0012,3230.334,2401.6672,2126.6672,1950.6672,80307.3536
334,2018-12-01,1642.6672,766.334,231.0,385.0,1628.0,4297.334,4719.0012,4235.0012,3949.0012,3212.0012,3003.0012,3743.668,4414.668,4557.668,4374.334,4546.668,4638.334,4513.668,4183.668,3014.0012,2944.334,2878.334,2493.334,2108.334,76479.3544
335,2018-12-02,872.6672,238.3332,242.0,249.3332,1048.6672,2148.6672,2156.0012,2185.334,2163.334,2313.6672,2467.6672,2563.0012,2577.6672,2632.6672,2629.0012,2680.334,2757.334,2728.0012,2702.334,2731.6672,2478.6672,2299.0012,1701.334,297.0,46863.6812
336,2018-12-03,289.6672,293.3332,267.6672,513.3332,1613.334,5573.3352,5401.0012,5712.668,4158.0012,3127.6672,3263.334,3116.6672,3369.668,3285.334,3300.0012,4807.0012,5624.668,5481.668,4601.668,4381.668,3230.334,2702.334,2137.6672,869.0,77121.0204
337,2018-12-04,377.6672,245.6672,238.3332,425.3332,1774.6672,5360.668,6035.3352,5639.3352,4150.668,3322.0012,3226.668,3182.6672,3212.0012,3329.334,3296.334,4561.3352,5712.668,5877.668,5536.668,4777.668,3336.668,2640.0012,2295.334,905.6672,79460.3576
338,2018-12-05,201.6672,201.6672,198.0,289.6672,1884.6672,5485.3352,5811.668,5837.3352,4088.334,3230.334,3164.334,3010.334,3171.6672,3050.6672,3333.0012,4623.668,5434.0012,5657.668,5639.3352,4414.668,3410.0012,2464.0012,2174.334,850.6672,77627.0228
339,2018-12-06,198.0,198.0,194.3332,513.3332,1738.0,5489.0012,5236.0012,5569.668,4286.334,3050.668,3164.334,3028.6672,3208.334,3300.0012,3380.6672,4928.0012,5511.0012,5529.3352,5463.3352,4473.3352,3043.334,2544.6672,2262.334,876.334,77187.0196
340,2018-12-07,212.6672,209.0,209.0,311.6672,2079.0012,5580.668,5001.3352,6079.3352,3798.668,3226.668,3256.0012,3098.334,3333.0012,3259.6672,3197.334,4612.668,5478.0012,5533.0012,5723.668,5005.0012,3234.0012,2599.6672,2291.6672,2060.6672,79390.69
341,2018-12-08,781.0,190.6672,190.6672,198.0,865.334,2145.0012,2423.6672,2236.6672,2295.334,2159.6672,2585.0012,2522.6672,2647.334,2643.6672,2728.0012,2731.6672,2845.334,3010.334,2830.6672,3032.334,3135.0012,2691.334,2225.6672,997.334,50112.3488
342,2018-12-09,183.3332,183.3332,179.6672,220.0,1056.0,2108.334,2482.334,2200.0012,2431.0012,2504.334,2783.0012,2805.0012,2779.334,2757.334,2702.334,2643.6672,2680.334,2955.334,2915.0012,2801.334,2607.0012,2372.334,1646.334,216.3332,48213.0152
343,2018-12-10,190.6672,198.0,220.0,322.6672,1873.6672,5353.3352,5778.668,5591.668,4341.334,2889.334,2981.0012,2856.334,2948.0012,3043.334,3146.0012,4576.0012,5324.0012,5489.0012,5008.668,4579.668,3241.334,2511.6672,2218.334,858.0,75540.6872
344,2018-12-11,194.3332,190.6672,194.3332,396.0,1848.0012,5085.668,5551.3352,5738.3352,4444.0012,3105.668,2988.334,2900.334,2995.6672,3054.334,3102.0012,4579.668,5635.668,5745.668,5489.002,4744.668,3241.334,2662.0012,2317.334,957.0,77161.356
345,2018-12-12,194.3332,190.6672,194.3332,491.3332,1624.334,5155.3352,5364.3352,5580.668,4370.668,2775.6672,3142.334,2852.6672,2951.6672,2940.6672,3039.6672,4546.668,5195.668,5848.3352,5342.3352,4473.334,3274.334,2544.6672,2365.0012,916.6672,75375.6872
346,2018-12-13,190.6672,187.0,190.6672,403.3332,1804.0,5434.0012,5239.668,6182.002,3721.668,3127.6672,3142.334,3021.334,3006.6672,3054.334,3175.334,4722.668,5177.3352,5914.3352,5569.668,4873.0012,3556.668,2588.6672,2137.6672,909.334,77330.0212
347,2018-12-14,201.6672,198.0,201.6672,443.6672,1892.0012,5566.0012,5665.0012,5643.0012,4458.668,3278.0012,3223.0012,3274.334,3333.0012,3263.334,3366.0012,4994.0012,5694.3352,5888.668,5478.0012,4572.334,3509.0012,2585.0012,2266.0012,1980.0,80974.6904
348,2018-12-15,799.334,198.0,190.6672,315.3332,1734.334,4191.0012,4257.0012,4227.668,3718.0012,3127.6672,2918.6672,3468.668,4205.668,4268.0012,4304.668,4308.3352,4323.0012,4264.334,4161.668,3065.334,3113.0012,3120.334,2790.334,2082.6672,73153.6884
349,2018-12-16,905.6672,238.3332,264.0,231.0,828.6672,2082.6672,2222.0012,2137.6672,2200.0012,2255.0012,2592.334,2731.6672,2654.6672,2742.6672,2731.6672,2621.6672,2830.6672,2999.334,3017.6672,3219.334,2962.6672,2376.0012,1782.0,278.6672,48906.0136
350,2018-12-17,282.3332,271.3332,275.0,399.6672,1888.334,5676.0012,5507.3352,5562.3352,4653.0012,3204.6672,3267.0012,3270.668,3215.6672,3534.6672,3604.334,4620.0012,5533.0012,6086.668,5877.668,4598.0012,3465.0012,2464.0012,2222.0012,946.0,80424.6884
351,2018-12-18,216.3332,216.3332,212.6672,671.0,1683.0,5346.0012,5870.3352,5712.668,4374.334,3274.334,3032.334,3076.334,3322.0012,3278.0012,3336.668,4997.668,5822.668,5657.668,5833.668,4645.668,3171.668,2614.334,2343.0012,957.0,79665.6876
352,2018-12-19,216.3333,212.6666,212.6666,458.3337,1789.3338,5555.0011,5738.3349,5789.6681,4400.0008,3234.0008,3131.3344,3080.0009,3149.6676,3160.6674,3223.0009,4777.6676,5595.3351,5918.0016,5536.6681,4810.6675,3630.0008,2442.0006,2167.0006,942.3336,79170.6864
353,2018-12-20,231.0004,227.3336,227.3336,502.3337,1716.0007,5302.001,5837.3349,5445.0013,4543.0011,3164.3344,3160.6673,3109.3344,3424.6676,3520.0008,3784.0011,4968.3344,5415.668,6064.668,5122.3346,4352.3346,3483.3339,2742.6674,2306.3338,1012.0004,79662.021
354,2018-12-21,304.3333,308.0,304.3333,667.3334,1646.3338,5569.668,5863.0014,5962.0014,4374.3346,3245.0009,3344.0009,3256.0006,3380.6674,3318.3341,4891.3344,5731.0014,5474.3343,5808.0013,5771.3346,4733.6678,3245.0006,2669.3339,2196.3339,2115.6671,84179.3524
355,2018-12-22,1004.6671,264.0001,256.6666,535.3339,1602.3336,4264.3343,4473.3346,4312.0011,3787.6675,2860.0007,3032.3339,3564.0008,4341.3346,4414.6678,4257.0011,4051.6676,4330.3341,4282.6679,4022.3343,3028.6676,2852.6674,3087.334,2684.0008,2016.6671,73326.0185
356,2018-12-23,953.3336,209.0001,198.0002,201.6667,942.3337,2101.0006,2409.0003,2236.6673,2178.0003,2434.6671,2709.6671,2757.3342,2849.0008,2823.3339,2889.334,2922.3341,3006.6674,2944.3341,2948.0006,2922.3339,2662.0006,2288.0008,1631.6671,308.0001,49525.6786
357,2018-12-24,212.6666,208.9999,205.3332,660.0001,1591.3338,5177.3346,5203.0014,4700.6677,3633.6676,2819.6674,2915.0009,2966.3341,2805.0009,2786.6676,3047.0007,3025.0006,3069.0009,3021.3341,3109.3344,2933.3344,2731.6673,2555.6673,979.0001,231.0002,60588.0158
358,2018-12-25,231.0004,231.0004,227.3336,227.3336,282.3334,1705.0008,1855.3338,2020.3339,1961.6671,2533.6673,2790.3341,2805.0007,2797.6671,2841.6673,2783.0006,2768.3341,2915.0009,3006.6674,3069.0012,2599.6671,2361.3341,2313.6673,1694.0006,256.6666,46277.0134
359,2018-12-26,242.0001,219.9999,201.6667,612.3334,1422.6668,4114.0009,4216.6678,4191.0009,3798.6676,3028.6673,3303.6674,3307.3341,3226.6674,3120.3341,3358.6673,3674.0009,4524.6675,5247.0014,5074.6678,3930.6675,2636.3339,2559.3341,2486.0003,1096.3336,69593.3487
360,2018-12-27,260.3337,245.6667,198.0004,311.6672,1646.3339,4224.0011,4411.001,4216.6676,3773.0008,3116.6677,3245.0009,3094.6677,3182.6674,3289.0009,3274.3342,3703.3341,4664.0011,4994.0013,5133.3346,4117.6673,2742.6674,2621.6671,2427.3339,1037.6671,69930.6851
361,2018-12-28,223.6668,220.0,216.3333,465.6668,1419.0004,4227.6678,4176.3343,4337.6676,3406.3344,3127.6677,3204.6674,3270.6674,3212.0009,3168.0012,3285.3341,3879.3343,4418.3343,5001.3348,4678.6679,3824.3344,2585.0006,2489.6673,2324.6671,979.0003,68141.3511
362,2018-12-29,198.0002,198.0002,198.0002,249.3334,1591.3338,4235.0011,4381.6676,4403.6675,3743.6675,2885.6674,2830.6674,3512.6674,4231.3344,4121.3346,3813.3343,4345.0008,4491.6676,4187.3343,4033.3341,2992.0009,2940.6674,2893.0008,2632.6673,1114.6671,70224.0173
363,2018-12-30,187.0004,187.0004,190.6672,187.0004,946.0001,2016.6668,2178.0006,2236.6671,2079.0006,2126.6671,2493.3336,2636.3338,2445.6674,2665.6674,2676.6674,2541.0003,2434.6674,3318.3341,2882.0006,2720.6674,2478.6673,2299.0008,1650.0003,271.3334,45848.0119
364,2018-12-31,183.3336,183.3336,179.6668,476.6671,1507.0004,4040.6677,4044.334,3993.0009,3520.0009,3061.6673,3094.6674,3146.0009,3190.0006,3318.3342,3157.0009,3212.0008,3131.3341,3318.3341,3311.0008,3190.0008,2544.6673,1059.6671,194.3337,183.3336,57240.3486
365,2019-01-01,179.6668,176.0,176.0,179.6668,278.6669,1683.0004,1950.6671,1873.6672,1848.0003,1631.6671,1873.6671,1851.6673,1976.3338,1892.0003,1983.6668,1906.6671,1888.3335,2178.0006,2185.3338,2306.3341,2306.3338,2130.3339,1606.0004,190.6669,36252.342
366,2019-01-02,231.0004,234.6672,212.6668,238.3336,1628.0,4099.3343,4125.0008,4319.3344,3094.6676,3281.6672,3355.0007,3065.3341,3413.6676,3237.6676,3124.0007,3736.3343,4403.6678,4788.6678,4766.6678,3989.3341,2724.3339,2295.3339,2398.0006,1012.0004,67774.6836
367,2019-01-03,238.3337,238.3337,238.3337,524.3339,1547.3339,4073.6678,4216.6676,4191.0011,3380.6676,2973.6674,3443.0007,3043.3342,2900.3344,2717.0006,3281.6674,3446.6674,4466.0011,4598.0011,4455.0013,3989.3343,2559.3342,2581.3339,2434.6674,997.3337,66535.3521
368,2019-01-04,205.3332,201.6667,198.0002,469.3336,1507.0004,4143.3345,4172.6677,4271.6676,3340.334,3219.3341,3267.0009,3098.3341,3043.3341,3039.6673,3098.3341,3663.0009,4180.0013,5203.0011,4645.6678,3905.0011,2720.6671,2555.6671,2354.0006,924.0002,67426.3497
369,2019-01-05,183.3332,183.3332,183.3332,381.3332,1518.0,3930.668,4150.668,4081.0012,3622.668,3197.334,2981.0012,3560.334,4070.0012,4077.334,4183.668,4271.668,4066.334,4271.668,4268.0012,2775.6672,2783.0012,2918.6672,2467.6672,964.334,69091.0184
370,2019-01-06,183.3336,187.0004,183.3336,212.6669,1030.3337,1925.0004,2200.0006,2112.0003,2178.0003,2196.3336,2592.3341,2761.0009,2629.0006,2750.0004,2808.6671,2867.3341,3083.6674,2772.0009,2827.0008,2893.0009,2621.6673,2299.0007,1690.3338,220.0,47223.0124
371,2019-01-07,194.3337,194.3337,190.6672,194.3337,960.6671,1954.3336,2321.0005,2284.3338,2130.3338,2200.0003,2702.3339,2709.6673,2599.6673,2728.0007,2724.3342,2673.0006,2742.6674,2871.0006,2871.0009,2860.0007,2673.0007,2156.0005,1628.0006,201.6672,46764.68
372,2019-01-08,183.3336,179.6668,179.6668,267.6668,1628.0006,3505.3343,5038.0011,4029.6676,4246.0011,3410.0006,3377.0009,3069.0008,3234.0012,3223.0009,3197.3341,3751.0007,4521.0009,4961.0011,4803.3344,4033.3344,2713.3339,2471.3339,2266.0003,975.3336,69263.3504
373,2019-01-09,205.3332,208.9999,201.6667,498.6669,1470.3339,4070.0011,4565.0013,4502.6678,3846.3341,3245.0009,3267.0008,3212.0009,3058.0007,3043.3339,3109.3339,3527.3341,4348.6675,4957.3346,4631.0014,3703.3342,2588.6674,2570.3344,2211.0007,949.6668,67991.0171
374,2019-01-10,205.3332,223.6667,201.6667,498.6669,1400.6671,4271.6678,4770.3343,4642.0011,3619.0009,3135.0009,3303.6673,3109.3344,3201.0009,3201.0006,3230.3344,3747.3343,4700.6677,5162.668,4986.6676,4260.6676,2684.0006,2515.3341,2328.3338,913.0006,70312.0175
375,2019-01-11,198.0002,201.6667,198.0002,418.0004,1536.3339,4158.0011,4678.6681,4363.3343,3835.3344,3105.6674,3186.3342,3146.0009,3149.6676,3168.0006,3241.3344,3619.0006,4253.3343,4994.0011,4678.6678,3956.3343,2695.0006,2599.6673,2299.0006,924.0004,68603.3514
376,2019-01-12,304.3337,462.0002,476.6669,880.0004,2772.0008,6215.0016,6633.0019,6226.0016,5346.0016,4488.0011,4616.3344,5122.3345,6248.0018,6559.668,6394.6683,6200.3346,6244.3348,6050.0016,6064.6681,4656.6678,4605.3346,4620.0009,3817.0011,1661.0003,106663.3606
377,2019-01-13,150.3334,29.3332,25.6667,29.3332,29.3332,25.6667,29.3332,25.6667,25.6667,0.0,0.0,0.0,0.0,0.0,0.0,0.0,0.0,0.0,7.3333,25.6667,25.6667,25.6667,29.3332,132.0001,615.9997
378,2019-01-14,275.0001,476.6666,498.6668,1144.0004,3179.0011,7714.6689,8532.3356,7813.6686,6361.6682,4686.0012,4807.0011,4799.668,4671.3347,4513.6678,4649.3343,6713.6683,7623.0019,8312.3357,8312.3354,7267.335,5001.3346,4114.0011,3468.6676,1774.6671,116710.0301
379,2019-01-15,509.6669,231.0,179.6668,282.3334,1859.0006,5448.6679,5698.0014,5694.3349,4579.6679,3138.6676,3193.6674,2904.0009,2988.3342,3061.6673,3061.6674,4048.0011,5170.0011,5518.3348,4777.6679,4642.0008,3630.0011,2559.3338,2247.6673,839.6668,76263.0193
380,2019-01-16,194.3337,190.6672,183.3336,557.3337,1477.6671,5397.3346,5456.0011,5929.0016,3960.0009,2790.3341,3050.6673,2900.3338,2849.0009,2900.3341,2937.0006,4513.6679,5452.3346,5672.3346,5096.6678,5137.0011,3303.6676,2445.6674,2240.3338,832.3334,75467.3525
381,2019-01-17,194.3337,194.3337,190.6672,568.3336,1558.3339,5170.0011,5456.0011,5610.0013,3927.0011,2959.0006,2808.6674,2841.6673,2768.3341,2966.3339,3003.0009,4381.6678,5148.0013,5584.3346,5346.0014,4257.0008,3322.0008,2284.3338,2053.3338,880.0001,73472.6853
382,2019-01-18,194.3337,194.3337,190.6672,275.0001,1822.3336,5023.3349,5646.6679,5683.3346,3791.3341,3025.0009,3072.6674,2816.0009,2995.6673,3017.6672,3146.0006,4414.6678,5199.3349,5423.0014,5126.0011,4304.6676,3127.6674,2445.6673,2211.0006,880.0003,74026.3525
383,2019-01-19,190.6669,194.3337,190.6672,238.3337,1675.6671,4092.0009,4458.6676,4026.0011,3721.6679,2944.3341,2933.3341,3578.6676,4180.0012,4323.001,4110.3345,4161.6675,4161.6678,4169.0009,3941.6676,2757.3339,2900.3339,2874.6671,2328.3338,916.6671,69069.0182
384,2019-01-20,183.3336,179.6668,183.3336,187.0001,821.3336,2119.3339,2181.6671,2042.3339,1965.3336,2170.6671,2456.6674,2592.3338,2614.3341,2467.6673,2449.3339,2750.0005,2189.0006,2684.0008,2603.3341,2691.3344,2486.0006,2068.0,1639.0006,245.6669,43970.6783
385,2019-01-21,216.3333,212.6666,212.6666,627.0001,1466.6668,4103.0008,5844.6684,5522.0017,4121.3343,3072.6672,2959.0009,3039.6673,2977.3341,2962.6674,3021.3339,4686.0013,5331.3345,5566.0013,5606.3346,4616.3347,2970.0009,2486.0009,2167.0009,843.3336,74631.3521
386,2019-01-22,183.3336,183.3336,183.3336,326.3336,1679.3338,5324.0011,5522.0013,5386.3343,4389.0009,3080.0006,2900.3339,3036.0009,2959.0008,3017.6671,3142.3344,4425.6678,5434.0016,5654.0013,5470.6678,4304.6676,3116.6676,2273.3338,2071.6668,843.3335,74906.3513
387,2019-01-23,205.3332,205.3332,208.9999,304.3334,1767.3338,5426.6681,5661.3346,5749.3346,4040.6673,3025.0006,3072.6674,2948.0009,2984.6677,3083.6677,3259.6676,4612.6678,5225.0011,5694.3351,5287.3346,4931.6681,3575.0009,2412.6676,2137.6674,869.0003,76688.3529
388,2019-01-24,187.0004,187.0004,187.0004,432.6669,1664.6671,5052.6678,6046.335,5302.0014,4260.6678,3347.6674,3050.6677,3025.0009,3102.0006,3025.0007,3171.6677,4513.6678,5236.001,5698.0013,5287.3349,5635.668,3439.3341,2471.3342,2005.6671,799.3334,77128.354
389,2019-01-25,201.6667,201.6667,201.6667,330.0002,1573.0003,5148.0011,5492.6676,5518.3343,3820.6677,3050.6674,3039.6673,2772.0009,2929.6674,3127.6676,3102.0009,4506.3343,5489.0011,5822.6683,4715.3344,4942.6679,3047.0008,2394.3342,2038.667,894.6668,74360.0176
390,2019-01-26,216.3333,212.6666,212.6666,311.6666,1595.0004,4304.6678,4231.3346,4132.3343,3589.6676,2687.6674,2878.3341,3567.6673,4158.0009,4356.0008,4095.6679,4191.0008,4026.0011,4095.6676,3773.0012,2962.6676,2878.3341,2918.6676,2431.0007,931.3335,68757.3504
391,2019-01-27,187.0004,190.6672,183.3336,187.0004,773.6666,2038.6673,2159.6674,2027.6673,2130.3338,2229.3338,2482.3344,2343.0006,2471.3339,2475.0008,2596.0008,2489.6673,2522.6676,2511.6673,2772.0009,2709.6676,2412.6673,2134.0003,1532.6671,190.6669,43750.6806
392,2019-01-28,168.6666,168.6666,168.6666,407.0001,1525.3338,5074.6679,5371.6681,5764.0013,4378.0011,2856.3342,2896.6676,2823.3339,2673.0007,2838.0009,2911.3341,4304.6676,5217.6679,5852.0016,5056.3346,4378.0013,3186.3342,2405.334,2240.3339,817.6672,73483.6858
393,2019-01-29,194.3337,187.0004,264.0002,297.0004,1694.0006,5122.3346,5133.3346,5742.0013,4213.0011,3098.3341,3069.0006,2860.0007,2933.3341,3072.6674,3102.0009,4359.6679,5371.6681,5639.3348,5580.6678,4290.001,2761.0009,2368.6673,2134.0003,828.6668,74316.0196
394,2019-01-30,190.6672,190.6672,183.3336,370.3336,1683.0003,5159.0014,5734.6681,5716.3349,4400.0011,2988.3341,2922.3339,2812.3342,2988.3341,3105.6677,3179.0009,4620.0013,5177.3346,5852.0016,5239.6681,4851.0012,3263.3341,2390.6671,2097.3336,832.3336,75947.6875
395,2019-01-31,102.6668,62.3333,135.6667,296.9999,1727.0003,5320.3346,5745.6683,6061.0016,4488.0009,2907.6677,3006.6676,2863.6672,2959.0003,3168.0009,3043.3344,4620.0014,5144.3344,5683.3346,5353.3346,4770.3343,3333.0008,2467.6674,2060.6671,902.0003,76222.6854
396,2019-02-01,208.9999,205.3332,205.3332,289.6666,1763.6671,5071.0011,5569.6679,5540.3346,3967.334,3138.6676,2940.6674,2874.6674,2911.3341,3094.6676,3219.3339,4612.6679,5676.0017,5874.0014,5250.6678,4862.0011,3490.6679,2555.6676,2258.6671,942.3336,76523.3517
397,2019-02-02,208.9999,205.3332,205.3332,407.0001,1492.3336,4326.6676,4693.3344,4268.001,3894.0008,3179.0009,3083.6674,3776.6676,4370.6679,4407.3343,4535.6679,4403.6676,4334.001,4491.6676,4051.6675,2944.3344,2970.0006,3028.6674,2577.6672,990.0001,72845.6832
398,2019-02-03,293.3334,260.3333,249.3332,230.9999,964.3338,2060.6671,2321.0004,2196.3338,2332.0005,2365.0006,2665.6673,2695.0009,2838.0007,2709.6677,2625.3342,2801.3341,2882.0012,2764.6676,2911.3338,2915.0009,2581.3341,2236.667,1617.0006,234.6669,47751.013
399,2019-02-04,212.6666,212.6666,208.9999,480.3333,1624.3335,5577.0016,5767.6682,6189.3348,4194.6676,3072.6674,3032.3339,3160.6673,3212.0009,3120.3344,3454.0011,4678.6675,5683.3344,5786.0016,5408.3349,4323.001,3153.3344,2647.3342,2247.6668,942.3337,78389.6856
400,2019-02-05,216.3334,212.6666,205.3332,454.6666,1749.0004,5379.0011,5481.6681,6039.0013,4429.3346,2988.3341,3098.3341,3149.6677,3127.6674,3010.3341,3124.0009,4631.0011,5423.001,5965.6681,5767.6679,4814.3349,3597.0009,2585.0003,2218.3338,880.0,78547.3516
401,2019-02-06,201.6667,201.6667,201.6667,377.6666,1745.3338,5390.0013,6009.6682,6273.6684,4392.6673,3179.0008,3175.3342,3296.3342,3369.6675,3461.3344,3531.0012,4880.3346,5324.0012,6189.3351,5265.3344,4722.6679,3311.0011,2497.0007,2174.3339,909.3336,80080.0205
402,2019-02-07,227.3336,227.3336,227.3336,344.6672,1752.6668,5540.3346,5485.3349,5998.6681,4499.0009,3212.0006,3248.6674,3094.6676,3072.6673,3248.6673,3252.3341,4565.0013,5610.0014,5925.3349,5305.6678,4887.6676,3336.6676,2640.0006,2247.667,924.0004,78873.6862
403,2019-02-08,212.6666,208.9999,212.6666,377.6668,1624.3336,5272.6678,5841.0015,5551.3347,4770.3343,3472.3343,3428.3344,3197.3341,3358.6677,3311.0009,3413.6678,4851.0013,5595.3346,6163.6683,5756.6681,4968.3346,3406.3344,2522.6676,2398.0003,905.6671,80820.6873
404,2019-02-09,153.9999,25.6667,25.6667,29.3332,25.6667,29.3332,25.6667,25.6667,7.3333,0.0,21.9999,29.3332,25.6667,29.3332,25.6667,29.3332,25.6667,29.3332,25.6667,29.3332,25.6667,29.3332,25.6667,29.3332,729.6656
405,2019-02-10,55.0002,220.0,216.3333,245.6666,1008.3336,2156.0006,2346.6673,2302.6673,2211.0003,2321.0003,2658.3342,2592.3339,2684.0006,2783.0009,2746.3341,2731.6673,2801.3341,2816.0005,2834.3342,2988.334,2610.667,2277.0004,1705.0003,260.3334,47571.3444
406,2019-02-11,187.0004,183.3336,187.0004,370.3339,1749.0003,5243.3347,5276.3346,5760.3348,4689.6678,3212.0007,3373.3344,3263.3343,3377.0009,3380.6677,3439.3341,4957.3343,5236.0013,5536.6678,5496.3349,4308.3344,3333.0009,2343.0006,2123.0003,902.0006,77927.6877
407,2019-02-12,102.6667,25.6667,102.6669,297.0002,1932.3338,5511.0014,5712.6681,5951.0017,4143.3341,3413.6674,3468.6673,3483.3343,3549.3345,3578.6678,3245.0007,4561.3346,5386.3349,5687.0011,5533.0011,4583.3346,3241.3343,2651.0006,2247.6673,1008.3333,79416.3534
408,2019-02-13,220.0002,194.3337,198.0002,385.0001,1873.6673,5291.0012,6039.0016,4836.3349,4994.0011,3146.0007,3153.3339,3138.6674,3300.0007,3105.6674,3252.3344,4869.3344,5613.6679,6130.6682,5632.0011,4499.0008,3828.001,2383.3339,2266.0006,909.3336,79258.6863
409,2019-02-14,201.6667,201.6667,201.6667,278.6669,1796.6671,5162.6678,5544.0011,5533.0016,4766.6678,3164.3342,3325.6674,3296.3341,3296.3344,3351.3339,3593.3344,4722.6679,5639.3347,6042.6683,5701.6678,4843.6678,3417.3344,2508.0003,2163.3339,894.6668,79647.3527
410,2019-02-15,205.3332,205.3332,201.6667,289.6667,1892.0004,5621.0016,6105.0015,6097.6678,4524.6679,3564.0011,3032.3339,3652.0008,3567.6676,4007.6675,3762.0008,4829.0011,5936.3348,5639.3346,5496.3346,4777.6679,3545.6674,2728.0006,2533.6674,894.6669,83108.686
411,2019-02-16,176.0,176.0,179.6669,253.0002,1749.0003,4484.3344,4660.3343,4539.3349,4018.6678,3223.0006,3058.0006,3820.6675,4631.0011,4499.0013,4297.3343,3740.0009,4491.6678,4469.6678,4271.6676,2845.3344,2896.6674,3190.0006,2753.6674,1041.3336,73465.3517
412,2019-02-17,223.6669,242.0002,238.3337,249.3332,898.3336,2112.0006,2398.0004,2277.0006,2299.0003,2482.3338,2695.0008,2629.0008,2823.3344,2904.0007,2761.0006,2845.3342,2955.3342,2797.6676,3010.3341,2951.6676,2706.0007,2189.0006,1697.6668,212.6667,48598.0131
413,2019-02-18,216.3333,198.0002,183.3336,403.3336,1877.3338,5500.0014,5896.0016,6028.0011,4730.001,3509.0009,3333.0009,3314.6676,3245.0009,3241.3342,3289.0009,4935.3346,5496.3345,6061.0016,5030.6678,4312.0011,3171.6677,2753.6674,2299.0004,891.0003,79915.0204
414,2019-02-19,194.3337,194.3337,216.3337,333.6666,1928.6673,5536.6678,4737.3343,6119.6681,4389.0012,3039.6674,3366.0011,3267.0008,3347.6677,3142.3344,3245.0009,4796.001,5705.3346,5914.3351,5742.0014,5074.6679,3641.0011,2841.6673,2445.6671,920.3336,80138.6878
415,2019-02-20,242.0002,231.0004,234.6672,553.6669,1686.6671,5698.001,5415.6678,6075.6683,4785.0011,3120.3341,3395.3344,3465.0006,3267.0008,3417.3346,3413.6677,4620.0009,5654.0014,5764.0013,5408.3346,5129.6678,3171.6674,2636.3339,2255.0006,909.3336,80549.3537
416,2019-02-21,216.3334,205.3332,209.0002,388.6668,1829.6671,5335.0013,4697.0009,5445.0011,4807.0011,3373.3343,3076.3341,3116.6676,3116.6676,3124.0009,3208.3342,4766.6676,5148.0013,6046.3349,5727.3349,4502.6681,3890.3341,2761.0009,2258.6671,880.0001,78129.3528
417,2019-02-22,146.6666,183.3337,201.6667,278.6669,1851.667,5503.6681,5467.0011,5654.0014,4363.3343,3182.6673,3069.0008,3142.3341,3113.0008,3193.6677,3483.3343,4235.001,5481.6681,5815.3348,5140.6684,3091.0009,1034.0005,946.0006,1001.0003,377.6668,69956.3522
418,2019-02-23,286.0004,275.0004,289.6667,355.6667,1683.0004,4257.0011,4517.3341,4455.0011,3751.0008,2896.6674,2867.3339,3417.3341,4356.0011,4370.6678,4422.0008,4158.0011,4297.3343,4297.3341,3890.3345,2973.6674,2926.0006,2728.0009,2603.3339,861.6669,70935.3505
419,2019-02-24,154.0001,183.3336,187.0004,198.0004,553.6669,2519.0006,2574.0006,2552.0006,2537.3341,2460.3338,2658.3339,2643.6671,2739.0009,2816.0006,2852.6676,2687.6673,2669.3341,2775.6673,2621.6677,2687.6673,2585.0009,2108.3339,1595.0003,201.6666,47560.3466
420,2019-02-25,164.9999,164.9999,161.3332,568.3335,1580.3338,5525.6681,5511.0011,5265.3346,4238.6679,3916.0011,3366.0009,3109.3339,3259.6676,3146.0008,3270.6674,4832.6682,5518.3346,5984.0016,5679.6678,4268.0008,3923.3344,2768.3342,2288.0006,894.6668,79405.3527
421,2019-02-26,201.6667,205.3332,201.6667,454.6669,1664.667,5327.6679,5690.6678,5903.3348,4242.3344,3278.0009,3171.6676,2999.3339,3215.6676,3355.0011,3226.6674,4935.3347,5577.0013,5943.6681,5005.0011,3721.6676,3787.6678,2878.3342,2379.6671,883.6669,78250.3527
422,2019-02-27,198.0002,201.6667,198.0002,465.6669,1697.6671,5166.3349,5155.3345,5217.6679,4748.3346,3241.3341,3263.3341,3135.0007,3190.0008,3278.0008,3241.3341,4550.3344,5540.3346,6039.0013,5302.0011,4330.3344,3523.6674,2823.3341,2192.6671,869.0001,77568.3521
423,2019-02-28,198.0002,194.3337,198.0002,245.6669,1859.0006,4920.6676,5496.3346,5485.3349,4315.6675,3226.6675,3182.6675,3054.3341,3285.3344,3193.6676,3190.0006,4656.6679,5441.3349,5870.3348,5654.0014,5030.6679,3516.3343,2581.3342,2376.0006,872.6668,78045.0207
424,2019-03-01,212.6666,208.9999,208.9999,418.0001,1752.667,5650.3348,5925.3349,5808.0014,4110.3344,3142.3341,2955.3344,3109.3341,3201.0009,3087.3344,3234.0009,5089.3343,5349.6679,6277.3351,5668.6679,4814.3343,3428.3343,2442.0006,2167.0003,942.3336,79203.6861
425,2019-03-02,205.3332,208.9999,201.6667,414.3334,1606.0004,4242.3343,4524.6678,4532.0011,3894.0008,3021.3339,3036.0008,3571.3343,4451.3344,4609.0009,4271.6679,4330.3343,4330.3345,4128.6676,4268.0011,3329.3341,2753.6673,2959.0009,2548.3339,982.6671,72420.3506
426,2019-03-03,341.0002,605.0001,586.6668,696.6671,1756.3335,3531.0008,3608.0009,3674.0011,3732.6678,3960.0011,4176.3344,4781.3346,4484.3343,4616.334,4884.0011,4722.6678,4583.3343,5001.3346,4935.3345,4840.0013,4319.3341,3703.334,3003.0008,571.9999,81114.0191
427,2019-03-04,179.6668,190.6672,194.3337,520.6669,1609.6671,5250.6681,5859.3346,5899.6681,4249.6676,3087.3341,3322.0008,3135.0006,2559.3339,3395.3343,3377.0007,4689.6676,5657.6679,6009.6681,5628.3349,4689.6678,3443.0011,2548.3339,2134.0007,854.3334,78485.0199
428,2019-03-05,198.0002,194.3337,190.6672,249.3334,1932.3338,5536.6681,5705.3348,5914.3349,4202.0008,3171.6676,3043.3342,3083.6676,3091.0009,3120.3342,3036.0009,4502.6676,5291.0013,6075.6683,5551.3344,4939.0014,3505.3343,2449.3341,2244.0005,869.0001,78096.3543
429,2019-03-06,209.0001,208.9999,205.3332,443.6667,1789.3336,5316.6679,5764.0013,5584.3346,4858.3343,3270.6674,3087.3342,3124.0009,3168.0006,3157.0009,3208.3341,4876.6679,5782.3347,5947.3344,5819.0013,5056.3346,3956.3346,2717.0009,2060.667,880.0004,80490.6855
430,2019-03-07,201.6667,205.3332,198.0002,410.6669,1679.3339,5683.3349,5859.3351,6281.0016,4297.3344,3237.6674,3314.6677,3204.6674,3102.0009,3226.6674,3725.3343,4986.6681,5635.6681,6229.6681,5877.6681,4726.3344,3769.3344,2442.0008,2152.3338,850.6669,81297.3547
431,2019-03-08,205.3334,208.9999,201.6667,315.3334,1811.3338,5628.3349,5672.3346,5940.0014,4763.0013,3311.0006,3366.0011,3384.3341,3234.0007,3487.0011,3743.6679,4818.0009,5591.6678,5976.6681,5566.0014,5023.3345,3633.6673,2456.6673,2328.3341,909.3333,81576.0196
432,2019-03-09,205.3332,198.0002,198.0002,498.6669,1562.0003,4330.3346,4601.6676,4279.0008,3732.6676,2992.0012,3028.6673,3593.3341,4334.0008,4385.334,4466.0012,4359.6676,4517.3346,4440.3344,4330.3344,3168.0012,2863.6673,2918.6677,2530.0006,905.6668,72438.6846
433,2019-03-10,198.0002,201.6667,201.6667,205.3334,850.6668,2251.3341,2317.3341,2229.3339,2211.0003,2313.6671,2618.0009,2720.6671,2713.3341,2585.0007,2768.3338,2724.3339,2746.3341,2805.0006,2779.3344,2834.3339,2662.0006,2295.3336,1507.0003,209.0001,46948.0114
434,2019-03-11,179.6668,179.6668,179.6668,465.6668,1719.6671,5335.0013,6244.3348,5936.3346,4308.3346,3278.0009,3157.0011,3087.3341,3285.3344,3369.6676,3237.6676,4715.3343,5261.6679,5679.6678,5492.668,4711.6681,3006.6673,2471.3339,2053.3339,942.3334,78298.0199
435,2019-03-12,227.3336,220.0001,220.0,535.3336,1620.6671,5419.3348,6127.0016,5822.6681,4697.0011,3241.3339,3043.3341,2893.0003,3105.6674,3248.6674,3175.3341,4726.3346,5390.0013,5980.3348,5368.0011,4253.3344,3248.6676,2563.0006,2112.0005,880.0004,78118.3525
436,2019-03-13,227.3336,212.6666,208.9999,484.0001,1609.6671,5459.6678,5731.0014,5771.3343,4007.6676,3318.3339,3146.0009,3036.0007,3256.0006,3278.0008,3296.3344,4667.6678,5349.6681,5698.0016,5283.6679,3941.6676,3267.0009,2526.3341,2343.0003,865.3337,76985.3517
437,2019-03-14,208.9999,201.6667,194.3337,263.9999,1778.3338,5210.3345,5302.0013,5830.0011,4495.3343,2944.3339,2922.3341,2849.0006,2889.3342,3391.6676,3575.0009,4590.6678,5507.3349,5463.3348,5441.3349,4106.6678,3047.0006,2284.3338,2181.6671,869.0003,75548.0185
438,2019-03-15,187.0001,187.0004,187.0004,502.3333,1525.3341,5107.6679,6229.6683,5683.3348,4099.3344,3263.3341,3025.0008,2959.0009,3311.0009,3091.0009,3219.3339,4550.3344,5459.6681,5419.3343,5687.0011,4510.0011,3520.0009,2412.6671,2178.0006,913.0004,77227.3532
439,2019-03-16,223.6668,220.0,220.0,568.3336,1400.6671,4235.001,4462.3343,4348.6677,3846.3344,3006.6673,2970.0008,3476.0009,4106.6676,4422.0009,4352.3344,4139.6676,4231.3343,4088.3346,4088.3346,3318.3344,3006.6674,2775.6674,2566.6674,927.6669,71001.3514
440,2019-03-17,289.6669,502.3337,531.6666,524.3334,1708.667,3186.3343,3597.0009,3641.0006,3443.0007,3820.6676,4187.3343,4506.3341,4700.6679,4792.3343,4678.6678,4700.6678,4704.3341,4770.3343,4825.3345,4818.0011,4297.3346,3677.6677,2779.3339,594.0001,79277.0182
441,2019-03-18,293.3334,179.6668,179.6668,359.3333,1624.3339,5170.0013,5962.0016,5382.6679,4968.3344,3193.6673,3028.6674,2981.0007,3076.3341,3094.6677,3256.0008,4840.0011,5489.0013,5489.0014,5892.3348,4400.0011,3226.6675,2460.3338,2185.3335,935.0004,77667.3523
442,2019-03-19,238.3337,227.3336,223.6668,425.3334,1818.6671,5287.3346,5481.6676,5441.3348,4920.6678,3058.0009,2871.0009,3003.0007,3252.3342,3124.0009,3171.6676,5089.3348,5456.0011,6006.0016,6101.3351,4854.6676,3428.3341,2566.6674,2200.0006,872.6668,79119.3537
443,2019-03-20,198.0004,194.3337,194.3337,374.0002,1595.0003,5448.668,5511.0012,5929.0013,4528.3344,3171.6676,3061.6674,2962.6676,2995.6676,3201.0006,3226.6674,4719.0011,5423.0013,5514.6681,4748.3344,4832.6678,3160.6674,2530.0006,2200.0006,854.3337,76574.6864
444,2019-03-21,205.3332,205.3332,201.6667,399.6669,1617.0003,5529.3348,5657.6681,5899.6678,4183.6677,2926.0009,2852.6673,3105.6674,3025.0006,3065.3339,2955.3344,4418.3346,5100.3346,4884.0011,4414.6679,4612.6676,3069.0011,2497.0009,2145.0005,927.6669,73898.0184
445,2019-03-22,208.9999,208.9999,208.9999,443.6666,1668.3336,5272.6678,5632.0016,5353.3346,4297.3343,3138.6674,3006.6673,3014.0006,3223.0007,3124.0006,3072.6674,4590.6678,5470.6681,5727.3348,4814.3346,4583.3344,3193.6676,2475.0006,1991.0005,854.3336,75573.6842
446,2019-03-23,205.3334,205.3332,212.6666,388.6669,1419.0003,3982.0008,4312.0009,4103.0009,3696.0006,2904.0009,2709.6674,3296.3341,4147.0009,4359.6678,3978.3341,4213.0011,4048.0006,4117.6676,3861.0007,3296.3341,2772.0008,2801.3338,2544.6671,909.3336,68482.3482
447,2019-03-24,194.3337,36.6667,25.6667,25.6667,29.3332,25.6667,0.0,0.0,550.0001,1576.6671,1855.3336,2064.3338,1947.0006,1980.0003,1987.3338,1844.3338,1899.3339,2020.3335,1991.0005,1936.0003,1796.6671,1532.667,1125.6668,132.0001,26576.006
448,2019-03-25,168.6669,183.3336,179.6668,187.0001,946.0004,1980.0006,2258.6673,2196.334,2200.0005,2163.3341,2702.3338,2581.3339,2797.6674,2728.0009,2775.6674,2761.0008,3003.0008,2841.6674,2764.6671,2720.6672,2493.3341,2086.3338,1514.3333,187.0004,46420.0126
449,2019-03-26,172.3333,172.3333,172.3333,304.3333,1510.6671,5643.0013,5775.0013,5705.3346,4543.0011,3050.6674,3014.0008,2937.0009,2893.0009,3017.6674,3127.6674,4609.001,5228.6678,5874.0013,5507.3346,4051.6676,3215.6673,2343.0005,2009.3335,836.0004,75713.0174
450,2019-03-27,194.3337,187.0004,176.0,278.6669,1884.6669,5346.0014,6002.3348,5602.6679,4084.6674,2830.6676,2783.0007,2830.6674,3186.3342,2940.6673,2951.6676,4656.6678,5489.0013,5778.6681,5522.0013,4715.3346,3336.6676,2482.334,2163.3338,858.0003,76281.353
451,2019-03-28,190.6672,190.6672,187.0004,572.0004,1419.0004,5489.0014,4997.6681,6002.3348,4029.6678,3014.0007,3014.0008,3025.0008,3050.6677,3072.6673,3281.6677,4623.6678,5382.6678,4939.0014,5987.6682,4136.0009,3160.6676,2350.3338,1620.6671,671.0003,74407.6876
452,2019-03-29,183.3336,183.3336,183.3336,300.6669,1221.0003,5228.6679,5544.0013,5980.3349,4653.0009,3190.0007,2849.0012,3058.0006,3179.0009,3454.0008,3307.3343,4653.0011,5331.3346,5445.0014,5654.0014,5067.3341,3296.3341,2548.3341,2082.6673,880.0003,77473.0199
453,2019-03-30,190.6672,190.6669,183.3336,348.3336,1554.6673,4337.6678,4524.6678,4348.6679,3831.6676,2900.3339,2757.3339,3571.3344,4136.0008,4304.6676,4187.3341,3934.3344,4114.0008,4136.0009,3798.6676,2889.334,2764.6674,2768.3341,2467.6673,924.0004,69164.3513
454,2019-03-31,194.3337,194.3337,194.3337,190.6669,858.0003,2225.6674,2442.0004,2207.3338,2181.6668,2354.0009,2522.6673,2603.3341,2632.6674,2581.3339,2625.3341,2607.0008,2709.6671,2702.3339,2698.6673,2746.3339,2519.0009,2262.3338,1598.6671,194.3337,46046.0129
455,2019-04-01,190.6672,190.6672,187.0004,300.6669,1950.667,4587.0011,5738.3348,5676.0014,4876.6681,3446.6674,3028.6673,3061.6677,3160.6674,3109.3339,3204.6676,5199.3346,5239.6681,5753.0011,5716.3346,4326.6676,3637.3344,2460.3341,2203.6671,993.6669,78239.3539
456,2019-04-02,201.6667,205.3332,201.6667,436.3337,1595.0003,4433.0013,5566.0012,5547.6679,5177.3344,3564.0008,3300.0009,3171.6676,3241.3339,3179.0008,3274.3344,5063.6681,5452.3349,5566.0014,5635.6681,5243.3341,3479.6676,2519.0009,2170.6668,942.3336,79167.0193
457,2019-04-03,227.3336,223.6668,227.3336,377.6669,1789.3336,4854.6678,5712.6683,5976.6681,4858.3344,3490.6676,3179.0009,3076.3344,3325.6674,3259.6676,3340.3344,5001.3344,5412.0013,5635.6684,5716.3346,5232.3344,3336.6676,2585.0006,2306.3338,1034.0004,80179.0209
458,2019-04-04,198.0002,198.0002,201.6667,429.0001,1782.0003,4660.3346,5551.3347,5514.6684,5023.3346,3450.3341,2992.0009,2860.0006,2962.6674,3142.3344,3256.0006,4902.3346,5184.6679,5456.0011,5397.3346,4909.6681,3622.6674,2530.0009,2207.3339,957.0004,77388.6867
459,2019-04-05,208.9999,205.3332,201.6667,535.3334,1558.3336,4517.3343,5302.0011,5870.3347,4781.3344,3498.0008,3201.0007,3116.6674,3102.0009,3329.3339,3395.3342,5162.6682,5368.0011,5826.3345,5188.3346,5078.3346,3373.3341,2548.3338,2145.0004,964.3335,78477.684
460,2019-04-06,205.3332,208.9999,205.3332,260.3332,1958.0004,4414.6678,4656.6679,4187.3346,3798.6676,3050.6674,2856.3342,3311.0008,4198.334,4297.3346,4389.0009,4253.3345,4011.3341,4070.0011,4246.0012,3124.0009,2827.0006,3047.0009,2504.3344,1074.3334,71155.3508
461,2019-04-07,201.6667,201.6667,201.6667,198.0002,729.6668,2273.3338,2335.6671,2324.6671,2313.6673,2354.0006,2761.0009,2775.6677,2764.6674,2530.0007,2680.3341,2742.6671,2797.6673,2893.0008,2812.3341,2860.0009,2742.6672,2332.0006,1598.6668,205.3337,47630.0123
462,2019-04-08,183.3336,183.3336,176.0,271.3336,1716.0001,4649.3343,5756.6684,5738.3346,5122.3349,3589.6678,3127.6676,3259.6679,3245.0006,3300.0007,3358.6676,5122.3348,5723.6682,5749.3349,6097.6681,4532.0009,3542.0008,2695.0006,2185.3338,986.3337,80311.0211
463,2019-04-09,238.3337,238.3337,234.6672,293.3337,1811.3341,4939.0011,5727.3347,5536.668,5063.6678,3432.0008,3281.6674,3322.0009,3230.3339,3388.0009,3410.0009,5214.0013,5562.3349,5932.6681,5342.3346,5591.668,3556.6673,2544.6674,2218.3341,971.6668,81081.0213
464,2019-04-10,220.0,220.0,216.3333,249.3334,1774.6671,4660.3348,6050.0014,5624.668,5408.3348,3765.6676,3182.6673,3164.3344,3270.6676,3355.0006,3483.3341,5232.3346,5489.0013,5580.6682,5544.0011,5346.0011,3336.6674,2379.6673,2229.3338,869.0,80652.0192
465,2019-04-11,212.6666,198.0002,198.0002,293.3334,1804.0006,4524.6676,5595.3348,5610.0011,4869.3343,3373.3344,3014.0008,2904.0012,3105.6677,3292.6674,3171.6674,5071.0014,5522.001,5903.3346,5489.0011,5034.3349,3615.3341,2775.6674,2251.3341,938.6671,78767.3534
466,2019-04-12,208.9999,205.3332,205.3332,234.6666,1778.3338,4968.3346,5679.6678,5965.6681,4814.3343,3608.0009,3197.3341,3131.3341,3281.6674,3472.3343,3450.3341,5309.3346,5503.6681,6233.3348,5540.3348,5749.3349,3347.6677,2585.0003,2361.3339,1059.6668,81891.3523
467,2019-04-13,212.6666,212.6666,208.9999,275.0001,1906.6673,4436.6676,4715.3343,4583.3343,3879.3343,3142.3342,3131.3341,3424.6674,4081.0009,4451.3343,4634.6676,4224.0011,4378.0011,4319.3341,4176.3344,3303.6674,2904.0007,2995.6673,2563.0006,1063.3333,73223.3495
468,2019-04-14,208.9999,212.6666,208.9999,208.9999,685.6669,2141.334,2317.3339,2570.3341,2295.3339,2354.0003,2896.6673,2772.0006,2790.3339,2761.0006,2706.0006,2592.3338,2581.3338,2555.6674,2709.6671,2750.0006,2412.6677,2185.3338,1540.0006,220.0004,46676.6776
469,2019-04-15,179.6668,176.0,176.0,528.0,1554.6673,4469.6679,5635.6681,5379.0013,4462.3344,3369.6676,3076.3342,3058.0007,2966.3342,2962.6674,3116.6677,5082.0013,5170.0011,5529.3349,5602.6682,4697.0008,3322.0007,2269.6673,2112.0005,993.667,75889.0194
470,2019-04-16,91.6668,121.0001,220.0001,271.3334,1756.3338,4609.0008,5239.6681,5716.3351,4576.0011,3388.0009,3105.6673,2981.0006,2882.0009,2984.6674,2918.6674,5034.3346,5181.0013,5349.6679,5613.6681,4748.3347,3314.6674,2515.3339,2159.6671,1004.6669,75782.6857
471,2019-04-17,238.3337,238.3337,238.3337,304.3336,1763.6671,4572.3343,5683.3346,5903.3349,4590.6676,3476.0011,3131.3341,3102.0012,3171.6673,3292.6676,3424.6676,5074.6679,5375.3343,5478.0013,4711.668,3890.3341,3296.3344,2559.3339,2137.6673,924.0001,76578.3534
472,2019-04-18,205.3334,208.9999,198.0002,205.3332,755.3336,2218.334,2251.3336,2174.3335,2203.6671,2233.0005,2673.0008,2805.0008,2643.6673,2900.3341,2764.6677,2849.0009,2812.3342,2702.3341,2684.0006,2695.0012,2478.6676,2258.6676,1734.3338,219.9999,46874.6796
473,2019-04-19,208.9999,208.9999,205.3332,201.6667,784.667,2181.6673,2185.3336,2064.3336,2156.0003,2156.0003,2640.0009,2526.3339,2632.6674,2427.3341,2456.6673,1980.0003,1969.0006,2119.3338,2082.667,2093.6671,2024.0003,1910.3336,1569.3338,209.0002,40993.3421
474,2019-04-20,194.3337,187.0004,179.6668,271.3336,1873.6668,4051.6678,3714.3343,3424.6677,3285.3341,3091.0009,2948.0006,2929.6674,3670.3344,3842.6673,3692.3341,2951.6671,2819.6674,2882.0009,2647.3341,2761.0007,2742.6674,2926.0009,2585.0006,1023.0003,60694.3493
475,2019-04-21,179.6668,176.0,172.3333,172.3333,759.0004,1939.6671,2038.6668,1936.0005,1925.0003,2119.3336,2049.6671,2313.6674,2357.667,2368.6674,2497.0005,2541.0004,2456.6671,2724.3341,2581.3341,2794.0007,2563.0008,2071.6673,1529.0004,190.6669,42456.3433
476,2019-04-22,176.0,176.0001,176.0,542.6668,1455.6671,4257.0008,5540.3347,5305.6681,4513.6677,3439.3344,3131.3341,3109.3342,3373.3341,3131.3341,3201.0008,4997.6676,5511.001,5514.6678,5914.3348,4506.3343,3428.3341,2185.3339,1961.6673,729.6671,76277.6849
477,2019-04-23,201.6667,208.9999,205.3332,293.3337,1866.3339,4656.6679,5808.0016,5929.0013,4873.0011,3817.0014,3487.0009,3289.0008,3538.3341,3344.0008,3369.6677,4979.3344,5569.6681,5562.3346,5558.668,4631.0009,3567.6676,2959.0008,2438.3338,997.3337,81150.6869
478,2019-04-24,198.0002,194.3337,194.3337,260.3337,1785.6671,4785.0011,5478.0016,5698.0011,4645.6679,3527.3341,3391.6677,3457.6676,3303.6674,3307.3342,3413.6676,4906.0011,5305.6678,5544.0013,5485.3346,4715.3349,3747.3344,2915.0006,2412.6671,2123.0,80795.0205
479,2019-04-25,652.6669,190.6672,190.6672,249.3336,1774.6671,4590.6676,5089.3343,5434.0014,5217.6679,3259.6679,3281.6674,3102.0009,3377.0008,3424.6674,3344.0008,4939.0016,5672.3346,5885.0014,5221.3345,5041.6678,3791.3346,2926.0012,2409.0009,993.6671,80058.0221
480,2019-04-26,205.3332,205.3332,205.3334,230.9999,1826.0008,4341.3342,5698.0012,5588.0017,4623.6679,3487.0006,3171.6672,3113.0008,3186.3342,3292.6676,3468.6674,5115.0011,5514.6681,5518.3348,5489.0011,4495.3343,3699.6673,2819.6674,2299.0003,1008.3337,78602.3514
481,2019-04-27,198.0002,194.3337,212.6666,256.6669,1844.3336,4440.3343,4411.0013,4216.6678,3853.6676,3061.6674,3102.0006,3487.0009,4304.6676,4279.0011,4117.6675,4114.0008,4011.3346,4301.0014,4150.6679,3237.6674,3050.6674,3003.0009,2665.6674,1012.0001,71525.685
482,2019-04-28,201.6667,194.3337,198.0002,190.6672,722.3336,2247.6673,2438.3344,2291.6673,2365.0008,2324.6674,2687.6673,2577.6676,2768.334,2698.6676,2830.6673,2871.0008,2790.3339,2709.6674,2937.0006,2731.6676,2607.0008,2269.6673,1477.6674,242.0001,47373.3483
483,2019-04-29,183.3336,179.6668,179.6668,605.0004,1617.0004,4510.0009,5591.6681,6119.6684,4796.0014,3582.3341,3369.6674,3204.6676,3017.6677,3201.0009,3494.3342,5107.6675,5364.3347,5837.3351,5034.3343,4488.001,3417.3341,3124.0009,2240.3341,1008.3336,79273.354
484,2019-04-30,168.6666,183.3337,187.0004,216.3337,1844.3341,4851.001,5610.0014,5485.3346,5386.3349,3611.6673,3153.3341,3215.6674,3413.6674,3336.6674,3501.6676,5500.0013,5481.6681,5822.6684,5980.3344,4785.0014,3828.0011,3069.0009,2489.6673,990.0003,82111.3548
485,2019-05-01,187.0004,183.3336,183.3336,190.6669,740.6668,2178.0007,2310.0009,2200.0003,2434.6671,2321.0006,2830.6676,2629.0006,2955.3341,2915.0009,2915.0009,2739.0007,2867.3339,3032.3342,3010.3342,2933.3342,2691.3341,2339.3336,1624.3336,260.3337,48671.3472
486,2019-05-02,212.6666,212.6666,208.9999,495.0002,1661.0005,4766.6679,5705.3348,5412.0011,4796.001,3560.3341,3193.6677,3050.6676,3241.3341,3138.6676,3226.6677,5324.0014,5463.3343,5617.3348,5863.0014,4114.0011,3593.3344,2871.0009,2332.0004,1081.6668,79141.3529
487,2019-05-03,194.3334,183.3336,198.0002,410.6667,1881.0006,4378.0011,5668.668,5503.6682,4979.3343,3593.3341,3047.0008,2970.0008,3171.6677,3157.0009,3325.6675,5148.0011,5507.3346,5639.3351,5613.6681,4843.6679,3685.0008,2819.6674,2346.6673,1129.3336,79394.3538
488,2019-05-04,179.6667,150.3337,183.3334,275.0001,2009.3338,4436.6678,4715.3346,4352.3344,3681.3343,3069.0009,3116.6674,3509.0009,4271.6676,4455.0008,4253.3343,4290.0013,4312.0011,4326.6679,4187.3344,3281.6673,3098.3341,3032.3341,2522.6674,1114.6671,72823.6854
489,2019-05-05,47.6668,25.6668,29.3328,25.6668,25.6668,29.3328,25.6668,0.0,0.0,0.0,0.0,3.6668,29.33,25.6668,25.67,29.33,25.6668,25.67,29.33,25.6668,29.3328,25.6668,51.33,187.0,722.3264
490,2019-05-06,183.3336,179.6668,183.3336,766.3336,3487.0008,5437.6682,5929.0013,5404.6679,4286.3344,3560.3341,3270.6677,3501.6676,3483.3341,3292.6674,4183.6676,5489.0016,2761.0005,6277.3346,5969.3348,4623.6675,3853.6676,3058.0008,2541.0003,1067.0004,82789.6868
491,2019-05-07,183.3336,187.0004,187.0004,476.6671,1694.0004,4752.001,5716.3346,5672.3348,4968.3346,3611.6678,3355.0011,3252.3341,3263.3344,3223.0006,3285.3342,5140.6679,5397.3346,5877.6678,5529.3347,4953.668,3923.3342,2995.6674,2332.0006,1114.6669,81092.0212
492,2019-05-08,150.3337,201.6666,223.6668,458.3336,1804.0006,4579.6678,5797.0011,5646.6681,4953.6678,3670.3343,3149.6674,2984.6674,3127.6672,3171.6676,3003.0009,5049.0008,5357.0011,5632.0014,5709.0011,4488.0011,3652.0009,2940.6673,2288.0006,1030.3336,79068.0188
493,2019-05-09,165.0001,132.0,205.3333,517.0001,1738.0006,4722.6676,5896.0014,5562.3346,4825.3346,3567.6678,3109.3341,3131.3342,3142.3344,3157.0009,3219.3341,5111.3346,5661.3346,5947.3346,5646.6679,4279.001,3644.6673,2790.3341,2207.3338,1074.3336,79453.0193
494,2019-05-10,194.3337,194.3337,194.3337,557.3339,1606.0003,4697.0013,5243.3344,5661.3346,4594.3344,3439.3342,3193.6674,3131.3342,3325.6674,3270.6674,3344.0006,4942.6678,5602.6683,5742.0014,5320.3346,4044.3343,3615.3344,2772.0009,2449.3339,990.0001,78125.6869
495,2019-05-11,201.6667,201.6667,205.3334,355.6669,1826.0006,4169.0011,4609.0013,4304.6679,3377.0008,3248.6674,2995.6674,3428.3341,4385.3343,4348.6675,4440.3346,4554.0008,4180.0009,4418.3344,4260.6679,3149.6676,2757.3339,2841.6677,2449.3336,1052.3338,71760.3513
496,2019-05-12,179.6668,190.6672,187.0004,176.0,737.0003,2141.3338,2145.0003,2222.0004,2060.6671,2258.6668,3091.0007,2812.3341,3105.6673,2805.0008,2812.3341,2867.3338,2871.0012,2805.0008,2775.6673,2750.0009,2750.0006,2317.3338,1639.0004,187.0001,47886.679
497,2019-05-13,168.6666,168.6666,164.9999,304.3333,1903.0006,4741.0014,5910.6681,5716.3348,4730.0011,3538.3344,3091.0006,2984.6676,3190.0006,3168.0008,3102.0009,5162.6682,5639.3347,5635.668,5760.3346,4385.3344,3567.6677,2706.0003,2247.6671,1004.6668,78991.0191
498,2019-05-14,205.3332,212.6666,205.3332,403.3334,1580.3336,4664.001,5606.3348,5547.6677,4741.0013,3417.3343,3131.3339,3050.6676,3116.6677,3164.3341,3157.0006,5115.0014,5569.6678,5613.6682,5617.3349,4653.0011,3534.6674,2801.3339,2365.0006,1030.3337,78503.352
499,2019-05-15,161.3334,168.6666,190.6669,319.0002,1844.3339,4627.3347,5753.0013,5778.6681,4601.6675,3479.6673,3061.6674,3127.6676,3289.0009,3373.3341,3208.3341,5254.3349,5342.3349,5558.6679,5738.3346,4396.3341,3487.0009,2871.0008,2368.6671,1070.6669,79071.6861
500,2019-05-16,179.6668,176.0,187.0001,458.3333,1741.6671,4616.3344,5661.3346,5632.0011,4689.6677,3439.3343,3223.0008,3146.0009,3278.0012,3296.3341,3333.0008,5030.6676,5639.3349,5822.668,5591.6678,4715.3346,3619.0006,2739.0009,2299.0003,1012.0001,79526.352
501,2019-05-17,208.9999,212.6666,227.3336,392.3335,1712.3338,4451.3343,5734.6684,5621.0011,4781.3346,3696.0009,3303.6674,3292.6673,3384.3341,3421.0008,3630.0009,5140.6678,5481.6678,5929.0016,5533.0011,4880.3346,3600.6674,2808.6674,2409.0006,1041.3337,80894.0192
502,2019-05-18,201.6667,201.6667,198.0002,465.6666,1738.0007,4326.6678,4506.3344,4495.3344,3586.0011,3010.3341,2900.3339,3223.0008,4249.6678,4444.0013,4462.3341,4297.3341,4363.3341,4198.3343,4326.6675,3168.0009,2907.6674,3146.0008,2456.6674,949.6671,71822.6842
503,2019-05-19,194.3337,198.0002,194.3337,198.0002,751.6668,2141.3338,2200.0006,2079.0006,2189.0003,2222.0004,2581.3339,2552.0003,2717.0008,2790.3341,2761.0008,2654.6673,2449.3338,2654.6674,2816.0007,2717.0007,2449.3341,2258.6674,1576.6671,209.0002,45554.6789
504,2019-05-20,187.0004,183.3336,179.6668,407.0001,1631.6671,4238.6678,5485.3346,5683.3346,5089.3347,3472.3344,3204.6674,3190.0009,3483.3343,3307.3342,3388.0009,5056.3347,6116.0016,5357.0011,5921.6681,4227.6673,3692.3344,2764.6674,2247.667,898.3338,79412.6872
505,2019-05-21,113.6667,117.3334,139.3333,234.6669,1257.6669,2867.3341,3945.3343,4216.6676,3740.0008,2328.3338,2291.6673,2346.6674,2339.3338,2409.0006,2464.0007,3758.3341,3949.0011,4029.6676,4150.6676,3732.6676,2643.6673,2152.3338,1738.0005,773.6668,57739.014
506,2019-05-22,164.9999,164.9999,172.3333,212.6669,1785.6673,4770.3343,5830.0016,5958.3348,5049.0013,3248.6674,3355.0009,3149.6674,3186.3342,3329.3342,3358.6674,5030.6678,5808.0016,5918.0014,5709.0013,4414.6676,3531.0011,2786.6674,2313.6671,979.0004,80226.6865
507,2019-05-23,187.0001,146.6669,150.3336,407.0004,1635.3337,4066.3343,5635.6681,5822.6684,4506.3343,3798.6679,3149.6674,2988.334,3003.0006,3076.3344,3076.3341,5203.001,5998.6681,5760.3346,5822.6678,4612.6678,3135.0009,3021.3339,2328.3342,909.3339,78441.0204
508,2019-05-24,124.6668,132.0001,135.6668,403.3336,1683.0003,4469.6678,5265.3346,5672.3346,4961.0011,3362.3341,3300.0006,3127.6676,3248.6676,3347.6674,3281.6673,4920.6681,5507.3346,5566.0014,5463.3349,4616.3344,3582.3341,2940.6674,2365.0007,898.3336,78375.0195
509,2019-05-25,128.3333,132.0,176.0004,440.0002,1782.0005,4436.6676,4433.0011,4561.3346,3571.334,3039.6676,2992.0007,3289.0009,3971.0008,4136.0008,4066.334,3974.6678,4139.6676,4004.0011,4007.6675,3113.0009,2808.6673,2746.3339,2489.6673,1070.6672,69509.0171
510,2019-05-26,190.6669,190.6672,183.3336,187.0004,825.0003,2225.6673,2163.3338,2141.3338,2123.0006,2101.0003,2706.0009,2493.3341,2566.6671,2735.3338,2885.6673,3003.0009,2860.0006,2772.0006,2973.6672,2871.0007,2475.0006,2203.6673,1569.3336,212.6669,46658.3458
511,2019-05-27,190.6672,183.3336,183.3337,535.3339,1565.6674,4667.6679,5646.6681,5382.6682,4924.3346,3395.3341,3076.3342,3204.6674,3230.3344,3175.3341,3358.6677,5137.0013,5423.0014,5734.6679,5712.6678,4433.0011,3531.0008,2856.3339,2321.0004,1019.3336,78888.3547
512,2019-05-28,190.6672,194.3337,187.0004,388.6669,1686.6671,4807.001,5566.0016,5162.6679,4733.6676,3325.6677,2977.3339,3039.6676,3080.0006,2962.6673,3410.0009,5397.3346,5654.0014,5650.3348,5877.6681,4370.6679,3754.6674,2636.3342,2302.6673,997.3336,78353.0207
513,2019-05-29,187.0001,179.6668,209.0004,465.6671,1657.3338,4689.6679,5698.0016,5437.6679,5052.6679,3538.3344,3157.0007,3351.3344,3267.0008,3289.0009,3259.6676,5085.6678,5500.0014,5621.0016,5580.6684,4139.6674,3542.0008,2555.6671,2299.0006,1012.0001,78774.6875
514,2019-05-30,194.3337,183.3337,190.6669,282.3334,1694.0004,4616.3343,5617.3349,5995.0016,4946.3345,3490.6675,3116.6674,3098.3341,3047.0006,3076.3342,3219.3344,3116.6676,4792.3346,5404.6678,5687.0014,4488.0011,3652.0007,2845.3339,2302.6671,1026.6671,76083.3529
515,2019-05-31,198.0002,201.6667,198.0002,458.3334,1664.6669,4612.6679,5855.6679,5419.3346,4755.6675,3608.0009,3142.3341,3204.6674,3179.0008,3197.3342,3373.3339,5144.3346,5562.3348,5544.0011,5613.668,4546.6675,3641.0008,2761.0009,2251.3339,1037.6668,79170.685
516,2019-06-01,231.0004,223.6668,223.6668,484.0001,1664.6668,4572.3343,4543.0011,4326.6679,3615.3343,2922.3339,2959.0009,3373.3341,4150.6676,4411.0011,4279.0009,4176.3343,4121.3341,4165.3344,4198.3344,3127.6674,2761.0007,2845.3339,2376.0005,1048.6668,70799.6835
517,2019-06-02,201.6667,205.3332,205.3332,198.0002,803.0004,2200.0005,2203.667,2379.6674,2269.6671,2262.3339,2907.6674,2900.3342,2911.3341,2852.6676,2944.3341,3036.0007,2926.0009,2915.0008,2827.0009,2775.6674,2526.3342,2442.0006,1540.0001,205.3334,48638.346
518,2019-06-03,187.0004,187.0004,187.0004,183.3336,784.6671,2247.6672,2119.3338,2141.3338,2401.6673,2324.6673,2728.0009,2687.6673,2856.3344,3014.0006,2856.3342,3021.3341,3010.3344,3010.3342,3036.0007,2827.0006,2636.3338,2211.0003,1547.3336,205.3334,48411.0138
519,2019-06-04,194.3337,183.3336,194.3337,374.0004,1822.3339,4704.3347,5936.3349,5951.0014,4807.0014,3908.6676,3457.6676,3406.3341,3795.0011,3446.6674,3296.3341,5060.0016,5628.3344,5716.3346,5951.0016,4312.0008,3630.0008,2940.6674,2284.3338,1001.0003,82001.3549
520,2019-06-05,216.3333,212.6666,208.9999,252.9999,1796.667,4543.0011,5841.0011,5679.6679,5100.3346,3380.6676,3454.0008,3241.3341,3377.0008,3307.3341,3157.0008,5225.0013,5364.3345,6222.3346,5694.3349,3949.0009,3813.3344,2739.0006,2295.3341,1001.0001,80072.685
521,2019-06-06,201.6667,201.6667,201.6667,308.0004,1767.3336,4583.3346,5650.3348,6017.0014,4711.6678,3454.0008,3336.6676,3399.0008,3248.6676,3329.3344,3402.6677,4961.0013,5448.6678,5760.3346,5731.0014,4620.0009,3721.6676,2720.6672,2247.6671,1015.6666,80039.6861
522,2019-06-07,201.6667,198.0002,198.0002,388.6666,1752.6671,4550.3345,5364.3344,5078.3343,4587.0011,3652.0008,3325.6673,3212.0008,3490.6676,3204.6674,3248.6672,5159.0011,5430.3346,5676.0011,5536.6681,4356.0008,3938.0011,3036.0006,2442.0003,1107.3336,79134.0175
523,2019-06-08,205.3332,208.9999,205.3332,245.6666,1947.0006,4451.3344,4488.001,4326.6676,3813.3343,3050.6674,2907.6674,3399.0007,4154.3346,4257.0013,3974.6677,4473.3341,4235.0011,4147.0011,4007.6676,3212.0009,3127.6674,3230.3339,2552.0006,1048.6671,71668.6837
524,2019-06-09,183.3336,187.0004,179.6668,187.0004,839.6668,2090.0003,2244.0003,2060.6671,2090.0005,2126.6671,2662.0007,2566.6674,2680.3338,2629.0006,2687.6676,2559.3338,2552.0012,2570.3341,2295.3338,3256.0009,2530.0006,2324.6674,1595.0004,205.3334,45301.679
525,2019-06-10,205.3332,198.0002,201.6667,285.9999,1796.6671,4858.3346,5555.0013,5672.3349,4814.3343,3384.3344,3263.3341,3113.0006,3120.3342,3171.6677,3171.6672,4964.6676,5397.3348,5709.0014,5511.0011,4733.6678,3721.6679,2706.0006,2339.3338,938.6671,78833.3525
526,2019-06-11,187.0004,183.3336,187.0004,282.3333,1760.0003,4766.6682,5467.0014,5764.0014,4865.6679,3494.3341,3164.3342,3120.3339,3351.3342,3124.0009,3215.6673,4972.0011,5280.0011,5657.6682,5540.3349,4235.0009,3861.0009,2632.6671,2277.0006,986.3334,78375.0197
527,2019-06-12,194.3337,201.6667,194.3337,344.6669,1789.3336,4484.3345,4887.6679,5155.3345,5140.6681,3446.6676,3259.6676,3223.0009,3560.3344,3135.0007,3307.3342,4975.6681,5573.3347,5694.3347,5034.3343,4348.6674,3758.3343,2929.6674,2519.0006,1078.0001,78235.6866
528,2019-06-13,201.6667,198.0002,198.0002,220.0002,1925.0003,4561.3341,5489.0013,5584.3346,4946.3347,3336.6674,2841.6674,3094.6674,3017.6671,3061.6671,3201.0009,5129.6678,5294.6681,5643.0014,5760.3343,4403.6676,3868.3344,2819.6677,2266.0006,982.6669,78045.0184
529,2019-06-14,205.3332,205.3332,208.9999,509.6669,1639.0007,4697.0011,5445.0013,5250.6679,5309.3349,3564.0008,3325.6676,3160.6676,3307.3342,3120.3342,3124.0012,4964.668,5445.0013,5679.6679,5654.0013,4301.0008,3622.6674,2797.6674,2434.6673,1019.3334,78991.0195
530,2019-06-15,205.3332,194.3337,183.3336,227.3337,1829.667,4099.3346,4381.6678,4125.0011,3725.3344,2929.6673,2959.0009,3432.0009,4026.0013,4400.0008,4447.6677,4458.6676,4176.3344,4125.0011,4165.3346,3248.6674,2860.0006,2907.6674,2409.0003,1056.0003,70572.3517
531,2019-06-16,190.6672,190.6672,190.6672,194.3337,836.0003,1976.3338,2229.3339,2141.3336,2233.0008,2346.6674,2911.3341,2764.6677,2636.3342,2981.0006,2698.6673,2838.0006,2805.0006,2757.3341,2783.0007,2940.6677,2706.0009,2291.6671,1587.6671,209.0001,47439.3479
532,2019-06-17,198.0002,194.3337,190.6672,366.6668,1730.6671,4752.0013,5569.6678,5731.0013,4660.3343,3322.0009,3509.0009,3347.6676,3296.3341,3175.3342,3215.6674,4909.6678,5426.6678,5518.3343,6017.0014,4150.6676,3710.6678,2907.6676,2291.6673,1078.0002,79269.6866
533,2019-06-18,227.3336,234.6672,231.0004,495.0003,1646.3338,4499.0008,5672.3346,5830.0013,4667.6679,3652.0011,3545.6679,3509.0009,3413.6676,3256.0009,3160.6672,5151.6679,4884.0013,5679.6681,5555.0013,4579.6676,3648.3341,2863.6674,2280.6671,986.3338,79669.3541
534,2019-06-19,212.6669,194.3337,198.0002,297.0002,1870.0003,4598.0011,5687.0014,5866.6681,4730.0014,3428.3341,3157.0007,3274.3339,3270.6676,3351.3342,4847.3346,4961.0011,5368.0014,5720.0013,5654.0013,4517.3341,3597.0008,2783.0009,2302.6671,982.6669,80868.3533
535,2019-06-20,187.0004,187.0004,187.0004,454.6669,1752.6671,4840.0008,5855.6684,4715.3344,5657.6678,3512.6673,3083.6673,3102.0006,3212.0009,2977.3341,3208.3339,4884.0011,5052.6675,5859.3348,5335.0013,4521.0011,3527.3341,3047.0009,2222.0006,1096.3336,78477.6857
536,2019-06-21,201.6666,197.9999,205.3332,366.6666,1756.3341,4722.6678,5822.6683,5511.001,4909.6676,3564.0008,3025.0008,3127.6674,3142.3342,3193.6674,3091.0006,4814.3346,5448.6683,5624.6681,5665.0011,4521.0011,3743.6677,2882.0009,2390.6674,1100.0,79027.6855
537,2019-06-22,198.0002,198.0002,198.0002,330.0002,1892.0005,4425.6676,4528.3343,4143.3344,3641.0009,2948.0009,3010.3341,3274.3342,3912.3344,4103.0011,4154.3344,4176.3339,4202.0008,3960.0011,4374.3346,3446.6676,2856.3342,2944.3341,2515.3339,1056.0004,70488.0182
538,2019-06-23,187.0004,183.3336,183.3336,187.0001,876.3336,2152.3339,2266.0005,2203.6671,2302.667,2310.0006,2566.6674,2684.0006,2508.0004,3083.6674,2676.6671,2409.0005,2603.3342,2852.6674,2830.6674,2816.0004,2621.6673,2357.6673,1609.6671,201.6669,46673.0118
539,2019-06-24,179.6666,187.0001,168.6666,176.0001,740.6669,2148.6671,2071.667,2134.0003,2152.3338,2211.0005,2636.3339,2610.6671,2618.0006,2838.0006,2735.3339,2896.6674,2915.0005,3032.3341,2896.6674,2570.3339,2625.3339,2317.3338,1628.0,198.0002,46687.6763
540,2019-06-25,183.3336,183.3336,183.3336,377.6667,1877.3338,4279.0008,5445.0013,5584.3346,4216.6675,3483.3341,3102.0006,3025.0009,3311.0011,3278.0009,3241.3341,5265.3344,5467.0014,5661.3348,5811.6682,4495.3347,3633.6678,2742.6674,1998.3338,751.6671,77597.6868
541,2019-06-26,183.3336,179.6668,179.6668,227.3334,1833.3336,4755.6679,5954.6681,5492.6684,4598.0013,3652.0011,2911.3342,3292.6677,3091.0008,3215.6676,3292.6677,5012.3347,5474.3346,5679.6681,5716.3345,4308.3344,3377.0011,2819.6674,2306.3338,1026.6668,78580.3544
542,2019-06-27,183.3336,183.3336,183.3336,253.0004,1653.667,4649.3343,5723.6684,5643.0014,4634.6676,3641.0008,3142.3341,3212.0011,3256.0007,3226.6674,3347.6679,5162.6679,5558.6684,5720.0011,5808.0018,4609.0011,3608.0008,2724.3339,2229.3339,982.6672,79335.688
543,2019-06-28,198.0002,198.0002,183.3336,465.6668,1804.0006,4722.6676,6039.0014,5969.3349,4737.3343,3490.6676,3080.0006,3069.0006,3153.3341,3098.3344,3355.0008,5140.6679,5522.0016,5885.0016,5782.3345,4451.3344,3685.0009,3146.0007,2427.3338,990.0004,80593.3535
544,2019-06-29,183.3336,187.0004,187.0004,341.0004,1818.6671,4638.3341,4502.6681,4249.6679,3505.3339,3105.6676,2988.3344,3413.6676,3919.6679,4414.6678,4275.334,4077.3343,4128.6676,4165.3345,4125.0008,3351.3341,2977.3344,3025.0007,2695.0009,1074.3336,71349.6861
545,2019-06-30,201.6669,212.6666,212.6666,212.6666,898.3339,2255.0009,2420.0006,2365.0006,2251.3341,2401.6676,2731.667,2849.0009,2962.6674,2808.6673,2746.3341,2893.0009,3113.0009,3076.3342,3098.334,2827.0006,2772.0008,2442.0007,1580.3338,220.0001,49551.3471
546,2019-07-01,190.6672,190.6672,194.3337,190.6669,737.0004,2222.0006,2218.3335,2225.667,2211.0004,2203.6671,2629.0006,2812.3338,2827.0009,2574.0007,3072.6673,3006.6673,2702.3341,2830.6677,2654.6674,2717.0004,2665.6674,2343.0006,1525.3335,260.3337,47204.6794
547,2019-07-02,187.0004,187.0004,187.0004,579.3333,1668.334,4557.6675,5478.0011,5401.0016,4887.6678,3589.6677,3098.3341,3072.6674,3285.3339,3314.6676,3241.3339,5049.0014,5496.3349,5474.3349,5866.6679,4777.6675,3619.0006,2830.6674,2211.0005,986.3336,79046.0198
548,2019-07-03,212.6666,212.6666,212.6666,381.3334,1811.3336,4330.3344,5522.0011,5811.6681,4510.0013,3824.3342,3215.6674,3135.0008,3267.0007,3241.3343,3285.3342,5137.0016,5830.0013,5793.3346,5386.3346,4781.3343,3512.6674,2790.3341,2445.6671,964.3336,79614.3519
549,2019-07-04,190.6672,187.0004,190.6672,242.0002,2038.667,4576.001,5782.3348,4616.3344,4950.0011,3428.3344,3223.0006,3138.6674,3182.6676,3248.6676,3303.6676,5214.0011,5507.3348,5701.6681,5533.0014,4455.001,3564.0008,2779.3341,2134.0003,1056.0003,78243.0204
550,2019-07-05,198.0002,198.0002,198.0002,392.3334,1628.0003,4638.3345,5360.6678,5536.6681,5129.6678,3311.0009,3182.6674,3032.3342,3179.0009,3054.3342,3366.0009,5096.6678,5331.3348,5481.6679,5947.3346,4378.0011,3608.0008,2698.6671,2101.0005,953.3335,78001.0191
551,2019-07-06,216.3333,212.6666,212.6666,568.3336,1617.0004,4268.0008,4433.0011,4161.6678,3545.6676,2937.0009,3197.3339,3494.3341,3927.0009,4191.0011,4238.6677,4136.0011,4308.3343,4103.0009,4095.6675,3289.0009,2871.0006,2896.6672,2467.6674,960.6669,70348.6832
552,2019-07-07,223.6668,223.6668,220.0,198.0002,550.0002,2159.6673,2119.3339,2137.6673,2104.6671,2126.6668,2544.6673,2757.334,2665.6671,2702.3341,2874.6676,2819.6674,2838.0009,3065.3339,3069.0007,2731.6674,2691.3338,2537.3339,1573.0004,208.9999,47142.3448
553,2019-07-08,208.9999,208.9999,205.3332,278.6667,1496.0004,4561.3346,5294.6678,5734.6681,4539.3346,3542.0008,3058.0009,3036.0009,3259.6674,3274.3344,3219.3341,5159.0014,5566.0013,5456.0011,5980.3349,4638.3346,3494.3344,2669.3341,2244.0006,880.0003,78004.6864
554,2019-07-09,216.3334,212.6666,209.0001,300.6672,1650.0006,4693.3345,5610.0016,5525.6679,4858.3344,3443.0008,2955.3341,3025.0008,3076.334,3153.3341,3417.3341,5258.0014,4587.0008,4411.0009,4279.0009,4286.3341,3611.6676,2797.6676,2332.0006,894.6671,74803.6852
555,2019-07-10,227.3336,234.6672,223.6669,374.0001,1617.0003,4458.6678,5665.0011,5555.0013,4983.001,3443.0008,3120.3341,3113.0009,3190.0009,3421.0009,3303.6674,5221.3347,5441.3348,5687.0014,5558.6681,4546.6676,3589.6676,2882.0008,2284.3335,876.3337,79016.6865
556,2019-07-11,249.3332,245.6667,242.0002,278.6669,1646.3338,4686.0013,5386.3348,5258.0014,5364.3346,3157.0009,3182.6674,3208.3339,3102.0006,3472.3339,3472.3344,5195.6681,5327.6681,5030.6681,4319.3345,4202.0011,3971.0009,2922.3344,2475.0006,968.0,77363.0198
557,2019-07-12,260.3333,256.6666,256.6666,498.6668,1477.6671,4653.0008,5445.0013,5855.6681,4722.668,3578.6674,3234.0006,3094.6676,3146.0009,3369.6676,3263.3344,5016.0014,5635.6679,5896.0016,5606.3345,4961.0015,3688.6676,2706.0012,2361.3336,1023.0004,80006.6868
558,2019-07-13,190.6672,187.0004,190.6672,586.6669,1573.0004,4323.0008,4341.3346,4213.0011,3608.0009,2753.6676,2724.3342,3281.6676,3905.0011,4400.0008,4367.0011,4202.0011,4238.6678,4290.0011,4290.0011,3072.6674,2823.3338,3069.0009,2486.0007,942.3336,70059.0194
559,2019-07-14,216.3333,231.0004,216.3337,187.0004,473.0001,2170.6671,2262.3339,2214.6668,2104.6668,2240.334,2878.3344,2926.0007,2838.0008,3083.6673,2893.0006,2746.3341,2911.3342,2874.6673,2830.6676,3135.0009,2757.3341,2610.6674,1646.3336,238.3334,48686.0129
560,2019-07-15,205.3334,220.0001,212.6666,388.6669,1554.6668,4818.0013,5694.3344,5610.0017,4924.3344,3809.6676,3241.3342,3391.6677,3413.6677,3538.3342,3611.6676,5243.3346,5646.6684,5907.0014,5602.668,4521.0011,3784.0011,2830.6673,2412.6671,1015.6668,81598.0204
561,2019-07-16,216.3333,208.9999,208.9999,282.3333,1668.3336,4642.0011,5830.0013,5767.6675,5016.0011,3468.6677,3149.6677,2977.3341,3186.3339,3285.3342,3179.0006,5151.6679,5698.0014,5584.3346,5771.3349,4444.0011,3531.0009,2834.3341,2273.3338,993.6669,79368.6848
562,2019-07-17,201.6667,194.3337,194.3337,403.3334,1529.0006,4612.6676,5448.6679,5764.0014,4862.0013,3476.0009,3102.0009,3065.3339,3171.6677,3234.0006,3234.0012,5203.0011,5657.6681,5826.3349,5353.3347,4671.3346,3476.0009,2801.3339,2438.3339,964.3337,78884.6873
563,2019-07-18,198.0002,194.3337,198.0002,253.0004,1763.6671,4587.0011,5943.6681,5672.3346,5008.668,3685.0006,3215.6676,3061.6673,3296.3342,3296.3341,3505.3342,5203.001,5716.3349,5837.3346,5786.0014,4689.6677,3633.6678,2786.6673,2376.0005,949.6668,80857.3534
564,2019-07-19,231.0004,227.3336,223.6668,348.3336,1734.3341,4656.6678,5782.3346,5683.3348,4528.3346,3358.6674,3124.0009,3036.0009,3171.6673,3252.3341,3399.0009,5159.0011,5386.3343,5962.0016,5544.0016,4704.3346,3769.3343,2863.6674,2445.6671,931.3336,79522.6874
565,2019-07-20,205.3332,205.3332,201.6667,198.0002,704.0003,2376.0006,2288.0009,2291.6671,2233.0003,2273.3336,2742.6677,2775.6673,2746.3339,3164.3342,3014.0006,3146.0006,2940.6674,2849.0006,2797.6674,2988.3342,2742.6671,2357.6671,1628.0005,198.0002,49067.3449
566,2019-07-21,194.3337,183.3336,183.3336,198.0004,619.6669,2313.6673,2460.3338,2390.6673,2405.3338,2328.3338,2618.0007,2907.6671,3032.3339,2860.0009,2944.3342,3087.3339,3080.0012,1741.667,3245.0007,2970.0007,2779.3341,2365.0006,1782.0003,271.3334,48961.0129
567,2019-07-22,234.6672,234.6669,227.3336,381.3336,1507.0006,4887.6678,5525.6678,5877.6683,5034.3344,3663.0008,3186.3344,2988.3341,3003.0007,3120.3344,3098.3344,4990.3348,5610.0013,5613.6681,5914.3343,4917.0016,3520.0009,2797.6671,2379.6671,946.0004,79658.3546
568,2019-07-23,205.3332,205.3334,205.3334,267.6667,1635.3336,4744.6679,5778.6682,5804.3346,4730.0011,3688.6677,3153.3339,3322.0006,3384.3343,3157.0007,3307.3341,5324.0014,5533.0013,5958.3349,6017.0014,4330.3343,3718.0011,2911.3341,2313.6673,913.0004,80608.0196
569,2019-07-24,245.6667,238.3337,234.6672,256.6666,1466.6671,4832.6679,5745.6678,5903.3351,4880.3346,3087.3341,2882.0008,3003.0007,3182.6676,3318.3341,3395.3341,5166.3345,5426.6678,5738.3346,5841.0014,4620.0013,3674.0011,2830.6676,2383.3339,1004.6669,79357.6872
570,2019-07-25,234.6672,223.6668,223.6668,267.6669,1807.6671,4704.3346,5595.3346,5921.6684,4862.0012,3611.6677,3087.334,3113.0006,3164.3341,3208.3341,3175.3341,5206.6678,5404.6678,5580.6678,5995.0014,4466.0011,3553.0011,2926.0008,2251.3336,891.0004,79475.02
571,2019-07-26,154.0004,146.6672,143.0004,187.0004,1602.3336,4697.0008,5705.3348,5041.6678,5247.0015,3663.0008,3113.0009,3083.6677,3318.3344,3344.0009,3168.0009,5302.0011,5562.3346,5474.3348,5786.0016,4447.6678,3725.3346,2995.6673,2269.6671,938.6668,79115.6882
572,2019-07-27,157.6667,154.0002,157.6667,194.3334,1078.0004,3138.6674,3270.6674,3076.3342,2643.6673,2163.3339,2031.3338,2394.3341,2915.0006,3021.334,3010.3341,3025.0008,2951.6674,2948.0009,2973.6676,2317.3341,1947.0003,2042.3336,1778.3338,689.3337,50079.3464
573,2019-07-28,139.3336,139.3336,143.0004,143.0004,374.0001,1477.667,1705.0003,1650.0004,1697.6668,1782.0005,2119.3336,1939.6673,1925.0003,1914.0003,1848.0006,1895.6673,2262.3338,2170.6671,2273.3338,2035.0003,1774.6671,1763.6668,1030.3336,179.6668,34382.3418
574,2019-07-29,176.0,172.3333,176.0,190.6666,979.0001,3157.0007,3978.3343,3633.6674,3457.6673,2640.0006,2339.334,2207.3338,2244.0003,2420.0006,2464.0005,3593.3344,3934.3343,3956.3343,3468.6675,2328.3341,3234.0008,1983.6674,1657.3339,682.0003,55073.3465
575,2019-07-30,183.3336,183.3336,179.6668,223.6668,1639.0004,4579.6679,5650.3349,5661.3345,4766.6675,3443.0008,2999.3341,3006.6677,3157.0007,3083.6674,3292.6674,5071.0013,5404.6679,5566.0016,5734.6678,3985.6676,3747.3341,2739.0008,2189.0003,869.0004,77355.6859
576,2019-07-31,201.6667,201.6667,194.3337,212.6672,1587.6671,4759.3344,3670.3341,3641.0014,5357.001,3641.0008,2999.3338,3032.3341,3138.6676,3047.0008,3149.6673,4928.0013,5382.6678,5445.0011,6017.0016,4359.6678,3659.3341,2849.0006,2104.6671,891.0001,74470.0182
577,2019-08-01,194.3337,194.3337,194.3337,264.0002,1639.0006,4422.0011,5734.6678,5811.6678,4634.6679,3637.3343,3131.3342,3164.3344,3171.6674,3135.0009,3135.0009,5148.0013,5335.0013,5547.6678,5848.3346,4136.0008,3729.0008,3032.3341,2266.0003,876.3336,78382.3532
578,2019-08-02,208.9999,208.9999,201.6667,231.0004,1496.0004,4565.0009,4638.3343,5430.3346,4697.001,3564.0008,3164.3341,3237.6676,3028.6674,3124.0006,3160.6674,4931.6678,5390.0014,5683.3348,5837.3349,4268.0006,3732.6676,2845.3339,2222.0003,1881.0003,77748.0176
579,2019-08-03,1309.0003,201.6667,208.9999,267.6669,1598.6671,4128.6678,4429.3344,4301.0011,3589.6676,3069.0008,3050.6674,3318.3341,3993.0008,4319.3343,4161.6679,4110.3343,4128.6678,4018.6676,3916.0011,3336.6673,2973.6672,2772.0009,2577.6671,1928.667,71709.0174
580,2019-08-04,1404.3338,205.3334,198.0002,194.3334,590.3336,2181.6672,2086.3335,2126.6671,2086.3335,2101.0003,2607.0008,2761.0009,2944.3344,3105.6674,3146.0009,2761.0006,2871.0006,2922.3341,3113.0009,2665.6676,2607.0006,2280.6671,1422.6669,201.6669,48583.3457
581,2019-08-05,190.6669,190.6672,190.6672,282.3333,1650.0004,4631.0008,5151.6679,5782.3349,4821.6681,3087.334,3109.3342,2973.6677,3036.0009,3230.3344,3175.3339,4986.6676,5687.0011,5753.0013,5522.0013,4601.6678,3659.3341,2724.3342,2387.0006,861.6666,77685.6864
582,2019-08-06,220.0,216.3333,212.6666,282.3333,1514.3338,4587.0011,5540.3344,6028.0016,4810.6678,3373.3342,3113.0008,2937.0009,3285.3344,3267.0006,3355.0009,5195.6681,5665.0013,5577.0013,5646.6681,4964.6676,3567.6677,2695.0006,2423.6676,1983.667,80461.353
583,2019-08-07,1224.6668,223.6668,220.0,242.0002,557.3335,2280.6671,2394.3338,2244.0006,2269.6673,2343.0004,2797.6674,2581.3342,2610.6677,2651.0007,2801.3339,2918.6676,2988.3342,2933.3341,2977.3341,2816.0006,2475.0006,1917.6671,2137.6673,1316.3339,49921.6799
584,2019-08-08,161.3332,161.3334,154.0002,348.3337,1543.667,4689.6679,5632.0013,5646.6681,4733.6678,3256.0009,3076.3339,2970.0009,3050.6673,3171.6676,3245.0009,5254.3345,5588.0015,5511.0011,5573.3351,4634.6678,3743.6675,2808.6674,2156.0003,938.667,78048.6863
585,2019-08-09,216.3333,212.6666,216.3333,330.0003,1536.3339,4488.0011,5731.0013,5657.6678,4785.0013,3369.6679,3131.3341,3072.6673,3230.3342,3234.0009,3380.6677,4913.3345,4660.3346,5753.0017,5437.6682,4946.3343,4062.6676,2878.3339,2343.0006,1943.3336,79530.02
586,2019-08-10,1430.0004,194.3337,194.3337,363.0002,1620.6672,4429.3348,4447.6679,4183.6678,3549.3341,3087.3342,3138.6676,3721.6673,4462.3341,4649.3343,4759.3346,4510.0011,4180.001,4271.6679,4092.0009,3945.3341,2929.6671,2779.3341,2566.6674,2016.6671,75522.3526
587,2019-08-11,1349.3336,183.3334,198.0002,194.3337,568.3333,2152.3341,2233.0006,2145.0003,2266.0006,2357.6673,2702.3338,2845.3342,2768.3342,2768.3339,2922.3341,2860.0008,2922.3339,2995.6672,3043.3339,2783.0007,2530.0006,2097.334,1342.0,150.3337,48378.0121
588,2019-08-12,139.3336,139.3336,150.3334,403.3337,1532.6669,4671.3346,5606.3346,5822.6681,5096.6681,3622.6674,3157.0009,3201.0012,3278.0008,3399.0009,3223.0012,5133.3346,5269.0011,5855.6681,5962.0014,4304.6678,3582.3341,2786.6674,2233.0005,880.0001,79449.3541
589,2019-08-13,187.0004,187.0004,190.6672,256.6669,1650.0006,4697.0014,5503.6678,5965.6681,4532.0014,3886.6677,3083.6674,3025.0007,3102.0009,3201.0008,3230.3343,4972.0013,5518.3346,5844.6682,5503.668,4983.0011,3729.0009,2933.3341,2376.0006,920.3336,79478.6884
590,2019-08-14,198.0004,198.0002,208.9999,274.9999,1686.6669,4612.6678,5811.6682,5214.0011,5159.0011,3289.0009,3080.0008,3234.0009,3424.6677,3193.6674,3179.0008,5078.3346,5283.6678,5848.3351,5342.3349,4341.3344,3824.3341,2860.0008,2280.6671,924.0004,78547.3532
591,2019-08-15,223.6669,227.3336,231.0004,285.9999,1595.0004,4686.0014,5650.3352,5764.0014,5210.3346,3443.0008,2951.6677,3098.3341,3230.3341,3050.6673,3245.0006,5082.0011,5360.6681,5896.0016,5723.6684,4407.3341,3622.6679,2801.3339,2313.6671,843.3336,78943.3542
592,2019-08-16,209.0,201.6672,201.6672,293.3332,1617.0,4678.668,5833.668,5709.0012,4832.668,3542.0012,3142.334,3182.668,3248.6672,3234.0012,3157.0012,5228.668,5551.3352,5969.3352,5661.3352,4678.668,3732.668,2856.334,2368.6672,935.0,80065.3564
593,2019-08-17,212.6666,201.6667,198.0002,245.6669,1565.6671,4484.3344,4576.001,4238.6677,3791.3341,2992.0006,2878.3341,3432.0006,4106.6675,4308.3343,4125.0011,4257.0011,4180.0011,4066.3341,4128.6676,3160.6673,2874.6673,2750.0009,2566.6673,931.3334,70271.683
594,2019-08-18,216.3333,208.9999,209.0001,187.0004,524.3336,2090.0004,2295.3338,2192.6671,2244.0005,2269.6673,2834.3341,2805.0006,3204.6676,2955.3339,2885.6673,2783.0006,2812.3339,2808.6673,2827.0006,2918.6674,2790.3339,2427.3341,1529.0001,234.6669,48253.3447
595,2019-08-19,227.3336,223.6668,216.3333,216.3333,531.6668,2163.3339,2163.3341,2299.0003,2189.0006,2255.0004,2643.6674,2841.6673,2999.3344,2735.3339,2783.0006,2761.0006,2783.0009,2834.3341,2845.3339,2867.3339,2874.6676,2365.0005,1444.667,267.6669,47531.0121
596,2019-08-20,216.3333,212.6666,212.6666,418.0001,1613.3338,4741.0011,3996.6675,5137.0008,5709.0013,3538.3341,3076.3341,3094.6672,3296.3341,3366.0008,3171.6674,5078.3349,5030.6681,5701.6681,5456.0013,4161.6676,3410.0008,2823.3342,2295.3341,909.3339,76666.3518
597,2019-08-21,238.3334,245.6667,242.0002,275.0001,1631.6671,4539.3344,5613.6682,5415.6682,4895.0011,3600.6675,3388.0011,3058.0008,3270.6673,3278.0009,3366.0006,4950.0016,5599.0011,5379.0011,6215.0016,4374.3344,3850.0011,2830.6673,2357.6674,942.3336,79555.6868
598,2019-08-22,260.3334,242.0002,238.3334,271.3333,1774.6671,4887.6679,5448.6678,5914.3349,4451.3344,3611.6679,3076.3339,3072.6674,3072.6674,3190.0007,3215.6674,5126.0011,5386.3346,5991.3349,5382.668,4077.3344,3809.6678,2922.3342,2453.0004,957.0001,78833.3526
599,2019-08-23,205.3332,208.9999,205.3332,304.3334,1734.3339,4840.0011,5052.6681,5456.0016,5184.6676,3523.6676,3384.3341,3248.6676,3410.0009,3395.3341,3344.0009,5137.0012,5540.3349,5841.0015,5731.0014,4715.3344,3740.0008,2830.6671,2416.3342,916.6672,80366.0199
600,2019-08-24,253.0001,260.3333,249.3334,319.0001,1701.3339,4392.6678,4528.334,4286.3341,3677.6679,2911.3341,2904.0009,3377.0009,4084.6679,4191.0011,4334.0011,4260.6679,4059.0011,4286.334,4198.3343,2977.3341,2746.3339,2845.3341,2486.0009,993.6668,70323.0177
601,2019-08-25,212.6666,205.3334,205.3332,223.6668,660.0004,2317.3339,2387.0007,2394.3339,2324.6671,2537.3341,2698.6673,3182.6672,2929.6674,2922.3344,2812.3341,2852.6674,3281.6673,3091.0009,3153.3344,3149.6674,2871.0009,2493.3341,1536.3336,216.3333,50658.6798
602,2019-08-26,223.6668,223.6668,212.6666,267.6669,1481.3335,4821.6678,3868.3343,3611.6676,5126.001,3373.3344,3179.0008,3142.3339,3142.3341,3197.3342,3344.0009,5019.6678,5353.3347,5764.0013,5657.6676,4601.6679,3648.3344,2867.3341,2405.3339,872.6668,75405.0181
603,2019-08-27,227.3336,231.0004,223.6668,388.6668,1602.3336,4895.0013,5786.0016,6017.0016,4565.0011,3831.6674,3303.6677,3406.3344,3391.6674,3369.6673,3575.0011,5338.6679,5639.3348,6013.3349,5778.6681,4418.3341,3989.3343,2992.0008,2464.0006,850.6671,82298.3547
604,2019-08-28,208.9999,208.9999,205.3332,304.3333,1760.0006,4741.001,5837.3346,5646.6681,4920.6678,3824.3341,3355.0009,3399.0006,3644.6679,3366.0007,3237.6676,4935.3349,5302.0014,5342.3346,5536.6678,4356.001,3949.0013,3028.6677,2533.6674,924.0003,80567.6866
605,2019-08-29,194.3337,216.3336,216.3333,370.3333,1668.3339,4759.3343,5811.6678,5914.3351,4755.6678,3681.3343,3311.0006,3355.0009,3347.6673,3410.0009,3399.0011,4990.3345,5320.3346,5643.0017,5628.3348,4689.6676,3659.3345,3109.3341,2570.3341,975.3337,80996.6875
606,2019-08-30,241.9999,249.3332,249.3332,289.6667,1668.3338,4807.0011,5305.6681,5822.6681,5140.6679,3663.0009,3278.0006,3421.0009,3314.6679,3322.0008,3483.3344,5232.3346,5331.3346,5676.0014,5283.6679,4634.6678,3582.3343,2731.6673,2244.0004,909.3338,79882.0196
607,2019-08-31,245.6667,252.9999,249.3332,282.3333,1598.6671,4477.0012,4389.0009,4297.3345,3721.6673,3102.0009,3186.3341,3450.3343,4055.3344,4422.0008,4422.0011,4150.6679,4224.0011,3934.3344,4139.6678,3164.3342,2724.3344,2768.3341,2438.3341,1631.6671,71327.6848
608,2019-09-01,773.6669,238.3337,234.6672,231.0004,561.0,2126.6674,2126.6673,2086.3336,2170.6673,2273.3338,2713.3339,2493.3338,2621.6671,2757.3341,2574.0007,2805.0004,2966.3341,3036.0007,2874.6672,3047.0007,2390.6673,2196.3338,1778.3336,465.6669,47542.0119
609,2019-09-02,227.3336,227.3336,220.0001,289.6666,1481.3336,4440.3343,5258.0014,5940.0013,5276.3347,3864.6676,3171.6674,3285.3341,3193.6677,3146.0009,2951.6673,5074.6678,5217.6679,5621.0014,5819.0013,4484.3343,3776.6675,3124.0007,2332.0003,935.0003,79357.6857
610,2019-09-03,231.0004,231.0004,216.3336,256.6667,1661.0001,4873.0012,5511.0011,5309.3347,4037.0012,3435.6674,3270.6673,3109.3341,3105.6674,3325.6674,3208.3341,4829.0011,5500.0016,5569.6679,5701.6681,4653.0009,3714.3341,2992.0009,2420.0003,913.0,78074.352
611,2019-09-04,245.6667,242.0002,234.6672,238.3334,1602.3338,4557.6676,5698.0013,5958.3346,4546.6675,3703.3345,3428.3343,3292.6676,3197.3341,3336.6674,3212.0007,4898.6678,5170.0014,5877.6678,5877.6684,4378.0011,3523.6677,2907.6674,2313.6671,854.3336,79295.3532
612,2019-09-05,249.3332,245.6667,242.0002,341.0002,1620.6673,4737.3344,5177.3343,5694.3346,5331.3344,3248.6674,3043.3341,3179.0008,3358.6676,3274.3342,3325.6674,4906.0014,5291.0012,5397.3346,5844.6681,4282.6676,3872.0011,2874.6677,2412.6673,975.3339,78925.0197
613,2019-09-06,260.3333,260.3333,256.6666,286.0001,1122.0,3329.3342,3553.0009,3776.6676,3560.3343,2398.0007,2262.3336,2244.0007,2324.6668,2412.6671,2456.6673,3674.0011,3696.0009,4154.3343,3747.3341,3399.0008,2999.3339,2159.6671,1987.3336,777.3333,57097.3456
614,2019-09-07,252.9999,249.3334,245.6667,300.6666,1364.0003,3193.6673,3296.3344,3076.3341,2885.6677,2192.6671,2335.6671,2475.0006,2977.3341,3226.6673,3219.3341,3182.6674,3072.6673,3175.3342,3138.6676,2478.6673,2379.667,2431.0006,2093.6671,1221.0006,54464.6798
615,2019-09-08,726.0001,242.0002,234.6669,198.0002,487.6669,1653.667,1767.3338,1683.0006,1760.0,1796.6673,2152.3339,2126.6671,2299.0004,2060.6671,2145.0006,2354.0008,2225.6674,2159.6671,2324.6673,2115.6672,2277.0004,1888.3338,1213.6668,205.3334,38096.6763
616,2019-09-09,198.0002,198.0002,194.3337,242.0001,1114.6671,3351.3342,4022.3344,3996.6676,3564.0008,2669.3341,2097.3336,2291.6671,2343.0007,2350.3341,2442.0006,3314.6674,3905.0009,4180.001,3916.0009,3267.0008,2951.6674,1947.0006,1826.0004,748.0001,57130.348
617,2019-09-10,227.3336,227.3336,220.0002,260.3336,1111.0001,3201.0009,3505.3344,3897.6675,3325.6676,2475.0006,2170.6671,2170.6671,2365.0003,2317.334,2335.6668,3461.3341,3956.3343,3806.0011,4055.3344,3171.6677,2515.3338,2324.6674,1697.6673,707.6669,55506.0144
618,2019-09-11,242.0002,242.0002,242.0002,293.3337,1177.0006,3322.0008,4026.0012,3956.3343,3538.3341,2739.0009,2262.3338,2277.0005,2497.0006,2372.3342,2306.3338,3421.0008,3813.3343,3890.3343,4414.6678,4356.0011,3626.3339,2863.6676,2310.0006,1078.0004,61266.3499
619,2019-09-12,264.0,267.6668,252.9999,304.3334,1514.3338,4513.6679,5690.6678,5558.6683,4953.6679,3501.6676,3146.0009,3160.6676,3160.6674,3245.0007,3325.6676,4997.668,5503.6679,5819.0017,5584.3347,4869.3346,3633.6677,2970.0009,2379.667,916.6671,79533.6872
620,2019-09-13,242.0002,234.6672,198.0002,249.3334,1664.6671,4576.0009,5489.0014,5346.0011,5243.3348,3527.3346,3116.6677,3256.0009,3219.3341,3333.0011,3388.0008,5192.0013,5258.0011,5786.0016,5610.0013,4433.0011,3927.001,2893.0008,2537.3341,924.0003,79643.6881
621,2019-09-14,51.3334,29.3332,25.6667,25.6667,25.6667,29.3332,25.6667,25.6667,7.3333,0.0,0.0,3.6668,25.6667,25.6667,29.3332,25.6667,25.6667,29.3332,25.6667,25.6667,29.3332,25.6667,25.6667,25.6667,568.3333
622,2019-09-15,209.0001,223.6668,220.0001,187.0004,572.0003,2255.0006,2390.6673,2434.6673,2277.0005,2442.0006,2816.0006,2658.3342,2794.0006,2860.0006,2889.3339,2750.0006,2966.3339,3098.3341,2973.6674,3047.0009,2882.0006,2299.0003,1529.0006,238.3337,49012.346
623,2019-09-16,234.6669,223.6668,216.3333,253.0001,1554.6671,4546.6676,5346.0014,5342.3346,4924.3349,3311.0009,3197.3341,3179.0008,3256.0008,3274.3341,3259.6676,5041.6681,5302.0014,5668.6681,5771.3348,4979.3344,3648.3341,2995.6674,2288.0004,916.6671,78730.6868
624,2019-09-17,242.0002,238.3337,231.0004,304.3334,1551.0003,4682.3344,5195.6675,6024.3346,4627.3343,3494.3344,3248.6674,3146.0007,3344.0011,3366.0006,3358.6676,5034.3346,5474.3345,5940.0013,5613.6681,4649.3343,3795.0009,2867.3341,2522.6671,924.0006,79874.6861
625,2019-09-18,242.0002,245.6667,238.3337,297.0004,1741.6673,4777.6679,5195.6678,5643.0016,4807.0016,3593.3341,2992.0009,2999.3341,3193.6674,3087.3344,3204.6676,5016.0014,5188.3347,5474.3349,5687.0015,4246.0009,3630.0009,2790.3339,2207.3338,935.0003,77432.688
626,2019-09-19,242.0002,242.0002,238.3337,238.3336,1521.6669,4634.6678,5269.0013,5962.0016,5100.3348,3589.6677,3069.0009,3146.0009,3208.3342,3274.3339,3127.6676,3164.3341,5518.3349,5529.3347,5896.0016,4180.0011,3652.0008,2779.3342,2262.3339,898.3336,76743.3542
627,2019-09-20,238.3337,238.3337,234.6672,245.6668,1569.3339,4697.0011,5892.3345,5848.3346,4810.6679,3817.0009,2984.6676,3428.3341,3256.0006,3204.6673,3289.0006,5184.6678,5489.0012,5712.6679,5595.3346,3747.3343,3688.6676,2838.0009,2222.0006,880.0001,79112.0195
628,2019-09-21,242.0002,242.0002,238.3337,297.0002,1672.0003,4414.6675,4345.0009,4224.0011,3633.6674,3006.6674,2882.0006,3333.0006,3890.3343,4264.3345,4279.0011,4169.0011,3967.3344,4132.3344,4029.6676,3116.6676,2904.0009,3047.0008,2537.3339,1004.6669,69872.0176
629,2019-09-22,242.0002,242.0002,238.3337,212.6666,440.0001,2178.0005,2357.6671,2214.6671,2240.3338,2328.3336,2592.3338,2966.3341,3113.0008,2728.0007,2933.3342,2882.0006,2907.6674,3223.0009,3234.0011,2962.6674,2728.0009,2416.3338,1393.3338,245.6667,49019.6791
630,2019-09-23,249.3332,252.9999,249.3332,308.0002,1591.3336,4733.6676,5467.0016,5621.001,5038.0013,3608.0008,3138.6674,2926.0009,3047.0006,3036.0009,3138.6677,4906.0011,5302.0013,5272.6679,5437.6683,4044.3346,3443.0008,2541.0008,2273.3338,938.6668,76563.6853
631,2019-09-24,238.3337,238.3337,238.3337,300.6669,1789.3338,4722.6679,5712.6683,5415.6678,5133.3346,3351.3343,3094.6677,3080.0009,3234.0008,3230.3341,3193.6673,4983.0011,5401.0011,5452.3346,5646.6681,4169.0012,3586.0009,2790.3341,2302.6671,887.3336,78191.6873
632,2019-09-25,212.6666,216.3333,208.9999,278.6667,1485.0001,4645.6675,5723.6681,5940.0014,4334.0008,3637.3344,3204.6674,3138.6676,3329.3343,3333.0009,3329.3341,5144.3347,5470.6679,5511.0013,5716.3346,4282.6676,3685.0008,2687.6673,2258.6671,814.0006,78587.685
633,2019-09-26,249.3337,234.6672,227.3336,326.3334,1426.3336,4539.3345,5390.0013,5566.0014,4561.3343,3666.6674,3058.0009,3105.6676,3215.6674,3146.0009,3259.6676,5272.6678,5375.3349,5580.6681,5914.3345,4161.6676,3597.0011,2775.6672,2244.0006,953.3336,77847.0202
634,2019-09-27,289.6667,286.0002,282.3334,311.6668,1771.0003,4557.6676,5419.3346,5727.3351,5027.0013,3256.0009,3311.0009,3307.3339,3230.3344,3461.3343,3586.0009,5089.3346,5375.3348,5929.0013,5327.6679,4539.3341,3637.3344,2819.6673,2302.6671,971.6671,79816.0199
635,2019-09-28,275.0004,264.0001,256.6666,326.3336,1697.6671,4403.6678,4653.0008,3890.3341,4392.6676,3094.6673,2834.3342,3498.0012,4282.6675,4447.6676,4418.3346,4422.0011,4158.0009,4345.0011,4213.0008,3369.6676,3025.0004,2797.6673,2614.3339,968.0004,72647.684
636,2019-09-29,242.0002,245.6667,238.3337,231.0001,737.0006,2354.0004,2475.0004,2262.3338,2255.0005,2383.3338,2603.3338,2552.0006,2830.6674,3006.6676,2878.3341,2959.0009,2757.3342,2911.3342,3069.0009,2830.6676,2640.0006,2504.3341,1437.3336,212.6666,48616.3464
637,2019-09-30,208.9999,205.3334,187.0001,245.6669,1635.3338,4675.0014,5701.6681,6053.6683,4752.0011,3560.3341,3241.3341,3116.6672,3362.3343,3245.0009,3274.3341,4961.0013,5500.0013,5679.6684,5562.3352,4928.0011,3729.0011,2819.6674,2460.3338,1177.0004,80281.6877
638,2019-10-01,245.6667,245.6667,242.0002,329.9999,1536.3339,4759.3346,5613.6679,5646.6679,5111.3346,3435.6676,3252.3341,3344.0009,3314.6676,3465.0011,3501.6673,5364.3346,5492.6681,5826.3346,5932.6679,4260.6676,3751.0009,2962.6674,2478.667,1155.0003,81268.0194
639,2019-10-02,286.0002,286.0002,289.6667,370.3334,1723.3338,4605.3345,5599.0014,5621.0016,4755.6679,3575.0011,3303.6676,3226.6675,3333.0008,3509.0009,3344.0008,5060.0011,5404.6679,5683.3348,5756.6679,4499.0008,3949.0009,2827.0009,2519.0003,1074.3339,80600.6869
640,2019-10-03,289.6667,271.3336,271.3336,329.9999,1727.0006,4557.6675,5701.6678,5822.6681,4810.6678,3307.3341,2995.6677,3193.6676,3230.3341,3325.6674,3355.0008,5115.0011,5679.668,5687.0013,5624.6679,4385.3344,3597.0008,2900.3341,2526.3339,1026.6668,79731.6856
641,2019-10-04,271.3336,275.0004,267.6668,458.3333,1565.6669,4832.6679,5984.0014,5690.6681,4638.3346,3560.3344,3083.6674,3065.3341,3377.0009,3329.334,3476.0008,5269.0011,5492.6679,6064.668,5573.3349,4532.0008,3747.3343,2849.0009,2467.6673,1059.6668,80930.6866
642,2019-10-05,282.3337,282.3337,282.3337,377.6669,1697.6671,4403.6676,4587.0011,4198.3344,4026.0011,2896.6671,2937.0007,3384.3341,4040.6676,4341.3343,4271.6676,3787.6679,4176.3344,4095.6676,3941.6678,3230.3344,2852.6674,2717.0009,2456.6671,905.6671,70172.6853
643,2019-10-06,220.0001,231.0004,227.3336,212.6668,619.6668,2236.6674,2302.667,2288.0008,2145.0003,2321.0006,2680.3339,2779.3339,2830.6677,2860.0006,2922.3342,2882.0005,3047.0007,2783.0009,2801.3342,2874.6674,2805.0007,2266.0008,1470.3336,234.6669,48040.6798
644,2019-10-07,227.3336,205.3332,208.9999,249.3334,1521.6671,4774.0011,5782.3349,5577.0014,4887.6678,3784.0008,3124.0009,3208.3339,3281.6673,3267.0009,3377.0011,5192.0013,5470.6681,5822.6681,5936.3349,4370.6675,3846.3341,2962.6676,2357.6673,942.3335,80377.0197
645,2019-10-08,260.3333,260.3333,256.6666,264.0002,1701.3336,4792.3343,5727.3348,6204.0016,4748.3346,3802.3343,3201.0007,3153.3341,3226.6677,3380.6674,3157.0009,5063.6678,5683.3352,5727.3346,5771.3347,4136.0011,3652.0009,2882.0009,2431.0004,1015.6671,80498.0201
646,2019-10-09,278.6672,278.6669,282.3337,370.3334,1719.6674,4818.0008,6017.0013,5602.6681,4810.6675,3428.334,3164.3341,3164.3341,3230.3341,3131.3343,3351.3341,5184.6679,5588.0011,5910.6683,5716.3345,4345.0011,3886.6676,2966.3342,2467.6671,894.6669,80608.0197
647,2019-10-10,242.0002,242.0002,238.3337,352.0001,1697.667,4682.3344,5661.3346,5815.3345,4803.3346,3567.6677,3256.0006,3252.3341,3355.0009,3417.3343,3373.3342,5071.0011,5800.6681,5771.3344,5514.6678,4326.6679,3567.6679,2845.3344,2207.3335,1045.0006,80105.6868
648,2019-10-11,245.6666,201.6667,234.6669,384.9999,1734.3338,4656.6678,5753.0013,5522.0014,4744.6678,3567.6676,3234.0009,3215.6676,3402.6676,3267.0006,3314.6676,5225.0011,5507.3349,5804.3345,5470.6684,4092.0009,3564.001,2812.3338,2262.3338,957.0003,79174.3528
649,2019-10-12,256.6666,249.3332,249.3334,271.3334,1496.0004,4304.6679,4495.334,4224.0011,3681.3341,2863.6671,2959.0006,3219.3343,4029.6674,4308.3343,4271.6676,4165.3346,4128.6676,4220.3343,4084.6676,3142.3344,2808.6673,2720.6674,2383.3341,1004.6669,69538.3496
650,2019-10-13,238.3337,242.0002,245.6667,209.0002,656.3336,2269.6672,2332.0005,2313.6671,2225.6671,2313.667,2559.3338,2665.6673,2658.3338,2937.0006,2871.0006,2728.0008,3157.0009,3300.0009,3318.3344,3025.0009,2669.3341,2372.3339,1606.0006,267.6668,49181.0127
651,2019-10-14,260.3333,260.3333,260.3333,227.3332,638.0003,2284.3338,2269.667,2317.3338,2354.0003,2233.0006,2757.3339,2555.667,2753.6673,2808.6671,2757.3344,2801.334,2808.6674,2823.3341,2849.0007,3076.3341,2746.3339,2328.3338,1496.0003,234.6669,47901.3438
652,2019-10-15,231.0004,245.6667,249.3332,348.3337,1683.0003,4887.6673,5441.3339,5518.3341,4689.6673,3523.6673,3065.3336,3179.0006,3245.0003,3175.3338,3300.0005,5232.3336,5547.6673,5841.0011,5646.6673,4480.6673,3560.3338,2827.0005,2423.667,1008.3334,79350.3443
653,2019-10-16,249.3337,245.6669,267.6668,337.3333,1668.3336,4568.6678,4836.3344,5701.6679,4763.0008,3531.0011,3223.0006,3142.3341,3274.3344,3373.3341,3344.0009,5122.3347,5525.6682,6383.6681,5313.0013,4704.3344,3806.0011,2812.3344,2475.0007,1045.0001,79713.3534
654,2019-10-17,242.0002,260.3333,260.3333,344.6666,1565.6671,4601.6676,5368.0011,5903.3346,4755.6676,3193.6674,3182.6673,3120.3341,3160.6676,3333.0011,3329.3344,3373.3344,5877.6682,5324.001,5716.3349,4609.0011,3435.6674,2794.0006,2196.3335,902.0004,76849.6848
655,2019-10-18,249.3334,245.6667,264.0001,351.9999,1653.6673,4642.0011,5181.0014,5969.3351,3817.001,3402.6674,3065.3342,2973.6674,3028.6677,3208.3344,3292.6676,5137.0012,4854.6679,6075.6686,4748.3344,4469.6676,3699.6678,2717.0004,2152.3339,927.6669,76127.3534
656,2019-10-19,249.3332,256.6666,245.6667,399.6668,1565.6673,4381.668,4579.6678,4642.0011,3872.0008,3135.0006,3087.3341,3479.6678,4117.6676,4334.0008,4235.0008,4191.001,4095.6673,4220.3343,4011.3344,3039.6679,2970.0006,2834.3341,2585.0009,920.3338,71448.6843
657,2019-10-20,242.0002,238.3337,242.0002,234.6669,656.3336,2269.6676,2229.3338,2141.3338,2181.6671,2207.3336,2955.3342,2636.3341,2874.6674,2706.0009,2860.0006,2808.6674,3039.6673,3065.3344,3069.0009,2933.3339,2566.6677,2288.0006,1668.3338,238.3333,48352.347
658,2019-10-21,223.6668,198.0002,242.0002,370.3336,1774.6671,4532.001,4748.3343,5599.0014,5430.3346,3699.6676,3197.3341,3179.0009,3300.0006,3311.0009,3201.0009,5155.3346,5602.668,5727.3351,5045.3346,4011.3344,3479.6674,2676.6674,2258.667,1048.6671,78012.0198
659,2019-10-22,264.0,267.6668,264.0,260.3334,1694.0006,3912.3347,5569.6682,5665.0013,5155.3348,3439.3342,2918.6676,3490.6679,3300.0008,3292.6674,3655.6674,5404.6678,5632.0014,6009.6683,5562.3348,4356.001,3989.3343,2753.6671,2508.0006,953.3333,80318.3537
660,2019-10-23,253.0,260.3332,256.6672,256.6672,1525.334,4682.3352,5778.668,6068.3352,4616.334,3578.668,3226.668,3267.0012,3490.668,3428.334,3267.0012,5199.3352,5635.668,5199.3352,5643.0012,4414.668,3637.334,2772.0012,2365.0012,1100.0,79922.3584
661,2019-10-24,282.3337,282.3337,282.3337,374.0002,1485.0003,4081.0011,5951.0019,5445.0014,4920.6679,3538.3344,3311.0009,3270.6679,3402.6676,3428.3341,3509.0011,5137.0013,5430.3346,5749.3348,5764.0014,4407.3341,3633.6676,2838.0007,2258.667,964.3336,79746.355
662,2019-10-25,242.0002,256.6666,249.3332,495.0002,1529.0003,4539.3343,5628.3346,5492.6678,4873.0011,3498.0009,3322.0008,3186.3342,3336.6674,3157.0006,3314.6676,5027.0011,5430.3346,5364.3346,5624.6678,4319.3344,3630.0009,2849.0006,2321.0006,938.6668,78624.3512
663,2019-10-26,278.6672,278.6672,282.3337,414.3336,1488.6671,4392.6678,4491.6676,4026.0008,3791.3343,3025.0009,2981.0009,3329.3341,4059.0012,4015.0008,4345.0009,4198.3343,4044.3346,4143.3346,4209.3345,3142.3342,2841.6672,2929.6676,2526.3341,909.3338,70143.353
664,2019-10-27,252.9999,264.0001,271.3334,242.0002,689.3336,2181.6676,2090.0006,2104.6671,2126.667,2137.6671,2834.3339,3600.6677,3498.0008,3391.6675,3670.3341,3380.6676,3586.0009,3091.0006,2948.0009,2918.6676,2658.3338,2317.3338,1543.667,242.0002,52041.013
665,2019-10-28,238.3337,238.3337,238.3337,355.6669,1576.6671,4869.3346,5698.0014,5991.3349,4986.6676,3593.3343,3186.3342,3289.0006,3322.0011,3380.6674,3413.6676,5305.6678,5357.0011,6013.3348,5760.3346,4297.3343,3710.6679,2951.6674,2365.0006,836.0001,80974.6874
666,2019-10-29,252.9999,252.9999,245.6667,319.0002,1650.0003,4689.6679,5162.6678,5936.3348,4631.0011,3465.0008,3006.6673,3300.0006,3252.3344,3560.3341,3553.0012,5118.6679,5551.3349,5595.3346,5870.3347,4678.6678,3721.6676,2959.0006,2497.0006,869.0003,80138.686
667,2019-10-30,260.3333,260.3333,260.3333,308.0002,1694.0006,4744.6678,5712.6679,5745.6681,4700.6681,3556.6674,3307.3341,3175.3341,3234.0009,3285.3344,3267.0009,4880.3348,5514.6678,5452.3345,5628.3346,4510.0011,3633.6676,2867.3341,2387.0006,920.3336,79306.3531
668,2019-10-31,249.3332,256.6666,252.9999,359.3336,1635.3338,4609.0008,5665.0014,5852.0016,4719.0013,3523.6676,3131.3341,2977.3342,3270.6674,3611.6674,3278.0009,5118.6681,5877.6678,5837.3348,5562.3346,4671.3346,3549.3344,2746.3344,2163.3339,1081.6669,79999.3533
669,2019-11-01,264.0001,275.0004,271.3336,429.0004,1818.6671,4818.0011,5709.0011,5665.0014,5232.3347,3421.0007,3289.0009,3340.3341,3505.3341,3461.3344,3527.3342,5063.6679,4128.6678,5940.0013,5404.6681,4656.6678,3410.0007,2596.0008,2299.0007,872.6668,79398.0202
670,2019-11-02,110.6672,0.0,0.0,0.0,0.0,0.0,0.0,0.0,0.0,0.0,0.0,0.0,0.0,0.0,0.0,0.0,0.0,0.0,0.0,0.0,0.0,0.0,0.0,0.0,110.6672
671,2019-11-03,0.0,0.0,0.0,0.0,0.0,0.0,0.0,0.0,0.0,0.0,0.0,0.0,0.0,0.0,0.0,0.0,0.0,0.0,0.0,0.0,0.0,0.0,0.0,0.0,0.0
672,2019-11-04,0.0,0.0,0.0,0.0,0.0,0.0,0.0,0.0,0.0,0.0,0.0,0.0,0.0,0.0,0.0,0.0,0.0,0.0,0.0,0.0,0.0,21.9999,25.6667,29.3332,76.9998
673,2019-11-05,172.3337,278.6672,275.0004,421.6672,1576.6671,4818.0011,5621.0014,5782.3349,4972.0011,3575.0008,3164.3344,3193.6674,3113.0009,3362.3344,3285.3341,5239.6678,5503.6681,5738.3349,5665.0013,4686.0013,3787.6676,2929.6674,2280.6674,971.6671,80413.689
674,2019-11-06,252.9999,256.6666,245.6667,359.3334,1554.6669,5056.3346,5661.3346,5947.3346,5272.6682,3457.6677,3362.3341,3443.0009,3252.3339,3545.6678,3391.6677,4939.0014,5437.6679,5782.3346,5837.3349,4271.6679,3714.3341,2790.3338,2343.0003,975.3335,81150.686
675,2019-11-07,260.3332,256.6672,253.0,319.0,1855.334,4766.668,5936.3352,5998.668,4403.668,3388.0012,3201.0012,3157.0012,3322.0012,3289.0012,3472.334,5316.668,5430.3352,5837.3352,5705.3352,4521.0012,4051.668,2966.334,2262.334,949.6672,80919.6916
676,2019-11-08,234.6672,227.3336,238.3337,374.0002,1804.0006,4766.6678,5606.3343,5672.3349,4851.0013,3619.0008,3501.6677,3494.3342,3296.3344,3369.6675,3608.0009,5049.0013,5602.6679,5962.0014,5287.3346,4257.0011,3769.3341,2808.6673,2324.6673,876.3336,80600.6877
677,2019-11-09,377.6666,472.9999,487.6669,814.0004,2841.6673,6545.0019,6717.335,6695.3349,5478.0013,4594.3343,4568.6678,4939.0011,6145.3347,6504.6684,6288.3349,6438.6681,6347.0014,6515.6684,6413.0016,5115.0012,4627.3343,4521.0008,4165.3346,3043.3341,110656.3599
678,2019-11-10,715.0001,583.0004,575.6669,572.0001,1540.0003,3578.6675,3641.0008,3696.0009,3571.3343,3688.6678,4231.3344,4378.0012,4693.3346,4634.6676,4557.6678,4675.0011,4488.0011,4693.3343,4524.6676,4495.3346,3872.0011,3798.6677,3157.0008,1771.0004,80131.3534
679,2019-11-11,531.6672,568.3337,572.0001,568.3334,1441.0005,3443.001,3373.3341,3380.6674,3553.0009,3754.6677,4077.3346,4279.0009,4400.001,4367.0011,4455.0008,4704.3344,4352.3343,4535.6679,4803.3346,4810.6678,4176.3345,3806.0011,3248.6676,1679.3335,78881.0201
680,2019-11-12,308.0004,227.3336,220.0004,231.0004,1551.0004,4675.0011,4994.0012,5536.6681,5067.3346,3608.0009,3201.0007,3131.3339,3292.6677,3285.3341,3285.3343,4986.6676,5496.3343,4854.6678,5225.0013,3729.0009,3600.6676,2867.3341,2229.3338,909.3336,76512.3528
681,2019-11-13,220.0,212.6666,216.3333,311.6668,1668.3339,4836.3343,5467.0013,5650.3348,4935.3345,3413.6676,3219.3344,3230.3341,3325.6674,3131.334,3366.0009,4869.3344,5386.3346,5668.6681,4579.6681,4711.6679,3622.6676,2849.0009,2225.6668,891.0001,78008.3524
682,2019-11-14,220.0,220.0,216.3333,429.0001,1543.6673,4671.3344,5448.6679,5866.6683,5052.668,3505.3341,3259.6674,3157.0009,3230.3341,3399.0008,3347.6675,5016.0012,5423.0011,5797.0017,5591.6679,4715.3346,3600.6678,2797.6671,2332.0006,902.0003,79742.6864
683,2019-11-15,223.6668,223.6668,223.6668,418.0003,1635.3339,4722.6678,5833.6682,5624.6682,4873.0014,3490.6673,3032.3341,3182.6673,3212.0009,3285.3341,3336.6676,5342.3346,5474.3343,5635.6681,5771.3345,4495.3343,3710.6676,2966.3341,2317.334,942.3337,79973.6867
684,2019-11-16,417.9999,682.0002,722.3334,1019.3338,3058.0005,6537.6679,6684.3348,6383.6682,5639.3346,4983.0011,4730.0014,5327.6676,6251.6681,6574.3351,6548.6681,6361.6683,6240.6681,6490.0014,6438.6684,5144.3343,4521.0012,4392.6676,4110.3344,1983.6674,111243.0258
685,2019-11-17,777.334,740.6672,704.0,667.334,1595.0,3465.0012,3659.334,3622.668,3644.6672,3835.334,4209.334,4484.334,4649.3352,4711.668,4843.668,4843.668,4660.3352,4862.0012,4737.3352,4814.3352,4568.668,4007.668,2761.0012,612.334,81477.0248
686,2019-11-18,421.6669,388.6668,231.0004,282.3334,1584.0006,4572.3343,6072.0011,5522.0014,4997.6679,3850.0012,3435.6674,3417.3339,3307.3341,3245.0009,3241.3341,5199.3346,5547.6681,5683.3344,6024.3351,4506.3344,3934.3343,3072.6673,2376.0006,924.0003,81836.3535
687,2019-11-19,234.6667,256.6666,249.3332,388.6668,1712.3338,4722.6676,4535.6676,5093.001,5060.0009,3648.3341,3113.0009,3278.0009,3300.0009,3201.0008,3175.3341,4884.0011,5368.0014,5661.3348,5837.3346,4187.334,3666.6676,2929.6671,2464.0009,1151.3336,78118.351
688,2019-11-20,205.3332,205.3332,208.9999,418.0003,1723.3338,4667.6678,5826.3349,5903.3346,4726.3344,3538.3344,3292.6676,3509.0011,3402.6676,3424.6674,3483.3344,5287.3346,5456.0013,5940.001,5690.6681,4370.6676,3956.3341,3160.6673,2456.6671,905.6666,81759.3523
689,2019-11-21,205.3332,205.3332,201.6667,319.0002,1514.3336,4887.6678,5621.0014,5393.6681,4238.6676,3289.0006,2742.6673,2794.0009,2845.3344,2896.6674,3142.3341,5078.3345,4847.3344,5430.3349,4884.0013,3938.0011,3556.6674,2900.3342,2467.6671,953.3334,74352.6848
690,2019-11-22,220.0,220.0,220.0,443.6668,1562.0004,4546.6678,4242.3347,5364.3346,5104.0013,3432.0011,3344.0009,3267.0009,3124.0008,3182.6676,3322.0011,4268.001,4517.3344,5243.3346,5536.6679,4495.3343,3835.3343,3131.3344,2464.0006,1118.3336,76204.3531
691,2019-11-23,227.3336,216.3333,212.6666,480.3333,1686.6672,4319.3336,4535.6668,4304.6671,3633.667,3050.667,3028.6668,3399.0003,4154.3338,4517.3341,4330.3338,4297.3338,4213.0006,4095.667,3982.0003,3285.3338,2871.0,2640.0003,2434.6668,891.0004,70807.0073
692,2019-11-24,205.3332,205.3332,208.9999,205.3332,667.3333,2302.6668,2251.3336,2178.0005,2431.0006,2313.6672,2764.6676,2797.6677,2625.3341,2830.6674,2808.6674,2827.0009,2995.6676,3058.0009,3303.6676,2790.3336,2651.0008,2453.0006,1481.3336,249.3334,48605.3447
693,2019-11-25,238.3337,238.3337,238.3337,256.6666,1510.6671,4763.0011,5588.0011,5921.6681,4928.0013,3175.3341,3483.3341,3325.6674,3212.0007,3450.3341,3391.6676,4946.3343,5624.6678,5830.0016,5038.0011,5302.0014,3501.6673,3021.3344,2361.3341,850.6671,80197.3535
694,2019-11-26,264.0,260.3333,260.3333,450.9999,1576.6671,4510.0003,5195.6673,5797.0005,4649.3338,3868.3335,3355.0003,3340.3335,3424.6673,3241.3335,3366.0006,5034.3338,5646.6676,5852.0009,5701.6673,4763.0003,3967.3338,3054.3339,2504.3336,1067.0001,81150.6755
695,2019-11-27,242.0002,238.3337,242.0002,330.0001,1646.3336,4733.6678,5305.668,5668.6675,5118.6678,3626.3343,3483.3344,3476.0008,3527.3344,3556.6676,3648.3341,5155.3346,5723.6681,5822.6684,5672.3349,4931.6678,3985.6676,3017.6676,2409.0006,960.6669,82522.021
696,2019-11-28,256.6666,256.6666,256.6666,392.3334,1657.3338,4510.0009,5635.6679,5232.3344,5247.0014,3817.0008,3263.3341,3300.0007,3388.0009,3355.0006,3468.6676,5184.668,5463.3346,5844.6681,5599.0016,5030.6678,3780.3341,2992.0006,2354.0006,1030.3336,81315.6853
697,2019-11-29,264.0,264.0,260.3333,429.0001,1668.3337,4686.0014,5815.3348,5665.0015,4777.6676,3454.0006,3531.0008,3270.6677,3377.0011,3395.3339,3450.3343,5049.0013,5734.6679,5694.3348,5632.0011,4455.001,3795.0009,2768.3339,2299.0006,1939.6671,81675.0194
698,2019-11-30,1818.6671,264.0001,264.0,311.6667,1818.6671,4411.0008,4348.6675,4488.0009,3795.0011,2951.6674,3094.6674,3428.3344,3967.3343,4275.3341,4429.3344,4301.0011,4246.0008,4429.3344,4447.6676,3472.3344,3091.0006,3190.0009,2695.0006,2218.3338,75757.0175
699,2019-12-01,876.3336,234.6672,231.0004,231.0004,572.0004,2273.3338,2332.0004,2405.3338,2376.0004,2302.6671,2706.0004,2768.3344,2918.6674,2951.6674,3102.0012,3017.6673,3127.6673,3190.0006,3138.6671,3241.3342,2819.6674,2504.3341,1679.3336,223.6667,51223.3466
700,2019-12-02,198.0002,194.3337,194.3337,440.0002,1657.3337,4895.0006,5694.3341,5943.6674,4917.0,3630.0003,3571.3336,3325.6671,3388.0006,3355.0003,3355.0003,5056.3339,5500.0006,5947.3344,5529.3338,4994.0006,3699.6671,2984.6668,2431.0003,898.3336,81799.6769
701,2019-12-03,238.3337,238.3337,234.6672,322.6669,1463.0004,4715.3344,5474.3344,5837.3346,4587.0008,3850.0011,3109.3344,3006.6673,3329.3341,3318.3341,3318.3339,5140.6679,5588.0014,5588.0014,5731.0014,4359.6678,3989.3344,3366.0006,2636.3339,953.3334,80395.3532
702,2019-12-04,234.6672,234.6672,234.6669,363.0004,1650.0003,4843.6678,5822.6676,5826.3349,4733.6678,3758.3341,3248.6673,3252.3341,3366.0009,3443.0011,3545.6676,3901.3343,4924.3343,5881.3349,5716.3346,4249.6678,3743.6679,2973.6677,2486.0006,931.3336,79365.0209
703,2019-12-05,231.0,253.0,231.0,341.0,1672.0,4741.0012,5577.0012,6086.668,4686.0012,4154.3352,3384.334,3428.334,3355.0012,3494.334,3531.0012,5206.668,5654.0012,5650.3352,5635.668,4961.0012,3696.0012,3212.0012,2676.6672,975.334,82833.6884
704,2019-12-06,234.6672,234.6672,231.0,407.0,1635.334,5030.668,5643.0012,5929.002,5173.668,3692.334,3325.6672,3223.0012,3160.668,3347.668,3512.668,5258.0012,5569.668,5716.3352,5841.002,4301.0012,3978.334,3032.334,2522.6672,2247.6672,83248.024
705,2019-12-07,869.0,198.0,194.3332,374.0,1525.334,4612.668,4418.3352,4400.0012,3817.0012,2937.0012,3135.0012,3483.334,4051.668,4286.334,4257.0012,4103.0012,4194.668,4139.668,4598.0012,3153.334,2918.6672,2933.334,2489.6672,1895.6672,72985.0204
706,2019-12-08,733.3335,212.6669,194.3337,209.0001,733.3336,2233.0006,2453.0003,2284.3338,2218.3338,2339.3336,2706.0009,2786.6673,2841.6673,2669.3341,3006.6677,3061.6673,2878.3342,3120.3339,3142.3341,2959.0006,2673.0009,2530.0006,2046.0003,828.6671,50860.3462
707,2019-12-09,187.0004,187.0004,187.0004,355.6669,1756.3338,4858.3344,5624.6678,5569.6678,4898.6679,3237.6676,3047.0006,3171.6673,3259.6674,3153.3342,3369.6674,5272.668,5133.3344,5192.0017,6028.0014,4356.0008,3754.6679,3010.3341,2519.0006,993.6671,79123.0203
708,2019-12-10,282.3337,282.3334,267.6668,322.6666,1411.6671,4678.6678,5503.6679,5756.6678,4836.3347,3516.3344,3388.0008,3197.3341,3274.3341,3281.6676,3391.6676,5170.0014,5357.0014,6061.0016,5822.6683,4704.3341,3754.6676,3556.6676,2335.6672,861.6671,81015.0207
709,2019-12-11,275.0004,271.3336,267.6668,293.3334,1499.6668,4631.0008,5441.3349,5778.6682,4627.3346,3450.3341,2984.6672,3054.3342,3270.6673,3380.6676,3311.0009,5122.3346,5448.6679,5841.0011,5489.0013,4378.0013,3692.3341,2834.3341,2310.0006,946.0003,78598.6861
710,2019-12-12,223.6668,223.6668,223.6668,429.0001,1602.3336,4601.6673,5415.6674,5676.0006,4568.6671,3589.6668,3278.0005,3237.667,3311.0003,3270.6671,3230.3338,5104.0003,5305.667,5745.6673,5734.6673,4616.3342,3465.0003,2695.0004,2310.0003,872.6668,78730.6759
711,2019-12-13,216.3333,220.0,216.3333,293.3333,1573.0003,4458.6679,5280.0014,5863.0014,5232.3346,3817.0011,3274.3341,3223.0011,3340.3341,3303.6674,3512.6673,4964.6678,5657.6681,5731.0012,5566.0011,4609.0008,3765.6673,3025.0007,2376.0006,2075.3339,81594.3521
712,2019-12-14,854.3338,223.6668,216.3333,352.0001,1628.0004,4326.6678,4451.3343,4139.6676,4304.6679,3201.0009,3146.0006,3626.3344,4110.3343,4403.6676,4367.0009,4444.0011,4451.3346,4370.6676,4202.0008,3267.0009,2988.3344,3094.6676,2764.6676,2064.3336,74998.0189
713,2019-12-15,828.6669,231.0004,220.0,242.0004,685.6669,2339.3335,2519.0006,2387.0006,2207.3339,2581.3339,2988.3341,2794.0009,2984.6676,2863.6673,3014.0009,2698.6674,2926.0005,2911.3341,3036.0007,2764.6673,2764.6672,2761.0007,1477.6673,205.3332,50431.3463
714,2019-12-16,212.6672,209.0,201.6672,344.6672,1580.334,4803.3352,5815.3352,5830.002,5129.668,3600.668,3377.0012,3333.0012,3388.0012,3410.0012,3498.0012,5291.0012,5155.3352,5573.3352,5976.668,4037.0012,3509.0012,2893.0012,2390.6672,902.0,80461.3604
715,2019-12-17,212.6666,208.9999,227.3336,293.3336,1672.0005,4818.0011,5544.0016,5547.668,5155.3346,3410.0009,3131.3339,3226.6676,3333.0006,3190.0009,3505.3343,5067.3346,5382.6678,5793.3348,5555.0013,4385.3344,3765.6678,2845.3341,2383.3339,927.6671,79581.3535
716,2019-12-18,205.3332,205.3332,208.9999,278.6667,1437.3338,4722.6675,5514.6681,6020.6683,4825.3349,3633.6676,3175.3342,3028.6673,3285.3341,3138.6676,3245.0009,4994.0011,5313.0014,5885.0011,5646.6675,4686.0009,3714.3341,2706.0009,2339.3342,854.3338,79064.3523
717,2019-12-19,231.0004,223.6668,238.3337,425.3334,1562.0001,4543.0006,5540.3344,5518.3336,5027.0004,3663.0003,3087.3335,3010.3336,3149.667,3190.0004,3300.0005,5184.6673,5687.0006,5698.0006,5951.0007,4436.6671,3718.0003,2827.0003,2390.6668,946.0002,79548.3426
718,2019-12-20,220.0,220.0,216.3333,425.3336,1613.3335,4601.6678,5672.3351,5514.6681,5038.0012,3626.3344,3329.3339,3399.0008,3318.3341,3534.6673,3582.3346,5305.6681,5448.6678,5690.6679,5507.3346,4843.6678,3652.0008,2907.6672,2544.6674,1730.6671,81942.6864
719,2019-12-21,740.6669,231.0004,231.0004,282.3334,1793.0007,4095.6676,4213.0011,3934.3344,4154.3341,2728.0007,3105.6673,3494.3344,4411.0013,4337.6676,4227.6676,4275.3345,4238.6674,4334.0008,4290.0011,3230.3341,2900.3338,2900.3344,2684.0006,1903.0006,72735.6852
720,2019-12-22,682.0003,216.3333,220.0,216.3333,715.0003,2273.3342,2372.3341,2229.3335,2409.0004,2423.6673,2588.6672,2541.0004,3116.6674,2684.0004,2812.3342,2845.3341,2852.6676,2871.0008,3296.334,3362.3344,3028.6673,2698.6676,1613.3336,242.0002,50310.3459
721,2019-12-23,234.6672,227.3336,227.3336,414.3336,1767.3336,4715.3344,5599.0013,5401.0011,4785.0014,3883.001,3688.6673,3637.3343,3974.6678,4180.0011,4172.6678,5082.0016,5580.6684,4748.3343,5144.3346,4510.0009,3663.0011,3061.6673,2335.6668,1001.0004,82034.3545
722,2019-12-24,216.3333,220.0,216.3333,352.0001,1598.6674,4312.0008,5467.0014,5371.6679,4213.0011,3688.6678,3659.3343,3362.3341,3949.0009,3872.0008,3791.3344,3963.6676,5118.6678,4858.3346,3985.6676,4275.3341,3388.0009,2680.3339,1059.6669,187.0004,73806.3514
723,2019-12-25,187.0004,187.0004,187.0004,187.0004,392.3336,1272.3339,1950.6671,1954.3338,1826.0003,1939.667,1815.0006,2112.0005,2874.6671,2893.0006,2830.6673,2720.6673,2871.0008,2977.3341,3036.0008,2651.0005,2405.3341,2522.6671,1606.0006,205.3336,43604.0123
724,2019-12-26,187.0,187.0,187.0,418.0,1393.334,4268.0012,4411.0012,4488.0012,3835.334,3201.0012,3039.668,3171.6672,3149.6672,3175.334,3468.668,3655.668,4675.0012,5100.334,5243.3352,4143.334,2929.6672,2515.334,2324.6672,869.0,70037.018
725,2019-12-27,183.3334,175.9999,220.0,454.6668,1617.0006,4081.0009,4429.3346,3912.3342,4022.3343,3226.6674,3171.6674,3300.0009,3087.3343,3190.0009,3406.3344,3710.6673,4847.3346,4953.6678,5184.6682,3923.3344,2761.0005,2618.0005,2321.0006,843.3333,69641.0172
726,2019-12-28,249.3332,241.9999,249.3332,344.6669,1675.6672,4381.6679,4455.0011,4330.3344,3729.0009,3168.0006,2999.3341,3109.3341,3487.0008,3527.3343,3652.0008,3663.0011,3956.3344,3762.0011,3787.6676,3373.3341,3256.0006,3424.6676,2764.6676,979.0004,68566.6839
727,2019-12-29,245.6667,245.6667,238.3337,223.6666,649.0,2218.3338,2328.3339,2324.6673,2328.3341,2354.0009,2489.6674,2416.334,2394.3342,2361.3339,2390.6673,2497.0005,2431.0006,2537.3339,2409.0009,2577.6674,2383.3338,2486.0005,1598.6671,216.3334,44344.6786
728,2019-12-30,212.6669,231.0004,234.6672,388.6669,1576.6671,4216.6674,4411.0011,4176.3343,3762.0008,3215.6674,3061.6676,3135.0008,3138.6677,3058.0009,3322.0008,3373.3342,4550.3343,4785.0011,4744.6678,3886.6674,2735.3339,2533.6673,2376.0008,902.0004,68027.6845
729,2019-12-31,249.3332,245.6667,242.0002,278.6666,1628.0006,4275.3343,4392.6675,3696.0008,3193.6673,3215.6677,3230.3341,3252.3341,3329.3346,3263.3342,3226.6676,3311.0011,3432.0008,3468.6676,2852.6673,2218.3341,2361.3341,795.6671,212.6666,198.0001,56569.3483
730,2020-01-01,179.6672,179.6672,179.6672,183.3332,436.3332,1048.6672,1932.334,1928.6672,1844.334,1932.334,1881.0012,1800.334,2027.6672,2053.334,2042.334,1972.6672,2134.0012,2112.0012,2233.0012,2324.6672,2233.0012,2038.6672,1272.334,194.3332,36164.3484
731,2020-01-02,187.0,187.0,187.0,245.6672,1463.0,3754.668,4821.668,4425.668,3699.668,3300.0012,3080.0012,3186.334,3116.668,3190.0012,3432.0012,3344.0012,4495.3352,4873.0012,4975.668,4066.334,2702.334,2431.0012,2225.6672,909.334,68299.022
732,2020-01-03,256.6672,249.3332,242.0,300.6672,1606.0,4227.668,4282.668,4381.668,3732.668,3168.0012,3168.0012,3193.668,3146.0012,3164.334,3556.668,3325.668,4271.668,4565.0012,4594.334,4440.334,2860.0012,2614.334,2343.0012,880.0,68570.3548
733,2020-01-04,256.6672,256.6672,242.0,311.6672,1617.0,4176.334,4213.0012,4301.0012,3461.334,3003.0,3010.334,3417.334,4117.6672,4601.6672,4308.334,4279.0012,4202.0012,4304.6672,4348.6672,3435.6672,2933.334,3113.0,2566.6672,931.3332,71408.3468
734,2020-01-05,227.3336,223.6668,209.0002,198.0004,465.6669,2222.0003,2365.0006,2302.6668,2291.6671,2324.6673,2702.3342,2860.0006,2676.6676,2706.0006,2687.6673,2695.0008,2632.6674,3138.6674,2882.0009,2929.6677,2731.6673,2438.3339,1492.3338,212.6666,47615.3461
735,2020-01-06,205.3332,208.9999,201.6667,194.3337,660.0001,2134.0007,2247.6671,2115.6671,2203.6668,2310.0004,2625.3341,2838.0009,2735.3338,2834.3341,2926.0006,2596.0006,2544.6674,2790.3342,2984.6674,3105.6676,2812.3341,2390.6674,1514.3339,190.6669,47369.6787
736,2020-01-07,190.6672,187.0,194.3332,333.6672,1503.334,4576.0012,5848.3352,5690.668,4700.668,3641.0012,3296.334,3252.334,3476.0012,3399.0012,3399.0012,5228.668,5558.668,5705.3352,5914.3352,4605.3352,3666.668,2805.0012,2211.0012,993.6672,80377.026
737,2020-01-08,209.0,231.0,231.0,352.0,880.0,1639.0,5529.3352,5830.002,4462.334,3318.334,3094.6672,3124.0012,3208.334,3168.0012,3281.668,5184.668,5302.0012,5687.0012,5936.3352,4396.334,3795.0012,2841.6672,2178.0012,1037.6672,74917.3532
738,2020-01-09,238.3332,234.6672,231.0,297.0,1639.0,4689.668,5621.0012,4304.668,3465.0012,3303.668,3204.668,3131.334,3124.0012,3094.6672,3234.0012,5298.3352,5269.0012,5599.002,4931.668,4708.0012,3908.668,2841.6672,2291.6672,971.6672,75632.3556
739,2020-01-10,209.0,205.3332,209.0,487.6672,1547.334,4840.0012,5551.3352,4818.0012,5038.0012,3274.334,3135.0012,3109.334,3197.334,3208.334,3483.334,5177.3352,5613.668,5657.668,5819.0012,4114.0012,3703.334,2948.0012,2372.334,1023.0,78741.6872
740,2020-01-11,194.3337,198.0002,198.0002,443.6669,1573.0003,4466.0009,4543.0008,4385.3343,3813.3343,3245.0008,3230.3341,3732.6678,4147.0009,4447.6673,4381.6678,4220.3345,4392.6673,4275.3343,4286.3344,3285.3341,2867.3339,3032.3341,2669.3341,927.6669,72955.6839
741,2020-01-12,183.3332,187.0,187.0,194.3332,693.0,2093.6672,2159.6672,2185.334,2049.6672,2192.6672,2581.334,2486.0012,2585.0012,2614.334,2596.0012,2779.334,2658.334,2926.0012,2922.334,2904.0012,2860.0012,2577.6672,1521.6672,212.6672,46350.348
742,2020-01-13,208.9999,194.3337,194.3337,348.3336,1624.3336,4832.6676,5566.0014,5709.0015,5239.6678,3776.6676,3223.0007,3285.3342,3373.3341,3278.0006,3362.3342,5408.3343,5657.6682,5932.6681,5848.3348,4495.3343,3153.3342,2966.3341,2519.0006,946.0003,81143.3531
743,2020-01-14,238.3337,231.0004,231.0004,275.0001,1613.3339,4876.6679,5470.6681,6134.3346,5133.3347,3380.6676,3340.3344,3296.3344,3347.6676,3604.3344,3611.6674,5324.0012,5588.0014,5712.6678,5855.6681,4249.6678,3751.0011,2819.6674,2328.3338,927.6668,81341.355
744,2020-01-15,238.3337,234.6672,242.0002,421.6669,1639.0004,4513.6671,5665.0006,5500.0006,5074.6673,3703.3339,3193.6668,3138.667,3160.6673,3248.667,3424.6671,5294.6673,5441.3341,5764.0006,6145.3341,4429.334,3465.0,2808.6671,2233.0,869.0002,79849.0105
745,2020-01-16,227.3336,194.3337,194.3337,297.0002,1514.3338,4326.6675,4766.6679,5038.0011,4942.668,3160.6676,3087.3339,3281.6674,3245.0008,3193.6674,3377.0008,5324.0014,5511.0013,5775.0013,5595.3348,4048.0008,3586.001,2706.0006,2200.0006,1026.6668,76618.686
746,2020-01-17,216.3333,220.0,216.3333,315.3333,1672.0006,4781.3343,5712.668,5716.3345,4829.0014,3571.3341,3146.0009,3296.3339,3252.3343,3252.3344,3476.0012,5195.6676,5470.6681,5797.0013,5199.3349,4209.3346,3861.0011,2988.3341,2632.6674,990.0001,80017.6867
747,2020-01-18,216.3332,209.0,209.0,410.6672,1617.0,4411.0012,4590.668,4576.0012,3644.668,3050.668,3017.668,3479.668,4257.0012,4664.0012,4436.668,4345.0012,4246.0012,4279.0012,4180.0012,3230.334,2797.6672,2852.6672,2526.334,1041.334,72288.3544
748,2020-01-19,201.6667,198.0002,201.6667,198.0002,726.0006,2233.0003,2079.0005,2211.0006,2046.0005,2152.3338,2794.0008,2684.0006,2867.3339,3006.6672,2827.0007,3050.6676,2955.3344,2962.6674,2790.3336,3116.6673,2863.6677,2401.6674,1529.0004,198.0002,48293.6793
749,2020-01-20,194.3337,198.0002,190.6672,454.6669,1507.0006,4565.0013,5419.3345,5837.3346,4572.3346,3729.0012,3226.6673,3091.0006,3230.334,3270.6675,3160.6671,5188.3346,5591.6678,5753.0014,5830.0014,4653.0013,3681.3346,2977.3341,2346.6674,1023.0003,79691.3542
750,2020-01-21,212.6666,201.6667,208.9999,293.3332,1551.0004,4722.6681,5635.6678,5797.0013,5155.3346,3336.6677,3226.6677,3127.6674,3259.6676,3336.6676,3314.6676,5129.6678,5012.3346,5804.3346,5118.6679,4084.6679,3721.6676,2698.6676,2185.3338,1070.6668,78206.3528
751,2020-01-22,216.3332,216.3332,216.3332,322.6672,1741.6672,4697.0012,5437.668,5137.0012,5063.668,3809.668,3072.6672,3127.6672,3017.6672,3234.0012,3285.334,5049.0012,5412.0012,5712.668,5907.0012,4326.668,3703.334,2874.6672,2324.6672,946.0,78851.6852
752,2020-01-23,194.3337,194.3337,190.6672,366.6669,1584.0001,4594.3339,5676.0006,5932.6676,4935.3341,3391.6671,3164.3336,3021.3338,3098.3338,3179.0005,3248.6673,5166.3338,5470.6674,5742.0007,5657.6676,4653.0003,3754.6671,2735.3335,2335.6671,942.3336,79229.345
753,2020-01-24,223.6668,223.6668,212.6666,282.3334,1650.0004,4110.3344,5577.0014,5569.6681,4975.6676,3582.3342,3241.3342,3208.3341,3230.3341,3215.6677,3274.3344,5045.3348,5694.3349,5885.0014,5569.6683,4862.001,3762.0011,2849.0009,2453.0007,1041.3336,79739.0209
754,2020-01-25,242.0002,242.0002,238.3337,381.3336,1719.6671,4403.6679,4546.6679,4396.3343,3699.6676,3153.3344,2995.6677,3534.6676,4425.6676,4337.6678,4392.6678,4403.6676,4290.0011,4180.0011,4257.0007,3347.6673,2882.0008,3043.3341,2629.0006,949.6672,72691.6859
755,2020-01-26,374.0001,539.0001,575.6669,623.3334,1386.0005,3619.0007,3872.0011,3593.3341,3622.6676,3960.0011,4227.6674,4590.6676,4700.6679,4920.6678,4792.3341,5045.3346,4741.001,4711.6676,4803.3343,4741.0012,4370.6679,3857.3341,2739.0009,682.0006,81088.3526
756,2020-01-27,249.3334,242.0002,231.0001,447.3335,1525.3336,4759.3343,5584.3349,5921.6681,4821.6676,3593.3344,3223.0009,3076.3344,3256.0009,3168.0006,3355.0008,5335.0017,5588.0011,5841.0013,5888.6681,4590.6676,3644.6673,2918.6674,2310.0003,916.6668,80487.0193
757,2020-01-28,212.6672,205.3332,209.0,282.3332,1683.0,4682.334,5727.3352,5698.0012,4645.668,3600.668,3149.6672,2522.6672,2112.0012,2977.334,3252.334,5276.3352,5511.0012,5973.002,5804.3352,4418.334,3784.0012,2893.0012,2445.6672,894.6672,77960.688
758,2020-01-29,234.6672,234.6672,234.6672,451.0,1565.6672,4587.0012,5991.3352,5767.668,5126.0012,3589.668,3116.668,3039.6672,3193.6672,3285.334,3252.334,5159.0012,5606.3352,6079.3352,5591.668,4854.668,3824.334,2812.334,2163.334,905.6672,80666.6896
759,2020-01-30,227.3336,238.3337,234.6669,366.6669,1741.6671,4737.3349,5727.3345,6325.0014,4777.6681,3457.6674,3373.3341,3421.0008,3424.6674,3424.6676,3454.0009,5371.6681,5716.3346,5907.0014,5687.0013,4755.6681,3446.6677,2731.6674,2317.3338,927.6669,81792.3546
760,2020-01-31,212.6672,209.0,205.3332,256.6672,1613.334,4748.3352,6064.668,5694.3352,5250.668,3769.334,3186.334,3193.6672,3300.0012,3311.0012,3278.0012,5364.3352,5811.668,5822.668,5987.668,4389.0012,3721.668,2871.0012,2299.0012,883.6672,81444.0248
761,2020-02-01,238.3337,238.3337,234.6672,271.3334,1573.0003,4275.3344,4440.3343,4238.6679,3600.6674,3102.0009,3010.3338,3318.3344,4198.3345,4444.0011,4242.3344,4128.6673,4158.0008,4187.334,4070.0011,3362.3341,2845.3339,2999.3339,2559.3338,924.0003,70660.3506
762,2020-02-02,227.3332,223.6672,216.3332,194.3332,487.6672,2244.0012,2434.6672,2346.6672,2269.6672,2306.334,2621.6672,2533.6672,2684.0012,2882.0012,2878.334,2761.0012,2929.6672,2790.334,2937.0012,2955.334,2709.6672,2354.0012,1576.6672,212.6672,47776.682
763,2020-02-03,201.6672,194.3332,190.6672,388.6672,1507.0,4649.3352,5276.3352,6028.002,5038.0012,3373.334,3241.334,3208.334,3351.334,3256.0012,3175.334,5063.668,5536.668,5874.002,5822.668,4484.334,3787.668,2981.0012,2390.6672,902.0,79922.356
764,2020-02-04,242.0002,238.3337,227.3336,264.0002,1547.3338,4825.3341,5694.3351,5646.6675,5184.6681,3285.3344,3223.0006,3237.6674,3142.3343,3175.3342,3307.3344,5078.3343,5335.0013,5650.334,5852.0014,4396.3341,3820.6676,3054.3341,2302.6668,960.6668,79691.352
765,2020-02-05,205.3332,208.9999,205.3332,385.0001,1628.0004,4807.0012,5503.6681,5954.6681,4744.6681,3410.0008,3223.0006,3219.3344,3307.3339,3395.3346,3344.0011,5228.6681,5734.6679,5987.6683,5896.0013,4708.0014,3747.3343,3017.6674,2449.3336,1026.6671,81337.6871
766,2020-02-06,220.0,220.0,223.6668,282.3334,1609.6669,4876.6679,5734.6678,5826.3348,5034.3346,3531.0007,3193.6673,3223.0006,3208.3341,3300.0011,3498.0012,5338.6677,5591.6681,5899.6681,6075.6681,4843.6679,4015.0008,3058.0007,2445.6672,960.6671,82210.3529
767,2020-02-07,212.6672,216.3332,205.3332,304.3332,1591.334,4689.668,5848.3352,5987.668,5126.0012,3509.0012,3179.0012,3091.0012,3146.0012,3373.334,3384.334,5298.3352,5628.3352,5833.668,5643.002,4744.668,3769.334,2900.334,2310.0012,938.6672,80930.6908
768,2020-02-08,242.0002,242.0002,242.0002,352.0002,1701.3338,4473.3346,4579.6674,4257.0011,3615.3343,3058.0009,3047.0006,3615.3343,4051.6676,4499.0011,4495.3346,4634.6678,4279.0011,4418.3343,4389.001,3127.6674,2849.0005,2966.3341,2596.0008,953.3339,72684.352
769,2020-02-09,212.6672,209.0,212.6672,198.0,480.3332,2431.0012,2478.6672,2299.0012,2442.0,2273.334,2603.334,2574.0012,2790.334,2860.0012,2867.334,2948.0012,2889.334,2944.334,2827.0012,2977.334,2812.334,2310.0012,1573.0,238.3332,48451.3484
770,2020-02-10,249.3332,245.6672,238.3332,377.6672,1635.334,4612.668,5401.0012,5782.3352,4840.0012,3391.668,3160.6672,3164.334,3314.668,3124.0012,3303.668,5364.3352,5401.0012,5929.002,6123.3352,4557.668,3945.334,2915.0012,2343.0012,1144.0,80564.0248
771,2020-02-11,399.6669,238.3337,238.3337,330.0,1551.0004,4891.3344,5874.0016,6292.0013,5019.6678,3996.6679,3245.0009,3234.0009,3399.0006,3300.0009,3490.6677,5426.6681,5610.0017,5855.6678,6178.3351,4583.3346,3806.0008,2889.3342,2310.0003,909.3336,83068.3549
772,2020-02-12,216.3333,205.3332,208.9999,282.3334,1609.6669,4770.3343,5448.6679,5892.3345,4946.3346,3314.6676,3171.6676,3142.3341,3193.6677,3545.6676,3336.6673,5291.0016,5749.3349,6079.3348,6064.6681,4605.3341,3791.3343,3032.3341,2427.3341,982.6669,81308.3528
773,2020-02-13,231.0,231.0,231.0,319.0,1587.6672,4649.334,5929.002,5833.668,5159.0012,3388.0012,3160.668,3157.0012,3190.0012,3336.668,3457.668,4913.3352,5881.3352,5247.0012,6046.3352,4403.668,3857.334,2999.334,2412.6672,949.6672,80571.3572
774,2020-02-14,234.6672,227.3336,227.3336,300.6667,1547.3335,4466.0011,5683.3346,5650.3348,4744.6675,3575.0012,3278.0009,3369.6673,3377.0008,3417.3343,3498.0008,5181.0014,5676.0011,5437.668,5819.0016,4755.6675,3666.6676,2904.0006,2445.6674,876.3336,80358.6867
775,2020-02-15,208.9999,190.6672,190.6672,293.3337,1609.6671,4466.0011,4642.0011,4414.6677,3809.6674,3069.0007,3083.6673,3490.6674,4147.0011,4253.3346,4301.0008,4183.6676,4062.6678,4429.3344,4330.3345,3193.6677,2933.3341,2808.6677,2570.3341,1089.0006,71771.3528
776,2020-02-16,238.3332,234.6672,238.3332,264.0,685.6672,2200.0,2214.6672,2244.0012,2148.6672,2365.0012,2926.0012,2764.6672,1356.6672,2519.0012,2973.6672,3080.0012,3094.6672,2944.334,3215.6672,2841.6672,2783.0012,2379.6672,1595.0,231.0,47538.3468
777,2020-02-17,212.6666,216.3333,212.6666,443.6668,1617.0003,5159.0011,5683.3346,6515.668,5107.6681,3769.3341,3281.6674,3421.0008,3182.6674,3292.6676,3468.6674,5313.0011,5525.6681,6013.3348,5679.6678,4950.0011,3967.334,2937.0009,2438.3339,953.3336,83361.6854
778,2020-02-18,238.3337,234.6669,227.3336,278.6669,1650.0003,4972.0013,5624.6681,6079.3346,4887.6679,3802.3343,3336.6679,3274.3341,3347.6674,3421.0008,3465.0011,4873.0011,5518.3348,5914.3349,5811.6681,4865.6681,3740.0009,2896.6674,2504.3338,887.3336,81851.0216
779,2020-02-19,234.6669,227.3336,223.6668,359.3334,1672.0003,4748.3343,4337.6679,5327.6678,5870.3348,3520.0011,3366.0008,3278.0009,3340.3344,3589.6674,3479.6678,5364.3346,5855.6684,5954.6678,5727.3349,4829.0011,4018.6678,3039.6677,2570.3339,942.3339,81876.6883
780,2020-02-20,227.3332,227.3332,227.3332,429.0,1716.0,4678.668,5720.0012,6306.668,4884.0012,3611.668,3311.0012,3186.334,3109.334,3230.334,3289.0012,5159.0012,5492.668,5749.3352,5885.0012,4554.0012,3663.0012,2966.334,2302.6672,935.0,80861.0196
781,2020-02-21,282.3332,278.6672,267.6672,410.6672,1822.334,4891.334,6017.002,6284.668,4884.0012,3582.334,3534.668,3094.668,3366.0012,3399.0012,3296.334,5126.0012,5041.668,6039.002,5716.3352,4407.334,3776.668,2995.6672,2306.334,905.6672,81726.3572
782,2020-02-22,194.3337,194.3337,190.6669,315.3332,1760.0006,4576.0013,4598.0012,4455.0009,3820.6676,3087.3341,2999.3342,3498.0009,4378.0011,4440.3343,4374.3343,4238.6678,4286.3343,4154.3344,4081.0011,3190.0008,3619.0006,3021.3341,2284.3339,960.667,72717.352
783,2020-02-23,234.6672,278.6672,278.6672,216.3332,616.0,2225.6672,2350.334,2112.0012,2130.334,2361.334,2632.6672,2592.334,2849.0012,2900.334,2805.0012,2673.0012,2728.0012,2845.334,3153.334,2948.0012,2775.6672,2394.334,1518.0,227.3332,47846.3488
784,2020-02-24,205.3332,201.6672,198.0,330.0,1668.334,4807.0012,5789.6672,5492.6672,5302.0012,3637.334,3311.0,3322.0,3212.0,3201.0,3318.334,5210.334,5591.6672,5947.334,5602.6672,4378.0012,3776.6672,2907.6672,2493.334,1184.3332,81088.3444
785,2020-02-25,146.6672,128.3332,124.6672,297.0,1727.0,4880.3352,5650.3352,5797.0012,4851.0012,3626.334,3505.334,3714.334,3512.668,3406.334,3509.0012,4935.3352,5456.002,6185.668,5720.002,4601.668,3872.0012,3131.334,2346.6672,1158.6672,82283.6904
786,2020-02-26,216.3332,212.6672,220.0,374.0,1741.6672,4781.3352,5375.3352,6035.3352,4627.334,3388.0012,3406.334,3142.334,3105.6672,3116.668,3149.668,4880.3352,5555.0012,5705.3352,5841.002,5173.668,3817.0012,3036.0012,2544.6672,920.334,80366.0248
787,2020-02-27,208.9999,208.9999,198.0002,385.0001,1624.3338,4627.3346,5775.0016,5643.0011,4931.6678,3472.3343,3215.6676,3138.6676,3340.334,3186.334,3127.6674,5137.0011,5562.3346,5778.6682,5786.0011,4257.0011,3644.6674,2911.3341,2390.6674,869.0001,79420.019
788,2020-02-28,124.6666,120.9999,128.3333,403.3336,1741.6672,4583.3341,5052.6676,5529.3345,5503.6679,3765.6678,3549.3341,3714.3343,3578.6674,3457.6673,3593.3341,5401.0013,5819.0013,5995.0016,5562.3346,5155.3344,4161.6676,2984.6673,2493.3341,894.6672,83314.0191
789,2020-02-29,168.6672,135.6668,139.3336,425.3333,1690.3336,4297.3341,4367.0011,4513.6675,3857.3344,2937.0006,2984.6674,3307.3341,4150.6676,4447.6676,4543.001,4271.6673,4169.0011,4297.3341,4326.6678,3421.0008,2944.3339,2621.6673,2526.3341,946.0001,71489.0164
790,2020-03-01,234.6672,256.6666,252.9999,245.6666,685.6666,2192.6671,2310.0006,2167.0006,2321.0004,2387.0007,3006.6672,2526.3338,2629.0009,2680.3341,2610.6674,2783.0005,3182.6676,3102.0009,3190.0009,3091.0009,2673.0009,2416.3341,1540.0005,234.6672,48719.0132
791,2020-03-02,231.0001,212.6666,212.6666,454.6666,1613.3339,4884.0011,4293.6679,1983.667,3124.0006,4202.0012,3314.6674,3406.3341,3289.0008,3549.3341,3611.6676,5261.6678,5547.6684,6171.0013,5973.0016,4898.6679,4172.6676,3098.3342,2596.0009,1030.3337,77132.019
792,2020-03-03,201.6667,201.6667,205.3332,348.3332,1840.6669,4792.3347,5298.3349,5500.0014,5863.0011,3751.0011,3516.3342,3311.0006,3553.0011,3424.6676,3509.0006,5423.0013,5617.3345,6024.3348,5892.3346,4741.0008,3875.6676,3208.3344,2614.3338,942.3334,83655.0192
793,2020-03-04,242.0001,216.3333,220.0,450.9999,1635.3334,4752.0006,5419.3339,6035.3341,5456.0006,3652.0004,3461.3338,3406.3338,3531.0006,3578.6673,3553.0003,5236.0008,5940.0006,5910.6673,5617.3338,5104.0006,4007.6673,3399.0006,2486.0003,1077.9999,84388.3433
794,2020-03-05,212.6672,209.0,209.0,370.3332,1562.0,4990.3352,5786.002,5969.3352,5646.668,3677.668,3564.0012,3545.668,3523.668,3512.668,3560.334,5536.668,5819.0012,6042.668,5679.668,4884.0012,3875.668,3017.6672,2577.6672,986.334,84758.6908
795,2020-03-06,249.3332,249.3332,249.3332,465.6672,1690.334,4601.668,5661.3352,5679.668,5507.3352,3626.334,3325.668,3501.668,3311.0012,3432.0012,3527.334,5558.668,5720.0012,6189.3352,5885.0012,4484.334,4297.334,3087.334,2343.0012,946.0,83589.0224
796,2020-03-07,256.6672,256.6672,253.0,396.0,1679.334,4532.0012,4634.668,4697.0012,3868.334,3182.6672,3175.334,3549.334,4315.668,4524.668,4561.334,4510.0012,4389.0012,4389.0012,4231.334,3410.0012,3113.0012,3135.0012,2750.0012,887.334,74697.3544
797,2020-03-08,0.0,0.0,366.6672,366.6672,366.6672,2200.0,2200.0,2566.6672,1833.334,2566.6672,2566.6672,2566.6672,2933.334,2933.334,2933.334,3300.0012,2933.334,3300.0012,3300.0012,2933.334,2566.6672,2933.334,1466.6672,366.6672,49500.0136
798,2020-03-09,366.67,366.6668,0.0,366.6668,1833.334,4766.6668,4766.6668,5500.0008,5133.334,4033.334,3300.0008,3300.0008,3300.0008,3300.0008,3300.0008,5500.0008,5866.668,5866.668,5133.334,3666.6668,4033.334,2566.6668,2566.6668,733.334,79566.6832
799,2020-03-10,366.6672,0.0,366.6672,366.6672,1466.6672,4766.6672,5133.334,5866.668,5500.0012,4033.334,3300.0012,2933.334,3300.0012,3300.0012,3300.0012,5500.0012,5500.0012,6233.3352,5866.668,4400.0012,3666.6672,2566.6672,2200.0,1100.0,81033.3532
800,2020-03-11,366.6672,0.0,366.6672,366.6672,1833.334,4400.0012,5133.334,5866.668,5500.0012,3300.0012,3300.0012,3300.0012,3300.0012,3300.0012,3300.0012,5133.334,5866.668,5500.0012,5866.668,4400.0012,3666.6672,2933.334,2566.6672,1100.0,80666.688
801,2020-03-12,0.0,366.6672,366.6672,366.6672,1466.6672,4766.6672,5866.668,6233.3352,4766.6672,4033.334,2933.334,3300.0012,3300.0012,3300.0012,3300.0012,5133.334,5866.668,5866.668,5133.334,4766.6672,4033.334,2933.334,2566.6672,733.334,81400.0196
802,2020-03-13,366.6672,0.0,366.6672,366.6672,1466.6672,4766.6672,5500.0012,6233.334,5133.334,3666.6672,3300.0,3300.0,2933.334,3300.0,3300.0,5133.334,5500.0012,5500.0012,6233.334,4766.6672,4400.0,2933.334,2566.6672,1100.0,82133.3452
803,2020-03-14,366.6672,0.0,366.6672,366.6672,1466.6672,4766.6672,4400.0012,4766.6672,3666.6672,3300.0012,2933.334,3300.0012,4400.0012,4400.0012,4033.334,4400.0012,4033.334,4400.0012,4033.334,3666.6672,2933.334,2933.334,2566.6672,1100.0,72600.0172
804,2020-03-15,366.6672,366.6672,0.0,366.6672,733.334,2200.0,2566.6672,2200.0,2200.0,2566.6672,2566.6672,2566.6672,2933.334,2933.334,2933.334,2933.334,2566.6672,2933.334,2933.334,2933.334,2933.334,2566.6672,1466.6672,366.6672,49133.3452
805,2020-03-16,0.0,366.6672,0.0,733.334,1466.6672,4400.0012,6233.3352,5866.668,4766.6672,3300.0012,3300.0012,2933.334,3300.0012,3300.0012,3300.0012,5133.334,5500.0012,5500.0012,5500.0012,4400.0012,3666.6672,2933.334,2200.0,1100.0,79200.02
806,2020-03-17,0.0,366.6672,366.6672,366.6672,1466.6672,4766.6672,5500.0012,5866.668,4766.6672,3300.0012,3300.0012,2933.334,3300.0012,3300.0012,2933.334,5133.334,5500.0012,5500.0012,5133.334,4400.0012,3666.6672,2933.334,2200.0,1100.0,78100.018
807,2020-03-18,0.0,366.6672,366.6672,366.6672,1466.6672,2566.6672,5133.334,5133.334,4766.6672,3300.0012,3300.0012,2933.334,2933.334,3300.0012,3300.0012,4766.6672,5500.0012,5500.0012,5500.0012,4766.6672,3666.6672,2566.6672,2566.6672,733.334,74800.0176
808,2020-03-19,366.6672,366.6672,0.0,366.6672,1466.6672,4400.0012,5866.668,5866.668,4400.0012,3300.0012,2933.334,2933.334,3300.0012,2933.334,2933.334,5133.334,5133.334,4400.0012,4400.0012,3666.6672,3300.0012,2933.334,2200.0,733.334,73333.3524
809,2020-03-20,366.6672,366.6672,0.0,366.6672,1833.334,4766.6672,4766.6672,4400.0012,3666.6672,2933.334,3300.0012,3300.0012,4033.334,4033.334,4400.0012,4400.0012,4400.0012,4400.0012,4400.0012,2200.0,1466.6672,1466.6672,1466.6672,733.334,67466.6844
810,2020-03-21,366.6672,0.0,366.6672,366.6672,1466.6672,1466.6672,2200.0,1833.334,1833.334,1100.0,733.3332,1466.6672,1466.6672,1466.6672,1466.6672,1466.6672,1100.0,1466.6672,1466.6672,1833.334,1466.6672,1100.0,1466.6672,366.6672,29333.3432
811,2020-03-22,366.6672,0.0,366.6672,0.0,733.3332,2200.0,1833.334,1466.6672,1100.0,1100.0,1100.0,1100.0,1466.6672,1466.6672,1466.6672,1466.6672,1466.6672,1833.334,1833.334,2200.0,1833.334,1466.6672,733.334,366.6672,28966.6752
812,2020-03-23,366.6672,0.0,366.6672,0.0,733.334,1833.334,2200.0,1466.6672,1466.6672,1466.6672,1466.6672,1100.0,1466.6672,1466.6672,1466.6672,2200.0,1833.334,1466.6672,1466.6672,1466.6672,1466.6672,1466.6672,1466.6672,0.0,29700.01
813,2020-03-24,366.6672,0.0,366.6672,366.6672,1100.0,2933.334,3300.0012,2566.6672,2200.0,1833.334,1833.334,1466.6672,2200.0,1833.334,2933.334,3300.0012,3300.0012,3666.6672,4033.334,2933.334,1833.334,1833.334,1466.6672,366.6672,48033.3472
814,2020-03-25,0.0,366.6672,0.0,366.6672,1466.6672,4033.334,4033.334,4033.334,2933.334,2200.0,2200.0,1833.334,2200.0,1833.334,1833.334,3300.0,4033.334,3666.6672,3666.6672,2933.334,2200.0,1833.334,1466.6672,366.6672,52800.0104
815,2020-03-26,366.6672,366.6672,0.0,366.6672,1466.6672,4400.0,4033.334,3666.6672,3666.6672,2566.6672,2200.0,1833.334,1833.334,2200.0,2566.6672,3666.6672,4400.0,4033.334,4766.6672,2933.334,2566.6672,1833.334,1833.334,0.0,57566.6772
816,2020-03-27,366.6672,366.6672,0.0,366.6672,1833.334,3300.0,3300.0,2933.334,2200.0,1833.334,1833.334,2200.0,1833.334,1833.334,1833.334,2566.6672,2566.6672,3300.0012,3300.0012,2566.6672,1466.6672,1833.334,1466.6672,0.0,45100.012
817,2020-03-28,366.6672,0.0,366.6672,366.6672,1466.6672,3300.0012,3300.0012,2933.334,1833.334,1833.334,2200.0,1833.334,1833.334,1833.334,2566.6672,2566.6672,2566.6672,2200.0,2200.0,2200.0,1833.334,1833.334,1466.6672,0.0,42900.012
818,2020-03-29,366.6672,366.6672,0.0,366.6672,366.6672,2200.0,1833.334,1833.334,1833.334,1466.6672,1100.0,1466.6672,1100.0,1466.6672,1466.6672,1466.6672,1466.6672,1466.6672,1100.0,1466.6672,1833.334,1100.0,1100.0,366.6672,28600.0096
819,2020-03-30,0.0,366.6672,366.6672,0.0,1466.6672,3300.0012,3666.6672,2933.334,2200.0,1833.334,1466.6672,1833.334,1833.334,1833.334,2566.6672,2566.6672,2933.334,3300.0012,2566.6672,1833.334,1833.334,1466.6672,1466.6672,0.0,43633.3464
820,2020-03-31,366.6672,0.0,366.6672,366.6672,1466.6672,2933.334,2933.334,2933.334,2200.0,1833.334,1833.334,1833.334,1466.6672,1833.334,2566.6672,2933.334,2933.334,3300.0012,2566.6672,1833.334,1833.334,1466.6672,1100.0,366.6672,43266.68
821,2020-04-01,0.0,366.6672,0.0,366.6672,1466.6672,2933.334,2933.334,2566.6672,2200.0,1833.334,1466.6672,1833.334,1833.334,1833.334,2200.0,2933.334,2933.334,2933.334,2566.6672,2200.0,1466.6672,1833.334,1100.0,366.6672,42166.6776
822,2020-04-02,0.0,366.6672,0.0,366.6672,1466.6672,2933.334,2933.334,2933.334,2200.0,1466.6672,1833.334,1833.334,1833.334,1833.334,2200.0,2933.334,2933.334,2933.334,2566.6672,2566.6672,1466.6672,1833.334,1100.0,366.6672,42900.0116
823,2020-04-03,366.6672,0.0,366.6672,366.6672,1466.6672,3300.0012,2933.334,2933.334,2200.0,1833.334,1833.334,1833.334,1833.334,1833.334,2566.6672,2933.334,2933.334,3300.0012,2566.6672,2200.0,1466.6672,1833.334,1100.0,366.6672,44366.68
824,2020-04-04,366.6672,0.0,366.6672,366.6672,1466.6672,2933.334,3300.0012,2566.6672,2200.0,1833.334,1466.6672,1833.334,1833.334,1833.334,2566.6672,2933.334,2566.6672,3300.0012,2566.6672,1833.334,1833.334,1466.6672,1466.6672,0.0,42900.0136
825,2020-04-05,366.6672,366.6672,0.0,366.6672,366.6672,1833.334,2200.0,1833.334,1833.334,1833.334,1466.6672,1466.6672,1466.6672,1466.6672,1466.6672,1466.6672,1100.0,1466.6672,1466.6672,1466.6672,1466.6672,1466.6672,1100.0,0.0,29333.344
826,2020-04-06,366.6672,0.0,366.6672,366.6672,1466.6672,2933.334,3300.0012,2933.334,2200.0,1833.334,1833.334,1833.334,1833.334,1833.334,2200.0,2933.334,2933.334,2933.334,2566.6672,2200.0,1833.334,1466.6672,1466.6672,0.0,43633.3456
827,2020-04-07,366.6672,0.0,366.6672,366.6672,1100.0,3300.0012,2933.334,2566.6672,2200.0,1833.334,1466.6672,1833.334,1833.334,1833.334,2566.6672,2566.6672,2933.334,2933.334,2566.6672,2200.0,1466.6672,1833.334,1100.0,366.6672,42533.3452
828,2020-04-08,366.6672,0.0,366.6672,366.6672,1466.6672,2933.334,2933.334,2933.334,2200.0,1833.334,1833.334,1833.334,1833.334,1833.334,2200.0,2933.334,2566.6672,3300.0012,2566.6672,2200.0,1466.6672,1466.6672,1466.6672,0.0,42900.012
829,2020-04-09,366.6672,366.6672,0.0,366.6672,366.6672,2200.0,1833.334,1833.334,1466.6672,1833.334,1466.6672,1466.6672,1100.0,1466.6672,1466.6672,1100.0,1466.6672,1466.6672,1833.334,1466.6672,1466.6672,1466.6672,1100.0,366.6672,29333.344
830,2020-04-10,0.0,366.6672,0.0,366.6672,733.334,1833.334,1833.334,1833.334,1833.334,1466.6672,1466.6672,1100.0,1466.6672,1100.0,1466.6672,1100.0,1466.6672,1833.334,1833.334,1466.6672,1466.6672,1100.0,1100.0,366.6672,28600.01
831,2020-04-11,366.6672,0.0,366.6672,366.6672,1466.6672,2566.6672,2933.334,2933.334,1833.334,1833.334,1833.334,1833.334,1466.6672,1833.334,2200.0,2566.6672,1833.334,2200.0,1833.334,1833.334,1466.6672,1466.6672,1466.6672,0.0,38500.012
832,2020-04-12,366.6672,366.6672,0.0,366.6672,733.334,1833.334,2200.0,1833.334,1466.6672,1833.334,1466.6672,1100.0,1466.6672,1466.6672,1466.6672,1100.0,1466.6672,1466.6672,1466.6672,1833.334,1100.0,1466.6672,1466.6672,0.0,29333.3436
833,2020-04-13,366.6672,366.6672,0.0,366.6672,1833.334,4033.334,4033.334,4033.334,3300.0012,2566.6672,2566.6672,2200.0,2200.0,3666.6672,4033.334,4033.334,4033.334,4400.0012,4766.6672,2566.6672,2566.6672,2566.6672,2200.0,366.6672,63066.6796
834,2020-04-14,0.0,366.6672,366.6672,0.0,1833.334,4033.334,3666.6672,4033.334,3300.0012,2566.6672,2200.0,2200.0,2200.0,2200.0,3300.0012,3666.6672,3666.6672,3666.6672,4033.334,2933.334,2566.6672,2566.6672,2200.0,366.6672,57933.3444
835,2020-04-15,0.0,366.6672,0.0,366.6672,1466.6672,4033.334,4400.0012,3666.6672,3666.6672,2566.6672,2200.0,2200.0,2200.0,2566.6672,2933.334,4033.334,4033.334,4033.334,4033.334,3300.0012,2566.6672,2933.334,2200.0,0.0,59766.678
836,2020-04-16,366.6672,366.6672,0.0,366.6672,1833.334,4033.334,4766.6672,4400.0012,3666.6672,2933.334,2933.334,2566.6672,2566.6672,2566.6672,3666.6672,4033.334,4400.0012,4033.334,4033.334,2933.334,2933.334,2566.6672,1833.334,366.6672,64166.6816
837,2020-04-17,366.6672,0.0,366.6672,366.6672,1466.6672,4033.334,4766.6672,4400.0012,3300.0012,2933.334,2566.6672,2200.0,2566.6672,2200.0,3666.6672,3666.6672,4400.0012,3666.6672,4033.334,2933.334,2933.334,2566.6672,1833.334,366.6672,61600.014
838,2020-04-18,0.0,366.6672,366.6672,366.6672,1466.6672,4400.0012,4033.334,4033.334,3300.0012,2933.334,2200.0,2200.0,2200.0,2200.0,2566.6672,2566.6672,2933.334,2200.0,2566.6672,2566.6672,2566.6672,2933.334,1833.334,366.6672,53166.6784
839,2020-04-19,366.6672,0.0,366.6672,366.6672,366.6672,2200.0,1833.334,2200.0,1833.334,2200.0,2200.0,2566.6672,2200.0,2566.6672,2200.0,2200.0,1833.334,1833.334,2200.0,2200.0,1833.334,1833.334,1466.6672,0.0,38866.6744
840,2020-04-20,366.6672,0.0,366.6672,366.6672,1466.6672,4400.0012,4400.0012,4766.6672,3300.0012,2933.334,2566.6672,2566.6672,2933.334,2566.6672,3666.6672,4033.334,4033.334,4400.0012,3666.6672,3300.0012,2933.334,2933.334,2200.0,0.0,64166.682
841,2020-04-21,366.6672,0.0,366.6672,366.6672,1466.6672,5133.334,5133.334,4766.6672,3300.0012,2566.6672,2933.334,2566.6672,3300.0012,2933.334,3300.0012,4033.334,4033.334,4033.334,4400.0012,2933.334,2933.334,2933.334,2200.0,0.0,66000.0152
842,2020-04-22,366.6672,0.0,366.6672,366.6672,1466.6672,5866.668,5133.334,5133.334,3300.0012,2933.334,2933.334,2200.0,2200.0,2200.0,4033.334,4033.334,4033.334,4033.334,4766.6672,2933.334,2933.334,2933.334,2200.0,0.0,66366.6792
843,2020-04-23,366.6672,0.0,366.6672,366.6672,1833.334,4766.6672,5133.334,5500.0012,4033.334,3300.0012,2566.6672,2933.334,2933.334,3300.0012,4033.334,4400.0012,4033.334,4766.6672,4766.6672,3300.0012,2933.334,2566.6672,2200.0,366.6672,70766.6828
844,2020-04-24,0.0,366.6672,0.0,366.6672,1833.334,5133.334,5500.0012,4766.6672,3300.0012,2566.6672,2933.334,2566.6672,2566.6672,2566.6672,3666.6672,4033.334,4400.0012,5133.334,4766.6672,2933.334,2566.6672,2933.334,2566.6672,0.0,67466.6808
845,2020-04-25,366.6672,0.0,366.6672,366.6672,1466.6672,4400.0012,4033.334,4033.334,3666.6672,2933.334,2933.334,2933.334,4400.0012,3666.6672,3666.6672,4400.0012,4033.334,4033.334,4033.334,3300.0012,2933.334,2933.334,1833.334,366.6672,67100.0164
846,2020-04-26,366.6672,0.0,366.6672,0.0,733.334,1833.334,2200.0,1833.334,2200.0,1833.334,2566.6672,2200.0,2566.6672,2566.6672,2200.0,2566.6672,2566.6672,2200.0,2200.0,1833.334,1466.6672,1833.334,1100.0,366.6672,39600.0088
847,2020-04-27,366.6672,0.0,366.6672,0.0,1466.6672,4400.0012,5500.0012,5133.334,4400.0012,3300.0012,2933.334,2933.334,2933.334,2933.334,2933.334,4766.6672,5133.334,5133.334,4766.6672,4766.6672,3666.6672,2566.6672,1833.334,366.6672,72600.0156
848,2020-04-28,0.0,366.6672,0.0,366.6672,1466.6672,4033.334,5500.0012,5500.0012,4400.0012,2933.334,3300.0012,2933.334,2933.334,2933.334,3300.0012,4766.6672,5500.0012,5500.0012,5500.0012,4766.6672,3300.0012,2933.334,1833.334,366.6672,74433.352
849,2020-04-29,0.0,366.6672,366.6672,0.0,1833.334,4400.0012,5500.0012,5133.334,4766.6672,3300.0012,2933.334,2933.334,2933.334,2933.334,3300.0012,4400.0012,5500.0012,5500.0012,4766.6672,4033.334,3666.6672,2933.334,1833.334,366.6672,73700.0176
850,2020-04-30,0.0,366.6672,366.6672,0.0,1833.334,4400.0012,5866.668,5133.334,5133.334,2933.334,2933.334,2933.334,2933.334,2933.334,3300.0012,4766.6672,5133.334,5500.0012,4766.6672,4400.0012,3666.6672,2933.334,1833.334,366.6672,74433.35
851,2020-05-01,0.0,366.6672,366.6672,0.0,733.334,2566.6672,2933.334,2200.0,2200.0,2200.0,2566.6672,2566.6672,2566.6672,2200.0,2566.6672,2566.6672,2200.0,2566.6672,2566.6672,2566.6672,2566.6672,2200.0,1833.334,0.0,45100.0084
852,2020-05-02,366.6672,0.0,366.6672,0.0,1833.334,4033.334,4400.0012,4033.334,3300.0012,2933.334,2933.334,2566.6672,4033.334,4033.334,3666.6672,4033.334,4033.334,4033.334,3666.6672,3300.0012,2566.6672,2933.334,2200.0,0.0,65266.6808
853,2020-05-03,366.6672,0.0,366.6672,366.6672,366.6672,2566.6672,2200.0,2200.0,2200.0,1833.334,2566.6672,2200.0,2566.6672,2200.0,2566.6672,2200.0,2566.6672,2566.6672,2200.0,2566.6672,2566.6672,1833.334,1833.334,0.0,42900.0084
854,2020-05-04,366.6672,366.6672,0.0,366.6672,1466.6672,4766.6672,5866.668,5500.0012,4400.0012,3300.0012,2566.6672,2933.334,2566.6672,2933.334,3300.0012,4766.6672,5500.0012,5500.0012,5133.334,4400.0012,3666.6672,2566.6672,1833.334,366.6672,74433.3516
855,2020-05-05,366.6672,0.0,366.6672,0.0,1833.334,5133.334,5500.0012,5500.0012,4766.6672,3300.0012,2933.334,2933.334,2933.334,2933.334,2933.334,5133.334,5133.334,5500.0012,5133.334,4400.0012,3300.0012,2933.334,1833.334,366.6672,75166.684
856,2020-05-06,0.0,366.6672,366.6672,366.6672,1833.334,4766.6672,6233.3352,5133.334,4033.334,2566.6672,2933.334,2933.334,2933.334,2933.334,2933.334,4766.6672,5133.334,5500.0012,4766.6672,4400.0012,2933.334,2933.334,1833.334,366.6672,72966.6832
857,2020-05-07,366.6672,0.0,366.6672,366.6672,1833.334,5500.0012,5866.668,5866.668,4033.334,2933.334,2933.334,2566.6672,2933.334,2933.334,3300.0012,4766.6672,5133.334,5133.334,5133.334,3666.6672,3666.6672,2933.334,1833.334,366.6672,74433.35
858,2020-05-08,366.6672,0.0,366.6672,366.6672,2200.0,5500.0012,5866.668,5866.668,3666.6672,2933.334,2933.334,2566.6672,3300.0012,2933.334,3300.0012,5133.334,5133.334,5133.334,4766.6672,4766.6672,3300.0012,2566.6672,2200.0,366.6672,75533.3496
859,2020-05-09,0.0,366.6672,366.6672,366.6672,1833.334,4766.6672,4766.6672,4766.6672,3300.0012,2933.334,2566.6672,3300.0012,4033.334,4033.334,4033.334,4033.334,4033.334,4033.334,4400.0012,2566.6672,1833.334,1466.6672,1466.6672,366.6672,65633.3488
860,2020-05-10,733.334,733.334,733.334,733.334,1466.6672,4400.0012,4766.6672,4400.0,3666.6672,3300.0,4033.334,4033.334,4400.0,4033.334,4400.0,3666.6672,3300.0,3666.6672,3300.0,3666.6672,2933.334,2566.6672,2566.6672,733.3332,72233.344
861,2020-05-11,0.0,366.6672,366.6672,0.0,1833.334,5133.334,5133.334,5866.668,4400.0012,3666.6672,2933.334,2566.6672,3300.0012,2933.334,2933.334,5133.334,5133.334,4400.0012,5133.334,5133.334,3666.6672,2933.334,1833.334,366.6672,75166.6828
862,2020-05-12,366.6672,0.0,366.6672,0.0,1833.334,5500.0012,5133.334,5500.0012,4033.334,2933.334,2933.334,3300.0012,2933.334,3300.0012,3300.0012,5133.334,5500.0012,4766.6672,5133.334,4033.334,3300.0012,2933.334,1833.334,366.6672,74433.3512
863,2020-05-13,366.6672,0.0,366.6672,366.6672,1833.334,5133.334,5500.0012,5500.0012,4400.0012,3300.0012,3300.0012,2933.334,2933.334,2933.334,3300.0012,5133.334,5133.334,5500.0012,5866.668,4033.334,3666.6672,2566.6672,1833.334,366.6672,76266.6856
864,2020-05-14,0.0,0.0,366.6672,366.6672,1833.334,5133.334,5500.0012,5500.0012,4766.6672,3300.0012,3300.0012,3300.0012,2933.334,2933.334,3300.0012,5133.334,5500.0012,5500.0012,5133.334,4400.0012,3666.6672,2933.334,1833.334,366.6672,77000.0188
865,2020-05-15,0.0,366.6672,0.0,366.6672,1833.334,5133.334,5866.668,5500.0012,4400.0012,3300.0012,2933.334,2933.334,2933.334,2933.334,3300.0012,5133.334,5133.334,5500.0012,5500.0012,4400.0012,3666.6672,2933.334,1833.334,366.6672,76266.6852
866,2020-05-16,366.6672,366.6672,0.0,366.6672,2200.0,4400.0012,5133.334,4033.334,3666.6672,2566.6672,2933.334,3300.0012,3666.6672,4400.0012,4033.334,4033.334,4033.334,4033.334,4033.334,2933.334,1833.334,2200.0,1466.6672,366.6672,66366.6812
867,2020-05-17,366.6672,366.6672,733.334,733.334,1466.6672,4033.334,4766.6672,3666.6672,3300.0012,3666.6672,4033.334,4033.334,4033.334,4033.334,4033.334,4033.334,4033.334,4400.0012,4400.0012,4400.0012,3666.6672,3666.6672,2566.6672,733.334,75166.6836
868,2020-05-18,0.0,366.6672,0.0,733.334,1466.6672,5133.334,5866.668,5133.334,4766.6672,3300.0012,3300.0012,2933.334,2933.334,2933.334,3300.0012,4766.6672,5500.0012,5133.334,5133.334,4766.6672,3666.6672,2566.6672,1833.334,366.6672,75900.0164
869,2020-05-19,366.6672,733.334,366.6672,366.6672,1833.334,5133.334,6600.002,5133.334,3666.6672,2933.334,2933.334,2933.334,2566.6672,2933.334,3300.0012,4766.6672,5500.0012,4766.6672,5133.334,4766.6672,3666.6672,2566.6672,1833.334,366.6672,75166.6836
870,2020-05-20,0.0,366.6672,366.6672,366.6672,1833.334,5866.668,5866.668,5500.0012,4400.0012,2933.334,2933.334,2933.334,2933.334,2933.334,2933.334,4766.6672,5133.334,5133.334,4766.6672,4033.334,3666.6672,2566.6672,1833.334,366.6672,74433.35
871,2020-05-21,0.0,366.6672,366.6672,366.6672,1833.334,5500.0012,5866.668,5500.0012,4033.334,2933.334,2933.334,2933.334,2933.334,2933.334,2933.334,5133.334,5133.334,5133.334,5133.334,4400.0012,3300.0012,2566.6672,1833.334,366.6672,74433.3508
872,2020-05-22,0.0,366.6672,366.6672,366.6672,1833.334,5133.334,6233.3352,5133.334,4766.6672,2933.334,2933.334,2933.334,2933.334,2933.334,3300.0012,5133.334,4766.6672,5500.0012,5133.334,4033.334,3666.6672,2933.334,1833.334,366.6672,75533.35
873,2020-05-23,366.6672,0.0,366.6672,366.6672,2200.0,5500.0012,5133.334,4400.0012,3666.6672,2933.334,2933.334,3300.0012,4033.334,4033.334,4033.334,4033.334,4400.0012,4033.334,3666.6672,2933.334,2200.0,1833.334,1466.6672,366.6672,68200.0152
874,2020-05-24,0.0,0.0,0.0,0.0,0.0,0.0,0.0,0.0,0.0,0.0,0.0,0.0,0.0,0.0,0.0,0.0,0.0,0.0,0.0,0.0,0.0,0.0,0.0,366.6672,366.6672
875,2020-05-25,366.6672,733.334,0.0,366.6672,366.6672,2933.334,3300.0012,1833.334,2200.0,2566.6672,2200.0,2566.6672,2566.6672,2200.0,2566.6672,2566.6672,2200.0,1833.334,2200.0,1833.334,2200.0,1833.334,1466.6672,366.6672,43266.6772
876,2020-05-26,366.6672,0.0,366.6672,366.6672,1833.334,5500.0012,5500.0012,5500.0012,4400.0012,3666.6672,2933.334,3300.0012,2933.334,3300.0012,3666.6672,4400.0012,4766.6672,4766.6672,5133.334,4400.0012,3666.6672,2933.334,2200.0,0.0,75900.0172
877,2020-05-27,366.6672,0.0,366.6672,366.6672,1833.334,5133.334,5866.668,5500.0012,4400.0012,3666.6672,2933.334,2566.6672,2933.334,2933.334,3666.6672,4400.0012,4766.6672,5500.0012,4766.6672,4400.0012,3300.0012,2933.334,1833.334,366.6672,74800.018
878,2020-05-28,366.6672,0.0,366.6672,366.6672,1833.334,5500.0012,5500.0012,5500.0012,4400.0012,3666.6672,2933.334,2933.334,2566.6672,3300.0012,3300.0012,4400.0012,4766.6672,5866.668,5133.334,4400.0012,4033.334,2566.6672,2200.0,0.0,75900.018
879,2020-05-29,366.6672,0.0,366.6672,366.6672,1833.334,5500.0012,5500.0012,5133.334,4766.6672,3666.6672,3300.0012,2933.334,3300.0012,3300.0012,3666.6672,4766.6672,4766.6672,5500.0012,5500.0012,3666.6672,3666.6672,2566.6672,2200.0,366.6672,77000.0168
880,2020-05-30,366.6672,366.6672,0.0,366.6672,1466.6672,4400.0012,4400.0012,4400.0012,3666.6672,2933.334,2566.6672,3300.0012,3666.6672,3666.6672,4033.334,3666.6672,4400.0012,3300.0012,4033.334,2566.6672,2200.0,1833.334,1466.6672,366.6672,63433.3496
881,2020-05-31,0.0,366.6672,366.6672,0.0,733.3332,2933.334,2566.6672,1833.334,2200.0,2200.0,2200.0,2566.6672,2566.6672,2566.6672,2200.0,2566.6672,2566.6672,2566.6672,2566.6672,2933.334,2566.6672,2200.0,1466.6672,366.6672,45100.0088
882,2020-06-01,0.0,366.6672,0.0,366.6672,1833.334,5500.0012,5500.0012,5500.0012,4766.6672,3666.6672,2933.334,3300.0012,2933.334,3300.0012,3666.6672,5133.334,5133.334,5500.0012,5500.0012,4400.0012,3666.6672,2566.6672,2200.0,366.6672,78100.0172
883,2020-06-02,366.6672,366.6672,0.0,366.6672,2200.0,5133.334,5866.668,5133.334,4766.6672,3666.6672,2933.334,2933.334,2933.334,2933.334,3666.6672,4400.0012,5133.334,5133.334,5500.0012,4400.0012,3666.6672,2933.334,2200.0,366.6672,77000.0152
884,2020-06-03,366.6672,366.6672,0.0,366.6672,2200.0,5133.334,5133.334,5133.334,4400.0012,3300.0012,2933.334,2933.334,2566.6672,2933.334,3666.6672,4033.334,4766.6672,4766.6672,4766.6672,4766.6672,3666.6672,2566.6672,2200.0,366.6672,73333.3468
885,2020-06-04,366.6672,0.0,366.6672,0.0,2200.0,5500.0012,5500.0012,5500.0012,4033.334,3666.6672,2933.334,2933.334,2933.334,2933.334,3300.0012,4400.0012,4766.6672,4766.6672,5133.334,4400.0012,4033.334,2933.334,2200.0,0.0,74800.0152
886,2020-06-05,366.6672,0.0,366.6672,366.6672,1833.334,5500.0012,5866.668,5866.668,4766.6672,2933.334,2933.334,2933.334,2933.334,2933.334,4033.334,4400.0012,5500.0012,5133.334,5133.334,4400.0012,3666.6672,2933.334,1833.334,366.6672,77000.018
887,2020-06-06,0.0,366.6672,366.6672,733.334,3666.6672,7333.3352,6600.002,6966.668,5500.0012,4766.6672,4400.0012,5133.334,5866.668,6233.3352,6966.668,6233.3352,6233.3352,6233.3352,6233.3352,5133.334,3666.6672,3300.0012,3300.0012,733.334,105966.694
888,2020-06-07,366.6672,366.6672,366.6672,733.334,1466.6672,4400.0012,4766.6672,3666.6672,3300.0012,3666.6672,4033.334,4033.334,4400.0012,4033.334,4400.0012,4400.0012,4400.0012,3666.6672,4033.334,3666.6672,3666.6672,3666.6672,2566.6672,366.6672,74433.3508
889,2020-06-08,0.0,366.6672,0.0,366.6672,2200.0,5133.334,5500.0012,5500.0012,5133.334,3666.6672,2933.334,3300.0012,2933.334,3300.0012,3300.0012,4766.6672,4766.6672,4766.6672,5500.0012,4033.334,3666.6672,2933.334,1833.334,366.6672,76266.6828
890,2020-06-09,366.6672,0.0,366.6672,366.6672,1833.334,5133.334,5500.0012,5500.0012,4766.6672,3666.6672,2566.6672,2933.334,2933.334,2933.334,3666.6672,4400.0012,4766.6672,5133.334,5133.334,4400.0012,3666.6672,2933.334,2200.0,0.0,75166.6816
891,2020-06-10,366.6672,0.0,366.6672,366.6672,1833.334,5133.334,5866.668,5133.334,5133.334,3666.6672,2933.334,2933.334,2933.334,3300.0012,3300.0012,4766.6672,4766.6672,5500.0012,5133.334,4400.0012,3666.6672,2933.334,2200.0,366.6672,77000.0164
892,2020-06-11,0.0,366.6672,0.0,366.6672,2200.0,5133.334,5500.0012,5500.0012,4766.6672,3666.6672,2933.334,2933.334,2566.6672,3300.0012,3666.6672,4400.0012,4766.6672,5866.668,4766.6672,4033.334,3666.6672,2566.6672,2200.0,366.6672,75533.348
893,2020-06-12,366.6672,366.6672,0.0,366.6672,1833.334,5500.0012,5500.0012,5133.334,4400.0012,4033.334,2933.334,2933.334,3300.0012,2933.334,4033.334,4400.0012,4400.0012,5866.668,5500.0012,4400.0012,3666.6672,2933.334,2200.0,366.6672,77366.6856
894,2020-06-13,0.0,366.6672,0.0,366.6672,1833.334,5133.334,5133.334,4400.0012,3666.6672,2933.334,2566.6672,2933.334,4033.334,4033.334,4400.0012,4400.0012,4033.334,4033.334,4033.334,2933.334,2566.6672,1833.334,1833.334,0.0,67466.6816
895,2020-06-14,366.6672,366.6672,0.0,366.6672,733.334,2933.334,3300.0012,1833.334,2200.0,2566.6672,2566.6672,2200.0,2566.6672,2566.6672,2566.6672,2566.6672,2566.6672,2566.6672,2566.6672,2200.0,2200.0,2200.0,1466.6672,366.6672,45833.344
896,2020-06-15,0.0,366.6672,366.6672,0.0,366.6672,3300.0012,2933.334,2200.0,1833.334,2566.6672,2200.0,2566.6672,2933.334,2566.6672,2566.6672,2566.6672,2200.0,2200.0,1833.334,2200.0,1833.334,2200.0,1100.0,366.6672,43266.676
897,2020-06-16,0.0,366.6672,0.0,366.6672,2200.0,5500.0012,5866.668,5500.0012,4766.6672,3666.6672,2566.6672,2933.334,3300.0012,2933.334,3666.6672,4766.6672,4766.6672,5866.668,5133.334,4400.0012,4033.334,2933.334,1833.334,366.6672,77733.3496
898,2020-06-17,366.6672,0.0,366.6672,366.6672,1833.334,5500.0012,5500.0012,5500.0012,4766.6672,3666.6672,2933.334,2566.6672,2933.334,2933.334,3300.0012,4766.6672,4400.0012,5133.334,5133.334,4400.0012,3666.6672,2566.6672,2200.0,366.6672,75166.6832
899,2020-06-18,0.0,366.6672,366.6672,0.0,2200.0,5500.0012,5500.0012,5500.0012,4766.6672,3666.6672,2933.334,3300.0012,2933.334,2933.334,4033.334,4033.334,4766.6672,5500.0012,4766.6672,4400.0012,3666.6672,2933.334,1833.334,366.6672,76266.6828
900,2020-06-19,366.6672,366.6672,0.0,366.6672,2200.0,5133.334,5500.0012,5866.668,5133.334,4033.334,3300.0012,2933.334,3300.0012,2933.334,4033.334,5133.334,4766.6672,5500.0012,5133.334,4766.6672,4033.334,2933.334,2200.0,2200.0,82133.3488
901,2020-06-20,733.334,366.6672,0.0,366.6672,2200.0,4766.6672,5866.668,4400.0012,3666.6672,2933.334,2933.334,3300.0012,4033.334,4033.334,4400.0012,4400.0012,4033.334,3666.6672,4400.0012,2566.6672,2200.0,1833.334,1833.334,366.6672,69300.0164
902,2020-06-21,0.0,366.6672,366.6672,0.0,733.334,3300.0012,2933.334,2566.6672,2200.0,1833.334,2566.6672,2200.0,2566.6672,2566.6672,2566.6672,2200.0,2566.6672,2566.6672,2200.0,1833.334,2200.0,1833.334,1100.0,366.6672,43633.3432
903,2020-06-22,0.0,366.6672,366.6672,0.0,733.334,2933.334,2200.0,2200.0,2200.0,2200.0,2200.0,2566.6672,2200.0,2200.0,2566.6672,2566.6672,2200.0,2200.0,1833.334,2200.0,1833.334,1833.334,1466.6672,0.0,41066.6732
904,2020-06-23,366.6672,366.6672,0.0,366.6672,2200.0,5500.0012,5500.0012,5500.0012,4766.6672,4033.334,2933.334,2933.334,2933.334,2933.334,4033.334,4400.0,4766.6672,5500.0012,5500.0012,4766.6672,3666.6672,2933.334,2566.6672,0.0,78466.6816
905,2020-06-24,366.6672,366.6672,0.0,366.6672,2200.0,5500.0012,5500.0012,5866.668,4766.6672,4033.334,2933.334,2566.6672,3300.0012,2933.334,3666.6672,4400.0012,5133.334,5500.0012,5500.0012,4400.0012,3666.6672,2933.334,2200.0,0.0,78100.0168
906,2020-06-25,366.6672,0.0,366.6672,366.6672,1833.334,5500.0012,5500.0012,5866.668,4766.6672,3666.6672,2933.334,2933.334,2933.334,3300.0012,3666.6672,4766.6672,4766.6672,5500.0012,5133.334,4766.6672,3666.6672,2566.6672,2200.0,366.6672,77733.3492
907,2020-06-26,0.0,366.6672,366.6672,366.6672,1833.334,5500.0012,5133.334,5866.668,4766.6672,3666.6672,2933.334,2933.334,2933.334,3300.0012,3666.6672,4400.0012,4766.6672,5866.668,5500.0012,4033.334,4033.334,2933.334,2200.0,366.6672,77733.3504
908,2020-06-27,0.0,366.6672,0.0,366.6672,1833.334,4766.6672,4766.6672,4766.6672,4033.334,2933.334,2933.334,2933.334,4033.334,4033.334,4400.0012,4400.0012,4033.334,4033.334,4033.334,2566.6672,2200.0,2200.0,1833.334,0.0,67466.6796
909,2020-06-28,733.334,733.334,733.334,733.334,1466.6672,4400.0012,4766.6672,3666.6672,3300.0012,3300.0012,4033.334,3666.6672,4033.334,4400.0012,4033.334,4033.334,4400.0012,4400.0012,4400.0012,4400.0012,4033.334,3666.6672,2933.334,733.334,77000.0196
910,2020-06-29,733.334,0.0,366.6672,366.6672,366.6672,2933.334,3300.0012,1833.334,2200.0,2200.0,2566.6672,2200.0,2566.6672,2200.0,2566.6672,2566.6672,2200.0,2566.6672,2566.6672,2566.6672,2566.6672,2200.0,1466.6672,366.6672,45466.6768
911,2020-06-30,0.0,366.6672,366.6672,0.0,2200.0,5500.0012,6233.3352,5500.0012,4766.6672,3666.6672,2933.334,3300.0012,2933.334,2933.334,3666.6672,4766.6672,4766.6672,5500.0012,5133.334,4766.6672,3666.6672,2933.334,2200.0,0.0,78100.0148
912,2020-07-01,366.6672,366.6672,366.6672,0.0,2200.0,5500.0012,5866.668,5500.0012,5133.334,3666.6672,2933.334,2933.334,2566.6672,3300.0012,3300.0012,4400.0012,4766.6672,5500.0012,5500.0012,4033.334,2933.334,2933.334,2200.0,0.0,76266.6836
913,2020-07-02,366.6672,366.6672,0.0,366.6672,2200.0,5133.334,5866.668,6233.3352,4400.0012,4033.334,3300.0012,2933.334,3300.0012,3300.0012,3666.6672,4400.0012,4766.6672,5500.0012,5133.334,4400.0012,3666.6672,2933.334,2200.0,366.6672,78833.352
914,2020-07-03,0.0,366.6672,366.6672,0.0,2200.0,5133.334,6233.3352,5500.0012,4766.6672,4033.334,3300.0012,2933.334,3300.0012,3300.0012,3666.6672,4400.0012,5133.334,5500.0012,5500.0012,4766.6672,3666.6672,2933.334,2566.6672,1833.334,81400.018
915,2020-07-04,733.334,366.6672,0.0,366.6672,1833.334,5133.334,5133.334,4400.0012,3300.0012,2933.334,2566.6672,3300.0012,3666.6672,4400.0012,4033.334,4033.334,4400.0012,4033.334,3666.6672,3300.0012,1833.334,1833.334,1833.334,0.0,67100.0172
916,2020-07-05,366.6672,366.6672,0.0,366.6672,366.6672,2933.334,2933.334,2566.6672,2200.0,2566.6672,2566.6672,2566.6672,2566.6672,2566.6672,2566.6672,2566.6672,2566.6672,2933.334,2933.334,2933.334,2566.6672,2200.0,1466.6672,366.6672,48033.3452
917,2020-07-06,0.0,366.6672,0.0,366.6672,2200.0,5500.0012,5866.668,5500.0012,4766.6672,3666.6672,3300.0012,3300.0012,3300.0012,2933.334,3666.6672,4766.6672,4766.6672,5500.0012,5500.0012,4400.0012,4033.334,2933.334,2200.0,366.6672,79200.0172
918,2020-07-07,366.6672,366.6672,366.6672,0.0,2200.0,5133.334,6233.3352,5866.668,4766.6672,4033.334,2933.334,2933.334,2933.334,3300.0012,3666.6672,4400.0012,4766.6672,5133.334,5500.0012,4400.0012,3666.6672,2933.334,2200.0,366.6672,78466.6836
919,2020-07-08,366.6672,0.0,366.6672,366.6672,1833.334,5500.0012,5866.668,5866.668,4766.6672,3666.6672,3300.0012,2933.334,2933.334,3300.0012,3666.6672,4766.6672,4766.6672,5866.668,5133.334,4400.0012,3666.6672,2566.6672,2200.0,366.6672,78466.684
920,2020-07-09,366.6672,0.0,366.6672,366.6672,1833.334,5133.334,6233.3352,5133.334,5133.334,3666.6672,2933.334,2933.334,2933.334,3300.0012,3666.6672,4400.0012,4766.6672,5500.0012,5500.0012,4766.6672,3666.6672,2566.6672,1833.334,366.6672,77366.684
921,2020-07-10,366.6672,366.6672,0.0,366.6672,2200.0,5500.0012,5866.668,5500.0012,5133.334,3666.6672,3300.0012,2933.334,2933.334,3300.0012,3666.6672,4766.6672,5133.334,5500.0012,5500.0012,4400.0012,3666.6672,2566.6672,2200.0,366.6672,79200.0172
922,2020-07-11,0.0,366.6672,366.6672,0.0,1833.334,5133.334,4766.6672,4400.0012,3666.6672,2933.334,2933.334,2933.334,4400.0012,4033.334,4400.0012,4400.0012,4033.334,4033.334,4033.334,2566.6672,2200.0,1833.334,1833.334,0.0,67100.0148
923,2020-07-12,366.6672,366.6672,366.6672,0.0,733.334,3300.0012,2200.0,2566.6672,1833.334,2200.0,2933.334,2200.0,2566.6672,2566.6672,2200.0,2566.6672,2566.6672,2200.0,2200.0,2200.0,1833.334,2200.0,1466.6672,0.0,43633.342
924,2020-07-13,366.6672,366.6672,0.0,366.6672,2200.0,5500.0012,5866.668,5500.0012,5133.334,2933.334,2200.0,2200.0,2200.0,2200.0,2566.6672,3666.6672,3666.6672,3666.6672,4033.334,2933.334,2566.6672,2200.0,1833.334,0.0,64166.678
925,2020-07-14,366.6672,366.6672,0.0,366.6672,1466.6672,3666.6672,4400.0012,4033.334,3300.0012,3300.0012,2200.0,2200.0,2200.0,2566.6672,2566.6672,3666.6672,3300.0012,4033.334,3666.6672,3300.0012,2933.334,1833.334,1833.334,366.6672,57933.348
926,2020-07-15,0.0,366.6672,366.6672,0.0,1466.6672,4033.334,4033.334,3666.6672,3666.6672,2566.6672,2200.0,2200.0,2200.0,2200.0,2566.6672,3300.0012,3666.6672,3666.6672,4400.0012,3300.0012,2933.334,2200.0,1833.334,0.0,56833.3444
927,2020-07-16,366.6672,0.0,0.0,0.0,1466.6672,4033.334,4400.0012,4033.334,3666.6672,2933.334,1833.334,2566.6672,2200.0,2200.0,2933.334,3300.0012,3300.0012,4400.0012,3666.6672,3300.0012,2933.334,2200.0,1466.6672,366.6672,57566.6804
928,2020-07-17,0.0,0.0,0.0,366.6672,1100.0,3300.0012,2933.334,2566.6672,2200.0,1833.334,1833.334,1833.334,1466.6672,1466.6672,1833.334,1833.334,2566.6672,2200.0,2566.6672,1833.334,1466.6672,1833.334,1100.0,366.6672,38500.0108
929,2020-07-18,0.0,366.6672,0.0,366.6672,1100.0,3300.0012,2933.334,2933.334,2200.0,1833.334,1833.334,1100.0,2200.0,1833.334,2200.0,2200.0,2200.0,2200.0,1833.334,1833.334,2200.0,1833.334,1466.6672,366.6672,40333.342
930,2020-07-19,366.6672,0.0,366.6672,0.0,733.334,2566.6672,1833.334,2200.0,1466.6672,2200.0,1833.334,1833.334,2200.0,1833.334,1833.334,1466.6672,1466.6672,1466.6672,1466.6672,1466.6672,1466.6672,1466.6672,1100.0,366.6672,33000.0104
931,2020-07-20,0.0,366.6672,0.0,366.6672,366.6672,2200.0,2200.0,1833.334,1833.334,1833.334,1466.6672,1100.0,1466.6672,1466.6672,1466.6672,1466.6672,1100.0,1466.6672,1466.6672,1466.6672,1100.0,1466.6672,1100.0,366.6672,28966.6756
932,2020-07-21,0.0,366.6672,366.6672,366.6672,1833.334,5500.0012,5866.668,5133.334,5133.334,4033.334,2933.334,3300.0012,2933.334,3300.0012,3666.6672,4400.0012,4766.6672,5500.0012,5500.0012,4400.0012,3666.6672,2933.334,2200.0,0.0,78100.0176
933,2020-07-22,366.6672,0.0,366.6672,366.6672,1833.334,5500.0012,6233.3352,5500.0012,5133.334,3666.6672,2933.334,2933.334,2933.334,3300.0012,3666.6672,4766.6672,4766.6672,5500.0012,5500.0012,4400.0012,3666.6672,3300.0012,2200.0,0.0,78833.3512
934,2020-07-23,366.6672,366.6672,0.0,366.6672,1833.334,5133.334,6233.3352,5133.334,4766.6672,3666.6672,2933.334,2566.6672,2933.334,2933.334,3666.6672,4766.6672,4766.6672,5500.0012,5500.0012,4400.0012,3666.6672,2566.6672,2566.6672,0.0,76633.3492
935,2020-07-24,366.6672,366.6672,366.6672,0.0,1466.6672,4033.334,4033.334,4033.334,2933.334,2200.0,2200.0,2200.0,2200.0,1833.334,2566.6672,2200.0,2566.6672,2933.334,2933.334,2566.6672,1466.6672,2200.0,1466.6672,366.6672,49500.01
936,2020-07-25,0.0,366.6672,366.6672,0.0,1833.334,3666.6672,4033.334,3666.6672,2933.334,2200.0,1833.334,1833.334,1833.334,2200.0,2566.6672,2933.334,2566.6672,1833.334,2200.0,1833.334,1833.334,2200.0,1466.6672,366.6672,46566.6776
937,2020-07-26,366.6672,733.334,733.334,733.334,1466.6672,3666.6672,2933.334,3300.0012,2933.334,2933.334,2566.6672,2566.6672,2566.6672,2566.6672,2566.6672,2566.6672,2933.334,3300.0012,3666.6672,3300.0012,2933.334,2933.334,2200.0,733.334,57200.0156
938,2020-07-27,366.6672,366.6672,366.6672,0.0,2200.0,5500.0012,6233.3352,5500.0012,5133.334,4033.334,2933.334,3300.0012,2933.334,2933.334,3666.6672,4766.6672,4766.6672,5500.0012,5866.668,4400.0012,3666.6672,2566.6672,2566.6672,366.6672,79933.3512
939,2020-07-28,0.0,366.6672,366.6672,0.0,2200.0,5500.0012,5866.668,5500.0012,4766.6672,3666.6672,2933.334,2933.334,2566.6672,2933.334,3666.6672,4766.6672,4400.0012,5500.0012,5866.668,4400.0012,3666.6672,2933.334,2200.0,0.0,77000.0156
940,2020-07-29,366.6672,366.6672,366.6672,0.0,2200.0,5500.0012,5866.668,5866.668,5133.334,3666.6672,2933.334,2933.334,3300.0012,2566.6672,4033.334,4400.0012,4766.6672,5500.0012,5133.334,4400.0012,4033.334,2933.334,2200.0,0.0,78466.6832
941,2020-07-30,366.6672,366.6672,366.6672,0.0,2200.0,5133.334,6233.3352,5866.668,4766.6672,4033.334,2933.334,2933.334,2933.334,2933.334,3300.0012,4766.6672,4766.6672,4766.6672,5500.0012,4400.0012,4033.334,2933.334,2200.0,366.6672,78100.0164
942,2020-07-31,366.6672,0.0,366.6672,366.6672,1466.6672,4400.0012,4033.334,4033.334,3666.6672,2933.334,2933.334,2933.334,2566.6672,2933.334,4033.334,4033.334,4033.334,4400.0012,4033.334,3300.0012,1833.334,1833.334,1833.334,366.6672,62700.016
943,2020-08-01,0.0,366.6672,366.6672,366.6672,1100.0,4400.0012,4033.334,3666.6672,3666.6672,2933.334,2200.0,1833.334,1833.334,2933.334,2933.334,2566.6672,2566.6672,1833.334,2200.0,1833.334,1833.334,2200.0,1466.6672,366.6672,49500.012
944,2020-08-02,0.0,366.6672,366.6672,0.0,733.334,1833.334,1833.334,1833.334,1833.334,1466.6672,1466.6672,1100.0,1466.6672,1466.6672,1466.6672,1466.6672,1833.334,1466.6672,1466.6672,1466.6672,1466.6672,1466.6672,1100.0,366.6672,29333.3448
945,2020-08-03,0.0,366.6672,366.6672,0.0,2200.0,5500.0012,6600.002,5500.0012,5133.334,3666.6672,2933.334,3300.0012,2933.334,3300.0012,4033.334,4400.0012,5500.0012,5500.0012,5866.668,4766.6672,3666.6672,2933.334,2200.0,366.6672,81033.3516
946,2020-08-04,0.0,366.6672,366.6672,0.0,2200.0,5500.0012,5866.668,5500.0012,4766.6672,4033.334,2933.334,3300.0012,2933.334,3300.0012,3666.6672,4400.0012,4766.6672,5500.0012,5133.334,4400.0012,3666.6672,2933.334,2200.0,366.6672,78100.0168
947,2020-08-05,0.0,366.6672,366.6672,0.0,2200.0,5500.0012,6233.3352,5500.0012,4033.334,3666.6672,3300.0012,2933.334,2933.334,3300.0012,3666.6672,4766.6672,5133.334,5500.0012,5500.0012,4766.6672,3666.6672,2933.334,2200.0,366.6672,78833.35
948,2020-08-06,366.6672,366.6672,0.0,366.6672,1833.334,5133.334,5866.668,5866.668,5133.334,3666.6672,2933.334,2933.334,2933.334,2933.334,3666.6672,4766.6672,4766.6672,5866.668,5500.0012,4766.6672,4033.334,2933.334,2200.0,366.6672,79200.016
949,2020-08-07,0.0,366.6672,0.0,366.6672,733.334,1833.334,2566.6672,2200.0,1833.334,1833.334,1466.6672,1466.6672,1466.6672,1466.6672,1466.6672,1833.334,1833.334,2200.0,1833.334,2200.0,1466.6672,1466.6672,1100.0,366.6672,33366.6772
950,2020-08-08,0.0,366.6672,366.6672,0.0,1466.6672,4400.0012,4033.334,3666.6672,2933.334,2933.334,2200.0,2566.6672,2566.6672,2200.0,2200.0,2566.6672,2200.0,2200.0,2200.0,2566.6672,1833.334,2200.0,1466.6672,366.6672,49500.0092
951,2020-08-09,366.6672,0.0,366.6672,366.6672,366.6672,1833.334,2200.0,1833.334,2200.0,1833.334,1833.334,1466.6672,1466.6672,1466.6672,1466.6672,1833.334,1833.334,1833.334,2200.0,2200.0,1466.6672,1466.6672,1100.0,366.6672,33366.6772
952,2020-08-10,366.6672,0.0,366.6672,366.6672,2200.0,5500.0012,5866.668,5500.0012,5133.334,3666.6672,2933.334,3666.6672,2933.334,3300.0012,3666.6672,4400.0012,4766.6672,5500.0012,5133.334,4400.0012,3666.6672,3300.0012,1833.334,366.6672,78833.3512
953,2020-08-11,366.6672,366.6672,0.0,366.6672,1833.334,5500.0012,5866.668,5133.334,5133.334,3666.6672,2933.334,3300.0012,3300.0012,2933.334,3666.6672,4766.6672,5133.334,5500.0012,5500.0012,4033.334,4400.0012,2566.6672,2200.0,366.6672,78833.3508
954,2020-08-12,0.0,366.6672,366.6672,366.6672,1833.334,5500.0012,5866.668,5500.0012,4766.6672,3666.6672,2933.334,2933.334,3300.0012,2933.334,3666.6672,4400.0012,4766.6672,5500.0012,5133.334,4400.0012,3666.6672,2566.6672,2200.0,366.6672,77000.0172
955,2020-08-13,366.6672,366.6672,0.0,366.6672,1833.334,5500.0012,6233.3352,5500.0012,4766.6672,3666.6672,3300.0012,2933.334,3300.0012,2933.334,3666.6672,4400.0012,4766.6672,5500.0012,5133.334,4033.334,3666.6672,4033.334,2200.0012,366.6672,78833.3524
956,2020-08-14,366.6672,366.6672,0.0,366.6672,1833.334,5500.002,5866.668,5866.668,4766.668,3666.668,2933.334,3300.0012,2933.334,3300.0012,3300.0012,4766.668,4766.668,5500.002,5500.002,4400.0012,3666.668,2933.334,2200.0012,366.6672,78466.6928
957,2020-08-15,0.0,366.6672,0.0,366.6672,1466.6672,4033.334,4033.334,4033.334,3666.668,2933.334,2566.6672,2933.334,2933.334,2933.334,2933.334,2933.334,2933.334,2566.6672,2933.334,2566.6672,1833.334,1466.6672,1466.6672,366.6672,54266.6808
958,2020-08-16,366.6668,0.0,366.6668,0.0,366.6668,2200.0006,1833.3339,2200.0006,1833.3339,1466.6672,1466.6671,1833.3339,1466.6672,1466.6672,1466.6672,1466.6671,1100.0004,1466.6672,1466.6672,1833.3339,1100.0004,1466.6672,1100.0004,0.0,29333.343
959,2020-08-17,366.6668,366.6668,0.0,366.6668,366.6668,1833.3339,2200.0006,1833.3339,1833.3339,1833.3339,1466.6672,1833.3339,1100.0004,1466.6672,1466.6672,1466.6672,1466.6672,1466.6672,1466.6672,1466.6672,1466.6672,1466.6672,1100.0004,0.0,29700.0101
960,2020-08-18,366.6668,366.6668,0.0,366.6668,1833.3338,5866.668,6233.3348,5133.3346,5133.3346,4033.3344,2933.334,3300.0008,2933.334,3300.0008,3666.6676,4766.6679,4766.6679,5500.0013,5500.0013,4400.0012,3666.6676,2933.334,2200.0006,366.6668,79566.6864
961,2020-08-19,0.0,366.6668,366.6668,0.0,1833.3338,5500.0013,6233.3348,5133.3346,5133.3346,4400.0012,2933.334,3300.0008,2933.334,2933.334,4033.3344,4400.0012,5133.3346,5500.0013,5866.6681,4400.0011,3666.6676,2933.3341,2200.0006,366.6668,79566.6865
962,2020-08-20,0.0,366.6672,366.6672,0.0,2200.0012,5133.3352,5866.668,5866.668,5133.3352,4033.334,3300.0012,2933.334,2933.334,3666.668,3666.668,4400.0012,5133.3352,5133.3352,5133.3352,4766.668,3666.668,2933.334,2200.0012,366.6672,79200.0264
963,2020-08-21,0.0,366.6668,0.0,366.6668,1833.3339,5500.0013,5866.668,5500.0013,4766.6679,3666.6676,2933.334,2933.334,2933.3341,3300.0008,3666.6676,4400.0012,5133.3346,5133.3346,5500.0013,4400.0011,3666.6676,2933.3341,2200.0006,366.6668,77366.686
964,2020-08-22,0.0,0.0,366.6668,0.0,1833.3338,4766.6678,4766.6679,4766.6679,3666.6676,2933.334,2933.334,3300.0008,3666.6676,4400.0012,4033.3344,4033.3344,4033.3344,4033.3344,4033.3344,3300.0008,1833.3339,2200.0006,1466.6671,366.6668,66733.3506
965,2020-08-23,366.6668,733.3336,1100.0004,733.3336,1466.6671,4033.3344,5133.3346,3666.6676,3666.6676,3666.6676,4033.3344,4033.3344,4033.3344,3300.0008,3300.0008,2933.334,3300.0008,3300.0008,3666.6676,3300.0008,3300.0008,3300.0008,2933.3341,366.6668,69666.6846
966,2020-08-24,733.3336,0.0,366.6668,0.0,2200.0007,5866.6681,6233.3348,5133.3346,5133.3345,3666.6676,2933.334,2933.334,2933.334,3300.0008,3300.0008,4766.6679,5133.3346,5133.3346,5500.0013,4400.0011,3666.6676,2566.6673,2200.0006,366.6668,78466.6861
967,2020-08-25,0.0,366.6668,366.6668,366.6668,1833.3339,5133.3346,6233.3348,5500.0013,4766.6679,3666.6676,2933.334,2933.334,2933.334,2933.334,3666.6676,4400.0012,4766.6679,5500.0013,5500.0013,4033.3344,3666.6676,2566.6673,2200.0006,366.6668,76633.3525
968,2020-08-26,0.0,366.6668,366.6668,0.0,1833.3338,5500.0013,6233.3348,5866.668,4766.6679,4033.3344,2933.334,2933.334,2933.334,2933.334,3666.6676,4766.6679,4400.0012,5866.668,5500.0013,4766.6679,3300.0008,2566.6673,2200.0006,366.6668,78100.0192
969,2020-08-27,0.0,366.6668,366.6668,0.0,2200.0006,5133.3346,6233.3348,5500.0013,4766.6678,3666.6676,2933.334,2933.334,2933.334,2933.334,3666.6676,4400.0012,4766.6679,5500.0013,5866.6681,4400.0012,3666.6676,2933.334,2200.0006,366.6668,77733.3526
970,2020-08-28,0.0,366.6668,366.6668,0.0,1833.3338,5500.0013,6233.3348,5133.3346,5133.3346,4033.3344,3300.0008,2933.3341,2933.334,2933.334,4033.3344,4400.0012,4766.6679,5500.0013,5500.0013,4400.0011,4033.3344,2933.334,2200.0006,366.6668,78833.353
971,2020-08-29,0.0,366.6668,366.6668,0.0,1833.3338,4766.6679,5500.0013,4033.3344,3300.0008,2933.3341,2933.334,2933.334,2933.334,3300.0008,3666.6676,3666.6676,3666.6676,4033.3344,4033.3344,2933.334,2200.0006,2200.0006,1833.3339,366.6668,63800.0162
972,2020-08-30,0.0,366.6668,0.0,366.6668,733.3336,2933.3341,2933.334,2200.0006,2566.6673,2200.0006,2200.0006,2200.0006,2566.6673,2566.6673,2566.6673,2566.6673,2200.0006,1833.3339,2566.6673,2200.0006,2200.0006,1833.3339,1466.6671,366.6668,43633.345
973,2020-08-31,366.6668,0.0,366.6668,0.0,2200.0007,5133.3346,6233.3348,5866.668,4400.0011,3666.6676,2933.334,2933.334,2933.334,3300.0008,3300.0008,4766.6679,4766.6679,5866.6681,5133.3346,4033.3344,3666.6676,2566.6673,2200.0006,366.6668,77000.0192
974,2020-09-01,0.0,366.6668,366.6668,0.0,2200.0007,4766.6679,5500.0014,5866.668,5133.3346,4033.3344,3300.0008,3300.0008,2933.334,2933.334,4033.3344,4400.0012,5133.3346,5866.668,5500.0013,4033.3344,3666.6676,2933.3341,2200.0006,366.6668,78833.3532
975,2020-09-02,0.0,366.6668,366.6668,0.0,2200.0007,5500.0013,5866.6681,5500.0013,4766.6679,3666.6676,2933.334,2933.334,3300.0008,2933.334,3666.6676,4766.6679,5133.3346,5500.0013,5500.0014,4766.6679,4033.3344,2933.334,2200.0006,366.6668,79200.0198
976,2020-09-03,0.0,366.6668,0.0,366.6668,2200.0006,5500.0013,6233.3348,5500.0013,5133.3346,4033.3344,2933.334,2933.334,2933.334,3300.0008,3666.6676,4766.6679,5133.3346,6233.3348,5133.3346,4400.0011,4033.3344,2933.3341,2200.0006,0.0,79933.3531
977,2020-09-04,366.6668,366.6668,0.0,366.6668,1833.3338,5133.3346,5866.668,5500.0013,4766.6679,4400.0012,3300.0008,2933.334,3300.0008,3300.0008,3666.6676,4400.0012,4766.6679,5500.0013,5500.0013,4766.6678,4033.3344,2566.6673,2200.0006,366.6668,79200.0198
978,2020-09-05,0.0,366.6668,366.6668,366.6668,2200.0006,5500.0013,5133.3346,5133.3346,3300.0008,2566.6673,2933.334,2933.334,4400.0011,4766.6679,5133.3346,5133.3346,5133.3346,5133.3346,4400.0011,2933.334,2933.334,2566.6673,2200.0006,366.6668,75900.0188
979,2020-09-06,0.0,366.6668,366.6668,0.0,733.3336,2933.3341,3300.0008,2933.334,2933.334,2933.334,2566.6673,2933.334,2933.334,2933.334,2933.334,2933.334,2933.334,2566.6673,2933.3341,2200.0006,2566.6673,2200.0006,1466.6671,366.6668,50966.6792
980,2020-09-07,0.0,366.6668,0.0,366.6668,2200.0007,5866.668,6233.3348,5866.668,4766.6679,4033.3344,2933.334,3300.0008,3300.0008,3300.0008,3666.6676,4766.6679,5133.3346,5866.6681,5133.3346,4400.0012,3300.0008,2933.3341,1833.3339,366.6668,79933.3534
981,2020-09-08,0.0,366.6668,366.6668,0.0,1833.3339,5133.3346,5866.668,5133.3346,5133.3346,4033.3344,2933.334,3300.0008,2933.334,3300.0008,4033.3344,4400.0012,4766.6679,3300.0008,3300.0008,3300.0008,3666.6676,2566.6673,2200.0006,0.0,71866.6847
982,2020-09-09,366.6668,366.6668,0.0,366.6668,2200.0006,5500.0013,6233.3349,5133.3346,5500.0013,4033.3344,2933.334,2933.334,3300.0008,2933.334,3666.6676,4766.6679,4766.6679,5866.668,5500.0013,4400.0012,3666.6676,2933.3341,2200.0006,366.6668,79933.3533
983,2020-09-10,0.0,366.6668,366.6668,0.0,1833.3339,5500.0013,6233.3348,5866.668,5133.3346,3666.6676,3300.0008,3300.0008,3300.0008,3300.0008,3666.6676,4766.6679,4766.6679,5500.0013,5500.0013,4400.0011,3666.6676,2933.3341,2200.0006,366.6668,79933.3532
984,2020-09-11,0.0,366.6668,366.6668,0.0,2200.0007,5500.0013,5866.668,5866.668,4766.6678,4033.3344,2933.334,2933.334,2933.3341,2933.334,3666.6676,4766.6679,4766.6679,5500.0013,5500.0013,4033.3344,3666.6676,2933.3341,2200.0006,0.0,77733.3526
985,2020-09-12,366.6668,366.6668,0.0,366.6668,2200.0006,5133.3346,5500.0014,4766.6679,3666.6676,2933.334,2933.334,2933.334,4766.6679,5133.3346,5133.3346,5133.3346,4766.6679,5133.3346,4400.0011,2933.334,3300.0008,2566.6673,2200.0005,366.6668,77000.0192
986,2020-09-13,366.6668,366.6668,366.6668,0.0,733.3336,2933.334,2933.334,2933.334,2566.6673,2566.6673,2566.6673,2566.6673,2933.334,2566.6673,2566.6673,2566.6673,2566.6673,2933.334,2200.0006,2200.0006,2200.0006,2200.0006,1466.6672,0.0,47300.012
987,2020-09-14,366.6668,366.6668,0.0,366.6668,2200.0007,5500.0013,6233.3348,5500.0013,5133.3346,4033.3344,2933.334,3300.0008,2933.334,3300.0008,3666.6676,4400.0012,5133.3346,5866.6681,5866.6681,4400.0011,3666.6676,2933.3341,2200.0006,366.6668,80666.6869
988,2020-09-15,0.0,366.6668,366.6668,0.0,2200.0007,5133.3346,6233.3348,6233.3348,4766.6679,4033.3344,2933.334,3300.0008,2933.334,2933.334,3666.6676,4766.6679,4766.6679,5866.668,5500.0013,4400.0011,4033.3344,2933.334,1833.3339,366.6668,79566.6865
989,2020-09-16,366.6668,0.0,366.6668,366.6668,1833.3339,5500.0013,5866.668,6233.3348,4766.6679,4033.3344,2933.334,2933.334,2933.334,3300.0008,3300.0008,4766.6679,4766.6679,5500.0013,5500.0014,4766.6679,3666.6676,2566.6673,2200.0006,366.6668,78833.353
990,2020-09-17,366.6668,0.0,366.6668,366.6668,2200.0006,5133.3346,6233.3348,6600.0016,4766.6679,4033.3344,2933.334,2933.334,2933.334,2933.3341,3300.0008,4400.0012,4766.6679,5500.0013,5500.0013,4400.0012,3666.6676,2933.334,2200.0006,366.6668,78833.3531
991,2020-09-18,0.0,366.6668,366.6668,366.6668,1833.3338,5500.0013,6233.3348,5866.668,5133.3346,4033.3344,2933.334,3300.0008,2933.334,3300.0008,3300.0008,4766.6679,4766.6679,5866.668,5500.0013,4766.6679,3300.0008,2933.3341,2200.0006,366.6668,79933.353
992,2020-09-19,366.6668,0.0,366.6668,366.6668,1833.3339,5500.0013,5500.0013,4766.6679,3300.0008,2933.334,2933.334,2933.334,4766.6678,4766.6679,5133.3346,5133.3346,4766.6679,4766.6679,4033.3343,3300.0008,2933.334,2200.0006,1833.3338,366.6668,74800.0186
993,2020-09-20,366.6668,366.6668,0.0,366.6668,366.6668,3300.0008,2933.334,2933.334,2933.334,2200.0006,2566.6673,2933.334,2566.6673,2566.6673,2933.334,2566.6673,2933.334,2566.6673,2566.6673,2566.6673,2200.0006,2200.0006,1466.6672,0.0,48400.0121
994,2020-09-21,366.6668,0.0,366.6668,366.6668,1833.3339,5500.0013,6233.3348,5500.0013,5133.3346,3666.6676,2933.334,2933.334,2933.334,3300.0008,3666.6676,4766.6679,4766.6679,5500.0013,5500.0013,3666.6676,4033.3344,2933.334,2566.6673,1100.0003,79566.6863
995,2020-09-22,366.6668,0.0,366.6668,366.6668,1833.3338,5500.0013,5866.668,5500.0013,4766.6679,3666.6676,2933.334,2933.334,2933.334,3300.0008,3666.6676,4400.0012,4766.6679,5500.0013,5500.0013,4766.6679,3666.6676,2933.3341,2566.6673,1466.6671,79566.6864
996,2020-09-23,0.0,366.6668,366.6668,366.6668,1833.3339,5500.0013,5500.0013,6600.0016,4766.6679,3666.6676,2933.334,2933.334,2933.334,2933.334,3666.6676,4766.6679,4766.6679,5866.6681,5133.3346,4400.0012,4033.3344,2933.334,2200.0006,1100.0003,79566.6866
997,2020-09-24,366.6668,366.6668,0.0,366.6668,2200.0006,5133.3346,5866.668,5500.0013,5133.3346,4033.3344,2933.334,2933.334,3300.0008,2933.334,3666.6676,4766.6679,4766.6679,5500.0013,5500.0013,4400.0012,3666.6676,2933.334,2200.0006,1100.0003,79566.6864
998,2020-09-25,366.6668,366.6668,366.6668,366.6668,1833.3339,5500.0013,5866.668,5866.6681,5500.0013,3666.6676,3300.0008,2933.334,2933.334,3300.0008,3666.6676,4400.0012,5133.3346,5500.0013,5500.0013,4400.0011,4033.3344,2933.334,2566.6673,1100.0003,81400.0201
999,2020-09-26,366.6668,0.0,366.6668,366.6668,2200.0006,5133.3346,5133.3346,5133.3346,3666.6676,3300.0009,2933.3341,2933.334,4400.0011,5500.0013,4766.6679,5133.3346,5500.0013,4766.6679,4033.3344,2933.334,2933.3341,2566.6673,2566.6673,733.3336,77366.6862
1000,2020-09-27,366.6668,366.6668,0.0,366.6668,733.3336,2933.3341,2933.334,3300.0008,2933.334,2566.6673,2933.334,2933.334,2566.6673,3300.0008,2566.6673,2933.334,2933.334,2933.334,2200.0006,2566.6673,2200.0006,2200.0006,1466.6671,366.6668,50600.0126
1001,2020-09-28,366.6668,0.0,366.6668,366.6668,1833.3339,5500.0013,5866.668,5866.668,5133.3346,4033.3344,2933.334,3300.0008,2933.334,3300.0008,3666.6676,4766.6679,4766.6679,5866.668,5500.0013,4400.0012,3666.6676,2933.3341,2566.6673,1100.0003,81033.3534
1002,2020-09-29,366.6668,366.6668,0.0,366.6668,1833.3338,5500.0013,5500.0013,5500.0014,5133.3346,3666.6676,2933.334,2933.334,2200.0006,2566.6673,3300.0008,4766.6679,4766.6679,5500.0013,5500.0013,4400.0012,3666.6676,2933.334,2200.0006,1100.0003,77000.0192
1003,2020-09-30,366.6668,366.6668,0.0,366.6668,1833.3338,5500.0013,5866.668,5500.0013,5133.3346,3666.6676,2200.0006,2566.6673,2566.6673,2933.334,2933.334,4766.6679,4766.6678,5500.0013,5500.0013,4766.6679,3666.6676,2933.3341,2933.334,1100.0004,77733.3525
1004,2020-10-01,0.0,366.6668,0.0,366.6668,1833.3338,5500.0013,5866.668,5500.0013,5133.3346,4033.3344,2566.6673,2566.6673,2566.6673,2566.6673,3666.6676,5133.3346,5133.3346,5866.6681,5500.0013,4766.6679,4033.3344,2566.6673,2933.334,733.3336,79200.0196
1005,2020-10-02,366.6668,0.0,366.6668,366.6668,1833.3339,5500.0013,5866.6681,5500.0013,5500.0013,3300.0008,2566.6673,2566.6673,2933.334,2566.6673,3666.6676,4766.6679,5133.3346,5133.3346,5866.6681,4033.3344,4033.3344,2933.334,2200.0006,1100.0003,78100.0195
1006,2020-10-03,366.6668,0.0,366.6668,366.6668,2200.0006,5133.3346,5500.0013,5133.3346,3666.6676,2933.334,2933.334,3300.0008,4400.0011,4766.6679,5500.0013,4766.6679,5133.3346,3666.6676,2933.334,3300.0008,2933.334,2200.0006,2200.0006,1100.0003,74800.0186
1007,2020-10-04,366.6668,0.0,366.6668,0.0,733.3336,3300.0008,3300.0008,2933.334,2933.334,2566.6673,2933.334,2933.334,2566.6673,2933.334,2933.334,2566.6673,2933.334,2566.6673,2200.0006,2566.6673,2200.0006,2200.0006,1466.6671,366.6668,49866.679
1008,2020-10-05,0.0,366.6668,366.6668,0.0,2200.0007,5500.0013,5866.668,5866.668,5133.3346,3666.6676,2200.0006,2566.6673,2566.6673,2933.334,4033.3344,4766.6679,4766.6679,5866.6681,5866.6681,4400.0012,3666.6676,3300.0008,2566.6673,1100.0004,79566.6867
1009,2020-10-06,0.0,366.6668,0.0,366.6668,2200.0007,5500.0013,5500.0013,5866.668,5133.3346,3666.6676,2566.6673,2566.6673,2200.0006,2933.334,3666.6676,4400.0012,5500.0013,5500.0013,5866.668,4766.6679,3666.6676,3300.0008,2566.6673,1100.0003,79200.0196
1010,2020-10-07,366.6672,0.0,366.6672,366.6672,1833.334,5500.0012,6233.3352,5500.002,5133.3352,3300.0012,2566.6672,2566.6672,2566.6672,2566.6672,4033.334,4400.0012,5133.3352,5866.668,5500.002,4766.668,4033.334,2933.334,2933.334,733.334,79200.0236
1011,2020-10-08,366.6672,0.0,366.6672,366.6672,1833.334,5500.002,5866.668,5866.668,4766.668,3666.668,2933.334,2566.6672,2933.334,2933.334,4033.334,4766.668,4766.668,5866.668,5866.668,4766.668,4033.334,2933.334,2566.6672,1100.0,80666.688
1012,2020-10-09,366.6672,0.0,366.6672,366.6672,1833.334,5500.002,6233.3352,5133.3352,5133.3352,3666.668,2566.6672,2933.334,2566.6672,2566.6672,4033.334,4766.668,4766.668,5866.668,5133.3352,4766.668,4033.334,2933.334,2200.0012,1100.0,78833.3572
1013,2020-10-10,366.6672,0.0,366.6672,366.6672,2200.0012,5133.3352,5866.668,5133.3352,3300.0012,3300.0012,2933.334,3300.0012,4766.668,5500.002,5133.3352,5133.3352,5133.3352,3666.668,3666.668,3300.0012,3300.0012,2200.0012,2566.6672,733.334,77366.6952
1014,2020-10-11,366.6668,366.6668,0.0,366.6668,733.3336,3300.0008,2933.334,3300.0008,2566.6673,2566.6673,2933.334,2566.6673,2933.334,2566.6673,2933.334,2933.334,2933.334,2566.6673,2200.0006,2566.6673,2200.0006,2566.6673,1466.6671,0.0,49866.679
1015,2020-10-12,366.6668,366.6668,0.0,366.6668,733.3336,3300.0008,2933.334,3300.0009,2566.6673,2933.3341,2566.6673,2933.334,2933.334,2933.334,2933.334,2933.334,2566.6673,2566.6673,2566.6673,2200.0006,2200.0006,2200.0006,1466.6671,366.6668,50233.346
1016,2020-10-13,366.6668,366.6668,0.0,366.6668,1833.3338,5500.0013,5500.0014,5500.0013,4766.6679,3666.6676,2566.6673,2933.3341,2933.334,2933.334,3666.6676,4528.3344,4953.6678,5855.6679,5518.3346,4726.3343,3780.3343,2900.3343,2706.0006,1096.3336,78965.3525
1017,2020-10-14,234.6672,227.3336,223.6668,263.9999,1771.0006,5426.6684,5723.6681,5470.6681,4880.3344,3648.3341,2658.3342,2625.3339,2640.0006,2973.6676,3501.6677,4601.6676,5019.6678,5588.0013,5588.0017,4781.3343,3864.6678,3296.3344,2585.0007,1155.0001,78749.0209
1018,2020-10-15,245.6667,242.0002,238.3337,267.6669,1939.6671,4909.668,6116.0019,5360.6681,4667.6678,3751.0009,2717.0003,2581.3339,2702.3344,2753.6677,3839.0009,4700.6678,5104.0013,5646.6679,5276.3343,4935.3345,3773.0013,3006.6674,2603.3341,1111.0004,78488.6875
1019,2020-10-16,282.3337,278.6672,267.6669,267.6666,1884.6673,5382.668,5643.0011,5364.3349,4601.6676,3589.6674,2588.6673,2445.6671,2658.3342,2577.6672,3362.3341,4777.6681,4785.0011,5804.3349,5632.0013,4535.6676,4000.3343,2944.3339,2500.6673,1140.3338,77315.3529
1020,2020-10-17,234.6672,234.6672,223.6668,344.6669,2134.0008,5617.3349,5412.0014,5012.3346,3516.3344,2948.0009,3054.3341,3113.0006,4719.0014,4829.0013,4821.6678,5705.3348,4741.0009,3699.6676,3743.6676,3245.0009,2970.0009,2401.6674,2225.6671,986.3336,75933.0211
1021,2020-10-18,231.0004,223.6668,223.6668,201.6672,711.3334,3028.6676,2904.0009,3058.0008,2827.0007,2504.3338,2629.0006,2709.6671,2827.0008,2834.3344,3006.6676,2962.6673,2929.6677,2746.3342,2522.6673,2185.3339,2247.6671,2207.3338,1598.6671,256.6669,49577.0142
1022,2020-10-19,234.6672,234.6672,201.6669,223.6669,1613.3338,5492.6681,5294.6679,5753.0015,4847.3344,3754.6676,2808.6676,2819.6673,2742.6674,3036.0007,3773.0008,4700.6679,4983.0014,5866.6681,5734.6681,4594.3346,4227.6678,3138.6676,2588.6671,1210.0001,79874.688
1023,2020-10-20,231.0004,220.0,220.0,297.0001,2042.3338,5375.3346,5984.0017,5811.6679,4884.0011,3501.6675,2885.6674,2640.0009,2475.0006,2717.0006,3421.0006,4429.3346,4902.3343,5470.6679,5346.0014,4638.3341,4187.3343,3186.3342,2742.6674,1107.3336,78716.019
1024,2020-10-21,227.3336,234.6672,223.6668,264.0001,2005.6674,5452.3346,5709.0013,5250.6676,4869.3345,3611.6676,2812.3341,2827.0008,2713.3338,3303.6674,3831.6678,4939.0011,5060.0014,5676.0013,5668.6681,4576.0012,4059.0011,3263.3341,2577.6673,1162.3336,80318.3538
1025,2020-10-22,242.0002,238.3337,231.0004,242.0001,1950.667,5375.3346,5760.3346,5775.0013,4975.6676,3622.6676,3036.0006,2713.3338,2757.3342,3025.0008,3835.3343,4759.3344,4953.6678,5764.0014,5522.001,4590.6678,4033.3344,2893.0007,2511.6671,1169.6671,79977.3525
1026,2020-10-23,282.3337,275.0004,264.0,267.6666,2163.3342,5489.0013,5874.0015,5709.0014,4924.3343,3802.3344,2922.3339,2860.0006,2790.3339,3065.3341,3824.3343,4862.0011,5210.3347,5826.3352,5621.0016,4697.0011,3776.6676,2900.3338,2489.6674,1140.3334,81037.0205
1027,2020-10-24,256.6667,238.3337,238.3337,282.3334,2038.6671,5485.3346,5562.3346,5247.0014,3520.0011,2808.6674,2992.0009,3047.0006,4730.0008,4924.3346,5305.6679,5151.6679,5298.3346,3776.6675,3527.3344,3113.0008,3201.0008,2508.0006,2299.0006,1026.6668,76578.3525
1028,2020-10-25,264.0,264.0,256.6666,249.3334,693.0004,3076.3341,3318.3344,3179.0011,2757.3342,2662.0009,2728.0009,2801.3341,3010.3341,2893.0007,2874.6676,2790.3342,2794.0009,2860.0007,2302.6671,2420.0004,2438.3338,2207.3338,1620.6671,223.6666,50684.3471
1029,2020-10-26,234.6669,212.6668,190.6672,308.0004,1892.0004,5511.0013,5800.6679,5459.6678,4209.3341,3208.3344,2625.3342,3256.0012,2871.0007,3098.3341,3113.0009,3908.6677,4777.6679,5844.6683,5353.3344,3820.6678,3303.6676,2933.3341,2387.0003,1111.0004,75430.6868
1030,2020-10-27,190.6672,198.0002,205.3332,289.6667,1954.3339,5624.6679,5852.0013,5632.0014,4275.3343,3212.0008,2845.3342,3322.0006,3014.0009,3028.6674,3164.3341,3978.3343,5049.0011,5767.6683,5060.0011,3872.0006,3091.0007,2746.3339,2284.3338,1140.3336,75797.3515
1031,2020-10-28,252.9999,249.3332,256.6666,337.3336,1947.0005,5562.3347,5859.3351,5423.0011,4264.3341,3252.3341,2845.3341,3197.3341,3252.3344,3201.0006,3120.3339,4158.0011,5005.001,5423.0013,5228.6681,3872.001,3296.3341,2860.0009,2280.6674,1023.0003,76167.6852
1032,2020-10-29,264.0,256.6666,249.3332,260.3334,1998.3336,5353.3349,5610.0014,5052.6679,4660.3346,3094.6673,2559.3339,3175.3344,2970.0006,3072.6673,3336.6677,3963.6675,4792.3346,5650.3345,5133.3346,4161.6676,3325.6673,2816.0009,2203.6671,1096.3336,75056.6845
1033,2020-10-30,264.0,264.0,264.0,286.0001,1881.0003,5368.0011,5877.6682,5643.0017,4253.3341,3120.3341,2581.3339,2929.6677,3028.6674,3050.6676,3135.0009,4150.6679,4913.3345,5771.3343,5316.6678,4026.0011,3296.3341,2937.0004,2185.3336,242.0004,74785.3512
1034,2020-10-31,220.0,227.3336,220.0,264.0004,2013.0006,4924.3346,4755.6676,4697.0011,3303.6677,2973.6674,3032.3342,3043.3341,4748.3347,5177.3345,5426.6679,5298.3348,5067.3346,3945.3343,3505.3341,3006.6676,3025.0007,2599.6673,1972.6671,234.6669,73681.6858
1035,2020-11-01,220.0,220.0,212.6666,208.9999,718.6668,3006.6671,3322.0009,3193.6674,2823.3339,2838.0007,2794.0004,2819.6674,2867.3341,2867.3339,2889.3341,2680.3338,2214.667,2313.6671,2324.6673,2178.0006,2042.3338,1943.3336,1499.6668,260.3332,48458.6764
1036,2020-11-02,242.0002,227.3336,238.3337,223.6669,795.6668,3197.3341,3289.0009,3091.0009,2698.6676,2647.3341,2654.6671,2717.0007,2779.3338,2731.6673,2706.0007,2724.3344,2222.0006,2247.6671,2332.0003,2251.3336,2134.0004,2233.0006,1580.3336,245.6667,48209.3457
1037,2020-11-03,245.6667,245.6667,242.0002,297.0001,1925.0003,5503.6681,5965.6684,5577.001,4297.3343,3164.3341,2588.6674,3153.3341,2915.0008,3171.6673,3340.3342,4165.3344,5071.001,5863.0014,5430.3346,3802.3341,3058.0007,2577.6674,2266.0006,1081.6669,75947.6848
1038,2020-11-04,223.6668,220.0,220.0001,366.6669,1925.0003,5591.6681,5991.3346,5481.6679,4392.6679,3212.0006,2504.3335,3014.0006,3054.3342,3094.6677,3190.0009,4007.6679,4961.0008,5918.0013,5140.6678,3930.6676,3160.6677,2629.0004,2167.0006,1030.3337,75427.0179
1039,2020-11-05,223.6668,220.0,223.6668,256.6666,2053.3341,5511.0013,5756.6681,5580.6678,4374.3343,3076.3341,2361.3338,3061.6674,3186.3339,3003.0006,3318.3344,3956.3344,5122.3344,5679.6681,5324.0013,3923.3343,3241.3339,2687.6671,2255.0,1070.6669,75467.3504
1040,2020-11-06,238.3337,227.3336,231.0004,256.6669,1921.3338,5481.6681,5874.0011,5533.0011,4132.3343,3102.0007,2702.3336,2962.6677,2995.6676,3201.0007,3479.6674,4077.3344,5038.0014,5562.3346,5346.0014,3908.6676,3237.6676,2522.6673,2189.0005,1030.3336,75251.0191
1041,2020-11-07,264.0,264.0,264.0,351.9999,2082.6673,5360.6678,5698.0011,5206.6679,3505.3344,2988.3341,3138.6674,3190.0009,4590.6678,5302.0014,4979.3349,5478.0014,4898.6681,4279.0011,3138.6674,2720.6673,2940.6674,2383.3342,2178.0006,993.6668,76197.0192
1042,2020-11-08,264.0,245.6667,252.9999,252.9999,693.0001,3036.0007,3248.6674,3003.0009,2772.0006,2654.6674,2860.0009,2783.0008,2772.0005,2841.6676,2779.3339,2728.0006,2695.0009,2651.0006,2332.0006,2324.6674,2416.3338,2211.0006,1536.3336,179.6667,49533.0121
1043,2020-11-09,150.3337,172.3337,208.9999,271.3332,2049.6671,5643.0011,5793.3346,5577.0011,4587.0011,3329.3344,2801.3339,3230.3341,2977.3344,3248.6676,3256.0008,4165.3342,5008.6679,5767.6681,3864.6677,5217.6681,3039.6674,2497.0009,2082.6671,1012.0001,75951.3522
1044,2020-11-10,208.9999,205.3332,205.3332,296.9999,1972.6673,4517.3343,6281.0017,5463.3345,4664.0011,3201.0007,2449.334,2915.0009,3050.6676,3252.3341,3344.0006,4066.3345,5063.6678,5613.6681,5342.3349,3857.3342,3036.0008,2698.6674,2196.3339,1004.6668,74906.3514
1045,2020-11-11,198.0002,190.6672,190.6672,249.3332,1954.3341,5349.6681,6017.0014,5371.6681,4026.0009,3164.3344,2548.3338,2882.0009,2926.0009,3091.0009,3201.0009,4015.0008,4880.3343,5485.3343,5305.668,3927.0011,3267.0009,2750.0009,2306.3339,993.6671,74290.3535
1046,2020-11-12,187.0004,190.6672,190.6672,333.6667,2016.6675,5346.0013,5841.0017,5463.3349,4018.6676,3054.3341,2460.3339,2570.3341,2812.3341,2970.0009,2937.0009,3905.0008,5005.0011,5335.0014,5089.3344,3923.3339,3179.0006,2625.3339,2346.6673,942.3336,72743.0195
1047,2020-11-13,205.3332,205.3332,205.3332,293.3334,1903.0006,5368.0011,5617.3349,5269.0008,4550.3343,3179.0006,2372.3338,3212.0009,3373.3341,3487.0009,4345.0013,5434.0014,5225.0014,5588.0016,5349.6684,3897.6676,3113.0009,2761.0006,2225.6671,986.3336,78166.0189
1048,2020-11-14,190.6672,190.6672,183.3336,216.3334,1851.6674,5379.0011,5195.6678,5074.6678,3193.6674,2530.0006,2691.334,2845.334,4528.3344,5166.3343,5008.6679,5173.6679,5023.3343,3674.0008,3362.3341,3065.3341,2999.3339,2368.6671,2493.3338,1048.6672,73454.3513
1049,2020-11-15,194.3337,190.6672,190.6672,190.6672,700.3337,2973.6677,3113.0009,2555.6673,2203.6673,2181.6673,2372.3339,2207.3336,2244.0006,2086.3338,2137.667,2137.6671,2229.3336,2372.3341,2321.0003,2229.3338,2200.0003,2152.3336,1455.6668,220.0,42859.678
1050,2020-11-16,220.0,220.0,245.6667,238.3337,623.3335,3149.6676,2948.0009,2211.0005,2064.3338,1991.0003,2119.3336,2086.3339,2016.6671,2123.0004,2310.0006,2456.6673,2350.3338,2346.6673,2313.6671,2339.3339,2244.0003,2079.0004,1565.667,253.0001,42515.0098
1051,2020-11-17,194.3337,267.6669,370.3334,249.3337,1958.0008,5426.6678,5632.0013,5767.6682,4436.6676,3252.3343,2805.0009,3043.3341,3032.3341,3069.0006,3318.3341,4000.3343,4917.0011,5621.0011,4499.0012,3428.3341,3061.6673,2632.6668,2273.3339,1133.0004,74389.3517
1052,2020-11-18,190.6672,190.6672,198.0002,230.9999,2057.0004,5291.0011,5617.3345,6046.3348,3641.0009,3113.0009,2453.0003,3050.6677,3098.3341,3010.3339,3168.0008,4110.3344,4950.0008,5657.668,5217.6679,3853.6678,3076.3344,2775.6673,2255.0006,1254.0001,74506.6852
1053,2020-11-19,194.3337,190.6672,190.6672,252.9999,2104.6671,5503.6679,5767.6679,5536.6681,4191.0006,3102.0006,2332.0005,3105.6677,3171.6676,3076.3344,3058.0007,4084.6673,4777.6678,5613.6678,4748.3347,3014.0008,3274.3341,2658.3336,2530.0006,1228.3339,73707.3517
1054,2020-11-20,205.3332,205.3332,205.3332,267.6667,2218.3338,5294.6678,5888.6681,5423.0017,4073.6679,3050.6676,2504.3339,3102.0008,2915.0012,3193.6674,3083.6676,3996.6678,5016.0012,5511.0014,5107.6676,4114.0011,3080.0006,2662.0006,2258.6673,1155.0006,74532.3523
1055,2020-11-21,212.6669,190.6672,201.6667,260.3334,2236.6671,5181.0013,5613.6678,5261.6678,3366.0006,3028.6674,3234.0012,3091.0006,4719.001,4917.0011,5247.0016,5316.6681,4847.3346,5335.001,4242.334,3179.0006,3039.6672,2475.0006,2225.6671,1228.3336,78650.0185
1056,2020-11-22,201.6669,205.3332,205.3332,201.6667,872.6671,2973.6671,3032.3342,2654.6671,2277.0006,2266.0003,2064.3339,2251.3336,2233.0006,2240.3339,2181.6672,2170.6673,2233.0006,2332.0003,2405.3338,2244.0006,2207.3338,2240.3338,1639.0005,282.3334,43615.0097
1057,2020-11-23,187.0004,164.9999,175.9999,275.0001,2064.3339,5445.0011,5881.3348,5646.668,4392.6677,3435.6675,2680.3341,3157.0009,3197.3343,3347.6674,3201.0009,4114.0011,5195.6679,5584.3349,5283.6683,3897.6676,3219.3341,2698.6677,2357.6673,1037.6668,76640.6866
1058,2020-11-24,201.6669,176.0,190.6666,293.3334,1954.3339,5441.3346,5679.6678,5602.6678,4235.0008,2995.6674,2596.0006,2834.3341,2808.6676,3083.6674,3355.0007,3875.6673,5313.0011,5639.3346,4986.6676,3780.3343,3109.3341,2599.6674,2240.3338,1048.6668,74041.0166
1059,2020-11-25,220.0,220.0,220.0,264.0001,1965.3341,5232.3346,5830.0016,4572.3346,4836.3346,3032.3342,2519.0006,3036.0009,2849.0009,3168.0008,3076.3341,3908.6676,5005.0013,5533.0013,5316.6681,4051.6678,3226.6674,2658.3341,2218.3339,1063.3333,74022.6859
1060,2020-11-26,205.3332,208.9999,220.0,348.3336,1998.3339,5452.3346,5852.0013,5613.6681,4154.3344,3039.6674,2515.3341,2977.3338,3091.0008,3043.3342,3149.6674,4092.0008,4807.001,5811.6678,5126.0013,4099.3344,3153.334,2724.3341,2328.3341,1235.6671,75247.3513
1061,2020-11-27,220.0,220.0,220.0,341.0001,2009.3339,5412.0011,6009.6679,5745.6681,4029.6678,3256.0009,2460.3341,2966.3342,2918.6674,3087.3341,3263.3341,3674.001,5254.3343,5573.3348,5133.3346,4198.3343,3201.0009,2552.0006,2258.6671,748.0006,74752.3519
1062,2020-11-28,121.0004,14.6672,14.6672,14.6672,14.6672,14.6672,14.6672,18.3337,7.3336,0.0,0.0,0.0,0.0,0.0,0.0,0.0,0.0,3.6668,29.3332,29.3332,29.3332,29.3332,29.3332,29.3332,414.3369
1063,2020-11-29,109.9999,205.3332,198.0002,208.9999,553.6668,2211.0007,2365.0006,2042.3339,1829.667,1730.6671,1562.0003,1653.6671,1635.3339,1763.6671,1763.6673,1862.6673,2266.0003,2258.6674,2057.0003,1906.667,1756.3335,1811.3338,1279.6671,190.6669,35222.0086
1064,2020-11-30,176.0,176.0,176.0,190.6668,1386.0004,3824.3346,4191.0011,3806.0006,3193.6676,2456.6674,2079.0005,2181.6672,2291.6671,2383.3341,2416.3341,2951.6673,3780.3343,3853.6676,3699.6677,2808.6674,2189.0006,1895.6668,1690.3336,766.3334,54563.6802
1065,2020-12-01,227.3333,208.9999,205.3332,278.6667,1463.0008,3824.3343,4158.0011,3974.6678,3094.6676,2500.6673,1983.6673,2112.0006,2247.6671,2317.3336,2482.3338,2959.0008,3780.3344,3941.6676,3791.3341,2962.6674,2489.6674,1925.0003,1642.667,861.6671,55432.6805
1066,2020-12-02,198.0,190.6672,190.6672,234.6672,1345.6672,3809.668,4176.334,3725.334,3358.668,2563.0012,2005.6672,2233.0012,2269.6672,2324.6672,2332.0012,2933.334,3446.668,3908.668,3897.668,2808.6672,2702.334,1859.0,1734.334,817.6672,55066.0184
1067,2020-12-03,194.3337,190.6672,190.6672,231.0001,1419.0006,3740.0008,4209.3344,4092.0012,3043.3342,2460.3338,2027.6671,2214.6674,2189.0006,2269.6671,2284.3336,3021.3342,3615.3344,4062.6676,4015.0008,2882.0009,2317.334,2009.3336,1771.0003,799.3339,55249.3487
1068,2020-12-04,183.3336,176.0,176.0,223.6669,1485.0006,4048.0008,4128.6675,3765.6676,2926.0008,2651.0006,2009.3335,2035.0006,2053.3335,2317.3338,2471.3338,2984.6673,3685.0006,4187.3343,3751.0009,3131.3341,2431.0006,2013.0005,1837.0003,861.6668,55531.679
1069,2020-12-05,249.3332,249.3332,249.3332,267.6667,1569.3336,3886.6676,3956.3345,3776.6676,2500.6673,2222.0005,2185.3338,2152.3338,3318.3341,3791.3344,3369.6676,3996.6678,3597.0008,3615.3343,3399.001,2343.0006,2332.0006,1950.667,1862.667,887.3336,57728.0138
1070,2020-12-06,242.0002,245.6667,238.3337,234.6672,557.3336,2346.6674,2387.0006,2317.3339,2159.6674,2038.6673,2104.6671,2233.0003,2163.3339,2082.6671,2101.0006,2126.6671,2104.6671,2225.667,2141.3338,1833.3336,1947.0006,1884.6671,1265.0006,208.9999,39189.3438
1071,2020-12-07,205.3332,205.3332,190.6666,209.0001,1433.6671,3813.3339,3824.3335,3974.667,3006.6673,2266.0003,1848.0004,2189.0003,2376.0006,2332.0,2398.0004,2992.0004,3542.0003,3949.0006,3699.6668,2922.3338,2222.0003,2108.3336,1554.6669,814.0001,54076.0067
1072,2020-12-08,183.3336,176.0,176.0,187.0004,524.3334,2273.3338,2416.3336,2060.6673,1712.3338,1727.0003,1683.0003,1650.0003,1562.0003,1675.6668,1848.0006,1741.667,2013.0006,2145.0007,2196.3339,1855.3339,1818.6673,1899.3338,1298.0003,227.3334,35049.6754
1073,2020-12-09,183.3336,176.0,176.0,209.0001,1397.0004,3707.0009,4293.6676,4161.6676,3237.6674,2258.6671,1774.6671,2214.6673,2152.334,2178.0005,2273.334,2944.3341,3505.3341,4279.0008,3699.6676,2808.6673,2445.6671,2079.0003,1679.3335,861.667,54695.6794
1074,2020-12-10,205.3332,223.6668,201.6669,256.6669,1353.0004,3974.6676,4213.0008,4117.6677,3017.6673,2207.3341,1767.334,2167.0008,2291.6674,2310.0003,2357.6671,2739.0007,3490.6678,4649.3347,4051.6679,2673.0009,2511.6674,1936.0003,1778.3339,854.3335,55348.3484
1075,2020-12-11,201.6669,201.6667,205.3332,289.6667,1327.3336,3861.0011,4242.3341,4231.3346,3285.3342,2577.6676,1994.6671,2240.3339,2280.6673,2332.0006,2552.0006,2918.6673,3531.0009,3890.3341,3699.6676,2992.0006,2552.0006,1947.0003,1694.0005,883.6669,55931.347
1076,2020-12-12,205.3332,205.3332,194.3337,223.6669,1485.0001,4147.0009,3373.3344,3534.6676,3006.6674,2181.6671,2123.0003,2042.3339,3208.3344,3703.3343,3560.3342,3542.0011,3828.0009,3853.6678,3204.6671,2379.6671,2346.6671,1910.3336,1782.0003,821.3334,56862.68
1077,2020-12-13,260.3337,212.6667,198.0002,194.3337,524.3337,2214.6673,2431.0006,2240.3338,2016.667,2090.0006,2009.3338,2005.6668,2097.3338,2189.0005,2101.0004,2097.3339,2137.6673,2002.0005,2163.3338,1745.3336,1749.0004,1690.3336,1155.0003,227.3333,37752.0093
1078,2020-12-14,220.0,220.0,220.0,227.3334,1301.6669,3919.6676,4257.0011,4257.0009,3285.3341,2306.3341,2112.0003,2383.3341,2251.3339,2405.3339,2456.6671,2970.0009,3648.3341,4337.6678,3857.334,2981.0011,2456.6674,1899.3336,1723.3336,869.0001,56565.68
1079,2020-12-15,208.9999,231.0004,234.6672,223.6667,1488.6673,3754.6676,4205.6678,4249.6676,2812.3344,2453.0006,2013.0004,2233.0006,2387.0008,2365.0006,2379.6671,3043.3341,3586.0008,4293.6676,4026.0011,2944.3344,2555.6673,2090.0006,1774.6668,876.3336,56430.0153
1080,2020-12-16,205.3332,208.9999,205.3332,256.6666,1364.0001,3945.3339,3223.0005,4158.0008,3212.0009,2867.3342,1958.0005,2123.0006,2343.0004,2291.6672,2357.6671,3043.3339,3593.3344,4301.0011,3963.6675,3186.3344,2621.6674,2104.6671,1851.6671,898.3339,56283.3459
1081,2020-12-17,238.3337,234.6672,234.6672,300.6669,1463.0006,3912.334,4359.6676,4158.0011,3069.0008,2354.0008,1822.334,2214.6671,2339.3338,2167.0006,2471.3339,2981.0004,3531.0011,4348.6678,3857.3341,2999.3341,2640.0009,2049.6673,1815.0004,865.3336,56426.349
1082,2020-12-18,242.0,242.0,231.0,231.0,1426.334,3875.668,4297.334,4187.334,3124.0012,2387.0012,1862.6672,2156.0012,2148.6672,2152.334,2412.6672,3021.334,3637.334,4359.668,3941.668,2962.6672,2453.0012,2097.334,1774.6672,847.0,56070.6828
1083,2020-12-19,223.6672,223.6672,227.3332,264.0,1558.334,3985.6672,4143.334,3597.0012,2442.0,2156.0,784.6672,0.0,0.0,0.0,3.6672,14.6672,14.6672,14.6672,14.6672,14.6672,14.6672,14.6672,14.6672,14.6672,19741.3432
1084,2020-12-20,176.0,194.3332,190.6672,190.6672,707.6672,3061.6672,3270.6672,3127.6672,2669.334,2929.6672,2761.0,2885.6672,2863.6672,2757.334,2988.334,2915.0,2867.334,2896.6672,2937.0,2541.0,2343.0,2471.334,1650.0,242.0,51637.6752
1085,2020-12-21,223.6672,220.0,212.6672,359.3332,1587.6672,4429.334,6350.6672,6343.334,4389.0,3780.334,3058.0,3083.6672,3212.0,3215.6672,3160.6672,5096.6672,5331.334,5606.334,5914.334,4792.334,3967.334,2907.6672,2236.6672,1169.6672,80648.3444
1086,2020-12-22,264.0,264.0,260.3332,267.6672,1261.334,4495.334,6068.334,5936.334,4744.6672,3714.334,3164.334,2966.334,3146.0,3263.334,3193.6672,4917.0012,5452.334,5672.334,5489.0012,4752.0,3641.0012,2610.6672,2200.0,1177.0,78921.3456
1087,2020-12-23,253.0,253.0,249.3332,359.3332,1591.334,4491.6672,5760.334,5624.668,5287.334,3479.6672,3193.6672,3116.6672,3215.6672,3325.6672,3512.6672,5096.6672,5434.0012,5698.0012,5544.0012,5239.6672,4022.334,2900.334,2152.334,1177.0,80978.3468
1088,2020-12-24,234.6669,234.6672,231.0004,282.3336,1371.3336,4348.667,5756.6673,5078.3338,4851.0003,3355.0006,3021.3342,3010.3339,3135.0009,3182.6676,3289.0009,5232.3346,5140.6682,5247.0008,5214.0016,3615.3344,2636.3341,799.3336,198.0002,190.6672,69655.6829
1089,2020-12-25,209.0004,264.0,264.0,264.0,550.0003,968.0003,2090.0004,1910.3339,1606.0006,1441.0003,1356.667,1397.0006,1430.0005,1382.3338,1452.0006,1397.0003,1338.3338,1364.0003,1422.667,1356.6671,1444.6673,652.6672,201.6667,198.0002,25960.0086
1090,2020-12-26,190.6672,223.6667,249.3332,286.0002,1829.667,4814.3345,5628.3349,4330.3345,3681.3341,3146.0007,3164.3339,3259.6676,3886.6674,5019.6678,4972.0013,4209.3344,3567.6677,3556.6673,3743.6678,3124.0012,2849.0009,2511.6668,2332.0006,1180.6671,71756.6848
1091,2020-12-27,190.6672,190.6672,190.6672,194.3337,762.6668,3098.3344,3270.6676,3146.0009,2610.6673,2511.6674,2368.6668,2339.3341,2482.3339,2460.3341,2350.3339,2247.6673,1840.667,1972.667,2002.0003,1939.6673,1958.0006,1947.0003,1389.6673,227.3334,43692.013
1092,2020-12-28,220.0,220.0,209.0001,231.0002,1342.0003,4037.0008,4172.6677,4748.3343,3439.3344,2955.3341,1763.6673,3153.3339,3186.3344,3472.3343,3446.6676,3597.0008,4744.6676,5034.3346,4946.3345,3868.3344,2651.0008,2365.0004,2170.6671,993.6671,66968.0167
1093,2020-12-29,216.3332,205.3332,205.3332,220.0002,1298.0004,4231.3343,4158.0009,3996.6676,4235.0011,3311.0006,3102.0009,3193.6674,3171.6674,3182.6674,3380.6676,3542.0009,4807.0011,4829.0014,4737.3346,4205.6676,2676.6673,2365.0006,2145.0006,1001.0003,68416.3498
1094,2020-12-30,198.0004,190.6672,190.6672,238.3337,1426.3338,4077.3342,4348.6678,4594.3343,3740.0009,3058.0007,3131.3339,2709.6673,2508.0006,2541.0009,2742.6674,3311.0009,4062.6673,5056.3346,4689.6679,4077.3341,2651.0009,2409.0006,2148.667,1026.6671,65127.3507
1095,2020-12-31,220.0,220.0,212.6666,223.6667,1448.3339,3952.6676,4081.0011,3912.3343,2970.0008,2592.3339,2632.6673,2695.0009,2702.3341,3347.6674,3175.3342,3241.3342,3204.6676,2412.6673,2588.6674,2761.0008,2137.6673,924.0001,198.0002,187.0004,52041.0141
1096,2021-01-01,183.3336,187.0004,183.3336,190.6672,355.6672,1334.6669,2024.0006,1844.3335,1807.6673,1686.667,1305.3336,1367.667,1408.0004,1349.3338,1393.3338,1353.0006,1312.6668,1400.6668,1367.667,1433.667,1507.0004,792.0004,176.0,172.3333,26136.0082
1097,2021-01-02,176.0,176.0,176.0,176.0,308.0001,1411.6671,2493.3341,1928.6671,1884.6668,1675.6671,1474.0,1415.3338,1653.6671,2046.0003,1910.3338,1536.3335,1437.3338,1584.0,1580.3336,1624.3335,1591.3338,821.3333,205.3332,198.0002,29483.6722
1098,2021-01-03,201.6667,194.3337,209.0002,238.3337,726.0004,2849.0006,2394.3338,1961.6671,1822.3338,1829.667,1899.3338,1870.0003,2013.0006,2057.0006,1980.0003,2024.0004,2064.3338,2434.6674,2321.0006,2390.6673,2387.0003,2291.6674,1646.3335,212.6666,40018.0099
1099,2021-01-04,205.3332,205.3332,198.0002,220.0002,1360.3339,4407.3343,4700.6678,4440.3344,3776.6674,3182.6673,3109.3342,3248.6673,3131.3342,3160.6673,3322.0009,3597.0011,4634.6678,4851.0013,4906.0011,4095.6679,2537.3342,2335.6674,2119.3339,975.3333,68720.6838
1100,2021-01-05,209.0,201.6672,205.3332,271.3332,1305.334,4099.334,4275.334,4312.0012,3754.668,2944.334,3428.334,3190.0012,3146.0012,3296.334,3417.334,3622.668,4854.668,5228.668,4931.668,4000.334,2566.6672,2321.0012,2255.0012,1195.334,69032.3528
1101,2021-01-06,205.3332,205.3332,205.3332,260.3332,1452.0006,4264.3344,4359.6678,4356.0009,3974.6676,3270.6677,3663.0009,3446.6673,3516.3342,3373.3344,3439.3344,3655.6675,4568.6678,4634.6676,4499.0008,3949.0009,2695.0006,2299.0006,2211.0006,1111.0,69615.3494
1102,2021-01-07,187.0,234.6672,231.0004,256.6669,1444.6671,4106.6676,4726.3346,4480.6681,3710.6678,3116.6676,3065.3339,3113.0008,3204.6676,3201.0006,3285.3344,3641.0011,4748.3346,4774.0011,4737.3344,4169.0008,2654.6671,2449.3338,2251.3338,1122.0001,68911.3514
1103,2021-01-08,223.6668,220.0,220.0,245.6668,1452.0006,4114.0011,4744.6679,4257.0011,3608.0006,3256.0006,3380.6674,3256.0006,3362.3341,3281.6673,3296.3339,3699.6676,4843.6681,5162.6682,5045.3349,4011.3344,2783.0006,2097.3336,1789.3335,212.6672,68563.0169
1104,2021-01-09,190.6672,190.6672,190.6672,289.6669,1283.3338,3252.3344,3351.334,3329.3342,2368.6671,1939.667,1906.6668,2145.0003,1965.3338,1965.3338,2471.3338,2878.3342,2357.6673,2251.3338,2046.0006,2170.667,1796.6671,1697.6668,1386.0003,209.0002,43633.3448
1105,2021-01-10,190.6672,231.0004,220.0,223.6668,674.6668,1980.0005,2097.3335,1873.6671,1760.0003,1378.6668,1499.6668,1320.0003,1279.6671,1397.0003,1338.3338,1254.0003,1356.6671,1433.6668,1477.6671,1301.6673,1422.667,1507.0005,1246.6668,205.3332,28669.6738
1106,2021-01-11,205.3332,187.0004,179.6668,179.6668,641.6669,1877.3336,2068.0005,1785.667,1298.0003,1276.0006,1378.667,1305.3336,1342.0003,1367.6668,1507.0003,1455.6671,1540.0004,1488.6668,1496.0003,1518.0005,1595.0003,1536.3339,1408.0,205.3337,28842.0071
1107,2021-01-12,198.0002,187.0004,183.3336,275.0004,1936.0006,5529.3346,5661.3345,5430.3348,4473.3341,2911.3344,2805.0005,3142.3339,2937.0012,2951.6677,3234.0009,4066.3344,4968.3344,5804.3348,4979.3346,4088.3341,3476.0011,2841.667,2339.3336,993.6668,75412.3526
1108,2021-01-13,249.3332,249.3332,216.3337,377.6671,1991.0006,5261.6676,5701.6679,5335.0014,4055.3341,3135.0008,2867.3341,3076.3341,3226.6677,3322.0008,3333.0008,3842.6675,4264.3344,4407.3346,5393.6681,3934.3343,3545.6676,2948.0006,2324.667,1228.3336,74286.6848
1109,2021-01-14,253.0001,220.0,223.6668,344.6668,1793.0003,5324.0013,5338.6678,5617.3346,4205.6676,3303.6676,2702.3339,3116.6676,3285.3344,3036.0006,3204.6675,4022.3342,4942.6676,5577.0014,5335.0012,3974.6676,3362.3344,2827.0006,2266.0005,1151.3336,75427.018
1110,2021-01-15,212.6666,212.6666,212.6666,319.0001,2002.0003,4664.0008,6218.6679,5731.0011,4579.6678,3520.0009,2827.0008,3160.6672,3054.3344,3065.3342,3043.3342,3956.3341,4968.3343,5489.0014,5599.0017,4088.3344,3417.3342,2812.3341,2291.6673,1261.3336,76706.6846
1111,2021-01-16,234.6672,227.3336,223.6668,326.3337,1617.0008,3549.3344,3674.001,3285.334,2511.6673,2035.0003,1917.667,1928.6673,2200.0005,2636.3342,2845.3342,3036.0006,3032.3339,2537.3341,2302.6673,2068.0006,1789.3338,1679.3338,1855.3336,902.0006,48414.6806
1112,2021-01-17,220.0,219.9999,242.0002,238.3337,700.3335,1991.0006,2178.0006,1983.6672,1888.3335,1892.0005,1459.3335,1459.334,1481.3335,1514.3338,1525.3339,1565.6672,1745.3339,1426.3338,1639.0006,1562.0006,1536.3338,1620.667,1309.0003,205.3337,31603.0093
1113,2021-01-18,190.6672,190.6672,190.6672,227.3336,1811.3336,5452.3348,5683.3346,5995.0016,4235.0008,3076.3344,2643.6674,2717.0006,2966.3342,2973.6674,3120.3344,3963.6676,5122.3347,5639.3343,5016.0013,4121.3343,3248.6676,2816.0009,2328.3338,1015.6671,74745.0206
1114,2021-01-19,205.3332,190.6672,198.0002,260.3334,1855.3338,5052.6675,6046.3349,5151.6678,4378.0011,3410.0009,2673.0006,3230.3342,3318.3339,3300.0007,3219.3344,3897.6673,4433.001,6358.0015,5041.6678,3982.0008,3050.6676,2599.6674,2093.6673,1012.0001,74957.6846
1115,2021-01-20,198.0002,205.3332,230.9999,282.3333,1939.6671,5412.001,5778.6679,5401.0014,4220.3343,3058.0009,2574.0006,3047.0006,3098.3341,3017.6674,3208.3341,3952.6676,4821.6678,5852.0013,5456.0011,4015.0008,3318.3341,2735.3339,2277.0006,1235.6671,75335.3503
1116,2021-01-21,194.3337,190.6672,190.6672,352.0002,2009.3339,5228.6678,5654.0013,5503.6681,4066.3343,3468.6676,2783.0009,3149.6673,3245.0009,3135.0009,3300.0006,4235.0011,5041.6678,5723.6682,5382.6681,4114.0011,3670.3343,2904.0007,2368.6673,1243.0003,77154.0208
1117,2021-01-22,205.3332,205.3332,198.0002,480.3334,1884.6671,5533.0014,5885.0012,5617.3346,4473.3343,2966.3341,2673.0006,3219.3341,3003.0007,3065.3342,3197.3342,3872.001,5137.0014,5610.0014,5071.0014,4180.0012,3421.0012,2669.334,2255.0003,1158.6672,75980.6856
1118,2021-01-23,227.3336,220.0,220.0,366.6668,2086.3336,5360.6678,5522.0011,4920.6676,3355.0008,2845.3339,2937.0009,2984.6671,4620.0011,5019.6678,5210.3343,5078.3344,4924.3348,5041.6679,4473.3341,3105.6676,2893.0009,2500.6671,2148.667,1188.0001,77249.3503
1119,2021-01-24,220.0,208.9999,205.3332,205.3332,766.3334,3006.6673,3215.6674,3274.3344,2819.6673,2775.6673,2841.6673,2863.6673,2973.6673,2911.3341,2830.6673,2757.3342,2497.0009,2324.6673,2401.6673,2376.0006,2214.6671,2148.6671,1532.6671,223.6669,49595.3452
1120,2021-01-25,176.0,187.0,220.0,271.3333,1932.3341,5203.0013,6024.3346,5569.6681,4642.0013,3417.3343,2966.334,3157.0009,3201.0009,3197.3339,3388.0011,4198.3345,4997.6679,5786.0011,5034.3346,4158.0009,3505.3341,2610.6674,2291.6674,1085.3336,77220.0193
1121,2021-01-26,209.0001,190.6672,190.6672,278.6666,1921.3338,5181.0011,5841.0013,5573.3348,4150.6675,3201.0009,2662.0006,3014.0006,3186.3341,2907.6674,3028.6674,4073.6678,5104.0011,5511.0011,5225.0013,3842.6676,3241.334,2720.6677,2145.0005,1041.3339,74440.6856
1122,2021-01-27,205.3332,205.3332,201.6667,256.6667,2027.6673,5492.6678,6053.6683,5676.0014,4411.0011,3212.0008,2387.0006,2918.6673,3072.6673,2827.0008,3215.6676,4081.0011,4924.3343,5808.0013,5269.0014,4264.3346,3256.0009,2746.3338,2291.6671,1048.6666,75852.3512
1123,2021-01-28,201.6667,201.6667,212.6666,348.3334,1903.0005,5408.3343,5885.0013,5738.3348,4319.3343,3164.3342,2486.0009,3025.0006,3113.0009,3135.0009,3146.0009,4114.0008,5027.0013,5841.0014,5232.3346,4000.3343,3186.3339,2742.6672,2207.3339,1276.0004,75914.6848
1124,2021-01-29,230.9999,227.3332,205.3332,385.0002,1862.6673,5423.0014,6075.6681,5379.0011,4352.3344,3190.0011,2585.0008,3113.0006,3223.0009,3094.6676,3193.6674,4227.6678,5082.0011,5822.6681,5390.0014,3967.3341,3087.3341,2662.0006,2262.334,968.0003,76010.0187
1125,2021-01-30,198.0002,190.6672,172.3337,216.3334,1958.0004,5566.0013,5628.3346,5316.6679,3446.6673,2981.0009,3113.0006,3215.6676,4807.0011,5342.3344,5309.3348,5206.6678,5276.3344,4539.3347,3512.6674,3160.6676,2955.3341,2563.0009,2379.6673,1169.667,78224.6866
1126,2021-01-31,208.9999,212.6666,216.3334,205.3332,700.3336,3292.6676,3080.0009,3190.0007,2548.3338,2196.3341,2258.6673,2420.0008,2130.3336,2379.6673,2240.3338,2361.3339,2453.0003,2405.3341,2383.3341,2383.3338,2409.0008,2365.0009,1657.3336,260.3333,45958.0114
1127,2021-02-01,275.0004,267.6668,242.0004,264.0001,1723.3338,5276.3346,5929.0013,5639.3347,4297.3343,3014.0008,2779.3341,3142.3344,3021.3344,3149.6674,3351.3339,4128.6676,4968.3344,5701.6681,5232.3346,3945.3346,3237.6676,2691.3341,2233.0006,1235.6672,75746.0202
1128,2021-02-02,242.0004,234.6672,231.0004,348.3334,2031.3339,5419.3349,5709.0014,5903.3349,4488.0008,3377.0009,2658.3339,3248.6674,3212.0006,3153.3341,3219.3344,4040.6678,5060.0016,5808.0014,5302.0011,4066.3344,3263.3341,2673.0006,2321.0004,1184.3337,77194.3537
1129,2021-02-03,231.0004,271.3337,278.6672,418.0004,1892.0001,5430.3347,5921.6679,5859.3349,4235.0009,3256.0009,2647.3338,3025.0007,3032.3342,3164.3341,3215.6675,4121.3343,5104.0011,5760.3346,6046.3346,4026.0011,3391.6674,2669.3339,2328.3338,1217.3338,77542.686
1130,2021-02-04,267.6668,275.0004,278.6672,377.6671,2024.0008,5540.3348,5995.0016,5786.0016,4411.0009,3080.0008,2614.3338,2878.3339,3076.3341,3043.3344,3098.3338,3806.0009,4319.3344,5067.3343,5441.3349,3875.6676,3043.3341,2750.0006,2405.3341,1177.0001,74631.353
1131,2021-02-05,286.0004,286.0002,286.0002,300.6666,1884.667,5401.0012,5815.3349,5386.3345,4561.3343,3241.3341,2478.6673,2922.3341,3102.0006,3032.3341,3182.6679,4117.6678,5107.6678,5877.6681,5595.3346,4205.6674,3322.0008,2691.3339,2317.3339,1246.6668,76648.0185
1132,2021-02-06,267.6668,264.0,252.9999,355.6667,1928.6673,5551.3346,5544.0011,4931.6678,3336.6676,2856.3341,3014.0005,3054.334,4579.6678,5162.6679,5283.6675,5085.6678,4770.3344,5309.3349,4799.6678,3259.6673,3109.3341,2566.6674,2302.6671,1166.0003,78752.6847
1133,2021-02-07,234.6672,234.6672,220.0,212.6666,667.3336,3138.6671,3369.6673,3256.0008,2651.0007,2427.3342,2335.667,2412.6674,2475.0007,2291.6673,2328.3338,2343.0006,2266.0003,2497.0009,2478.6671,2376.0003,2423.6671,2412.6674,1606.0006,260.3334,46918.6786
1134,2021-02-08,227.3336,227.3336,212.6666,256.6666,1888.3341,5518.3346,5628.3348,5907.0014,4352.334,3633.6677,2750.0009,3149.6673,3131.3344,3131.3341,3391.6673,4194.6679,5283.6681,6105.0014,5357.0013,4026.0011,3025.0006,2566.6674,2266.0005,1133.0004,77363.0197
1135,2021-02-09,278.6669,278.6672,275.0004,407.0002,1866.3338,5082.0013,5643.0014,5676.0014,4447.6679,3311.0011,2588.6671,2882.0009,3182.6676,2973.6676,3219.3342,4099.3343,5104.0014,5602.6679,5261.6681,3905.0008,3076.3342,2544.6673,2170.667,1030.3336,74906.3536
1136,2021-02-10,278.6669,264.0,249.3332,285.9999,1800.3339,5445.0013,5819.0014,5815.3346,4235.0011,3278.0011,2592.3339,3061.6674,3120.3341,3116.6677,3179.0007,3949.0011,4920.6681,5621.0013,5298.3343,3982.0011,3175.3342,2504.3335,2266.0003,1107.3336,75364.6847
1137,2021-02-11,234.6672,249.3334,249.3336,399.6668,1906.6671,5404.6678,6090.3349,5896.0016,4341.3343,3307.3341,2489.6671,3234.0008,3102.0008,3032.3341,3267.0009,3978.3344,5056.3344,5830.0014,5195.6678,4077.3344,3234.0006,2621.6676,2317.3341,1349.3335,76864.3527
1138,2021-02-12,249.3332,234.6672,234.6672,242.0001,1800.3339,5294.6678,6105.0013,5584.3345,4172.6677,3179.0008,2577.6674,2944.3341,3157.0007,3146.0009,3234.0008,3982.0011,5206.6678,5668.6678,5338.6678,4011.3343,3036.0007,2735.3339,2152.334,1063.3333,75350.0183
1139,2021-02-13,249.3332,249.3332,249.3332,289.6669,1994.6671,5397.3346,5525.6681,5331.3344,3457.6677,2966.3344,3160.6677,3116.6677,4480.668,4884.0012,5089.3344,4645.6676,5067.3346,3989.3344,3498.0011,3190.0009,3116.6676,2566.6671,2368.6673,1059.6671,75944.0195
1140,2021-02-14,234.6672,234.6672,234.6672,212.6666,660.0001,2962.6675,3142.334,3058.0006,2383.3341,2189.0005,2284.3341,2299.0008,2211.0006,2262.3336,2313.6674,2189.0003,2343.0009,2302.6673,2288.0006,2203.6673,2152.3335,2167.0006,1661.0005,238.3337,44227.3462
1141,2021-02-15,234.6672,234.6672,227.3336,275.0001,1840.6675,5261.6679,6013.3348,5775.0016,4238.6676,3160.6676,2632.6673,3069.0006,3025.0009,3109.3341,3164.3341,4106.6673,5060.0011,5907.0016,5544.0013,4121.3344,3212.0007,2669.3338,2387.0006,1081.6668,76351.0197
1142,2021-02-16,227.3336,220.0,220.0,267.6669,1881.0005,5441.3348,5976.668,5584.3351,4253.3343,3109.3344,2577.6673,2900.3342,2933.3344,3252.3342,3245.0006,4051.6676,5148.0008,5712.6684,5254.3344,4037.0011,3215.6676,2739.0007,2295.3339,1085.3334,75628.6862
1143,2021-02-17,238.3337,242.0004,293.3332,329.9999,2112.0006,4983.0008,6185.6683,5764.0015,4348.6679,3252.3341,2647.3339,3087.3344,3072.6674,3157.0006,3098.3344,3971.0008,5162.6678,5712.6681,5159.0011,4070.0008,2933.3339,2603.3339,2394.3338,1078.0003,75896.3516
1144,2021-02-18,278.6672,271.3336,267.6668,278.6668,1837.0004,5382.6675,5632.0011,5287.3343,4477.0008,3146.0006,2651.0006,3116.6673,3157.0009,3105.6673,3219.3344,4136.0014,4928.0011,5811.6679,5236.0011,4084.6674,3087.3342,2669.3341,2306.3338,1169.6671,75537.0177
1145,2021-02-19,253.0002,238.3337,264.0,293.3333,1837.0003,5309.3349,5639.3346,5771.3348,4664.0011,3168.0009,2647.3341,2940.6673,3021.3341,3003.0008,3197.3341,3993.0006,4972.001,5910.6678,5386.3344,4062.6678,3208.3341,2676.6672,2361.3341,1180.6671,75999.0183
1146,2021-02-20,238.3336,227.3336,231.0004,245.6666,1976.3338,5375.3349,5621.0016,4986.6678,3351.3344,2981.0006,2940.6673,3032.3339,4744.6677,5357.0014,5375.3344,5269.0012,5247.0016,4242.3346,3259.6677,3102.0006,3039.6674,2607.0008,2431.0009,1092.6668,76974.3536
1147,2021-02-21,256.6668,220.0,216.3333,205.3334,744.3333,3171.6674,3336.6672,3388.0009,2548.3341,2192.6671,2442.0006,2269.6671,2357.6674,2456.6673,2387.0004,2379.6671,2522.6674,2541.0006,2438.3341,2339.3338,2310.0006,2251.3339,1701.3335,227.3336,46904.0109
1148,2021-02-22,227.3336,242.0001,220.0,256.6666,1840.6674,5397.3347,5694.3346,5921.6684,4422.0008,3135.0006,2508.0003,2970.0008,3201.0006,3036.0009,3234.0006,4172.6676,5122.3341,5925.3348,5547.6679,3952.6678,3307.3341,2761.0009,2493.3339,1235.6669,76824.018
1149,2021-02-23,234.6672,234.6672,223.6668,348.3334,1705.0005,5459.6678,5635.6678,6035.3346,4304.6677,3329.3342,2541.0006,2926.0007,3032.3339,3138.6676,3197.3344,3993.0008,4979.3348,5995.0014,5148.0013,3868.3346,3248.6674,2581.3339,2266.0003,1100.0001,75526.019
1150,2021-02-24,256.6669,234.6672,227.3336,297.0001,1870.0006,5331.3346,5947.3349,5800.6681,4293.6675,3157.0008,2511.6674,2794.0007,3094.6677,3021.3344,3241.3341,4143.334,5027.001,5870.3349,5294.6681,4238.6676,3252.3344,2856.3338,2317.3341,1202.6668,76281.3533
1151,2021-02-25,220.0,212.6666,208.9999,231.0002,1811.3341,5628.3346,5899.6679,5705.3346,4312.0012,3010.3341,2394.3339,3028.6674,2981.0009,3201.0009,3347.6678,4029.6673,5111.3346,5844.6681,5184.6678,4018.6673,3032.3344,2548.3338,2222.0006,1140.3337,75324.3517
1152,2021-02-26,234.6672,234.6672,223.6669,249.3334,1895.667,5500.0014,6050.0017,5808.0014,4235.0011,3149.6677,2698.6671,2874.6673,3149.6674,3017.6673,3105.6676,4018.6676,5181.0013,5756.6679,5643.0011,3989.3344,3355.0006,2676.6673,2361.3338,1085.3336,76494.0193
1153,2021-02-27,249.3334,274.9999,289.6667,337.3334,1914.0006,5258.0013,5580.6679,4961.0014,3171.6675,2871.0009,2926.0006,2885.6671,4392.6674,5217.6678,5126.0013,5225.0011,4983.0011,4451.3346,3373.3344,3314.6676,3157.0006,2434.6674,2255.0006,1371.3339,76021.0185
1154,2021-02-28,216.3333,216.3333,208.9999,205.3332,832.3336,3069.0009,3241.3342,3212.0009,2574.0009,2130.3338,2306.3341,2141.3339,2306.3339,2258.6672,2288.0008,2343.0009,2258.6671,2262.3339,2379.6671,2299.0009,2280.6672,2236.6671,1547.3338,205.3334,45019.3453
1155,2021-03-01,201.6667,194.3337,190.6672,245.6667,1837.0004,5452.3346,5844.6681,5962.0014,4282.6676,3208.3342,2533.6673,3197.3341,3164.3341,3230.3341,3281.6676,3941.6678,5151.6678,5566.0014,5162.6678,3831.6675,3076.3344,2570.3341,2211.0006,1019.3336,75357.3528
1156,2021-03-02,234.6672,234.6672,234.6672,253.0001,1833.3338,5525.6678,5969.3351,5302.0017,4429.3344,3208.3339,2581.334,2955.3342,3212.0008,2977.3341,3157.0009,4037.0008,4803.3344,5467.0013,5401.0013,4033.3344,3329.3344,2607.0006,2233.0004,1111.0003,75130.0203
1157,2021-03-03,249.3334,234.6672,234.6672,271.3336,1855.3338,5602.6681,5899.6679,5841.0016,4337.6676,3080.0009,2405.3338,2882.0007,3069.0009,2992.0006,3017.6677,3941.6678,4891.3346,5709.0016,5415.6681,3956.3344,3215.6674,2698.6674,2317.3338,1188.0003,75306.0204
1158,2021-03-04,264.0,264.0,264.0,289.6668,1826.0003,5360.6677,5848.3346,5448.6679,4733.6679,3193.6676,2625.3341,2860.0007,2860.0009,3127.6676,3182.6674,3890.3343,4968.3347,5991.3348,5393.6682,3938.0009,3204.6676,2724.3338,2255.0003,1067.0003,75581.0184
1159,2021-03-05,282.3334,263.9999,249.3332,271.3333,1653.6671,5331.3346,5951.0016,5976.6681,4242.3341,2874.6674,2706.0008,3043.3342,2863.6672,2882.0008,3094.6674,3930.6676,5085.6682,5980.3349,5507.3346,4194.6676,3358.6676,2720.6671,2537.3336,1114.6668,76116.3511
1160,2021-03-06,231.0001,220.0,220.0,297.0,2104.6674,5441.3348,5584.3343,4972.0014,3666.6676,3032.3341,2966.3341,3124.0007,4627.3343,5470.6678,5232.3346,5423.0013,5221.3347,3872.0012,3223.0006,3164.3341,3094.6674,2489.6674,2438.3338,1100.0004,77216.3521
1161,2021-03-07,216.3333,208.9999,205.3332,208.9999,795.6668,2951.6674,3069.0007,2995.6673,2548.3339,2163.3339,2379.6673,2361.3336,2343.0006,2361.3341,2222.0003,2218.3335,2288.0006,2310.0005,2442.0006,2214.6668,2266.0005,2196.3338,1609.6668,242.0002,44817.6755
1162,2021-03-08,227.3336,220.0,220.0,286.0004,1650.0006,5214.0016,5760.3346,5302.0011,5155.3343,3241.3341,2739.0006,3102.0008,2933.3341,3457.6674,3285.3342,4018.6676,5331.3348,5712.6679,5261.6676,4198.3344,3347.6676,2992.0006,2599.6676,1202.6671,77458.3526
1163,2021-03-09,238.3337,234.6672,234.6672,260.3334,2181.6671,5276.3346,5910.6681,6156.3349,4521.0009,3439.3343,2526.3341,2977.3341,3047.0009,2962.6673,3142.3344,4022.3341,5034.3344,5786.0013,5511.0013,4044.3344,3384.334,2849.0008,2258.6674,1232.0006,77231.0205
1164,2021-03-10,264.0,264.0,264.0,308.0001,2068.0006,5012.3344,5808.0011,5969.3349,4202.0011,3439.3343,2757.3341,3245.0006,3223.0008,3226.6676,3443.0007,4022.3343,5012.3343,5643.0014,5225.0014,4059.0011,3193.6674,2805.0006,2269.6673,1177.0004,76901.0185
1165,2021-03-11,278.6672,278.6672,271.3336,278.6667,2049.6671,5210.3346,6259.0017,5507.3346,5049.001,3314.6676,2632.6674,3267.0009,3127.6674,3102.0009,3204.6674,3956.3343,5210.3346,5910.6681,5628.3349,3963.6676,3179.0009,2808.6674,2394.3338,1294.3336,78177.0205
1166,2021-03-12,249.3332,238.3337,242.0002,234.6666,1881.0003,5470.6678,5811.6684,5826.3348,4620.0011,3168.0009,2643.6673,3153.3342,3028.6674,3149.6676,3256.0011,3256.0009,3703.3341,5731.0012,4990.3349,3637.3341,3032.3341,2816.0006,2515.3342,1136.6668,73791.6855
1167,2021-03-13,249.3332,234.6672,234.6672,267.6669,1991.0006,5261.6678,5349.6681,5085.6679,3531.0008,3080.0007,2981.0007,3098.334,4733.6676,5291.0013,5236.0013,5298.3346,5342.3343,3784.0009,3487.0009,3362.3341,3281.6676,2691.3344,2434.6674,1125.6671,77432.6866
1168,2021-03-14,154.0004,14.6672,14.6672,3.6668,0.0,0.0,0.0,0.0,0.0,0.0,0.0,0.0,3.6668,18.3337,14.6672,14.6672,14.6672,14.6672,14.6672,14.6672,14.6672,14.6672,14.6672,128.3334,469.3403
1169,2021-03-15,249.3333,230.9999,208.9999,238.3334,1925.0003,5199.3348,5848.3348,5910.6679,4279.001,3157.0009,2801.3341,3215.6676,3113.0008,3153.3342,3237.6677,3798.6676,4810.6678,5632.001,5085.6678,3985.6679,3237.6673,2577.6674,2218.3338,1452.0003,75566.3515
1170,2021-03-16,238.3337,238.3337,253.0004,333.6667,1840.6673,5379.0011,5830.0013,5940.0016,4084.6679,3032.3338,2933.3339,3087.3341,2882.0009,2966.3342,3105.6676,3916.0011,5379.0011,5643.0014,5122.3346,3835.3341,3380.6673,2933.3342,2412.6673,1180.6669,75947.6862
1171,2021-03-17,293.3334,296.9999,293.3332,267.6667,1906.6673,5203.0011,5705.3346,6039.0013,3861.0011,3655.6676,2731.667,2885.6676,2944.3339,2951.6676,3113.0009,3890.3344,4950.0011,5936.3351,5514.6682,4158.0011,3252.3341,2852.6674,2255.0005,1166.0006,76123.6857
1172,2021-03-18,260.3333,249.3332,249.3332,256.6669,1921.3339,5063.668,5364.3349,6061.0013,4638.3347,3949.0009,2933.3341,3006.6677,3241.3341,3102.0007,3069.0006,3949.0009,4935.3344,5731.0016,5397.3346,3824.3343,3149.6674,2724.3341,2405.3338,1232.0004,76714.019
1173,2021-03-19,198.0002,198.0002,198.0002,256.6666,1899.334,5170.0014,5896.0016,5731.0016,4411.0011,3256.0006,2709.6673,3347.6675,3285.3341,3219.3342,3270.6673,4158.001,5232.3347,6211.3346,5360.6678,3974.6676,3472.3342,2599.6676,2229.3339,1202.667,77487.6863
1174,2021-03-20,245.6667,245.6667,238.3337,275.0001,1877.3339,4972.0008,5445.0013,5452.3349,3637.3342,3168.0007,3065.3342,3182.6674,4499.0013,5129.668,4997.6676,4312.0011,4638.3346,4169.0008,3010.3341,2970.0009,2827.0006,2537.3342,2511.6671,1136.6668,74543.3517
1175,2021-03-21,220.0,216.3333,220.0,208.9999,480.3336,3061.6676,3182.6676,3164.3342,2478.6671,2412.6673,2288.0004,2511.6674,2299.0003,2449.3341,2442.0006,2346.6674,2306.3338,2291.667,2324.6668,2247.6671,2277.0008,2383.3336,1917.6672,370.3336,46101.0107
1176,2021-03-22,242.0001,220.0,216.3333,205.3332,491.3336,2064.3341,2632.6674,2434.6671,2203.667,2178.0003,2676.6674,2332.0006,2383.3339,2126.6672,2284.3338,2398.0009,2394.3341,2196.3336,2339.3341,2284.3341,2423.6673,2170.667,1617.0006,256.6669,42771.6776
1177,2021-03-23,385.0001,252.9999,252.9999,296.9999,2115.6671,3509.0012,3677.6679,4000.334,3835.3343,3252.3344,3105.6677,2970.0006,3388.0011,3377.0011,3197.3339,3384.3344,3575.0006,3886.6676,3828.0008,2992.0008,2863.6677,2955.3341,1928.6673,1272.3336,64302.35
1178,2021-03-24,245.6667,249.3332,234.6672,249.3334,1397.0003,3758.3343,4598.001,4781.3346,3538.3344,3109.3344,3395.3342,3410.0009,3571.3341,3630.0012,3468.6674,3347.6675,3718.0008,3853.6676,3157.0009,3208.3339,3171.6677,2691.3338,2643.6673,1250.3339,66678.3507
1179,2021-03-25,275.0002,308.0,293.3334,337.3334,1459.3339,4246.0008,4656.6675,3725.3343,3677.6674,3010.3342,2790.3341,2896.6674,3281.6677,3186.3344,3120.3341,2845.3341,3531.0011,3516.3344,3417.3343,3446.6676,3061.6676,2823.3339,2277.0003,1349.3338,63532.3499
1180,2021-03-26,220.0001,264.0,264.0,263.9999,1815.0007,4418.3346,4587.0008,4524.6678,3809.6675,3003.0006,3241.3339,3267.0008,3281.6676,3457.6673,3270.6676,3531.0011,3718.0009,3578.6676,3120.3339,2882.0006,2651.0006,2566.6674,2093.6671,1070.6671,64900.0155
1181,2021-03-27,220.0,212.6666,216.3334,293.3337,1668.3341,4029.6674,4264.3339,3949.0011,3226.6674,3003.0004,2779.3339,2808.6674,3329.3339,3314.6677,3388.0011,3340.3344,3164.3341,3168.0006,3274.3339,2867.3341,2882.0009,2713.3344,2255.0006,1166.0003,61534.0153
1182,2021-03-28,238.3332,238.3332,249.3332,223.6672,539.0,3395.334,3208.334,2937.0012,2680.334,2629.0012,2350.334,2577.6672,2585.0012,2610.6672,2354.0012,2544.6672,2504.334,2618.0012,2574.0012,2324.6672,2361.334,2302.6672,1738.0,205.3332,47989.3472
1183,2021-03-29,212.6668,190.6669,216.3333,326.3336,1646.3339,4033.3341,4590.6675,4697.001,3604.3343,2544.6673,2460.3336,2728.0007,2764.6676,3124.0008,2885.6671,3193.6674,3138.6674,3637.3341,3494.3341,2970.0009,2981.0009,2669.3339,2225.6673,1048.6671,61383.6816
1184,2021-03-30,190.6672,194.3332,194.3332,238.3332,1507.0,4202.0012,4752.0012,4451.3352,3435.668,3204.6672,2995.6672,3039.6672,3263.334,3072.6672,3190.0012,3234.0012,3347.668,3483.334,3259.6672,3109.334,2922.334,2211.0012,2269.6672,1191.6672,62960.3504
1185,2021-03-31,205.3337,234.6672,238.3337,223.6667,1507.0007,4381.6676,4664.0011,4495.3343,3472.3343,3076.3341,2695.0006,2918.6676,3006.6674,3003.0004,3058.0006,3120.3341,3190.0006,3087.3341,3259.6674,2926.0007,2174.3338,2178.0006,2115.6671,968.0004,60199.3488
1186,2021-04-01,256.6666,256.6666,252.9999,249.3332,766.3336,2464.0006,2841.6674,2460.3338,2189.0006,2251.3338,2174.3338,2192.6673,2174.3339,2211.0006,2185.3338,2167.0006,2181.667,2288.0006,2170.667,2445.6674,1998.3336,1980.0005,1514.3336,256.6666,41928.3424
1187,2021-04-02,252.9999,252.9999,249.3332,249.3332,509.6669,2647.334,2394.3339,2266.0004,2354.0003,2475.0004,2207.3341,2453.0004,2438.3335,2332.0006,2475.0008,2104.6673,2130.3336,2306.3338,2137.6671,2086.3339,1815.0003,1778.3336,1580.3338,234.6669,41730.3418
1188,2021-04-03,223.6667,201.6667,198.0002,267.6666,1422.6673,3967.3345,3608.0009,3186.3341,2797.6671,2526.3338,2156.0003,2361.3338,2431.0007,2427.3338,2390.6676,2478.6673,2852.6674,2456.6673,2269.6671,2258.6673,2115.667,2002.0003,1844.3335,1246.6671,49690.6784
1189,2021-04-04,223.6668,220.0,220.0002,245.6667,744.3335,1914.0004,2544.6676,2335.6673,2500.6671,2398.0006,2240.3338,2445.6673,2489.6668,2445.667,2570.3338,2467.6671,2629.0008,2955.3341,2742.6674,2460.3336,2368.6671,2236.6671,1745.3339,187.0001,45331.0101
1190,2021-04-05,176.0,176.0,194.3334,274.9999,1833.3341,5426.6679,5613.6681,5599.0011,4381.6676,3314.6676,2625.3341,2761.0006,3091.0009,3278.0008,3963.6678,4440.3343,4653.0008,3703.3343,3564.0008,3072.6673,2933.3339,2486.0006,2222.0007,1037.6671,70821.6837
1191,2021-04-06,293.3332,263.9999,289.6667,282.3334,1760.0004,5258.0012,4649.3347,5320.3343,3883.0009,3171.6679,2607.0007,2889.3341,2816.0008,3069.0006,3311.0006,3974.6676,4744.6678,4128.6678,4029.6676,2680.3341,2354.0006,2005.6668,1851.6673,843.3336,66476.6826
1192,2021-04-07,271.3337,278.6672,267.6669,326.3336,1785.6671,5247.0014,6112.3348,5401.0014,3780.3344,3047.0006,2673.0008,2702.3342,2695.0007,3105.6674,3135.0009,3883.0008,4814.3343,4649.3343,4081.0011,2581.3339,2020.3338,2009.3336,2090.0004,935.0004,67892.0177
1193,2021-04-08,282.3337,278.6672,278.6672,271.3336,1727.0008,4825.3346,6174.6681,5338.6679,3498.0011,2786.6674,2548.334,2984.6674,2959.0006,2966.3341,3223.0009,4143.3343,4110.3341,4631.0013,4378.0008,3927.0011,2614.3344,2082.667,1822.3338,993.6668,68845.3522
1194,2021-04-09,285.9999,296.9999,293.3332,315.3336,1595.0006,3362.3341,3608.0008,2596.0006,2009.3338,2013.0003,1811.3338,1576.6673,1525.3336,1939.6672,2284.3341,2544.6674,3270.6674,3446.6676,3362.3339,2273.3341,2093.667,1510.6672,1540.0005,821.3338,46376.0117
1195,2021-04-10,275.0004,264.0,264.0,275.0001,1705.0005,3380.6676,3666.6678,2955.3341,2020.3335,1617.0006,1419.0005,1382.3338,1675.667,2563.0009,3010.3341,3021.3344,2379.6671,2141.3339,1866.3338,1877.3338,1499.6671,1378.6673,1364.0006,810.3336,42812.0125
1196,2021-04-11,264.0,260.3333,252.9999,234.6667,564.6671,1822.334,1958.0004,1796.6671,1514.3338,1345.6671,1301.6673,1452.0005,1499.6668,1525.3335,1547.3336,1521.6671,1488.6673,1507.0005,1554.6671,1503.3338,1459.3336,1470.3335,1393.3336,282.3333,29520.3409
1197,2021-04-12,245.6669,201.6667,212.6666,374.0001,1741.6669,5192.0006,5833.6673,5452.3341,4062.6673,2999.3339,2680.3335,3091.0003,2918.6668,2915.0003,3109.3338,3817.0004,5045.3341,3864.6671,4198.3338,3091.0003,2915.0006,2222.0003,1954.3338,894.6669,69032.3424
1198,2021-04-13,410.6667,381.3336,443.6668,414.3336,1844.3338,5137.0013,5903.3346,5320.3348,3666.6676,2753.6676,2489.6673,2867.3342,2797.6674,3127.6677,3391.6673,4099.3341,4719.0013,4330.3343,3934.3344,3567.6674,2922.3342,2203.6673,1855.334,821.3334,69402.6847
1199,2021-04-14,407.0001,487.6669,377.6672,330.0001,1620.6671,5551.3349,5826.3348,5382.6684,4334.0011,2416.3339,2753.6674,3047.0006,2786.6671,3215.6677,3285.3341,3916.0011,4660.3346,4326.6679,4242.3346,3186.3341,3142.3339,2321.0007,2009.3338,832.3334,70458.6855
1200,2021-04-15,264.0,271.3336,267.6668,274.9999,1859.0006,5309.3344,5650.3345,5008.6679,3512.6676,2995.6677,2559.3339,3003.0009,2926.0006,2970.0009,3208.3342,4011.3341,4539.3346,4455.0011,3776.6678,3171.6677,2599.6674,1925.0003,1719.6671,781.0003,67059.6839
1201,2021-04-16,286.0,252.9999,249.3332,264.0002,1371.3339,3351.3341,3868.3344,3179.0007,2313.6674,1866.3338,2225.6671,2284.3338,2233.0006,2233.0006,2387.0006,3193.6676,3432.0008,3626.3341,3314.6676,2830.6674,1965.3338,1881.0006,1690.3336,887.3336,51186.6794
1202,2021-04-17,267.6668,264.0,264.0,271.3334,1613.3339,3505.3343,3450.3344,3039.6673,2071.6672,1573.0003,1375.0006,1565.6671,2244.0006,2775.6674,3072.6676,3072.6677,1939.667,2013.0003,2009.3338,1917.6671,1609.6668,1422.667,1356.6668,836.0003,43530.6777
1203,2021-04-18,238.3337,234.6672,231.0004,205.3332,561.0003,1870.0006,1983.6671,1800.3339,1811.3336,1767.3336,1312.6671,1327.3335,1415.3336,1499.667,1562.0003,1562.0006,1474.0006,1518.0003,1543.6671,1646.3335,1558.3339,1389.6673,1276.0001,249.3336,30037.3421
1204,2021-04-19,220.0,220.0,220.0,308.0,1884.6672,5170.0012,5463.3352,5283.668,4209.334,3380.668,2702.334,2654.6672,2838.0012,3054.334,3245.0012,3934.334,4451.334,4066.334,4400.0012,3729.0012,3344.0012,2350.334,1851.6672,916.6672,69897.6852
1205,2021-04-20,326.3332,374.0,348.3332,315.3332,1939.6672,5357.0012,5734.668,5419.3352,3879.334,3065.334,2566.6672,2992.0012,2790.334,3153.334,3325.668,3780.334,4612.668,4231.334,3868.334,3171.6672,2559.334,2060.6672,1683.0,865.334,68420.016
1206,2021-04-21,344.6668,275.0004,275.0,271.3336,1730.6673,5368.0014,5896.0013,5324.0014,3967.3346,2955.3341,2764.6672,2841.6671,3131.3341,2885.6674,3212.0006,3762.001,4755.6679,4161.6678,4191.0008,3432.0009,2643.6674,2335.667,1760.0006,986.3336,69270.6843
1207,2021-04-22,285.9999,278.6669,278.6672,267.6666,1767.3339,5239.6681,5672.3346,5309.3344,4077.3343,3047.0006,2614.3339,2863.6677,3014.0009,3149.6676,3248.6675,4037.0011,4477.0008,4004.0011,3879.3343,3384.3344,2786.6673,2310.0006,2108.3338,865.3336,68966.3511
1208,2021-04-23,282.3337,333.6667,322.6672,311.6667,1840.6671,3817.0009,3923.334,3516.3343,2632.6674,2060.6673,2141.3339,1213.667,814.0003,1642.6671,2236.6671,3193.6676,3223.0009,3498.0011,3105.6676,2559.3342,1936.0003,1881.0004,1778.3335,902.0001,49166.3464
1209,2021-04-24,296.9999,282.3337,275.0004,308.0001,1580.3336,3542.0011,3978.3346,3424.6679,2255.0006,1752.6673,1459.3338,1558.3338,2460.3341,2948.0009,3369.6674,3325.6674,2955.3339,2266.0006,2093.6673,1943.3336,1481.3338,1466.6668,1477.6668,876.3337,47377.0131
1210,2021-04-25,234.6672,223.6668,223.6668,234.6672,612.3336,2288.0009,2398.0006,2027.6673,1833.3338,1749.0003,1349.3338,1331.0003,1444.6671,1477.667,1899.3338,1972.667,1811.3335,2009.3336,2064.3336,2035.0006,1602.3336,1631.6671,1367.6671,231.0004,34052.343
1211,2021-04-26,234.6672,234.6672,212.6666,238.3333,1804.0006,5437.6679,5368.0013,5360.6678,4444.0011,3212.0009,2665.6671,2827.0006,2937.0009,3215.6674,3204.6674,3710.6676,4235.0011,4198.3343,4062.6676,3531.0009,2713.3339,2317.3341,1914.0005,821.3336,68900.3509
1212,2021-04-27,271.3334,253.0001,242.0004,260.3337,1774.6671,4990.3343,5782.3348,5096.6676,4004.0008,2940.6674,2687.6672,2797.6674,2724.3341,3050.6676,3160.6676,3941.6678,4616.3346,4480.6679,4337.6679,3351.3341,2508.0006,2181.6674,1903.0006,880.0004,68236.6848
1213,2021-04-28,319.0001,293.3334,278.6668,363.0001,1807.667,5030.668,5588.0013,5434.0013,3996.6674,2860.0007,2607.0006,2819.6674,2830.6673,3080.0006,3267.0009,3773.0009,2706.0006,1983.6671,4048.0011,3714.3344,2632.6674,1965.3338,1591.3335,843.3336,63833.0153
1214,2021-04-29,297.0001,311.6669,253.0001,256.6668,1719.6672,5016.0011,5547.6679,5481.6678,4099.3346,3186.3341,2339.3339,2988.3344,3091.0009,3116.6676,3329.3341,4059.0011,4436.6679,3817.0008,3531.0008,3457.6675,2555.6673,2130.3338,1734.3338,872.6671,67628.0176
1215,2021-04-30,297.0,304.3332,278.6672,297.0,1767.334,3439.334,3674.0012,3545.668,3124.0012,2218.334,2079.0012,1906.6672,1760.0,1734.334,2339.334,3410.0012,3329.334,3014.0012,3483.334,2812.334,1892.0,1532.6672,1613.334,946.0,50798.0148
1216,2021-05-01,220.0,220.0,212.6666,208.9999,524.3334,1965.3339,2079.0003,1998.3336,1877.3338,1811.3336,1382.3338,1514.3335,1496.0003,1730.6671,1342.0005,1364.0005,1320.0003,1338.3336,814.0004,381.3333,491.3334,443.6672,278.6672,271.3336,25285.3398
1217,2021-05-02,264.0,267.6668,271.3336,271.3336,663.667,1888.3338,1650.0003,1430.0006,1455.6668,1474.0006,1470.3338,1356.6668,1466.6668,1437.3336,1430.0003,1408.0006,1488.6671,1323.6671,1444.6673,1463.0003,1452.0003,1327.3335,1382.3339,278.6668,28365.3413
1218,2021-05-03,212.6667,205.3332,205.3332,238.3334,1866.3338,4799.6676,5888.6681,4994.0013,4708.0011,3256.0006,2526.3338,2827.0008,3006.6674,3226.6674,3329.3341,4110.3346,4682.334,3762.0009,3732.6676,2981.0006,2574.0006,2339.3339,1573.0003,968.0003,68013.0153
1219,2021-05-04,264.0001,308.0,300.6668,256.6669,2181.6671,4997.6678,5558.6681,5434.0013,4557.6679,3116.6675,2599.6673,2662.0006,2838.0012,2973.6674,3292.6677,3637.3344,3978.3341,4356.0013,3560.3341,2959.0008,2354.0007,2016.6671,1507.0,1074.3336,66784.6838
1220,2021-05-05,234.6667,242.0002,238.3337,252.9999,2119.3339,5078.3345,5423.0011,5437.6678,3160.6673,3127.6676,2471.3339,2900.3339,2981.0008,3061.6677,3237.6674,4216.6678,4411.0011,3729.0011,3494.3343,2284.3335,1532.6668,634.3336,260.3334,190.6672,60720.0152
1221,2021-05-06,194.3336,220.0,212.6666,238.3333,1749.0006,5155.3344,5544.0014,5650.3348,4781.3344,3054.3341,2889.334,3047.0007,2794.0009,3149.6673,3384.3342,3982.0011,4330.3341,3608.0012,3846.334,2922.3341,2434.6671,1723.3338,1474.0005,1063.3338,67448.35
1222,2021-05-07,223.6666,220.0,220.0,223.6666,2101.0008,5327.6681,5415.6681,5269.0011,4385.3346,3138.6676,2515.3336,2995.6677,3032.3341,3113.0006,3175.3341,3905.0011,4348.6678,3982.0011,3952.6676,2761.0009,2218.3339,1683.0006,1444.6673,975.3338,66627.0177
1223,2021-05-08,234.6672,223.6668,223.6668,242.0004,2053.3339,3619.0011,4062.6678,3237.6674,2508.0003,1793.0,1782.0003,1822.3338,2086.3338,3245.0006,3124.0006,3072.6674,3318.3344,3285.3341,2585.0003,2181.6674,1642.6671,1525.3336,1477.6671,902.0004,50248.0126
1224,2021-05-09,201.6667,201.6667,198.0002,212.6669,968.0001,2467.6673,2097.3336,2002.0003,2013.0005,1793.0004,1602.3339,1426.3336,1529.0003,1452.0005,1558.3338,1870.0005,1734.3338,1939.6673,1826.0003,1595.0003,1606.0003,1587.6668,1257.667,230.9999,33370.341
1225,2021-05-10,201.6672,198.0,190.6672,234.6672,1807.6672,4873.0012,5606.3352,5907.0012,4165.334,2867.334,2522.6672,2669.334,2889.334,3006.668,2984.668,3894.0012,4231.3352,4183.668,3806.0012,3069.0012,2101.0012,1672.0,1488.6672,931.334,65501.3548
1226,2021-05-11,227.3337,234.6672,220.0004,297.0002,2049.6671,5276.3346,5353.3349,3604.3339,4257.0011,3395.3344,2698.6671,3138.6677,3102.0009,3270.6674,3270.6674,4011.3343,4865.6677,4532.0012,4040.6676,3113.0009,2247.6673,1653.6671,1514.3336,920.3338,67294.3515
1227,2021-05-12,205.3332,205.3332,205.3332,227.3334,2123.0005,5023.3347,5833.6679,5368.0014,4015.0011,2808.6671,2460.3338,2944.3342,2724.3339,3091.0006,3285.3341,3780.3343,4590.6676,4073.6676,3883.0008,2775.6671,2258.6674,1569.3338,1573.0003,847.0001,65871.6813
1228,2021-05-13,220.0,220.0,220.0,242.0,1811.3334,5247.0006,5720.0006,5701.6674,3769.3336,2948.0003,2632.6671,3105.667,2933.3335,3098.3338,3494.334,3589.6673,4286.3341,4367.0005,3960.0003,2944.3338,2504.3338,1800.3336,1573.0001,1078.0004,67466.6752
1229,2021-05-14,289.6669,205.3332,227.3337,256.6669,1855.3338,5184.6678,5811.6681,5434.0012,4242.3346,3179.0009,2662.0007,2966.3339,2944.3339,3219.3341,3410.0009,4216.6676,4620.001,4103.0009,4319.3344,3076.3339,2332.0006,1573.0003,1485.0006,839.667,68453.0169
1230,2021-05-15,220.0,220.0,220.0,249.3333,2009.3338,5269.001,5478.0015,5184.6679,3124.0007,3197.3342,3083.6673,3380.6677,3725.3343,4070.0011,4334.0011,4315.6673,3872.0009,3358.6674,3369.6676,2929.6674,2592.3342,2009.3338,1899.3336,982.6671,69094.6832
1231,2021-05-16,208.9999,205.3332,205.3332,212.6666,770.0003,2984.6673,3146.0008,2533.6672,2071.6671,1840.6671,1774.6671,1591.3336,1815.0006,2005.6673,2049.6668,2152.3338,2137.6673,2170.6671,2130.3338,1998.3339,1895.6671,1943.3339,1455.6673,209.0002,39508.3425
1232,2021-05-17,205.3334,201.6667,194.3337,190.6672,572.0,2944.3342,3006.6674,2687.6676,2093.667,1859.0003,1785.6673,1866.3338,1969.0006,2343.0006,2196.334,2163.3339,2196.3338,2357.6671,2185.334,2266.0008,2130.3335,2005.6671,1697.6672,209.0002,41327.0114
1233,2021-05-18,205.3336,227.3336,220.0,216.3334,1719.6673,5206.6679,5525.6681,5151.6678,4026.0009,3230.3341,2658.3342,3120.3342,2918.6673,3072.6676,3175.3341,3857.3344,4183.6676,4026.0009,3806.0009,3505.3341,2453.0006,1584.0004,1525.3335,850.6668,66465.6833
1234,2021-05-19,223.6668,223.6668,223.6668,245.6669,1840.6672,5324.0008,5382.6679,5008.6679,4055.3341,2915.0012,2508.0004,2823.3341,2794.0009,3193.6673,3234.0009,3648.3341,4506.3345,4268.0011,3945.3344,3413.6676,2203.6671,1664.6671,1426.3338,909.3335,65981.6832
1235,2021-05-20,260.3333,249.3332,249.3332,256.6669,1796.6673,5412.0016,5577.0011,5635.6679,3362.3341,2849.0007,2676.6676,2739.0004,2680.3341,3153.3344,3237.6674,3857.3343,4114.0009,4843.6676,3835.3343,3237.6674,2563.0006,1697.6671,1595.0003,902.0003,66781.016
1236,2021-05-21,264.0,264.0,256.6666,271.3337,1892.0008,5096.6679,5514.6681,5232.3347,3820.6675,2570.3338,2607.0009,2812.3339,2885.6674,3076.3341,3102.0007,3666.6677,4106.6678,4748.3343,4117.6676,2951.6674,2302.6673,1745.3336,1569.3339,898.3333,65772.683
1237,2021-05-22,300.6668,304.3333,271.3334,271.3337,1246.6668,3116.6674,3619.0009,3956.3341,3358.6674,2346.667,2196.3338,2445.6671,2819.6674,3373.3343,3461.3341,2790.3341,3190.0011,2614.3341,2357.6671,2262.3338,2192.6674,2115.6668,1855.3338,733.3336,53199.6793
1238,2021-05-23,201.6669,190.6672,212.6668,212.6666,678.3336,1932.3338,2508.0006,2240.3339,2189.0006,1804.0,1961.6671,1910.3335,1932.3339,2178.0003,2082.6673,2339.3338,2493.3341,2372.3339,2255.0005,1969.0003,1679.3339,1543.6671,1202.6671,234.6669,38324.0097
1239,2021-05-24,220.0,187.0,220.0,264.0001,1716.0006,5221.3343,5822.6681,5635.6681,4110.3344,2933.3338,2632.6676,2933.3339,3006.6674,3083.6671,3215.6674,4084.6674,5030.6679,4407.3341,4249.6675,3472.3344,2302.6673,1650.0003,1477.6671,953.3337,68830.6825
1240,2021-05-25,238.3337,238.3337,238.3337,242.0001,1884.6671,5357.001,5250.6676,5511.0011,4007.6678,2852.6674,2610.6673,2900.334,3065.3341,3149.6674,3036.0007,3505.3342,4143.3344,4264.3344,4169.0008,3274.3342,2416.3342,1672.0003,1448.3338,894.6671,66370.3501
1241,2021-05-26,216.3334,253.0004,252.9999,260.3334,1796.6671,5426.6681,5859.3349,5338.6679,4249.6675,2808.6674,2526.3341,2984.6674,3127.6677,3127.6677,3263.3341,3960.0011,4462.3341,4609.001,3956.3342,3080.0009,2398.0006,1598.6671,1455.667,869.0002,67881.0172
1242,2021-05-27,355.6667,319.0002,307.9999,293.3334,1800.3335,5030.6678,5830.0011,5210.3341,3857.3341,2830.6674,2636.3339,2735.3338,2783.0006,3021.3342,3252.3342,4070.0011,4543.0009,4763.0009,3967.3343,2860.0009,2313.6671,1690.3338,1441.0005,935.0004,66847.0148
1243,2021-05-28,293.3332,289.6667,282.3337,271.3337,1844.3338,5063.6676,5745.6683,5437.6676,4348.6676,2885.6674,2867.3342,3032.3339,2731.6674,3142.3341,3325.6674,3875.6679,4187.3344,4048.0011,3718.0008,2900.3342,2409.0009,1987.3338,1591.3335,825.0003,67103.6835
1244,2021-05-29,220.0,220.0,220.0,264.0001,1961.6673,5162.6678,5005.001,4286.3343,3329.3341,2871.0009,2988.3338,3039.6674,4407.3346,3674.0009,3938.0011,4286.3343,3259.6674,3468.6678,3164.3344,3201.0009,3047.0006,2453.0006,2324.667,1191.6671,67983.6834
1245,2021-05-30,205.3332,194.3337,190.6672,190.6672,564.6666,2790.3341,3179.0012,2522.6674,1917.6671,2108.3338,2335.667,2042.3336,2156.0003,2145.0005,2112.0005,2189.0005,2090.0005,2112.0006,2361.3336,2255.0006,2189.0006,1899.3336,1591.3338,216.3333,41558.0105
1246,2021-05-31,194.3337,190.6672,176.0,198.0,1609.6674,4913.3343,5742.0016,5382.6678,4037.0006,2823.3341,2786.6674,2918.6674,2797.6674,3010.3339,3083.6673,4011.3343,4623.6681,4312.0008,4260.6678,3245.0009,2310.0006,1631.6671,1496.0004,795.6669,66550.017
1247,2021-06-01,205.3332,201.6667,205.3332,212.6667,1499.6671,4825.3343,5170.0011,4975.6679,4528.3345,2981.0009,2423.6673,2926.0009,2871.0009,3083.6674,3300.0009,3699.6679,4084.6676,4825.3346,4011.3343,3102.0007,2412.667,1877.3338,1540.0005,828.6668,65791.0162
1248,2021-06-02,208.9999,208.9999,212.6666,253.0001,1760.0004,5162.6677,5665.0014,5478.0016,3773.0009,2981.0007,2651.0006,2841.6674,2812.3339,3054.3342,3208.3341,3692.3341,4447.6676,4220.3343,3443.0008,3439.3343,3135.0007,2064.3339,1650.0003,792.0004,67155.0158
1249,2021-06-03,190.6672,190.6672,187.0004,212.6666,1829.6671,5173.6682,5738.3346,4788.6679,3809.6676,2827.0009,2526.3342,2735.3342,2955.3341,2999.3341,3135.0008,3853.6675,4315.6676,4645.6678,4187.3346,3142.3341,2819.6677,1782.0003,1635.3336,825.0001,66506.0184
1250,2021-06-04,139.3332,117.3332,165.0002,260.3334,1628.0004,5276.3339,5804.334,5016.0006,3828.0003,2970.0004,2779.3336,2889.3336,2918.667,2929.667,3344.0003,3681.3338,4033.3336,4609.0003,4051.6672,3105.6671,2790.3336,1969.0004,1756.3338,799.3334,66861.6743
1251,2021-06-05,231.0001,220.0,220.0,256.6668,2134.0006,4796.0013,5082.0013,4906.0012,3479.6674,3142.3344,3241.3341,3204.6677,4099.3346,4227.6675,4018.668,4216.6675,4099.3344,3798.6676,3171.6676,2816.0009,2709.6674,2515.3341,2302.6671,1221.0001,70110.3517
1252,2021-06-06,476.6666,645.3334,638.0002,722.3337,1573.0006,4858.3346,5195.6678,5173.6681,4088.334,4077.3344,4048.0009,3861.0013,4040.6676,3985.6678,3930.6675,3989.3346,3938.0008,4216.6679,4194.6678,3930.668,3886.6679,3967.3344,2896.6674,700.3334,79035.0207
1253,2021-06-07,557.3336,594.0002,586.6672,612.3334,1503.3338,4821.6681,4924.3346,3886.6676,4004.0008,4029.6679,3732.6676,3611.6676,3941.6676,3637.3343,3630.0008,3758.3341,3578.6673,3956.3341,3820.6673,3857.3343,3839.0012,3696.0009,2742.6675,667.3334,73989.6852
1254,2021-06-08,245.6669,234.6667,249.3332,297.0002,1881.0003,4653.0013,5320.3346,5082.0011,3971.0012,2992.0007,2871.0005,3142.3344,2981.0009,3179.0006,3406.3341,3806.0008,4502.6677,4319.3341,3949.0011,2893.0006,2185.3338,1756.3339,1606.0006,898.3336,66421.6829
1255,2021-06-09,286.0002,278.6672,271.3336,300.6668,1672.0003,5012.3343,5577.0011,5324.0014,3861.0008,2926.0009,2706.0008,3149.6674,3054.3342,3226.6673,3380.6673,4139.6678,4154.3344,4125.0008,4271.6678,3197.3344,2625.3341,1804.0003,1463.0003,872.6668,67679.3503
1256,2021-06-10,208.9999,216.3333,205.3332,241.9999,1910.3338,5159.0011,5657.6678,5258.0013,4158.0011,3160.6679,2959.0006,3065.3344,3164.3339,3120.3342,3399.0009,4150.6678,4183.6678,4484.3345,4143.3341,3237.6673,2324.6671,1829.6671,1734.3338,953.3334,68926.0162
1257,2021-06-11,198.0002,212.6672,205.3332,227.3334,1881.0004,4924.3346,5302.0011,5269.0014,3989.3344,2940.6672,2959.0009,3083.6673,3278.0007,3230.3341,3446.6676,4114.0014,4814.3344,4491.6679,3567.6675,3212.0008,2405.3339,1785.6671,1657.3336,806.6671,68002.0174
1258,2021-06-12,176.0,190.6672,190.6672,234.6669,1694.0008,5423.0013,4546.6679,3872.0008,3193.6674,2541.0006,2288.0004,2834.3341,3736.3343,3483.3343,3758.3343,3344.0006,3516.3341,3593.3344,3245.0009,2904.0009,2537.3339,2218.3339,1866.3338,997.3333,62384.6833
1259,2021-06-13,121.0004,0.0,0.0,0.0,0.0,0.0,0.0,0.0,0.0,0.0,0.0,0.0,0.0,0.0,0.0,0.0,0.0,0.0,11.0001,14.6672,18.3337,22.0002,14.6672,14.6672,216.336
1260,2021-06-14,80.6667,113.6669,157.6668,187.0004,590.3333,2885.6674,3358.6673,2739.0009,2097.3339,2222.0005,2214.6668,1972.6671,2042.3338,2005.6671,2046.0,2086.3338,2174.3339,2299.0006,2321.0005,2343.0003,2082.6668,1529.0003,1037.6668,190.6669,40777.0088
1261,2021-06-15,18.3337,22.0004,91.6669,176.0002,1745.3336,4561.3346,4238.6676,3952.6676,2750.0006,2101.0005,2277.0003,2511.6676,2889.3341,3193.6674,3479.6676,4026.0011,4502.6678,4304.6679,3798.6678,3347.6676,2511.6671,2042.3338,1851.6671,971.6671,61365.35
1262,2021-06-16,208.9999,205.3332,208.9999,256.6668,1723.3339,5001.3345,5390.0011,5298.3343,3637.3343,2709.6674,2856.3341,2926.0009,2926.0006,3208.3344,3230.3341,3945.3343,4220.3344,4473.3346,4004.0011,3036.0006,2790.3338,1899.3338,1730.6671,869.0004,66755.3495
1263,2021-06-17,249.3332,249.3332,242.0002,275.0002,1752.6673,5104.0013,5566.0013,1903.0003,2038.6673,2262.3339,2233.0003,2515.3339,2464.0006,2574.0003,1910.3338,3538.3344,4238.6678,4205.6675,3850.0011,2962.6676,2405.3338,1708.6668,1617.0006,935.0003,56800.347
1264,2021-06-18,252.9999,249.3332,249.3332,253.0002,1789.3338,4062.6679,5738.3346,4997.6678,3967.3343,2999.3341,2816.0008,2786.6676,2761.0006,3010.3341,3186.3342,3751.0011,4502.6678,4693.3343,4293.6676,3237.6674,2698.6673,2068.0006,1672.0003,960.6671,66997.3498
1265,2021-06-19,234.6672,234.6672,234.6672,256.6669,2005.6673,5368.0011,5023.3345,4271.6676,3149.6674,2442.0006,2423.6671,2856.3341,3538.3341,3850.0008,3663.0011,3648.3343,3395.3344,3586.0008,3039.6675,2625.3341,2555.6674,2035.0006,1796.667,1547.3338,63781.6841
1266,2021-06-20,1246.667,304.3334,249.3332,238.3332,616.0004,3087.3343,3237.6674,3036.0008,2552.0006,2097.3336,2310.0006,2258.6676,2152.3336,2255.0003,2130.3339,2097.3336,2042.3335,2548.3338,2328.3341,1925.0003,1939.667,1386.0006,1224.6671,201.6667,43464.6766
1267,2021-06-21,198.0004,198.0004,183.3336,223.6669,1639.0003,4957.3343,5412.0011,5008.6681,3989.3341,2871.0009,2658.3339,2823.3342,2849.0008,2918.6674,3164.3341,3886.6676,4370.6676,4319.3343,4312.0008,3380.6676,2566.6674,1961.6673,1646.3335,792.0003,66330.0169
1268,2021-06-22,234.6672,234.6672,256.6672,264.0004,1598.6674,5269.0014,5463.3346,5082.0012,4121.3344,3160.6676,2706.0007,2786.6674,2753.6673,2951.6674,3182.6672,4022.3343,4510.0011,4546.6679,4455.001,3692.3344,2530.0006,1690.334,1745.3338,946.0004,68203.6861
1269,2021-06-23,245.6667,234.6672,234.6672,220.0002,1668.3337,5195.6679,5019.6681,5247.0014,3897.6679,3102.0009,3032.3341,3124.0006,2918.6674,3138.6673,3454.0008,3923.3343,4664.0008,4495.3343,3776.6675,2933.3342,2434.6674,1987.3338,1778.3338,905.6669,67631.6844
1270,2021-06-24,238.3337,216.3333,205.3332,230.9999,1477.6674,5071.0013,5166.3346,5401.0014,3868.3344,3080.0007,2772.0006,2618.0007,2808.6671,3175.3341,3072.6674,3839.0009,4660.3343,3971.0011,4308.3345,3762.0008,2614.3339,1910.3338,1683.0003,850.6668,67001.0162
1271,2021-06-25,260.3333,238.3337,234.6672,264.0002,1756.3339,5137.0013,5558.6678,5210.3345,3912.3343,3149.6674,2709.6674,2878.3341,2970.0009,3043.3341,3223.0007,3960.0009,4796.0011,4268.0008,4231.3341,3050.6676,2665.6671,1932.3336,1774.6668,825.0004,68049.6832
1272,2021-06-26,264.0,245.6667,234.6672,271.3337,2053.3338,5382.6682,5294.6679,3916.0013,3248.6679,2676.6673,2321.0006,2885.6674,3600.6676,3619.0006,3575.0008,3428.3341,3490.6676,3534.6678,3065.3344,2574.0006,2504.3336,1840.6671,1701.3335,993.6671,62722.0168
1273,2021-06-27,234.6672,223.6668,245.6667,212.6667,674.6668,2944.3339,3212.0006,2687.6674,2405.3338,2020.334,2060.667,2013.0003,2225.6671,2200.0006,2170.6671,2185.3338,2156.0006,2163.3336,2361.3339,2163.3339,1932.3338,1639.0,1298.0006,275.0004,41704.6766
1274,2021-06-28,253.0002,205.3337,212.6669,238.3337,1628.0004,4755.6678,5239.6676,4957.3344,4572.3346,3182.6676,2878.3344,3050.6676,2937.0004,3036.0009,3303.6673,3787.6676,4264.3344,4521.0008,4304.6675,3153.3341,2522.6671,1881.0,1712.3338,792.0004,67389.6832
1275,2021-06-29,212.6666,253.0,260.3333,289.6667,1804.0008,4961.0011,5951.0013,5100.3348,4546.6676,2808.6674,2636.3338,3102.0009,3248.6674,3212.0009,3413.6674,3644.6676,4396.3346,4484.3343,4473.3344,3234.0009,2383.3338,1829.6671,1598.6672,869.0001,68713.35
1276,2021-06-30,194.3337,190.6672,205.3332,238.3334,1785.6674,5228.6681,5335.0013,5287.3346,4158.0013,3006.6671,2570.3339,2882.0007,2944.3339,3072.6674,3252.3342,3853.6674,4521.0009,4671.3343,4253.3343,3303.6676,2365.0006,1811.3336,1444.6668,887.3336,67463.0165
1277,2021-07-01,216.3333,242.0001,253.0001,286.0001,1716.0006,5162.6681,5577.0013,5078.3347,3967.3341,2926.0006,2662.0004,2845.3338,2698.6676,2984.6673,3083.6673,3736.3342,4147.001,4400.0011,4117.6676,3501.6677,2273.3341,1888.3338,1573.0005,968.0003,66304.3497
1278,2021-07-02,183.3336,176.0,176.0,223.6669,1914.0007,4994.001,4634.6679,4653.0011,4308.3346,2702.3342,2585.0009,2412.6674,2739.0008,3098.3341,3047.0006,3941.6679,4209.3343,4902.3344,4260.6676,3516.3341,2423.6672,1815.0005,1679.3336,847.0004,65442.6838
1279,2021-07-03,190.6672,190.6672,190.6672,205.3337,1954.334,5327.6679,5393.6679,4121.3344,3531.0009,2526.3339,2343.0003,2812.3338,3542.0012,3707.0011,3707.0011,3597.0011,3600.6677,3795.0012,3157.0009,2878.3342,2717.0009,2049.6671,1833.3336,894.6671,64265.6856
1280,2021-07-04,198.0002,190.6672,183.3336,183.3336,575.6669,2940.6677,3336.6676,2519.0008,2112.0004,2148.6673,1932.334,2020.3336,2148.6671,2207.3336,2145.0006,2203.667,2321.0006,2313.6674,2445.6674,2445.6674,2218.3336,1602.3336,1243.0006,278.6667,41913.6785
1281,2021-07-05,205.3332,267.6672,249.3336,223.6668,586.6671,3091.0006,3237.6676,2570.3339,2379.6673,2097.3338,2112.0005,1972.6671,2005.6671,2101.0003,2053.3336,2152.3336,2170.6671,2211.0006,2354.0003,2192.6673,2108.3339,1609.6671,1235.6668,198.0002,41385.6766
1282,2021-07-06,190.6672,198.0002,205.3332,245.6667,1844.3338,5280.0013,5474.3348,5415.6676,3938.0008,2761.0009,2783.0006,2962.6674,3160.6674,3131.3342,3402.6677,4073.6676,4352.3344,4341.3343,3846.3343,2966.3339,2409.0006,1826.0005,1738.0005,839.667,67386.0169
1283,2021-07-07,220.0,234.6672,231.0004,260.3337,1815.0008,5221.3346,5877.6683,5151.6678,4150.6676,2995.6674,2662.0006,3105.6674,3039.6677,2933.3341,3245.0012,3736.334,4172.6676,4396.3346,4312.0014,3399.0012,2284.3341,1888.3335,1602.3338,1092.6668,68027.6858
1284,2021-07-08,205.3332,205.3332,205.3332,230.9999,1562.0004,5162.6679,5668.668,5313.0011,4121.3343,2999.3339,2783.0009,2992.0008,3252.3342,3168.0007,3377.0009,3644.6676,4884.0011,4535.6676,4158.0011,3248.6673,2621.6674,1840.667,1730.6671,990.0004,68900.3492
1285,2021-07-09,271.3336,267.6668,267.6668,264.0004,1822.3339,5199.3346,5489.0013,5210.3346,3864.6674,2658.3344,2482.3339,2816.0009,2772.0006,2981.0008,2922.3339,3725.3344,4363.3341,5122.3344,4040.6676,3226.6676,2262.3336,1716.0006,1752.6668,898.3336,66396.0166
1286,2021-07-10,264.0,264.0,260.3333,219.9999,1793.0008,5243.3346,5001.3345,4293.6675,3828.0011,2354.0006,2328.3338,2695.0006,3347.6674,3663.0008,3054.3341,3245.0008,3215.6674,2893.0006,2684.0006,2684.0004,2625.3339,2152.3341,1752.6673,979.0003,60841.0144
1287,2021-07-11,252.9999,252.9999,249.3332,219.9999,645.3338,2992.0009,3171.6673,2537.3339,2258.667,2057.0005,2119.3338,2207.3338,2038.6671,2280.6673,2313.6673,2291.6671,2295.3338,2266.0007,2255.0003,2159.6671,2031.3336,1617.0003,1283.3335,212.6666,42009.0086
1288,2021-07-12,212.6667,220.0,216.3333,256.6667,1778.334,4722.6675,4957.3345,4997.6678,3883.0011,3069.0007,2640.0008,3091.0009,3006.6672,3124.0009,3204.6676,3908.6674,4447.6676,4590.6676,4227.6674,2977.3344,2420.0005,1774.6673,1532.667,997.3336,66256.6825
1289,2021-07-13,216.3332,212.6667,264.0,242.0001,1697.6671,5016.0011,5874.0013,5107.6678,3857.3344,3039.6677,2412.6671,2808.6676,2819.6674,2948.0006,3131.3341,3685.0009,4488.0011,4598.0011,4312.0011,3369.6676,2420.0006,1976.3335,1587.6673,927.6669,67012.0163
1290,2021-07-14,256.6666,220.0002,190.6672,264.0002,1862.6671,4774.0011,5408.3343,4755.6675,3366.0009,3149.6674,2860.0006,2654.6671,2951.6674,2959.0006,3142.3344,4081.0008,4451.3344,4535.6679,4048.0009,3435.6676,2445.6674,1778.3338,1767.3336,938.6669,66297.0159
1291,2021-07-15,256.6666,252.9999,252.9999,271.3336,1646.3339,5272.6679,5562.3349,5225.001,3835.3341,2574.0004,2592.3336,2849.0006,2805.0004,3113.0008,3124.0009,4018.6676,4697.001,4678.6679,4194.6676,3487.0011,2401.6671,1778.3339,1628.0003,949.6668,67466.6818
1292,2021-07-16,264.0,256.6666,234.6672,260.3337,1463.0004,4730.0012,5745.668,5093.0014,4253.3345,2878.3341,2449.3339,2893.0006,2904.0007,2878.3339,3307.3339,4095.6674,4381.6679,4458.6676,3996.6676,3171.6674,2372.3336,1624.3335,1576.6673,869.0003,66157.6827
1293,2021-07-17,260.3333,249.3332,212.6667,253.0001,1719.6673,5232.3348,5166.3346,4356.001,3219.3339,2497.0006,2291.6676,2830.6676,3820.6678,3784.0008,3806.0011,3666.6676,3311.0006,3516.3344,3336.6676,2761.0004,2500.6673,2152.3338,1925.0003,1045.0003,63913.6827
1294,2021-07-18,205.3332,205.3332,205.3332,205.3332,612.3336,2962.6677,3259.6674,2610.6674,2277.0006,2097.3335,2071.6671,2244.0003,2251.3335,2178.0008,2222.0003,2387.0006,2163.3338,2207.3335,2266.0008,2108.334,1947.0006,1598.6671,1250.3336,216.3333,41752.3423
1295,2021-07-19,231.0004,249.3337,205.3332,227.3334,1668.3336,5214.0006,5672.334,5052.6674,4235.0006,3083.6673,2555.6671,2922.3338,3131.3338,3076.3336,3435.6671,4051.6673,4290.0003,4378.0003,4114.0006,3329.3338,2453.0003,1881.0001,1756.3336,978.9999,68192.6758
1296,2021-07-20,263.9999,737.0001,682.0002,770.0004,1426.3336,4631.0011,4726.3343,3982.0009,3542.0009,3494.3346,3685.0011,3765.6674,3589.6676,3707.0008,3578.6673,3564.0011,3674.0011,3571.3343,3707.0011,3659.3343,3322.0006,2984.6673,2577.6674,850.667,70491.6844
1297,2021-07-21,744.334,718.6672,256.6672,223.6672,1661.0,5346.0012,5492.668,5445.0012,3707.0012,3168.0012,2423.6672,2731.6672,2823.334,3010.334,3087.334,3571.334,4488.0012,4268.0012,4488.0012,3039.6672,2453.0012,1840.6672,1745.334,876.334,67609.686
1298,2021-07-22,264.0,260.3333,249.3332,238.3334,1767.3338,5133.3343,5760.3351,5588.0011,3791.3345,2764.6677,2742.6674,2871.0006,2720.6672,3120.3341,3021.3342,3919.6679,4466.0008,4304.6676,4367.0008,3050.6676,2555.6673,1888.3338,1650.0004,891.0004,67386.0165
1299,2021-07-23,242.0,234.6672,234.6672,253.0,1675.6672,4924.3352,5404.668,5401.0012,4220.334,3120.334,2566.6672,2915.0012,2973.6672,3072.6672,3091.0012,4121.334,4260.668,4656.668,4260.668,2977.334,2695.0012,1895.6672,1738.0,1034.0,67969.0184
1300,2021-07-24,208.9999,208.9999,208.9999,263.9999,1800.3336,5386.3345,5676.0014,4363.3344,3098.3342,2475.0006,2310.0006,2827.0006,3435.6674,3417.3342,3230.3341,3494.3344,3388.0006,3630.0011,3190.0009,2926.0009,2691.3339,1943.3339,1910.3339,916.6669,63000.6817
1301,2021-07-25,238.3332,14.6672,14.6672,14.6672,18.3332,14.6672,14.6672,14.6672,14.6672,14.6672,14.6672,14.6672,14.6672,14.6672,14.6672,14.6672,14.6672,14.6672,14.6672,14.6672,18.3332,18.3332,14.6672,14.6672,586.6768
1302,2021-07-26,77.0002,208.9999,205.3332,263.9999,1624.3336,4983.0006,5837.3339,5423.0007,4154.3341,2724.3341,2779.3339,2794.0006,3047.0009,3010.3341,3223.0011,3798.6676,4506.3343,4502.6678,4341.3346,3006.6674,2343.0006,1837.0004,1668.3338,1019.3336,67378.6809
1303,2021-07-27,278.6668,289.6667,289.6669,282.3334,1716.0006,5236.0013,5624.6684,5478.0013,4128.6676,2995.6676,2757.3342,2779.3344,2673.0006,3069.0009,3193.6677,3659.3344,4590.6674,4304.6676,4444.0011,3164.3339,2478.6671,1870.0006,1668.3336,931.3335,67903.0176
1304,2021-07-28,249.3332,260.3333,260.3333,223.6668,1507.0003,4902.3346,5804.3349,4832.6678,3974.6679,2643.6673,2570.3341,2794.0008,2838.0009,2944.3342,3201.0012,3930.6678,4752.0011,4378.0008,4315.6676,3564.0011,2460.3338,1833.3338,1925.0003,1008.3336,67173.3505
1305,2021-07-29,264.0,256.6666,256.6666,264.0002,1554.6671,5082.0011,5445.0013,5294.6678,3707.001,2783.0006,2599.6674,2735.3341,2981.0006,2889.3338,3311.0008,3677.6676,4326.6678,4238.6676,4337.6678,3428.3341,2504.3336,2020.3338,1851.6671,1081.6668,66891.0152
1306,2021-07-30,234.6672,245.6667,219.9999,227.3334,1679.3339,5071.001,5481.6681,5371.6678,3593.3342,2812.3341,2464.0008,2999.3342,3054.3342,2955.3341,3182.6677,3802.3342,4015.0008,4484.3344,4187.3341,3127.6676,2530.0006,1917.667,1932.3338,887.3336,66476.6834
1307,2021-07-31,198.0002,194.3337,231.0002,271.3334,1514.3338,4007.6679,4550.3347,3795.0007,3190.0009,2409.0006,2137.6673,2746.3341,3556.6674,3582.3343,3553.0011,3479.6676,3204.6674,3010.3341,2346.6674,2031.3338,1719.6671,1595.0006,1620.6673,946.0004,55891.016
1308,2021-08-01,219.9999,205.3334,201.6669,216.3333,539.0001,2394.3341,2082.6673,2291.6673,2236.6671,2288.0008,2185.3338,2090.0003,1881.0003,1877.3336,1774.6668,2258.6673,2130.3339,2152.3336,2174.334,2075.3338,1910.3338,1657.3335,1290.6668,275.0001,38408.3418
1309,2021-08-02,231.0002,238.3334,289.6669,275.0001,1635.3338,5419.3346,5397.3345,5316.6681,4363.3343,2860.0006,2764.6676,3113.0007,2911.3339,3171.6674,3230.3341,4154.3344,5016.001,5368.0012,5012.3344,3798.6675,2783.0006,2225.6671,2123.0006,1111.0004,72809.0174
1310,2021-08-03,282.3337,300.6669,311.6668,308.0,1679.3338,4902.3343,5742.0016,5338.6679,4425.6678,3377.0008,2596.0006,2764.6674,2900.3344,3054.3341,3094.6674,3116.6673,4829.0013,5577.001,3773.0009,3945.3342,2592.3342,2266.0006,2020.3339,1063.3338,70260.6847
1311,2021-08-04,271.3334,304.3334,319.0004,308.0001,1653.6671,5214.0011,5547.6681,5140.6678,3901.3344,3146.0009,2779.3338,3021.3343,3043.3344,3219.3344,3333.0008,4059.0011,4891.3344,5151.6681,5148.0011,3659.3344,2552.0009,2112.0006,2266.0004,1111.0001,72152.6855
1312,2021-08-05,300.6666,300.6666,300.6666,318.9999,1686.6671,5302.0013,5602.6678,5159.0011,4106.6677,3061.6674,2724.3338,2893.0006,3065.3341,3263.3344,3355.0011,4158.0009,5272.6679,5577.0013,5283.6678,3912.3343,2984.6674,2368.6671,2141.3339,1118.3336,74257.3503
1313,2021-08-06,278.6672,278.6672,282.3337,315.3334,1598.6671,5456.0013,5269.0011,5371.6681,4227.6676,3153.3341,2915.0007,2984.6674,2830.6674,3237.6674,3512.6677,4106.6673,5041.6679,5562.3346,4983.001,4000.334,2900.3341,2332.0006,2379.6671,1107.3339,74125.3519
1314,2021-08-07,484.0,733.334,715.0,711.334,1518.0,4733.668,5019.668,3989.334,3406.334,3908.668,3952.668,3952.668,4037.0012,4114.0012,4249.668,3952.668,4161.668,3927.0012,4007.668,3960.0012,3699.668,3138.668,2735.334,828.6672,75936.69
1315,2021-08-08,205.3332,0.0,0.0,0.0,0.0,0.0,0.0,0.0,0.0,0.0,0.0,0.0,0.0,11.0,14.6672,14.6672,14.6672,14.6672,14.6672,14.6672,14.6672,14.6672,14.6672,7.3332,355.6712
1316,2021-08-09,172.3337,190.6672,190.6672,216.3337,1807.6673,5463.3346,5789.6683,5679.6678,4150.6676,3102.0011,2673.0006,3050.6676,3061.6674,3003.0006,3314.6676,4040.6677,5034.3346,5632.0014,5272.6681,3692.3344,2596.0008,2222.0006,2255.0006,1034.0001,73645.0206
1317,2021-08-10,249.3334,264.0,256.6666,267.6669,1771.0006,4895.0011,5126.0011,5298.3346,4301.001,3490.6676,2786.6674,2731.6671,3032.3339,3149.6677,3351.3341,3989.3343,5041.6681,5503.6681,5566.0011,3806.0009,2610.6676,2284.3341,2321.0006,1045.0001,73139.018
1318,2021-08-11,275.0004,252.9999,249.3332,271.3337,1873.6671,4895.0011,5951.0013,5243.3346,3890.3344,3406.3344,2823.3342,2959.0006,2874.6673,3219.3344,3296.3339,4000.3343,5107.6679,5742.0015,4942.6678,4117.6673,2731.6674,2365.0009,2317.3339,1191.6668,73997.0183
1319,2021-08-12,256.6666,249.3332,249.3332,260.3337,1719.6672,5386.3349,5562.3349,5584.3346,4088.3341,3307.3341,2647.3344,2852.6676,2713.3341,3124.0009,3160.6674,4000.3346,4748.3346,5280.0014,5195.6681,4275.3343,2607.0006,2332.0006,2156.0004,1026.6671,72783.3526
1320,2021-08-13,245.6667,249.3332,238.3337,223.6666,1551.0004,5415.6679,5426.6676,5423.0011,4143.3343,3215.6679,2640.0006,3058.0006,2955.3342,3054.3341,3285.3341,4026.0011,4891.3346,5808.0014,5368.0011,3740.0009,2702.3341,2423.6674,2178.0003,1118.3336,73381.0175
1321,2021-08-14,242.0004,282.3337,337.3332,297.0002,1844.3338,5331.3346,5324.0013,3982.0011,3065.3342,2489.6671,2346.6671,2607.0006,3300.0006,3655.6676,3520.0011,3292.6675,3505.3343,3534.6674,3028.6677,2731.6676,2746.3344,2002.0003,1778.3338,1019.3336,62263.6832
1322,2021-08-15,384.9999,638.0002,634.3337,715.0004,1422.6673,3784.0008,4275.3344,4268.0009,3905.0008,3978.3346,4022.3346,3908.6675,3868.334,3923.3343,4026.0009,4110.3341,4117.6679,4191.0011,3952.6676,4077.3343,3861.0008,3875.6676,3124.0006,792.0003,75856.0186
1323,2021-08-16,443.6669,208.9999,205.3334,190.6672,663.6671,2299.0006,2629.0006,2596.0008,2412.6671,2222.0,2148.6671,2203.6671,2101.0005,2185.3338,2218.3341,2394.3339,2163.3339,2416.3338,2288.0004,2390.6671,2225.667,2181.667,1551.0003,212.6667,42551.6763
1324,2021-08-17,194.3337,190.6672,194.3337,212.6669,1675.6671,4909.6679,4737.3343,5258.0011,4117.6678,3487.0008,2874.6673,2966.3344,2889.3341,3285.3344,3226.6677,3967.3344,5019.6681,5489.0014,5430.3346,3615.3344,2698.6677,2332.0006,2148.6671,1114.6668,72035.3535
1325,2021-08-18,267.6669,264.0,267.6668,267.6666,1642.6671,5269.0013,5712.6681,5566.0014,4183.6675,2955.334,2537.3339,2812.3341,2742.6673,3010.3341,3402.6674,4048.0011,5133.3347,5547.6681,5566.0013,3949.0009,3116.6673,2170.667,2101.0003,1019.3339,73553.3511
1326,2021-08-19,238.3337,220.0001,216.3333,242.0,1389.6668,5445.0011,2786.6674,5096.6681,4975.6681,3054.3341,2695.0009,2819.6676,2834.3342,3285.3344,3270.6674,3934.3344,5089.3343,5866.668,5228.6679,3989.3341,2720.6671,2189.0003,2207.3341,1158.6668,70953.6842
1327,2021-08-20,212.6666,205.3332,205.3332,260.3333,1727.0006,5096.6681,5918.0011,5463.3349,4730.0011,3061.6673,2684.0007,2772.0009,2783.0004,3142.3344,3153.3344,3795.0009,5276.3345,5639.3346,5313.0011,3758.3344,2695.0008,2134.0003,2299.0003,1063.3336,73388.3507
1328,2021-08-21,245.6667,234.6672,234.6672,253.0004,1745.3338,5547.6681,5386.3348,4568.6679,3248.6677,2577.6673,2376.0006,2874.6674,3652.0008,3806.0011,3622.6677,3692.3342,3707.0009,3663.0011,3270.6674,2867.3344,2654.6671,2222.0006,1840.6671,1015.6669,65307.0184
1329,2021-08-22,227.3336,231.0004,223.6668,208.9999,627.0003,2222.0003,2284.3338,2350.3341,2302.6673,1932.334,2145.0006,2027.6673,2112.0004,2203.6671,2266.0004,2196.3338,2115.667,2255.0005,2379.6676,2328.3339,2093.6673,2075.334,1602.3336,249.3332,40659.6772
1330,2021-08-23,205.3332,205.3332,208.9999,227.3333,1914.0006,5089.3346,5261.6678,5544.0013,4510.0014,3520.0009,2753.6674,2878.3341,3094.6674,3197.3344,3424.6673,4348.6679,5096.6676,5848.3348,5738.3346,3916.0009,2695.0006,2361.334,2115.667,1114.6668,75269.351
1331,2021-08-24,234.6672,234.6672,234.6672,267.6672,1774.6671,5485.3349,5918.0013,5940.0013,4268.0011,3531.0008,2643.6673,2962.6671,3021.334,3237.6677,3344.0009,4110.3345,4972.0013,5863.0014,5030.6678,4084.6676,2790.3342,2420.0006,2266.0006,1015.6666,75650.6869
1332,2021-08-25,267.6668,264.0,264.0,264.0001,1701.3339,5533.001,5661.3344,5892.3346,4290.0012,3226.6673,2746.3339,2962.6674,2889.3341,3083.6676,3413.6675,4051.6676,5016.0011,5727.3346,5632.0013,4150.6676,2742.6674,2585.0009,2079.0005,1078.0004,75522.3512
1333,2021-08-26,176.0001,139.3334,249.3333,263.9999,1855.3338,5335.0011,6097.6681,5980.3348,4081.0011,3600.6678,2621.6671,2768.3341,2959.0007,3204.6676,3424.6674,4348.6678,4994.0012,5925.3346,5514.6682,4125.0011,2698.6673,2552.0009,2280.6671,1063.3337,76259.3522
1334,2021-08-27,278.6672,260.3336,234.6672,260.3334,1745.3338,5511.0014,5881.3346,6020.6684,4469.6678,3897.6676,2907.6676,2907.6676,3014.0008,3248.6677,3622.6675,4297.3344,5137.0011,5892.3348,5533.0011,3868.3342,2632.6674,2321.0008,2192.6671,1111.0003,77245.6874
1335,2021-08-28,220.0,220.0,220.0,231.0,1719.6668,5720.0014,5577.0011,4524.6678,3083.6676,2581.3341,2526.3339,2775.6673,3556.6676,3721.6676,3688.6676,3703.3346,3721.6676,3692.3344,3520.0008,2812.3341,2695.0006,2233.0007,1848.0003,1100.0004,65692.0163
1336,2021-08-29,249.3332,242.0002,234.6672,227.3337,619.6669,2288.0009,2445.6671,2445.6676,2486.0006,2258.6672,2108.3338,2119.3338,2115.6671,2372.3341,2174.3336,2174.3336,2255.0006,2251.3336,2262.3338,2236.6671,2057.0005,1899.3336,1602.3336,242.0002,41367.3436
1337,2021-08-30,234.6672,231.0004,231.0004,267.6669,1679.3337,5118.6679,5709.0015,5386.3345,4411.0011,2988.3341,2959.0009,3105.6676,2984.6674,3149.6674,3362.3342,4143.3344,5111.3346,5907.0013,5232.3346,4077.3343,2907.6674,2438.3342,2108.3338,1081.6671,74825.6869
1338,2021-08-31,227.3336,238.3336,223.6668,293.3336,1833.3336,4909.6679,5866.6681,5115.0013,4642.0008,2984.6674,2863.6673,3274.3341,3069.0009,3234.0006,3443.0006,4202.001,4810.6679,6090.3349,5232.3346,4092.0011,3036.0006,2632.6674,2423.6673,1195.3339,75933.0189
1339,2021-09-01,234.6672,234.6672,234.6672,238.3336,1800.3338,5228.6678,5599.0011,5676.0016,4748.3341,3454.0011,2940.6674,3230.3342,2988.3338,3168.0012,3659.3344,4407.3343,5243.3343,5753.0016,5547.6681,4103.0009,2695.0008,2471.3339,2405.3338,1206.3336,77267.687
1340,2021-09-02,231.0004,227.3336,234.6672,260.3334,1697.6671,5324.001,6075.6681,5852.0014,4583.3344,3740.0011,2838.0007,3252.3343,2937.0007,3014.0006,3564.0011,4220.3346,5034.3345,5877.6683,5716.3348,4418.3344,2720.6674,2467.6671,2324.667,1144.0004,77755.3536
1341,2021-09-03,249.3332,249.3332,242.0002,245.6668,1606.0004,5430.3349,5540.3346,5995.0015,4458.6676,3355.0007,2684.0007,2885.6677,2790.3339,3160.6677,3388.0006,3611.6675,4836.3343,5943.6683,5250.6678,3982.0008,2779.3339,2420.0003,2335.6673,1217.3336,74657.0175
1342,2021-09-04,234.6672,234.6672,234.6672,271.3337,1980.0006,5404.6681,5833.6684,4436.6676,3215.6676,2412.6673,2350.3339,2871.0006,3611.6676,3677.6675,3666.6678,3622.6676,3703.3344,3754.6676,3212.0009,3047.0009,2761.0006,2101.0003,1771.0006,1118.3339,65527.0191
1343,2021-09-05,249.3332,249.3332,249.3332,223.6669,546.3336,2346.6668,2522.6671,2537.3339,2460.3339,2148.667,2126.6671,2137.6673,2346.6668,2174.3338,2269.667,2178.0006,2247.6671,2405.3339,2343.0006,2288.0003,2093.6671,1928.6671,1459.3333,212.6666,41745.0074
1344,2021-09-06,205.3332,194.3337,205.3332,216.3334,1609.6671,5173.6679,5830.0013,5698.0013,4653.0011,3252.334,2775.6673,2764.6671,3395.3344,3494.3341,3402.6678,4235.0011,4983.0011,5899.6683,5342.3344,3406.3341,2841.6677,2456.6673,2339.3339,1155.0001,75529.6849
1345,2021-09-07,249.3332,245.6667,234.6672,227.3334,1540.0008,5254.3345,5782.3349,5518.3346,4180.0014,3380.6674,2970.0006,2841.6674,3333.0006,3230.3341,3201.0009,3993.0011,4917.0011,5716.3346,5474.3344,4070.0011,2838.0009,2383.3341,2262.3335,1056.0001,74899.0186
1346,2021-09-08,249.3332,249.3332,249.3332,275.0002,1804.0006,5320.3344,5888.6679,4726.3346,5071.0014,3303.6676,2885.6673,2981.0009,2739.0006,2992.0012,3333.0009,4158.0012,4924.3347,5995.0014,5349.6676,4389.001,2867.3341,2398.0006,2207.3338,1037.6668,75394.0184
1347,2021-09-09,238.3337,238.3337,234.6672,238.3336,1697.6671,5247.0014,6050.0016,5533.0013,4653.001,3714.3344,2867.3341,3175.3341,2918.6671,3043.3342,3219.3344,3952.6674,5155.3349,5980.3348,5338.6681,3831.6676,2915.0007,2247.667,2236.6674,1059.6668,75786.3536
1348,2021-09-10,242.0004,223.6668,223.6668,234.6666,1694.0006,5441.3347,5969.3348,5738.3348,3985.6676,3417.3341,2889.3341,2951.6673,2937.0007,3252.3343,3454.0009,4180.0008,5210.3349,5789.6684,5309.3343,3919.6676,3237.6673,2313.6668,2280.6673,1092.6668,75988.0187
1349,2021-09-11,256.6666,249.3332,249.3332,245.6668,1657.3336,5474.3346,5225.0013,4330.3346,3197.3343,2519.0006,2302.6673,2812.3338,3575.0007,3916.0011,3897.6676,3747.3343,3644.6674,3600.6675,3355.0009,3047.0011,2933.3339,2189.0006,1855.3339,1001.0004,65281.3493
1350,2021-09-12,242.0002,231.0004,205.3332,58.6672,14.6672,14.6672,14.6672,11.0004,0.0,0.0,0.0,0.0,0.0,0.0,11.0004,14.6672,14.6672,14.6672,14.6672,14.6672,14.6672,14.6672,18.3337,14.6672,938.6747
1351,2021-09-13,22.0004,190.6672,190.6672,234.6669,1591.3338,5324.0014,5316.6681,5995.0013,4202.0011,3355.0009,2933.3342,2863.6674,3043.3342,3146.0008,3450.3341,4279.0011,5379.0013,6046.3349,5617.3344,4359.6678,3190.0006,2262.3339,1994.667,1177.0004,76164.0204
1352,2021-09-14,271.3332,267.6669,278.6667,256.6668,1554.6671,5126.0013,5720.0016,5929.0016,4473.334,3333.0009,3036.0009,3025.0009,3157.0006,3446.6674,3314.6673,4345.0012,5232.3346,5723.6679,5551.3343,3758.334,3311.0009,2332.0003,2016.6671,1067.0001,76527.0176
1353,2021-09-15,205.3332,253.0,249.3333,241.9999,1609.6674,5192.0014,5225.0013,6185.6684,4400.0012,3520.0011,2750.0006,2874.6676,2849.0007,3032.3341,3219.3341,3978.3343,4884.001,5907.0017,5606.3349,4110.334,3146.0009,2042.3338,1928.6671,1111.0001,74521.3521
1354,2021-09-16,231.0004,231.0004,278.6672,260.3336,1818.6669,4862.0004,5698.0006,6105.0003,4253.3338,3622.6671,2918.6669,2973.6671,2995.6668,3168.0004,3490.6673,4392.6673,5151.6671,5841.0003,5496.334,3435.6671,3102.0004,2346.6671,2148.6673,1136.6671,75958.6769
1355,2021-09-17,234.6672,234.6672,234.6672,271.3337,1862.6674,5313.0014,5826.3346,6097.6681,4304.6679,3476.0009,3025.0009,2915.0006,2948.0005,3373.3344,3490.6678,4290.0009,5188.3343,5632.0016,5401.0014,4092.0011,3234.0008,2379.6671,2108.3338,1166.0006,77099.0214
1356,2021-09-18,264.0,260.3333,249.3333,231.0002,1646.3341,5628.3346,5371.6679,4154.3341,3230.3338,2632.6674,2211.0006,2783.0009,3718.0009,3611.6677,3791.3346,3743.6675,3754.6673,3780.3344,3373.3341,2995.6677,2709.6671,2137.6673,1884.667,1001.0005,65164.0163
1357,2021-09-19,256.6672,227.3332,220.0,198.0,594.0,2383.334,2431.0,2464.0,2372.334,2185.334,2104.6672,2174.334,2192.6672,2222.0,2376.0,2222.0,2280.6672,2522.6672,2401.6672,2442.0,2255.0,2240.334,1609.6672,227.3332,42603.0068
1358,2021-09-20,216.3333,216.3333,220.0,253.0004,1719.6669,5485.3339,6130.6679,5694.3339,4473.3335,3267.0003,3032.3338,2867.3336,2823.3336,3160.6671,3366.0005,4367.0011,5030.6676,6193.0014,5676.0014,3868.3342,3014.0012,2405.3341,2108.3339,1067.0003,76655.3472
1359,2021-09-21,245.6667,249.3332,260.3334,308.0001,1723.3341,4902.3344,4114.0009,5914.3343,4726.3344,2915.0008,3168.0006,2940.6673,2823.3341,3292.6674,3421.0006,4176.3343,5159.0014,5441.3347,5159.0009,3930.6675,3157.0009,2277.0003,2086.3341,1114.6672,73505.6836
1360,2021-09-22,223.6668,216.3333,212.6666,234.6666,1628.0003,5379.0011,5709.0016,6156.3349,4158.0011,3267.0009,2977.3342,2904.0009,2907.6672,3094.6674,3325.6677,4117.6674,5082.0011,5500.0016,5932.6684,3773.0009,3318.3341,2240.3339,1976.3339,1327.3339,75661.6858
1361,2021-09-23,231.0,220.0,220.0,256.6669,1910.3339,5276.3347,5929.0015,5899.6681,4370.6676,3289.0009,2838.0007,2772.0009,3072.6674,3175.3342,3307.3341,4220.3344,4935.3346,5771.3349,5210.3347,3641.0009,3252.3344,2416.3338,2185.3338,1089.0003,75489.3527
1362,2021-09-24,194.3337,194.3337,205.3332,234.6667,1734.3339,5151.6678,5771.3345,5778.6681,4565.0008,3571.334,2970.0009,2951.6674,2878.3341,3025.0006,3362.3343,4158.0013,3483.3339,4649.3346,5261.6678,3703.3341,3179.0009,2412.6671,2057.0004,1191.6668,72684.3506
1363,2021-09-25,260.3333,267.6668,264.0,286.0001,1782.0003,5676.0013,5551.3352,4447.6676,3303.6676,2629.0006,2486.0004,2940.6673,3560.3339,4169.0011,3813.3346,3751.0008,3912.334,3897.6676,3384.3341,3153.3341,2940.6677,2240.3338,1884.6672,1078.0003,67679.3497
1364,2021-09-26,242.0001,220.0,220.0,220.0,513.3334,2207.3341,2302.6671,2258.6671,2434.6676,2236.6671,2119.334,2130.3336,2141.3338,2266.0004,2233.0006,2185.3336,2240.3338,2178.0003,2156.0006,2284.3338,2068.0005,2064.3339,1562.0003,253.0001,40736.6758
1365,2021-09-27,234.6672,234.6672,227.3337,220.0002,1617.0004,5364.3343,5896.0013,5833.6679,4268.0008,3017.6673,2709.6674,2786.6674,2889.3341,3186.3344,3340.3341,4004.0009,4876.6681,5753.0013,5628.3346,4260.6676,3234.0006,2251.3338,2002.0003,1158.6671,74994.352
1366,2021-09-28,234.6672,234.6672,234.6672,245.6666,1741.667,5203.0013,6072.0013,6046.3346,4055.3343,3105.6676,2948.0006,2918.6677,2779.3341,3131.3341,3289.0009,4154.3343,5272.6678,5984.0014,5357.0012,3952.6679,3256.0009,2383.3338,2082.6671,1162.3337,75845.0198
1367,2021-09-29,198.0002,194.3337,194.3337,256.6667,1466.6671,3435.6676,4312.0011,5687.0014,3996.6678,3094.6677,2724.3341,3043.3341,2742.6676,3212.0009,3395.3341,3956.3343,4887.6676,5797.0016,4876.6678,4077.3344,3219.3344,2324.6668,2163.3335,1081.6669,70337.6851
1368,2021-09-30,234.6672,231.0004,231.0004,231.0001,1683.0004,5269.0013,6090.3348,6031.6681,4253.3346,3553.0009,2816.0009,2768.3341,2926.0006,3113.0009,3278.0008,4015.001,5089.3346,5808.0016,5305.6678,3905.0009,2984.6676,2214.6672,2049.6671,1147.6669,75229.0202
1369,2021-10-01,220.0,223.6668,220.0,275.0,1730.6671,5305.6678,6141.6684,5852.0014,4433.0012,3223.0006,3039.6676,2790.3344,3105.6676,3270.6674,3351.3344,4220.3341,5225.0013,5863.0016,5221.3343,3388.0011,3039.6677,2255.0006,2013.0006,1188.0003,75595.6863
1370,2021-10-02,256.6666,252.9999,256.6666,278.6669,1760.0006,5478.0014,5511.0012,4539.3343,3322.0006,2610.6672,2350.3338,3065.334,3659.3343,3978.3343,4007.6675,3930.6679,4033.3343,3806.0009,3435.6674,3032.3339,3017.6673,2464.0006,1914.0003,1129.3336,68090.0154
1371,2021-10-03,234.6672,234.6672,205.3334,198.0002,696.6668,2335.6673,2618.0006,2647.3342,2401.6673,2365.0009,2390.6673,2284.3338,2255.0007,2339.3338,2123.0004,2244.0006,2214.6671,2262.3341,2291.667,2317.334,2090.0003,2060.667,1554.6671,245.6669,42610.3452
1372,2021-10-04,234.6672,231.0004,209.0004,216.3337,1719.667,5184.6678,6094.0013,5965.6683,4125.0011,3428.3342,2786.6673,2643.6671,2841.6674,3351.3341,3252.3341,4301.0009,5162.6681,5698.0013,5547.6681,3886.6676,3212.0007,2376.0008,2207.3339,1166.0003,75841.3531
1373,2021-10-05,223.6668,220.0,220.0,264.0001,1712.3338,4664.0013,6108.6684,5265.3346,4528.3344,3707.0012,2922.3341,2889.3341,3083.6674,3036.0007,3296.3341,4084.6676,4917.0014,5826.3346,5562.3348,3663.0008,3171.6677,2376.0006,1972.6668,1173.3338,74888.0191
1374,2021-10-06,220.0,220.0,220.0,245.6668,1499.6674,5331.3346,5775.0013,5932.6681,4301.0011,3465.0012,2929.6674,2907.6674,2973.6673,3058.0009,3439.3341,4268.0009,5162.6676,6035.3349,5547.6679,3619.0009,3237.6673,2207.3339,1987.3336,1118.3338,75702.0184
1375,2021-10-07,220.0,212.6666,220.0,249.3336,1620.6671,5214.0011,5749.3347,5338.6676,5170.0011,3806.0007,3171.6676,2893.0009,3032.3339,3197.3344,3362.3343,4000.3344,5258.0014,5822.6679,5338.6681,4216.6676,3212.0007,2361.3338,2031.3335,1067.0003,76765.3513
1376,2021-10-08,216.3333,220.0,220.0,249.3333,1771.0005,5309.3343,5881.3344,6127.0014,4392.6676,3127.6674,2959.0007,2900.3339,2940.6676,3135.0008,3171.6674,4037.0008,5096.6682,5756.6678,5643.0014,4092.0008,3164.3341,2438.3338,2086.3338,1144.0001,76079.6834
1377,2021-10-09,220.0,220.0,220.0,238.3333,1833.3338,5690.6682,5129.6678,4942.6678,3146.0009,2724.3341,2383.3338,2757.3339,3633.6673,3842.6677,3721.6676,3593.3341,3754.6676,3736.3344,3362.334,2922.3341,2731.6673,2269.6673,1972.6671,1056.0003,66102.6824
1378,2021-10-10,183.3333,14.6672,14.6672,14.6672,14.6672,14.6672,11.0004,0.0,0.0,0.0,0.0,0.0,0.0,3.6668,14.6672,18.3337,14.6672,18.3337,14.6672,14.6672,14.6672,18.3337,14.6672,14.6672,429.008
1379,2021-10-11,14.6672,14.6672,227.3336,355.6669,1749.0006,5159.0013,5943.6676,5822.668,4308.3341,3575.0008,2966.3344,3014.0006,2940.6674,3124.0009,3542.0011,4059.0009,5012.3344,5276.3346,4994.0011,4224.0011,3142.3339,2152.3338,2038.667,1232.0004,74888.0189
1380,2021-10-12,436.3334,234.6672,234.6672,267.6672,1639.0008,5316.6677,5844.6684,5936.3346,4462.3343,3281.6676,3028.6674,3043.3341,3116.6674,3355.0012,3113.0004,4114.0009,5155.3346,3941.6674,4737.3344,4326.6675,3256.0009,2277.0006,2192.6668,1151.3336,74462.6856
1381,2021-10-13,223.6668,220.0,227.3336,271.3337,1628.0003,5181.0011,6031.6684,5657.6681,4477.0011,3494.3343,2790.3342,2992.0007,2838.0006,3149.6674,3274.3342,3949.0011,4997.6678,6046.3346,5419.3346,3967.3343,3142.3341,2225.6673,1958.0005,1188.0004,75350.0192
1382,2021-10-14,253.0,264.0,264.0,267.6672,1840.6672,5195.668,5874.0012,5760.3352,4557.668,3388.0012,2900.334,2871.0012,2830.6672,2918.6672,3439.334,4260.668,4807.0012,5745.668,5261.668,3674.0012,3234.0012,2350.334,1928.6672,1155.0,75042.0204
1383,2021-10-15,293.3336,333.6668,278.6669,322.6669,1569.3336,5195.6681,5859.3346,5712.6679,4147.0011,3270.6673,2911.3341,2673.0007,2962.6676,3160.6674,3325.6674,4007.6678,5100.3349,4796.0011,5148.0014,4279.0009,3223.0009,2306.3338,1895.6671,1169.6668,73942.0187
1384,2021-10-16,341.0,407.0002,348.3336,340.9999,1690.3338,5602.6678,5646.6681,4132.3341,3182.6674,2453.0005,2438.3339,2955.3342,3644.6675,3916.0012,3894.0008,3802.3343,3839.0011,3820.6677,3439.3341,3061.6672,2742.6674,2079.0003,1848.0003,1675.667,67301.6824
1385,2021-10-17,212.6667,216.3333,208.9999,223.6668,693.0003,2346.6671,2599.6674,2651.0008,2372.3338,2416.3341,2244.0006,2277.0004,2313.6673,2167.0003,2361.3341,2350.3338,2229.3338,2222.0006,2398.0006,2284.3339,2016.667,1987.3338,1580.3335,256.6668,42628.6767
1386,2021-10-18,264.0,249.3333,212.6667,245.6667,671.0001,2456.6673,2607.0006,2511.667,2350.3338,2251.3338,2141.3338,2244.0003,2277.0006,2130.3338,2207.3338,2313.6674,2273.3338,2335.6674,2372.3338,2379.667,2148.667,2119.3338,1485.0006,253.0001,42500.3425
1387,2021-10-19,260.3333,260.3334,326.3337,271.3337,1400.6671,5041.6679,5712.6679,5679.6678,4433.0009,3076.3341,3047.0009,2973.6673,2944.3344,3274.3341,3457.6673,4271.6673,5291.0011,5918.0016,5588.001,3949.0011,3245.0009,2343.0003,2156.0006,1103.6671,76024.6848
1388,2021-10-20,223.6668,234.6672,234.6672,249.3337,1613.3336,5269.001,6097.6685,5445.0013,3824.3343,2856.3341,3061.6677,3039.6674,2995.6674,3197.3341,3362.3341,3952.6674,5019.6681,6119.6681,5734.6681,3813.3341,3256.0008,2442.0009,2031.3335,1199.0003,75273.0197
1389,2021-10-21,205.3332,205.3332,220.0,264.0002,1708.6673,5364.3347,5962.0014,5364.3346,4568.6678,3252.3341,3226.6674,3083.6674,2966.3339,3278.0011,3322.0009,3967.3343,5159.001,6152.6684,5489.0013,4136.0011,3094.6677,2277.0006,2097.3338,1257.6671,76622.3525
1390,2021-10-22,242.0002,234.6672,234.6672,245.6672,1771.0005,5397.3349,5804.3351,5573.3346,4623.6676,3512.6675,2929.6673,2680.3344,2896.6674,3116.6677,3318.3342,3853.6677,5210.3346,6028.0016,5514.6682,4396.3341,3248.6679,2233.0006,1991.0006,1100.0001,76156.6884
1391,2021-10-23,282.3337,278.6672,275.0004,275.0001,1745.3336,5668.6679,6053.6682,4363.3343,3234.0006,2636.3339,2420.0006,2970.0006,3586.0011,3835.3343,3644.6676,3538.3343,3542.0006,3575.0012,3336.6673,2951.6674,2658.3342,2196.3336,1958.0003,1136.667,66161.35
1392,2021-10-24,249.3332,249.3332,249.3332,252.9999,715.0001,2244.0006,2482.3341,2482.3341,2306.3338,2196.3341,2178.0004,2141.3339,2225.6673,2207.3339,2310.0007,2383.3341,2211.0003,2313.667,2354.0005,2409.0008,2148.667,2174.3339,1584.0004,322.6669,42390.3434
1393,2021-10-25,238.3337,286.0001,399.6669,282.3333,1925.0005,5555.0011,5881.3346,5639.3346,4484.3344,3732.6676,3069.0006,3003.0007,2878.3341,3006.6673,3340.3341,4117.6673,4950.0011,5940.0014,5181.0011,4150.6676,3098.3339,2251.3338,2079.0003,1283.3336,76772.6837
1394,2021-10-26,282.3337,399.6668,278.6672,300.6667,1921.3339,5111.3344,6024.3348,5540.3346,4275.3344,3611.6674,2966.3344,2761.0009,3087.3344,3171.6674,3494.3343,4246.0009,5188.3347,5936.3346,5305.6679,3523.6676,3252.3343,2269.667,1972.6668,1155.0004,76076.0195
1395,2021-10-27,216.3333,205.3332,216.3333,242.0,1657.3336,5254.3346,6072.0014,5522.001,4770.3345,3564.0008,3153.3341,3017.6676,2805.0009,3201.0006,3527.3343,4271.6678,4821.6679,6310.3349,5452.3348,3971.0011,3479.6674,2262.3339,2119.3338,1188.0006,77300.6854
1396,2021-10-28,264.0,286.0002,278.6666,278.6666,1708.667,5294.6678,5947.3348,5866.6681,4649.3346,3476.0009,3160.6677,3098.3339,2977.3339,3230.3344,3597.0012,4260.6675,5195.6679,5962.0014,5346.0014,4011.3341,3237.6674,2350.3338,2071.6671,1100.0004,77649.0187
1397,2021-10-29,208.9999,212.6666,212.6666,223.6666,1569.3339,3853.6676,3245.0009,2676.6674,5276.3347,3369.6676,2926.0006,2995.6673,3091.0006,3193.6673,3560.3342,4249.6679,5357.0013,5177.3344,5375.3346,3696.0009,3366.0008,2464.0006,2101.0004,1136.6671,69538.3498
1398,2021-10-30,205.3332,234.6672,209.0004,216.3337,1921.3339,5122.3348,5822.6681,4286.3344,3171.6676,2702.3338,2306.3341,2944.3341,3670.3341,3919.6676,3835.3344,3787.6676,3644.6679,3666.6679,3329.3344,3039.6674,2933.3344,2148.6671,1870.0003,1059.6671,66047.6855
1399,2021-10-31,220.0,220.0,220.0,208.9999,817.6666,2310.0006,2618.0006,2431.0006,2449.3339,2269.6673,2222.0004,2174.3335,2284.3338,2310.0006,2295.3344,2269.6673,2431.0005,2442.0006,2354.0003,2563.0007,2218.3339,2093.6671,1587.6671,260.3337,43270.3434
1400,2021-11-01,260.3337,205.3332,194.3337,190.6672,700.3336,2335.6673,2445.6673,2401.6673,2372.3339,2229.3338,2280.6671,2251.3338,2295.3338,2291.6671,2258.6674,2350.3338,2379.6671,2431.0005,2379.6674,2511.6674,2152.334,2016.6671,1646.3336,253.0001,42834.0112
1401,2021-11-02,373.9999,586.6668,539.0004,216.3334,1606.0005,5291.0011,6094.0013,5694.3349,4623.6676,3670.3344,2464.0006,2031.3338,2585.0006,3300.0011,2783.0005,3791.3341,5118.6679,6446.0016,4671.3343,4550.3346,3193.6676,2273.3338,2123.0006,1250.3336,75276.685
1402,2021-11-03,282.3337,351.9999,381.3333,300.6669,1778.3335,5210.3346,6035.3348,5599.0013,4356.0011,3318.3344,2830.6677,2786.6673,2739.0009,3256.0009,3333.0009,4128.6676,5041.6678,5899.668,5357.0016,3729.0009,3193.6677,2423.6671,2009.3338,1180.667,75522.3527
1403,2021-11-04,286.0002,278.6672,278.6672,293.3336,1620.6668,5514.6679,5569.6681,5434.0013,4572.3343,3164.3344,2948.0009,2827.0006,3124.0012,3307.3339,3450.3344,3971.0009,5195.6679,5914.3348,5485.3346,3765.6678,3267.0007,2343.0006,2071.6668,1133.0003,75815.6864
1404,2021-11-05,252.9999,249.3332,252.9999,271.3332,1727.0008,5228.6679,6259.0016,5855.6679,4491.668,3248.6676,3017.6674,2889.3341,2904.0009,3171.6674,3428.3339,4114.0009,5192.0014,5184.6676,5199.3346,3600.6676,3355.0009,2365.0006,2035.0004,1074.3336,75368.3513
1405,2021-11-06,282.3332,264.0001,260.3333,278.6666,1804.0004,5569.6673,5698.0006,4070.0006,3036.0003,2328.3333,2346.6668,2918.667,3622.6671,3945.3338,3930.6672,3674.0003,3655.667,3505.3336,3846.3338,2944.3338,2772.0005,2145.0003,2192.6673,1356.6671,66447.3413
1406,2021-11-07,322.6669,549.9999,297.0,267.6672,660.0001,2431.0001,2475.0003,2563.0004,2493.3336,2196.3339,2317.3338,2218.3337,2244.0006,2313.6669,2233.0004,2262.3337,2189.0006,2335.667,2427.3335,2313.6673,2240.3336,2046.0003,1617.0004,249.3337,43263.0079
1407,2021-11-08,319.0004,847.0003,495.0001,344.6666,1774.6671,5335.0013,6156.3351,5544.0013,4686.0013,3274.3339,2973.6676,3050.6674,3006.6677,3237.6673,3516.3343,4260.6677,5228.6678,5166.3346,4447.6677,3754.6678,2988.3339,2214.6673,1815.0003,1118.3335,75555.3523
1408,2021-11-09,293.3337,330.0001,300.6666,260.3337,1466.6671,5111.3346,5569.6678,5503.6678,4407.3344,3226.6674,3028.6674,2794.0004,2772.0006,3127.6676,3355.0011,4172.6676,4906.0013,5936.3349,5228.6682,3531.0008,3384.3341,2409.0009,2104.6671,1144.0001,74363.6853
1409,2021-11-10,249.3332,252.9999,238.3337,234.6668,1628.0001,5298.3341,5918.0009,5947.334,4763.0008,3534.6671,2959.0,3168.0003,2845.3338,3142.3338,3377.0003,4095.6671,4902.3341,5518.3339,5386.3341,4147.0003,3223.0003,2262.3336,2049.6671,1173.3338,76314.3431
1410,2021-11-11,260.3333,260.3333,252.9999,249.3336,1661.0003,5122.3338,6306.6678,5929.0011,4711.6674,3388.0003,3003.0005,2992.0004,2922.3336,3278.0005,3362.3336,4169.0003,5393.6677,4818.0007,4715.3336,3828.0003,3267.0006,2310.0006,2060.6673,1224.6671,75485.6776
1411,2021-11-12,355.6669,1180.6671,803.0004,260.3333,1664.6673,5294.6676,5276.3346,5822.6679,4590.6676,2922.3341,2889.3341,2841.6674,2794.0008,3109.3341,3259.6672,4143.3344,5225.0014,6090.3349,5555.0014,3644.6678,3410.0006,2552.0009,2192.6674,1147.6668,77025.686
1412,2021-11-13,231.0001,528.0004,506.0001,264.0002,1147.6671,4524.6676,5646.6678,4323.0011,3784.001,2750.0009,2313.6671,2823.3341,3692.3341,3978.3343,3993.0009,3633.6676,3762.0011,3388.0008,3292.6674,2885.6676,2548.3339,2170.6673,1741.6671,1037.6668,64966.0164
1413,2021-11-14,84.3332,14.6672,14.6672,14.6672,14.6672,14.6672,14.6672,0.0,0.0,0.0,0.0,0.0,0.0,0.0,0.0,0.0,0.0,0.0,0.0,0.0,0.0,0.0,0.0,0.0,172.3364
1414,2021-11-15,0.0,0.0,0.0,0.0,0.0,0.0,0.0,0.0,0.0,0.0,0.0,0.0,0.0,0.0,0.0,0.0,11.0004,14.6672,14.6672,18.3337,14.6672,18.3337,14.6672,165.0001,271.3367
1415,2021-11-16,311.6668,308.0,308.0,267.6669,1595.0003,4077.3343,6009.668,5672.3346,4821.6679,3065.3344,2977.3344,2948.0009,2929.6674,3186.3339,3505.3344,4059.0006,5368.0012,5525.6679,5342.3343,4187.3344,3446.6673,2247.6673,2013.0003,1111.0003,75284.0178
1416,2021-11-17,330.0004,843.3338,561.0002,223.6666,1466.6668,4737.3344,5272.6679,6127.0014,4649.3346,3388.0009,3072.6674,3157.0008,3047.0009,3208.3344,3421.0006,4062.6679,4979.3346,4513.6679,5368.0013,4249.6675,3314.6673,2442.0003,2038.6671,1151.3336,75625.0186
1417,2021-11-18,278.6668,296.9999,293.3332,304.3334,1661.0004,5338.6679,6050.0013,5474.3349,4326.6677,3201.0009,3259.6674,3362.3342,3076.3341,3278.0008,3465.0008,4106.6673,5199.3343,6002.3346,5661.3348,4139.6676,3358.6674,2563.0006,2126.667,1100.0003,77924.0176
1418,2021-11-19,363.0004,454.6667,535.3337,484.0004,1543.6673,4623.6677,5789.6678,5683.3348,4741.0011,3322.0007,3072.6674,3362.3341,3182.6674,3267.0008,3615.3341,4323.0011,5287.3344,5760.3346,5624.6681,4026.0011,3435.6676,2449.3341,2233.0006,1272.3336,78452.0196
1419,2021-11-20,359.3334,1187.9999,1180.6668,271.3334,1312.6668,4433.0006,5602.6676,4667.667,3740.0004,2731.6671,2453.0006,2449.3336,3318.3338,3824.3338,3839.0003,3729.0005,3784.0006,3358.6671,3476.0003,2893.0003,2665.6671,2152.3335,1837.0003,1268.6671,66535.3419
1420,2021-11-21,304.3333,264.0,264.0,216.3334,579.3336,2299.0006,2390.6674,2335.6671,2346.6674,2112.0003,2181.6668,2090.0005,2225.667,2291.6673,2251.3341,2203.6668,2200.0004,2295.3338,2295.3338,2343.0006,2115.6673,2031.3335,1734.3335,333.6669,41704.6754
1421,2021-11-22,979.0006,1437.3333,1246.6671,286.0002,1635.3336,5162.6683,6035.3348,5690.6681,3531.0012,3351.3344,2621.6671,3087.3341,2834.3341,3164.3339,3318.3344,4040.6679,5140.6681,4880.3344,4440.3343,3663.0011,3582.3341,2493.3338,2218.3341,1180.6671,76021.0201
1422,2021-11-23,344.6667,1283.3338,575.6669,271.3336,1573.0003,4909.6681,5940.0013,5555.0014,4704.3346,3160.6674,3021.3341,3036.0009,2878.3339,3043.3341,3164.3342,3853.6675,5078.3343,5767.6682,4939.0011,3908.6676,3142.3341,2416.3341,1961.6668,1232.0,75760.685
1423,2021-11-24,330.0002,777.3336,836.0003,256.6672,1096.3338,3923.3342,4928.0011,5628.3346,4719.0011,3146.0006,2995.6674,3164.3342,2882.0009,3223.0009,3619.0011,4143.3343,5071.0012,5914.3349,5195.6679,3806.0009,3351.3344,2277.0008,2038.6668,1305.3336,74627.686
1424,2021-11-25,377.6669,1283.3338,909.3336,260.3334,1521.6671,5063.6679,6046.3349,5489.0011,4821.6676,3223.0008,2845.3342,3054.3344,2962.6677,3083.6673,3483.3344,4238.6675,5067.3346,5650.3349,5298.3345,3527.3344,3256.0009,2434.6676,2060.6673,1166.0001,77124.6869
1425,2021-11-26,451.0002,1738.0004,1191.6669,252.9999,1653.6668,4059.0013,5712.6681,5606.3346,4323.0009,3303.6676,3138.6676,3098.3339,3065.3342,3226.6674,3476.0008,3846.3346,5445.0014,6086.6681,5254.3346,4546.6676,3919.6676,2673.0009,2211.0006,1147.6666,79427.3526
1426,2021-11-27,285.9999,289.6666,256.6666,282.3336,1606.0006,5294.6679,5309.3349,4224.0011,3380.6676,2537.3335,2372.3341,2838.0008,3465.0011,3593.3343,3945.3343,3883.0011,3732.6676,3604.3343,3630.0011,3212.0009,2819.6674,2211.0004,2060.6671,1166.0003,66000.0171
1427,2021-11-28,297.0004,1067.0003,1389.667,1155.0003,1056.0004,1188.0006,2673.0006,2592.3341,2434.6671,2376.0006,2427.3339,2489.6671,2445.6676,2464.0006,2383.3342,2401.6674,2328.3338,2537.3339,2530.0003,2412.6673,2438.3339,2405.3344,1606.0004,216.3334,47314.6796
1428,2021-11-29,208.9999,205.3332,205.3332,230.9999,1466.6671,4763.0011,5811.6681,6222.3349,5173.6679,4202.0011,2431.0006,3105.6673,3307.3342,3201.0006,3278.0008,4704.334,5852.0014,5962.0016,4191.0009,4422.0011,3692.3343,2889.334,3157.0011,1426.3338,80109.3521
1429,2021-11-30,275.0,194.3334,190.6666,223.6667,1360.3336,4348.6676,5745.668,5921.6681,5822.6681,4180.0013,3281.6673,3135.0009,2973.6674,3193.6673,3124.0011,4425.6673,5698.0016,6024.3349,5837.3349,4378.0013,3875.6676,3201.0009,2926.0007,1690.3339,82027.0205
1430,2021-12-01,337.3334,509.6666,330.0001,238.3333,1419.0006,3765.6678,4946.3344,6167.3348,5016.0013,3703.3341,3600.6673,3490.6675,3270.6676,3380.6674,3560.3341,4191.0009,4979.3346,6090.3346,5580.6681,3890.3344,4187.3341,3296.3341,2695.0008,1547.3336,80193.6855
1431,2021-12-02,227.3332,198.0002,205.3332,212.6667,1430.0,4858.3339,4994.0006,6006.0009,4561.3338,3094.6673,3490.6671,3193.6671,3270.6671,3259.6671,3395.3336,4359.6673,5166.3341,5797.0006,5940.0005,3681.3341,3182.6668,3413.6671,3153.3338,1404.3336,78496.0097
1432,2021-12-03,231.0004,220.0,220.0,234.6668,1811.3338,4502.6679,5225.0013,5591.6681,3941.6676,3292.6674,3245.0009,3102.0006,3263.3339,2838.0008,3358.6676,4154.3346,5331.3345,6094.0013,5500.0013,4700.6675,3681.3344,3061.6676,3061.6676,1587.6673,78250.3532
1433,2021-12-04,315.3333,220.0,220.0,242.0001,1584.0003,4202.0008,5368.0014,5723.6681,4018.6673,3630.0008,3083.6673,3373.3342,3534.6676,3872.0009,4165.3344,3974.6676,3919.6676,4191.0011,4073.6676,3454.001,3120.3339,3248.6676,3248.6676,1730.6672,74514.0177
1434,2021-12-05,205.3332,205.3332,205.3332,205.3332,480.3334,1807.6673,2929.6673,2739.0003,2643.6674,2332.0009,2394.334,2453.0006,2471.3339,2541.0006,2456.6668,2500.6671,2284.3338,2361.3341,2563.0006,2427.3339,2376.0006,2258.6673,1672.0003,216.3333,44729.6763
1435,2021-12-06,209.0001,220.0,220.0,223.6669,1694.0003,4473.3343,5397.3348,6075.6683,4458.6676,3864.6677,3443.0009,2581.3341,3292.6674,3358.6676,3395.3342,4480.6678,5569.6678,5555.0011,5712.6681,4400.0011,3047.0008,3179.0008,3197.3341,1455.6673,79504.3531
1436,2021-12-07,249.3334,216.3333,238.3334,253.0001,1701.3341,4741.0011,5522.0016,5936.3348,4499.001,3318.334,3747.3344,3373.3341,3600.6676,3435.6676,3340.3343,3963.6676,5096.6679,5793.3351,5100.3346,4143.3343,3516.3341,3175.3341,3358.6676,1470.3336,79790.3537
1437,2021-12-08,220.0,220.0,220.0,220.0,821.3339,2192.6673,2610.667,2449.3341,2427.3338,2306.3338,2486.0003,2500.6671,2427.3341,2409.0006,2559.3338,2383.334,2486.0003,2757.3339,2603.3341,2794.0009,2379.6671,2317.3338,1884.6671,227.3332,45903.0102
1438,2021-12-09,205.3332,198.0002,190.6672,230.9999,1983.6671,4411.001,6262.6679,5654.0014,4334.0013,3131.3341,3355.0011,3652.0008,3318.3341,3597.0009,3527.334,4253.3341,5137.0011,5808.0014,5602.6681,4128.6675,3461.3344,3153.3344,2981.0009,1756.3336,80333.0197
1439,2021-12-10,242.0004,220.0,220.0,242.0001,2005.6672,4502.6679,5727.3348,5599.0014,4572.3346,3138.6677,2973.6676,3369.6674,3388.0007,3061.6674,3344.0008,4198.3343,4902.3344,5716.3345,5551.3348,5225.0013,4286.3343,3307.3342,2687.6673,1503.3339,79984.687
1440,2021-12-11,249.3337,238.3337,242.0002,253.0002,1661.0006,4935.3346,5401.0014,4638.3343,3934.3344,3388.0009,3270.6677,3292.6676,3604.3344,4191.0013,4242.3343,3908.6676,4073.6678,3703.3341,3545.6676,3296.3341,3421.0011,3190.0009,3164.3339,1844.3339,73689.0203
1441,2021-12-12,535.3334,190.6672,212.6672,711.3336,1133.0006,3732.6677,4477.0008,4304.6675,4070.0008,3828.0009,3985.6674,3890.3341,3974.6678,4033.3343,4235.001,4414.6678,4777.6681,4803.3344,4814.3346,4381.6678,4286.3341,2819.6676,2992.0006,2053.3338,78657.3531
1442,2021-12-13,597.6668,220.0,253.0001,271.3334,1767.3339,4330.3344,5617.3348,5558.6678,4477.0013,2926.0009,3300.0009,3263.3341,3281.6674,3241.3341,3351.3341,4370.6676,5463.3345,5412.0014,5705.3346,4158.0011,3996.6676,3380.6674,3237.6676,1708.6672,79889.353
1443,2021-12-14,227.3333,220.0,223.6668,253.0004,1485.0003,4557.6679,5390.0011,5287.3346,4378.0011,3322.0007,3223.0009,3256.0008,3050.6673,3032.3341,3256.0009,3982.0011,4385.3346,5921.6681,5382.6681,4572.3343,3652.0009,3160.6674,2882.0009,1587.6668,76688.3524
1444,2021-12-15,220.0,172.3332,161.3332,238.3334,1796.6673,4128.6678,4785.0011,4704.3344,4315.6676,3428.3343,3182.6674,3245.0006,3259.6674,3164.3341,3366.0009,4077.3346,5173.6681,4832.6679,5430.3348,4506.3346,3344.0009,3325.6674,2893.0009,1496.0003,75247.3522
1445,2021-12-16,252.9999,333.6667,429.0001,256.6668,1712.3336,5144.3348,5727.3348,5492.6679,4092.0011,3476.0011,3006.6676,3201.0012,3292.6674,3369.6674,3256.0009,4367.001,4858.3343,5569.6679,5808.0016,4308.3343,3787.6678,3270.6673,3179.0008,1716.0004,79907.6867
1446,2021-12-17,245.6667,249.3336,256.6668,242.0004,1793.0004,4686.0013,5129.6676,5426.6678,4249.6675,2874.6673,3369.6676,3047.0006,3091.0012,3373.334,3138.6674,4400.0013,5096.6681,5404.6681,5052.6679,3853.6676,3626.3344,3432.0008,3138.6674,1532.6671,76710.3529
1447,2021-12-18,220.0,216.3333,212.6666,245.6668,1793.0003,4106.6676,5316.6678,5742.0016,3655.6676,3494.3341,3083.6674,3333.0009,3494.3344,4143.3343,3747.3344,3644.6679,4220.3343,3930.6676,3699.6673,3241.3341,3344.0005,2999.3342,3138.6677,2460.3336,73483.6843
1448,2021-12-19,1573.0003,253.0001,220.0,220.0,652.6669,2310.0003,2515.3341,2467.6674,2588.6671,2372.3341,2295.3335,2511.6674,2746.3338,2691.3342,2537.3341,2647.3338,2900.3341,2951.6674,2871.0006,2896.6676,2563.0006,2423.6671,1745.3338,245.6669,49199.3452
1449,2021-12-20,212.6666,205.3332,205.3332,219.9999,1683.0006,4521.0011,5529.3343,5228.6676,3721.6674,3142.3341,2559.3339,3201.0006,3146.0008,3087.3341,3256.0009,4433.0011,5518.3347,4961.0013,5177.3346,3890.3346,3061.6677,2966.3341,2973.6676,1749.0006,74649.6846
1450,2021-12-21,220.0,216.3333,212.6666,234.6668,1892.0006,4810.6679,5503.6681,5496.3346,4711.6676,3622.6676,3087.3341,3325.6673,3274.334,3094.6674,3109.3341,4356.0011,5078.3343,6288.3348,5324.0011,4315.6678,3351.3343,3124.0012,3102.0007,1789.3338,79541.0191
1451,2021-12-22,238.3337,223.6668,231.0004,256.6666,1804.0006,5155.3346,5419.3343,4961.0013,4033.3346,3094.6674,3270.6677,2999.3344,3336.6673,3413.6674,3135.0006,4121.3345,5371.6681,5764.0011,5265.3346,4385.3343,3032.3342,3197.3344,2959.0007,1727.0004,77396.02
1452,2021-12-23,234.6672,234.6672,231.0004,238.3336,1668.3338,4253.334,5445.0014,5258.0011,4491.6678,3226.6676,3197.3341,2915.0006,2999.3344,2786.6673,3054.3341,4378.0011,4902.3346,4748.3347,4572.3343,4425.6679,3281.6677,3179.0006,3116.6674,1591.3336,74429.6865
1453,2021-12-24,238.3337,245.6667,234.6669,238.3336,1668.3338,4972.0014,5452.3346,5151.6678,3901.3341,3230.3344,3050.6676,3149.6677,3219.334,3146.0006,3417.3339,3952.6676,3839.0011,3806.0012,3604.3343,3366.0009,2372.3341,2167.0003,1268.6671,432.6669,66124.6843
1454,2021-12-25,234.6672,223.6668,223.6668,216.3333,586.6669,2225.6674,2405.3339,2119.3338,1906.6673,2159.667,1910.3335,2093.6673,2079.0005,2075.3338,2145.0004,2486.0008,2229.3335,2416.3341,2548.3339,2412.6673,2394.3338,2310.0006,1804.0005,227.3333,41433.3437
1455,2021-12-26,201.6667,216.3333,208.9999,208.9999,638.0003,2159.6674,2588.6674,2500.6671,2306.3338,2016.667,2038.6668,2086.3339,2079.0003,1943.3338,2266.0006,2229.3338,2064.3338,2497.0006,2365.0003,2482.3344,2273.3338,2497.0004,1774.6673,245.6666,41888.0092
1456,2021-12-27,205.3332,205.3332,205.3332,230.9999,1547.3338,4719.0009,5173.6678,5305.6681,3784.0009,3252.3341,2984.6674,3395.3341,3388.0011,3292.6677,3329.3342,4011.3341,5584.3347,5624.6679,5492.6676,4282.6679,3333.0009,3032.3341,2434.667,1411.6668,76226.3506
1457,2021-12-28,568.3334,619.6671,458.3336,539.0003,1349.3338,4275.3344,5947.3348,4957.3346,3857.3343,3465.0011,3333.0006,3476.0009,3490.6677,3296.3341,3314.6676,5173.6679,5357.001,5148.0011,5815.3346,4381.6675,3325.6677,3168.0006,2717.0006,1584.0003,79618.0196
1458,2021-12-29,396.0001,462.0001,245.6667,476.6669,1848.0006,5232.3349,5364.3346,5639.3348,3457.6676,3443.0008,3417.3341,3487.0007,3300.0009,3256.0009,3329.3341,4759.3346,5232.3346,5415.6682,5584.3349,4422.0008,3542.0011,3157.0007,2588.6673,1279.6671,79335.6871
1459,2021-12-30,223.6668,231.0001,220.0,223.6668,1796.6668,5067.3345,5375.3348,5987.6679,4271.6676,3402.6677,3340.3341,3516.3346,3391.6677,3278.0009,3391.6676,4466.0008,4979.3343,5280.0011,5206.6678,4484.3345,3340.3342,3204.6676,2541.0006,1367.6668,78587.6856
1460,2021-12-31,212.6666,201.6667,205.3332,219.9999,1727.0006,5342.3344,4788.6681,3560.3344,3325.6674,2827.0006,3120.3341,2933.3341,3432.0006,3164.334,3281.6676,3153.3339,3149.6677,3278.0008,3021.3341,2951.6677,2860.0009,2401.6672,1356.6671,238.3337,60753.0154
1461,2022-01-01,201.6672,190.6672,194.3337,205.3337,583.0004,2350.3341,2621.6674,2423.6673,2244.0006,2156.0006,2233.0003,2401.6673,2229.3338,2332.0005,2145.0006,2156.0003,2159.6673,2354.0007,2328.3341,2511.667,2423.6674,2313.6674,1866.334,223.6669,42848.6798
1462,2022-01-02,227.3336,220.0,212.6666,216.3333,645.3336,2306.3342,2438.3338,2218.3339,2159.6671,2203.6671,2233.0003,2211.0005,2086.3338,2533.6674,2731.6677,2497.0006,2409.0009,2753.667,2695.0007,3014.0009,2687.6673,2585.0009,1782.0003,201.6669,45268.6784
1463,2022-01-03,179.6668,190.6672,190.6672,212.6672,1547.3339,5573.3345,4997.6679,5962.0016,3908.6676,3263.3338,3307.3341,3164.3341,3072.6677,3384.3343,3417.3344,4887.6678,4279.0009,5320.3346,5734.6679,4370.6673,3688.6676,2962.6674,2676.6674,1426.3335,77718.6867
1464,2022-01-04,220.0,220.0,220.0,234.6668,1716.0003,5701.668,5232.3344,4979.3343,3732.6674,3769.3341,3490.6676,3223.0006,3226.6673,3604.3341,3428.3343,4264.3343,5467.0009,5437.6681,5140.6678,4271.6676,3142.3341,2988.3338,2368.6671,1151.3338,77231.0167
1465,2022-01-05,296.9999,293.3332,293.3332,267.6669,1708.6671,4535.6668,5342.3338,4968.3341,3901.3338,3362.3339,3439.3338,3186.3338,3395.3338,3681.3338,3395.3336,4818.0008,5485.3339,5404.6673,5412.0005,4125.0005,3146.0,2959.0006,2442.0003,1496.0001,77355.6755
1466,2022-01-06,212.6666,205.3332,208.9999,227.3333,1848.0003,5650.3341,5243.3339,4521.0006,3263.3336,3237.6671,3153.3339,3171.6671,3116.667,3391.667,3410.0006,4752.0004,3608.0007,2299.0003,4535.6668,3593.3336,3193.6672,3032.3338,2350.3338,1257.6671,69483.3419
1467,2022-01-07,333.6669,366.6669,264.0,245.6669,1672.0004,5001.3346,4961.0016,4821.6676,4114.0011,3571.3344,3226.6674,3362.3341,3578.6678,3402.6674,3388.0006,4631.0011,5628.3349,4961.0014,5628.3345,4616.3343,3560.3341,3193.6675,2456.6671,1301.6669,78287.0195
1468,2022-01-08,256.6666,249.3334,234.6672,374.0004,1903.0006,5247.0013,3971.0011,3032.3341,3131.3341,2101.0005,2383.3335,3047.0008,3358.6676,3380.6674,4198.3343,4334.0008,4451.3343,3575.0008,2827.0008,2530.0009,2434.6671,2189.0006,2273.3339,1580.3338,63063.0159
1469,2022-01-09,311.6672,297.0002,242.0002,242.0002,667.3337,2280.667,2629.0004,2500.6668,2394.3336,2500.6669,2453.0003,2236.6668,2339.3338,2134.0003,2508.0003,2475.0004,2456.6671,2394.3338,2522.6668,2163.3338,2031.3335,2203.6671,1807.6669,209.0002,44000.0073
1470,2022-01-10,190.6672,194.3337,198.0002,190.6672,583.0003,2368.6674,2618.0006,2636.3342,2548.3339,2357.6673,2207.334,2306.3339,2075.3339,2240.3336,2343.0006,2504.3339,2335.6668,2526.3341,2563.0006,2541.0006,2211.0006,2174.3338,1818.6668,282.3333,44014.6785
1471,2022-01-11,227.3336,223.6668,220.0,231.0,1763.6673,4950.0011,5441.3346,5998.6681,4341.3344,3872.0009,3498.0011,3344.0006,3355.0007,3435.6676,3241.3343,4524.6676,5269.0014,5756.6681,5764.0013,4147.0013,3234.0009,2959.0009,2313.6671,1261.3336,79372.3533
1472,2022-01-12,293.3336,333.6667,322.6669,297.0001,1661.0005,5434.0011,5522.0014,6035.3349,4051.6677,3446.6676,3175.3341,3208.3341,3344.0011,3362.3341,3402.6676,4803.3343,5346.0011,5492.6681,5239.6681,4224.0008,3248.6676,2951.6673,2401.6674,1400.6668,78998.353
1473,2022-01-13,524.3337,539.0002,583.0003,253.0004,1576.6673,5192.0011,6475.3348,5606.3349,4906.0011,3450.3344,3296.3341,3175.3342,3061.6677,3149.6674,3241.3343,4286.3344,4722.6676,6042.6683,5276.3346,3615.3343,3406.3343,3094.6674,2335.6672,1397.0001,79207.3541
1474,2022-01-14,264.0,249.3332,256.6666,231.0001,1639.0004,5797.0016,6248.0014,6171.0013,4451.3344,3333.0012,3391.6676,3102.0009,3186.3339,3336.6674,3025.0007,4803.3344,5492.6681,6031.6684,5441.3345,4766.6679,3578.6676,3091.0009,2390.6672,1455.6671,81733.6868
1475,2022-01-15,249.3332,267.6669,271.3336,260.3334,1859.0004,5965.6681,5126.0013,5789.6679,3941.6679,3248.6677,3135.0009,3406.3341,3479.6675,3450.3344,4590.6681,4502.6678,4458.6676,4719.0012,4506.3343,3534.6676,3014.0009,2460.334,2442.0006,1485.0003,76164.0197
1476,2022-01-16,289.6669,278.6672,267.6668,238.3333,583.0001,2321.0006,2665.6673,2541.0007,2794.0009,2409.0006,2522.6673,2618.0009,2596.0003,2453.0006,2621.6673,2647.3341,2676.6676,2849.0009,2647.3341,2702.3338,2673.0004,2467.6672,1774.6668,403.3334,48040.6791
1477,2022-01-17,256.6667,476.6669,539.0001,359.3336,1617.0007,5698.0011,5646.6678,5353.3346,3692.3341,3982.0008,3193.6674,3303.6677,3432.0012,3428.3343,3538.3343,4517.3344,4818.0011,5419.3348,5698.0015,4121.3343,3692.3341,3061.6676,2339.3338,1301.6671,79486.02
1478,2022-01-18,271.3334,245.6667,242.0002,264.0002,1862.6671,5195.6678,6083.0011,5397.3349,4242.3343,3597.0008,3157.0011,3259.6674,3292.6676,3087.334,3289.0009,4425.6676,5522.0016,5327.6678,5654.001,4227.6676,3516.3344,3223.0009,2427.3338,1367.6668,79178.019
1479,2022-01-19,1312.6671,1470.3338,1301.667,341.0001,1782.0006,5357.0013,5679.6676,5489.0014,4429.3341,3531.0008,3179.0009,3344.0006,3270.6677,3454.0011,3303.6676,5078.3347,5137.0014,5514.6681,5192.0014,4084.6678,2926.0006,2966.3344,2332.0008,1261.3336,81737.3545
1480,2022-01-20,238.3337,234.6672,234.6672,260.3337,1683.0006,5445.0014,5936.3346,5775.0014,4345.001,3512.6678,3278.0009,3259.6674,3344.0006,3289.0009,3182.6674,5049.0011,5470.6678,5760.3349,4319.3346,3630.0011,3131.3341,2841.6677,2489.6673,1353.0004,78063.3548
1481,2022-01-21,799.3334,1426.3338,1074.3333,770.0004,1562.0001,5448.6678,5760.3348,4202.0014,4722.6679,3388.0011,3113.0009,3351.3341,3113.0006,3094.6672,3307.3344,5320.3346,5848.3349,5511.0014,5753.0017,3945.3344,3498.0009,3153.3339,2544.6677,1551.0003,82258.021
1482,2022-01-22,883.6671,1283.3338,1763.6671,531.6669,1895.6673,5742.0013,5764.0016,5621.0014,4286.3342,3135.0006,3263.3342,3087.3341,3300.0008,3127.6675,4231.3343,4367.001,4986.6678,4176.3341,4942.6678,3817.0011,3047.0007,2467.6672,2251.3339,1349.3336,79321.0194
1483,2022-01-23,319.0001,604.9999,627.0002,715.0004,1492.3338,4026.0009,4121.3341,3971.001,3963.6677,4132.3341,4183.6677,4191.0009,4301.0008,4488.0013,4444.001,4458.6678,4396.3343,4447.6675,4506.3343,4513.6676,3996.6678,3714.3341,3193.6674,869.0003,79676.685
1484,2022-01-24,561.0001,190.6672,183.3336,209.0002,1881.0003,5745.6681,6185.6681,5265.3344,4876.6676,3406.3341,3197.3341,3296.3343,3333.0009,3509.0008,3230.3341,5162.6678,5368.0014,5767.6681,5555.0016,4066.3343,3058.0009,2929.6677,2343.0006,1331.0004,80652.0207
1485,2022-01-25,238.3337,205.3332,198.0002,219.9999,1719.6671,5492.6678,5701.6679,5793.3346,4414.6678,3582.3343,3501.6677,3311.0012,3146.0009,3127.6674,3307.3341,4968.3348,5104.0011,5474.3348,5775.0016,4158.0011,3212.0006,3058.0009,2159.6671,1265.0004,79134.0202
1486,2022-01-26,282.3336,260.3333,212.6666,245.6668,1829.6672,5254.3347,6017.0014,6086.6681,4000.3341,3058.0009,3193.6676,3208.334,3234.0012,3256.0009,3267.0007,5005.0013,5643.0013,5881.3346,5712.6681,3842.6676,3259.6676,2988.3341,2438.3339,1283.3336,79460.3532
1487,2022-01-27,190.6666,172.3333,209.0,260.3333,1822.3338,5742.0013,6299.3351,6325.0016,3718.0011,3637.3344,3014.0008,3296.3341,3241.3342,3399.0009,3241.334,5331.3348,5694.3346,5855.6682,5679.6679,4807.0011,3197.3341,2915.0008,2214.667,1144.0003,81407.3533
1488,2022-01-28,179.6667,157.6667,197.9999,231.0001,1763.6671,5272.6681,5892.335,6145.3346,3886.6676,3589.6679,3201.0008,3223.0011,3267.0008,3802.3343,5287.3349,5448.6681,5551.3343,5866.6681,5657.6678,4455.001,3362.3341,2922.3341,2493.3339,1320.0004,83174.6874
1489,2022-01-29,264.0,260.3333,245.6669,231.0001,1848.0007,5456.0013,5456.001,5540.3349,3894.0009,3619.0008,3560.3341,3270.6676,3362.3342,3498.0008,4480.6679,4293.6678,4781.3344,4422.0009,4689.6679,3776.6676,3054.3341,2618.0006,2416.3339,1386.0003,76424.352
1490,2022-01-30,260.3333,264.0,256.6666,242.0002,531.6667,2625.3342,2845.3339,2596.0009,2350.3335,2728.0008,2669.3338,2632.6674,2460.334,2805.0006,2797.6677,2629.0006,2926.0009,2805.0007,2860.0008,2651.0006,2603.3341,2552.0006,1965.3335,256.6667,49313.0121
1491,2022-01-31,201.6667,194.3337,194.3337,216.3337,1525.3338,5657.6681,5885.0015,5580.6683,2141.3338,3270.6673,3109.3339,3340.3342,3417.3344,3424.6674,3582.3343,5093.0011,5474.3346,5690.6679,5903.3346,4766.6678,3523.6676,3043.3341,2566.6673,1272.3336,79075.3534
1492,2022-02-01,205.3332,205.3332,249.3333,275.0002,1558.3339,4539.3347,6119.6681,5826.3346,4227.6676,3824.3343,3333.0009,3318.3344,3182.6673,3252.3343,3347.6676,5060.0009,5833.6681,5943.6681,5159.0013,4887.6678,3043.3341,3021.3341,2332.0003,1433.6671,80179.0194
1493,2022-02-02,491.3333,678.3336,696.6668,579.3335,1983.667,5558.6678,5852.0016,6160.0013,3776.6676,3410.0011,3263.3341,3443.0008,3336.6676,3666.6676,3553.0009,5316.6683,5456.0014,6075.6684,5723.6682,4491.6678,3256.0012,3061.6673,2412.667,1426.3335,83669.6877
1494,2022-02-03,260.3334,278.6672,271.3336,289.6666,1884.6671,5771.3349,5899.6683,5991.3346,4180.001,3028.6674,2563.0004,2614.3339,2684.0007,2735.3338,2863.6673,5096.6681,5734.6678,5415.6679,4260.6676,4286.3344,3901.3341,3120.3342,2640.0006,1492.3339,77264.0188
1495,2022-02-04,234.6668,220.0,220.0,267.6669,1745.3341,5668.6682,5632.0011,5885.0013,4429.3344,3714.3343,3175.3341,3278.0006,3439.3341,3391.6676,3281.6672,4884.0013,5511.0011,5239.6678,5309.3344,3725.3341,3472.3344,3138.6676,2434.6673,1378.6671,79676.6858
1496,2022-02-05,168.6667,161.3332,161.3332,231.0002,1837.0006,5613.6678,5067.3347,5397.3343,4352.3347,3718.0008,3652.0009,3644.6676,3780.3343,3736.3344,4594.3346,4719.0008,4693.3341,4653.0011,4744.6678,4117.6676,3036.0007,2460.3339,2654.6673,1569.3338,78763.6851
1497,2022-02-06,1026.6671,1257.6671,902.0004,212.6666,799.3339,2552.0006,2805.0009,2724.3342,2797.6674,2742.6674,2592.3338,2753.6674,2687.6673,2878.3341,2797.6674,2673.0009,2750.0009,2812.334,2878.3341,2830.6671,2702.3338,2643.6674,1965.3339,275.0001,53060.3478
1498,2022-02-07,396.0004,1265.0006,1015.6673,440.0003,1668.3338,5272.6676,5423.0011,6031.6681,3802.3344,3637.3342,3410.0009,3432.0011,3461.3341,3681.3341,3175.3342,4961.0011,5426.6682,5478.0011,5580.6679,4598.0011,3560.3344,3120.3339,2310.0006,1323.6671,82470.6876
1499,2022-02-08,986.3336,1092.667,399.6669,443.6667,1488.6671,4785.0012,5617.3349,6053.6681,3901.3343,3336.6674,3424.6676,3369.6671,3362.3341,3443.0009,3468.6676,4913.3343,5621.0013,5654.0014,5536.6681,4781.3345,3699.6676,3179.0009,2416.334,1331.0003,82305.6869
1500,2022-02-09,740.6668,927.6669,1041.334,491.3336,1679.3336,5958.3349,5478.0008,5613.6681,4748.3346,3498.0008,3248.6677,3347.6674,3399.0009,3509.0008,3252.3341,4829.001,5518.3346,5555.0014,5804.3346,4462.3346,3347.6674,3043.3341,2445.6674,1312.6673,83251.6874
1501,2022-02-10,252.9999,212.6666,230.9999,220.0001,1503.3338,5866.6682,5258.0011,6068.3352,4385.3341,3487.0009,3509.0011,3663.0008,3564.0011,3714.3341,3736.3344,5181.0013,5745.6684,6024.3345,5778.6681,4275.3344,3094.6677,2493.3339,2343.0006,1246.667,81854.6872
1502,2022-02-11,164.9999,161.3332,161.3332,208.9999,1485.0003,5214.0013,5489.0011,5518.3346,4429.3341,3637.3341,3619.0009,3241.3344,3472.3341,3494.3339,2761.0006,2658.3341,4436.6678,5595.3346,5390.0012,4378.001,3560.3341,3201.0008,2684.0009,1437.3336,76398.6837
1503,2022-02-12,201.6666,161.3332,161.3332,201.6668,1624.3339,5577.0016,5415.6679,5093.0011,4385.3346,3289.0006,3212.0008,3369.6674,3776.6676,3542.001,4407.3344,4103.0008,4645.6679,4092.0011,4290.0011,3490.6674,3076.3339,2412.667,2211.0005,1415.3338,74154.6842
1504,2022-02-13,165.0,154.0,154.0,157.6672,495.0,2577.6672,2596.0012,2768.334,2574.0012,2438.334,2654.6672,2361.334,2713.334,2654.6672,2680.334,2647.334,2607.0012,2005.6672,2511.6672,2654.6672,2555.6672,2405.334,1928.6672,209.0,46669.3464
1505,2022-02-14,161.3332,161.3332,161.3332,197.9999,1782.0003,5511.0015,5775.0013,3971.0008,3421.0011,3377.0006,3674.0008,3164.334,3267.0008,3377.0008,3212.0012,4752.0011,5654.0016,5877.6681,5430.3346,4913.3346,3516.3343,2962.6674,2442.0006,1360.3336,78122.0186
1506,2022-02-15,164.9999,154.0002,161.3332,190.6666,1690.3334,5192.0004,5327.6671,5551.3338,4022.3338,3465.0006,3193.6671,3641.0004,3153.3335,3769.3338,3399.0006,4950.0003,5485.3338,5760.334,5430.3339,4282.667,3325.6668,3120.3338,2464.0003,1345.6671,79240.3414
1507,2022-02-16,326.3333,319.0001,278.6666,267.6667,1954.3341,5617.3348,5943.6683,5060.0016,4557.6678,3787.6678,3446.6676,3267.0009,3113.0006,3685.0011,3710.6676,4887.6678,5595.3346,5492.6678,4374.3344,4059.0009,3538.3345,3248.6676,2335.6671,1540.0003,80406.3539
1508,2022-02-17,220.0004,205.3332,205.3332,293.3334,1815.0006,5448.6683,5720.0014,5353.3349,4125.001,3560.3341,3303.6674,3263.3341,3446.6673,3472.3343,3307.3341,5129.6679,5342.3346,6028.0016,5030.6679,4352.3343,3479.6674,2856.3339,2409.0006,1283.3338,79651.0197
1509,2022-02-18,971.6671,803.0003,396.0001,245.6669,1760.0006,5540.3347,5595.3345,5995.0016,4293.6678,3802.3344,3362.3341,3358.6674,3329.3339,3421.0011,3410.0011,4733.6676,5082.0013,5540.3349,5137.0014,4253.3346,3531.0011,2937.0009,2376.0005,1342.0006,81216.6885
1510,2022-02-19,278.6669,304.3333,304.3334,322.6668,1899.3339,5687.0013,5470.6684,5478.0013,3934.3343,3329.3341,3017.6677,3219.3339,3520.0012,4268.0009,4983.0011,4836.3346,4605.3343,4587.0008,4165.3346,3622.6678,3065.3341,2478.6674,2401.6674,1529.0001,77308.0196
1511,2022-02-20,220.0,220.0,220.0,223.6668,583.0003,2541.0006,2772.0006,2515.3338,2552.0003,2603.3342,2394.3341,2504.3341,2742.6674,2453.0006,2508.0006,2570.3342,2665.6674,2797.6676,2647.3341,2808.6674,2460.3341,2423.6674,1903.0004,293.3337,47622.6797
1512,2022-02-21,205.3332,205.3332,205.3332,209.0002,1782.0003,4638.3343,5672.3348,5166.3343,4587.0011,3160.6674,3109.3342,3116.6674,3278.0009,3417.3341,3516.3342,4986.6678,5591.668,5676.0013,4895.0014,4301.0009,3318.3343,3186.3341,2453.0009,1232.0004,77909.3519
1513,2022-02-22,205.3332,205.3332,208.9999,234.6667,1936.0006,5808.0014,5921.6683,5452.3346,4869.3345,3670.3344,3527.3344,3626.3341,3773.0011,3703.3344,3545.6673,5177.3346,5896.0011,5569.6681,5089.3345,4271.6676,3439.3344,3190.0009,2416.3341,1580.3338,83317.6872
1514,2022-02-23,253.0001,234.6669,190.6672,205.3337,1991.0006,5555.0014,5826.3346,5463.3344,4880.3343,3560.3344,3655.6673,3329.3339,3314.6677,3454.0009,3479.6677,5261.6678,4627.3344,5265.3349,5855.6681,4392.6676,3395.3341,3091.0007,2434.6671,1228.3336,80945.3534
1515,2022-02-24,227.3333,212.6666,212.6666,249.3333,2093.6671,5705.3349,5797.0014,5661.3346,4389.0011,3523.6676,3461.3344,3443.0008,3424.6674,3358.6677,3457.6677,5082.0014,5463.3346,5591.6679,5357.0014,4774.0011,3494.3344,3120.3341,2607.0006,1254.0004,81961.0204
1516,2022-02-25,660.0003,1001.0005,707.6669,282.3333,1752.6671,5368.0014,5742.0014,5646.6681,3989.3344,3461.3341,3325.6676,3197.3344,3201.0009,3424.6676,3351.3344,4572.334,5096.6682,4532.0008,5632.0014,4268.0012,3274.3341,3395.3341,2530.0003,1345.6673,79757.3538
1517,2022-02-26,242.0002,238.3337,234.6672,245.6669,1899.334,5104.0011,5778.6681,4953.6679,4246.0006,3296.3342,3204.6674,3274.3344,3369.6676,4128.6676,4429.3346,4517.3343,4587.0006,4576.0014,4348.6678,3751.0011,2761.0006,2629.0006,2387.0006,1518.0006,75720.3531
1518,2022-02-27,231.0001,264.0001,267.6668,264.0,784.6668,2577.6674,2874.6674,2768.3339,2746.3341,2427.3341,2559.3342,2530.0008,2526.3336,2482.3341,2533.6674,2460.3341,2691.334,2636.3341,2610.6674,2706.0008,2687.6674,2383.3342,1925.0006,278.6666,48216.68
1519,2022-02-28,216.3333,205.3332,205.3332,256.6668,1855.3338,5148.0013,4744.6676,5731.0013,4704.3347,3501.6676,3443.0009,3388.0011,3303.6677,3373.3342,3322.0009,4788.6678,5316.6679,5786.0014,5327.6681,4444.0011,3795.0008,3087.3342,2471.3338,1287.0004,79702.3531
1520,2022-03-01,260.3337,234.6672,227.3336,223.6667,1712.3339,5331.3346,5635.6681,5540.3347,4451.3346,3556.6676,3505.3343,3626.3341,3241.3341,3626.3345,3512.6676,4554.0011,5448.6681,5426.6678,5448.6678,4913.3346,3945.3343,3256.0009,2570.3339,1617.0006,81865.6884
1521,2022-03-02,253.0,220.0,220.0,231.0001,1705.0003,5206.6678,5239.6682,5408.3346,4290.0011,3509.0008,3380.6674,3468.6676,3380.6677,3421.0009,3545.6677,4902.3346,5313.0014,5643.0013,5434.0008,4715.3346,3468.6676,3454.0011,2706.0006,1364.0003,80479.6865
1522,2022-03-03,205.3332,205.3332,205.3332,216.3332,1774.6673,5632.0011,5888.6681,5756.6681,4440.3343,3696.0008,3384.3343,3329.3343,3608.0008,3465.0012,3366.0011,5243.3346,5665.0011,5536.6678,5386.3348,4488.0008,3417.3341,2852.6676,2739.0006,1360.3336,81862.0192
1523,2022-03-04,249.3332,245.6667,249.3332,216.3332,1679.3338,5247.0013,5947.3349,5573.3345,4425.6676,3505.3339,3094.6674,3443.0009,3347.6677,3512.6675,3340.3344,4557.6676,5540.3346,5635.6679,5287.3346,4429.3344,3578.6679,3083.6677,2456.6674,1492.3338,80138.6861
1524,2022-03-05,205.3332,205.3332,205.3332,267.6667,1727.0006,4612.6676,4759.3346,4766.6681,4022.3344,3369.6676,3395.3344,3171.6673,3454.001,4165.3346,4546.6678,4359.6674,4315.6676,4326.6676,3637.3346,3476.0008,2761.0009,2431.0006,2357.6672,1609.6671,72149.0181
1525,2022-03-06,220.0,205.3332,205.3332,205.3332,608.6668,2313.6676,2742.6673,2702.3339,2497.0009,2636.3341,2548.3339,2753.6674,2772.0006,2489.6673,2625.3338,2728.0006,2772.0006,2680.3341,2735.3341,2786.6673,2702.3341,2383.3341,2005.6673,1609.6668,49929.0122
1526,2022-03-07,249.3333,220.0,220.0,238.3336,1712.3336,5412.0013,5584.3346,5430.3346,4473.3343,3443.0007,3300.0009,3318.3344,3560.3343,3193.6674,3314.6677,4095.6677,5313.0013,3883.0008,2673.0008,4260.6677,3366.0009,3006.6676,2412.6674,1551.0003,74231.6852
1527,2022-03-08,249.3337,278.6669,282.3337,304.3333,2049.6673,5386.3343,5386.3343,5683.3345,4191.0011,3608.0008,3377.0006,3263.3341,3219.3341,3278.0009,3226.6676,4268.0008,5481.6681,5525.6679,5588.0016,4345.0008,3402.6676,3146.0009,2713.3341,1701.3336,79955.3526
1528,2022-03-09,256.6672,260.3332,234.6672,238.3332,1800.334,5529.3352,5650.3352,5269.0012,4788.668,3516.334,3252.334,3340.334,3307.334,3021.334,3058.0012,4715.334,5338.668,5591.668,5188.3352,4565.0012,3329.334,3237.668,2607.0012,1272.334,79368.6892
1529,2022-03-10,205.3332,205.3332,212.6667,242.0004,1950.6673,5566.0013,6068.3348,5371.6681,4843.6679,3534.6676,3586.0009,3575.0007,3707.0009,3212.0011,3531.0006,4059.0011,5166.3347,5357.0013,5654.0011,4275.3343,3582.3341,3230.3341,2647.3342,1272.3335,81055.3531
1530,2022-03-11,586.6669,418.0001,1276.0006,487.6671,1738.0003,5522.0013,5617.3348,5463.3348,4620.0011,3479.6674,3498.0008,3395.3342,3391.6676,2790.3341,3534.6676,4902.3346,5478.0013,5452.3343,5485.3344,4084.6678,3149.6676,3237.6676,2596.0006,1602.3338,81807.0207
1531,2022-03-12,219.9999,205.3332,212.6666,256.6669,1749.0006,5404.6678,5437.6679,5063.6681,4330.3341,3787.6675,3311.0007,3454.0007,3835.3341,4048.0008,4704.3344,4502.6682,4480.6676,4429.3343,3703.3344,2999.3341,2926.0006,2497.0009,2181.6671,1415.3336,75155.6841
1532,2022-03-13,201.6669,190.6672,205.3332,205.3332,623.3336,2295.3341,2775.6673,2702.3341,2493.3338,2519.0006,3025.0009,3050.6676,2471.3344,1162.3338,2269.6671,3586.0011,3278.0009,3362.3344,2999.3344,2871.0009,2599.6674,2442.0006,2027.6671,696.6668,50053.6814
1533,2022-03-14,1796.6671,1668.3339,1441.0003,238.3334,1668.3339,5734.6683,5661.3346,5632.0011,4620.0011,3696.0012,3571.334,3318.3341,3083.6676,3619.0011,3105.6673,4550.3346,5646.6682,5368.0011,5390.0013,3941.6679,3278.0009,2860.0006,2596.0004,1393.3338,83878.6878
1534,2022-03-15,242.0004,850.6669,1309.0004,825.0003,1547.3339,5723.6679,5221.3346,5228.6681,4576.0011,3652.0009,2863.6674,3171.6676,3006.6674,3278.0009,3707.0011,4887.6679,5247.0014,5694.3349,5309.3349,4645.6678,3619.0007,3267.0009,2324.6673,1316.3336,81513.6883
1535,2022-03-16,271.3336,271.3336,289.6669,278.6669,1613.3339,5379.0011,5588.0014,6119.6678,4902.3343,3861.0011,3248.6674,3307.334,3307.3342,3688.6676,3531.0009,4653.0011,5628.3348,5030.6679,5632.0014,4191.0008,3472.3341,2948.0008,2365.0004,1283.3339,80861.0199
1536,2022-03-17,234.6666,241.9999,231.0004,267.6669,1639.0003,5397.3349,4997.6676,5507.3348,3666.6675,3307.3342,3384.3341,3263.3344,3318.3342,3450.3344,3523.6676,4631.0013,5294.6679,5969.3346,5445.0013,4308.3344,3446.6674,2973.6677,2445.6673,1386.0006,78331.0203
1537,2022-03-18,278.6672,267.6672,223.6668,242.0001,1822.3336,5382.6679,5808.0013,5481.6679,4348.6677,3237.6676,3461.3343,3292.6676,3303.6676,3428.3343,3362.3344,5192.0014,5954.6681,5606.3351,5225.0014,5148.001,3226.6677,2970.0006,2324.667,1338.3339,80927.0217
1538,2022-03-19,219.9999,205.3332,205.3332,234.6667,1697.6673,5921.6681,5467.0014,5368.0014,3952.6676,3432.0009,3193.6674,3281.6679,3494.3343,4183.6674,4766.6681,4528.3346,4385.3343,4722.6676,3905.0011,3025.0012,2493.3338,2398.0007,2475.0004,1422.6668,74979.6853
1539,2022-03-20,249.3332,249.3332,249.3332,249.3332,715.0003,2467.6671,2790.3344,2636.3341,2680.3339,2493.3335,2585.0008,2654.6676,2753.6673,2398.0006,2618.0009,2647.3339,2636.3342,2471.3338,2775.6674,2654.6673,2431.0006,2387.0006,1965.3338,234.6668,47993.0117
1540,2022-03-21,231.0004,234.6672,227.3336,220.0,623.3337,2258.6674,2896.6676,2680.3341,2618.0006,2592.3338,2673.0007,2618.0008,2603.3341,2541.0006,2680.3341,2687.6673,2750.0003,2735.3341,2618.0006,2662.0009,2467.6674,2313.6668,2086.3338,304.3334,48323.0133
1541,2022-03-22,216.3333,208.9999,208.9999,231.0,1708.6669,5214.001,5133.3344,5371.6679,3941.6677,3652.0009,3237.6674,3226.6677,3215.6672,3314.6674,3421.0006,5140.6679,5566.0011,5830.0016,5412.001,3971.0012,3703.3343,3047.0009,2196.3338,1070.6671,78239.3511
1542,2022-03-23,205.3332,208.9999,205.3332,212.6667,1213.6672,3670.3344,4268.0011,3637.3344,3347.6675,2775.6674,2559.3341,2405.334,2427.3338,2394.3339,2412.6673,3377.0009,3021.3341,3769.3342,3369.6674,3270.6677,2442.0006,2504.3341,1899.3338,949.6671,56547.348
1543,2022-03-24,194.3337,190.6672,194.3337,212.6667,1173.3336,3652.0008,4257.0011,4121.334,3087.3341,2603.3338,2431.0003,2372.3344,2269.6671,2427.3342,2383.3341,3303.6676,4015.0011,4000.3343,3945.3344,3289.0006,2310.0006,2093.6673,1822.334,982.6668,57332.0155
1544,2022-03-25,205.3332,205.3332,205.3332,212.6667,1265.0003,3765.6676,4312.0011,3905.0008,3003.0005,2596.0009,2291.6671,2427.3341,2405.3339,2489.6674,2251.334,3373.3342,4081.0011,4062.6679,3930.6678,3259.6676,2555.6674,2042.3339,1822.3336,1067.0003,57735.3478
1545,2022-03-26,212.6666,208.9999,220.0,245.6668,1243.0003,3952.6676,3703.334,3919.6679,2801.3339,2647.3342,2027.667,2372.3336,2574.0004,2790.3339,3336.6676,3285.3341,3373.3342,3010.3339,3157.0007,2508.0008,2291.6671,1771.0003,1749.0005,1221.0004,54622.3457
1546,2022-03-27,212.6666,212.6666,223.6669,216.3334,660.0003,2442.0006,2834.3344,2563.0004,2445.6673,2574.0005,2731.6676,2460.3338,2515.334,2625.3338,2563.0009,2478.6672,2643.667,2717.0006,2629.0006,2585.0006,2691.3342,2478.6671,2005.6671,293.3333,47802.3448
1547,2022-03-28,220.0,220.0,220.0,249.3336,1701.3338,5507.3348,5437.6677,5841.0014,4330.3343,3762.0009,3325.6674,3333.0009,3322.0008,3263.334,3362.3339,4546.6676,5294.6678,5701.6681,5643.0014,4279.0008,3333.0006,2970.0006,2354.0003,1243.0006,79460.3513
1548,2022-03-29,242.0004,234.6672,234.6672,242.0004,1723.3336,5126.0009,5269.0003,4675.0006,4183.6672,2713.3336,2222.0003,2607.0003,3142.3339,3410.0003,3226.6671,4711.667,5401.0009,5357.0003,5232.3342,4220.3336,3314.6671,2863.667,2409.0004,1294.3333,74055.6771
1549,2022-03-30,293.3332,293.3332,256.6667,274.9999,1510.6669,5206.667,6009.6673,5540.3336,4319.3338,3281.6671,2794.0003,3061.6671,3212.0006,3413.6668,3263.3336,5074.6671,5338.6676,5943.6676,5459.6676,4088.3339,3300.0006,2841.6671,2284.334,1246.6669,78309.0095
1550,2022-03-31,249.3332,249.3332,249.3332,260.3334,1866.3339,5412.0006,5657.6671,5815.3339,4161.6671,3564.0006,2944.3338,3003.0005,3252.3338,3307.3336,3175.3338,4876.6674,5111.3341,5731.0006,5459.6671,4004.0008,3314.6673,2981.0006,2350.3339,1210.0003,78206.3438
1551,2022-04-01,227.3336,231.0004,223.6668,238.3336,1763.6671,4917.0011,5775.0014,5573.3349,4290.0012,3428.3344,3483.3343,3329.3341,3424.6676,3443.0009,3344.0009,4913.3346,5646.6682,5723.6684,5437.6676,4246.0008,3362.3341,3182.6677,2654.6673,1316.3335,80175.3545
1552,2022-04-02,242.0002,234.6672,238.3337,264.0002,1899.3339,5573.3349,5283.6682,5122.3346,4451.3343,3358.6678,3406.3343,3369.6676,3553.0006,4359.6679,4051.6674,4594.3343,4436.6676,4378.0009,4194.6681,3626.3343,3146.0009,2442.0005,2379.6672,1510.6669,76116.3535
1553,2022-04-03,234.6672,234.6672,234.6672,216.3334,619.6668,2346.6671,2691.3341,2893.0008,2585.0009,2698.6674,2742.6674,2907.6673,2643.6673,2691.3341,2896.6674,2830.6673,2926.0006,2973.6674,3003.0006,2592.3342,2555.6674,2368.6674,1928.6671,260.3333,50075.6809
1554,2022-04-04,216.3334,227.3334,249.3332,274.9999,1888.3338,5514.6678,5929.0013,6185.6681,4154.3342,3512.6676,3494.3343,3446.6676,3490.6674,3703.3343,3729.0009,4044.3346,5591.6684,5734.6679,5426.6676,4348.6675,3729.0009,2918.6676,2522.6672,1540.0004,81873.0193
1555,2022-04-05,289.6666,275.0002,348.3334,304.3334,1888.3338,4620.0013,5855.6679,5690.6679,4249.6679,3457.6676,3406.3343,3483.3344,3743.6676,3883.0011,3919.6676,4301.001,5793.3345,6002.3349,5566.0014,4502.6676,4040.6678,3135.0009,2559.3344,1408.0004,82723.6879
1556,2022-04-06,110.0002,14.6672,245.6666,219.9999,1939.6671,5181.0011,6457.0016,5727.3349,5159.0011,3850.0009,3534.6676,3817.0011,3685.0011,3798.6674,3710.6676,4242.3343,5815.3347,5569.6684,5775.0014,4396.334,3399.0009,3072.6673,2141.3341,1367.667,83229.6875
1557,2022-04-07,278.6668,249.3334,245.6669,230.9999,1749.0004,5276.3346,4785.0011,6167.3349,4345.0011,3608.0008,3589.6676,3454.0009,3571.3341,3828.001,3630.0011,4271.6678,5786.0014,6145.3348,5415.6678,4040.6678,3542.0009,3138.6677,2372.3339,1305.3335,81026.0202
1558,2022-04-08,205.3336,1155.0001,1052.3336,282.3336,1169.6669,3795.0003,4040.6672,4290.0003,3314.667,2775.6671,2460.3338,2486.0006,2530.0006,2614.3336,2610.6668,3050.6673,3872.0007,4110.3338,4092.0003,3127.6668,2574.0003,2262.3338,1851.6671,1195.3336,60918.0088
1559,2022-04-09,216.3333,205.3332,205.3332,223.6666,1265.0001,3758.3335,3780.3338,3868.3338,2728.0004,2203.6669,2200.0004,2277.0003,2460.3338,3105.667,3091.0004,3373.3338,3527.3335,3278.0005,2889.3336,2383.3335,2229.3336,1870.0004,1870.0006,1107.3336,54116.3398
1560,2022-04-10,198.0004,190.6672,187.0004,190.6672,590.3337,1851.6671,1932.3336,1771.0004,1998.3338,1950.6673,1866.3339,2013.0004,1903.0003,1859.0001,2031.3339,2104.6669,2042.3338,2013.0001,2038.6671,1980.0004,1910.3334,1851.6671,1591.3338,223.6666,36289.0089
1561,2022-04-11,220.0004,216.3333,212.6668,201.6672,1272.3336,3809.6668,4073.6668,3967.3336,3347.6671,2830.6669,2500.6668,2497.0003,2581.3336,2522.6673,2621.6668,2849.0004,3941.667,3949.0003,3707.0005,3091.0006,2662.0005,2189.0006,1870.0004,1118.3339,58252.3415
1562,2022-04-12,194.3337,190.6672,190.6672,205.3337,1356.667,4106.6678,4136.001,4202.0013,3164.3342,2522.6673,2464.0006,2500.6671,2618.0009,2566.6676,2607.0003,2856.3341,3868.3344,3703.3341,3520.0009,2962.6674,2761.0008,2357.6674,1840.6671,1078.0004,57973.6835
1563,2022-04-13,208.9999,201.6667,190.6672,205.3337,1184.3337,4286.3341,3938.0008,3923.3346,3061.6673,2709.6676,2555.6671,2574.0006,2552.0006,2603.3338,2511.6674,2992.0009,4055.3346,3501.6674,3094.6673,2779.3341,2240.3338,2266.0006,1899.3339,1250.3336,56785.6813
1564,2022-04-14,234.6669,205.3332,205.3332,194.3337,561.0004,1745.3336,1895.6671,1994.6671,1840.667,1848.0003,1906.6671,1910.3339,1998.3338,1895.667,1998.3339,1866.3338,1298.0003,1763.6671,2005.6674,2203.6673,1983.6673,1829.6671,1635.3336,267.6672,35288.0093
1565,2022-04-15,238.3337,242.0002,234.6672,238.3337,465.6669,1881.0003,2035.0003,1855.3338,1888.3338,1807.6673,1774.6671,1914.0003,1961.6671,1961.667,2075.3338,2038.6671,1870.0004,2013.0003,2020.3336,2057.0003,1862.667,1793.0004,1635.334,264.0002,36127.6758
1566,2022-04-16,238.3337,234.6672,234.6672,242.0001,1151.3339,3824.3341,3476.0009,2900.3344,2768.3341,2585.0006,2222.0006,2427.3338,2200.0003,2357.6671,2361.3338,2409.0006,2361.3338,2302.6674,2460.3341,2449.3341,2207.3339,1888.3335,1690.3338,993.6669,47985.6799
1567,2022-04-17,208.9999,205.3332,208.9999,201.6667,472.9999,1708.667,1950.6671,1914.0003,2053.3338,1969.0003,1837.0005,1921.334,1767.334,1958.0005,1881.0004,1892.0005,1943.3336,1950.6671,1987.3336,2005.6673,1811.3336,1855.3339,1507.0003,205.3334,35416.3408
1568,2022-04-18,194.3337,190.6672,187.0004,220.0001,1151.3336,3875.6676,3809.6676,4011.3343,3417.3341,2409.0009,2390.6673,2581.3339,2636.3341,2563.0006,2640.0006,2819.6674,4055.3344,4400.0011,3894.0008,2988.334,2588.6674,2284.3341,1756.3336,1067.0001,58131.3489
1569,2022-04-19,190.6672,187.0004,176.0,205.3337,1349.3334,3395.3335,4264.3336,4048.0003,3303.6671,2805.0003,2603.3339,2599.667,2086.3338,2192.6669,2592.3338,2900.3338,4205.6673,4400.0009,3725.3338,3028.667,2280.6668,2082.6669,1789.3333,1092.6669,57504.3416
1570,2022-04-20,220.0,216.3333,205.3332,205.3333,1100.0002,3512.6671,3850.0006,3784.0005,3300.0006,2607.0003,2537.3338,2537.3336,2629.0003,2665.6669,2772.0005,2871.0004,4282.6673,3890.3338,3875.6672,2988.3335,2614.3335,2310.0003,1859.0001,1184.3334,58017.6737
1571,2022-04-21,190.6672,190.6672,190.6672,209.0002,1309.0001,3905.0005,4172.667,4282.6673,3197.3335,2695.0,2621.667,2442.0005,2566.667,2398.0005,2695.0006,2918.6672,4121.3339,4128.6672,3949.0006,2871.0,2456.667,2339.3335,1837.0003,1125.6669,58813.3424
1572,2022-04-22,201.6667,260.3333,234.6668,227.3337,1243.0006,2354.0005,4330.3345,3974.6676,3417.3341,2464.0009,2599.6671,2471.3336,2643.667,2497.0003,2559.3338,2816.0008,3879.3343,4066.3341,3776.6676,3017.6676,2713.3339,2313.6674,1756.3338,1191.6671,57009.3471
1573,2022-04-23,208.9999,205.3332,205.3332,219.9999,1199.0003,3802.3341,3758.334,3677.6678,2904.0009,2629.0006,2236.6673,2350.3338,2533.6672,2746.3336,3256.0009,3025.0011,3157.0006,3160.6676,2893.0006,2313.6674,1749.0005,1723.3336,1763.6671,1100.0003,52818.3455
1574,2022-04-24,176.0,176.0,176.0,179.6668,777.3335,1950.6671,2343.0004,2284.3339,2236.667,2108.3338,2097.3338,2291.6671,2170.6671,2178.0006,2236.667,2178.0003,2211.0003,2266.0003,1954.3339,1738.0003,1862.6673,2005.6671,1631.6671,256.6667,39486.3414
1575,2022-04-25,234.6672,205.3332,190.6672,209.0002,1136.6671,3776.6678,3740.0011,4253.3344,2882.0007,2581.3342,2467.6673,2478.6672,2717.0007,2574.0006,2493.3342,2838.0006,4172.6678,4169.001,3919.6676,2896.6677,2372.3341,2361.3338,1866.3335,1063.3337,57599.6829
1576,2022-04-26,168.6666,14.6672,14.6672,168.6666,1371.3333,3963.6674,4139.6668,4319.334,3424.6671,2533.6671,2229.3338,2416.3336,2460.3336,2555.6671,2522.6671,2786.667,3813.3339,3960.0004,4106.6668,3120.3338,2819.6672,2284.3338,1760.0001,1103.6669,58058.0084
1577,2022-04-27,223.6668,220.0,220.0,227.3333,1206.3337,3641.001,4015.001,3721.6677,3490.6677,2500.6677,2526.3339,2361.3338,2691.3339,2929.6674,2614.3339,2852.6674,4271.6676,4037.0013,4121.3343,3366.0009,2603.3339,2321.0006,2119.3339,1092.6673,59374.349
1578,2022-04-28,245.6667,249.3332,223.6667,209.0002,1210.0005,3839.0012,3732.6675,3905.0011,3380.6674,2365.0006,2526.3341,2504.3341,2805.0006,2618.0009,2592.3341,2717.0009,3421.001,3908.6678,3674.0013,2863.6673,2420.0004,2115.6673,1881.0006,1114.6668,56521.6823
1579,2022-04-29,260.3333,231.0004,198.0002,201.6672,1191.6669,3908.667,3842.6671,4315.6674,3212.0004,2636.3338,2610.667,2687.6671,2570.3336,2632.6671,2548.3337,2742.667,4073.6671,3615.3338,4059.0004,2995.6668,2390.6671,2112.0004,1928.6673,1287.0001,58252.3422
1580,2022-04-30,198.0002,190.6672,179.6668,190.6668,1246.6668,3850.0006,3729.0006,3703.3339,3025.0003,2618.0006,2357.6671,2434.6673,2541.0003,2867.3339,3333.0004,3175.3336,3256.0003,3087.3336,2530.0003,2214.6668,2170.6668,1837.0001,1866.3336,1067.0004,53669.0083
1581,2022-05-01,190.6672,190.6672,190.6672,187.0004,480.3333,1708.6671,2064.3336,2035.0004,1939.6668,1899.3336,2112.0004,1844.3336,1958.0006,2002.0003,1994.6673,2024.0003,1980.0003,1895.6671,2038.6669,1991.0003,2005.667,1818.6668,1558.3336,264.0001,36373.3414
1582,2022-05-02,201.6672,190.6672,187.0004,194.3336,1265.0001,4018.6675,3780.3344,3468.6676,3523.6679,2482.3341,2636.3341,2493.3341,2277.0006,2640.0006,2548.3341,2717.0006,3897.6679,3809.668,3637.3343,2731.6676,2687.6673,2211.0006,1822.3336,1136.6671,56558.3505
1583,2022-05-03,205.3332,205.3332,205.3332,216.3332,927.667,2321.0009,3751.0013,3721.6676,3017.6673,2585.0004,2284.3338,2526.3341,2537.3338,2449.3339,2669.3339,2599.6674,3670.3344,3835.3344,3523.6676,3102.0008,2478.6671,2416.3339,1983.6671,1224.6671,54457.3466
1584,2022-05-04,249.3333,252.9999,249.3332,253.0001,1375.0003,3956.3341,3476.0009,3960.0013,2937.0008,2383.3338,2368.6671,2555.6674,2621.6677,2647.3338,2552.0008,2775.6673,4026.0008,4106.6676,3956.3346,2900.3341,2489.6674,2387.0005,1928.6671,1213.667,57621.6809
1585,2022-05-05,220.0,216.3333,216.3334,219.9999,1243.0004,3813.3341,3468.6673,4396.3344,3252.3344,2717.0009,2390.6671,2438.3341,2735.3341,2585.0006,2563.0006,2907.6676,3967.3341,4158.0011,3762.0009,2603.3338,2497.0006,2225.6671,1818.6671,1268.6671,57684.014
1586,2022-05-06,219.9999,205.3332,205.3332,209.0002,1206.3338,3391.6674,3927.0012,3824.334,3421.0009,2779.3341,2735.3341,2632.6671,2504.3338,2860.0006,2695.0007,2783.0009,3993.0009,3263.3344,3230.3344,3296.3341,2636.3339,2405.3339,2038.6668,1195.3338,57658.3473
1587,2022-05-07,190.6672,190.6672,190.6672,205.3332,1290.6672,3190.0012,3630.0012,3520.0012,2695.0012,2207.334,2258.6672,2247.6672,2449.334,2849.0012,3523.668,3967.334,3861.0012,3872.0012,3417.334,3230.334,2812.334,2321.0012,2497.0012,1477.6672,58094.6864
1588,2022-05-08,242.0002,234.6672,234.6672,234.6672,550.0001,2306.3341,2841.6673,2654.6671,2614.3341,2533.6674,2632.6673,2511.6672,2753.6673,2772.0008,2552.0004,2772.0007,2361.3339,2456.6676,2728.0006,2625.3342,2519.0009,2372.3338,2064.3339,340.9999,47908.6804
1589,2022-05-09,242.0004,253.0001,252.9999,278.6666,1877.3338,5573.3346,4884.0008,5386.3346,4253.3343,3421.0009,3406.3344,3413.6676,3472.3343,3512.6676,3630.0009,4015.0008,4898.6679,5613.6681,5445.0013,3817.0011,3322.0009,2797.6674,2321.0006,1408.0003,77495.0192
1590,2022-05-10,271.3333,264.0,275.0004,297.0002,1631.6672,5316.6681,5060.0011,5423.0011,4400.0014,3446.6674,3505.3341,3538.3343,3553.0008,3630.0009,3608.0009,4147.0009,5247.0011,5767.6678,5481.6682,4275.3343,3413.6676,2995.6674,2218.3341,1411.667,79178.0196
1591,2022-05-11,264.0,264.0,264.0,253.0001,1459.3338,5606.3349,5643.0013,6068.3351,4510.001,3516.3341,3300.0006,3318.3343,3417.3341,3362.3341,3582.3341,3729.0008,6145.3349,5327.6679,5379.0014,3967.3341,4055.3344,3124.0009,2482.3335,1378.6672,80417.3526
1592,2022-05-12,223.6668,220.0,220.0,231.0,1767.3341,5364.3343,5606.3346,5716.3346,4213.0009,3531.0011,3340.3341,3435.6675,3380.6679,3534.6676,3509.0009,3886.6676,5287.3346,5833.6678,4755.6679,3916.0014,3377.0006,3252.3344,2673.0003,1411.6668,78686.6858
1593,2022-05-13,238.3337,231.0004,234.6672,245.6666,1444.6669,5239.6673,5228.6674,5848.3338,4931.6673,3340.3338,3410.0004,3710.6674,3630.0003,3732.6668,3703.3338,4205.6672,5819.0006,5731.0009,6200.3339,4348.6671,3927.0006,3076.3336,2310.0003,1345.6669,82133.3442
1594,2022-05-14,271.3336,238.3337,238.3336,278.6668,1653.6668,5456.0005,5540.3338,5613.667,4425.6671,3710.6673,3615.3335,3784.0003,4440.3341,5481.6673,4777.6674,5206.6673,5320.3341,5118.6674,4473.3338,3740.0003,3245.0006,3058.0004,2508.0006,1415.3338,83611.0111
1595,2022-05-15,498.6668,729.6672,707.6669,696.6666,1279.6671,3861.0005,4147.0004,4279.0005,4194.6668,4524.6671,4436.6671,4451.3339,4594.3338,4557.6672,4792.3338,4763.0003,4598.0003,4865.667,4891.3338,4946.3338,4708.0003,4286.3338,3589.667,894.6669,85294.0089
1596,2022-05-16,649.0002,289.6669,190.6672,209.0002,1822.3336,5313.0009,6079.3339,5804.3342,4209.3338,3443.0,3454.0006,3454.0003,3483.334,3501.667,3487.0005,3875.6668,5320.3338,5481.6671,5778.6674,4260.6673,3538.3338,3105.6671,2629.0003,1382.3336,80762.0105
1597,2022-05-17,220.0,220.0,220.0,238.3333,1661.0006,5269.0011,4829.0011,5228.6681,5085.6676,3545.6673,3608.0009,3659.3343,3740.0011,3721.6676,3707.0009,4150.6677,5665.0014,5382.6681,5349.6682,4121.3343,3806.0009,3204.6676,2427.3338,1342.0003,80402.6862
1598,2022-05-18,205.3332,205.3332,205.3332,208.9999,1415.3337,5155.3344,4532.0009,5899.6675,4814.3343,3916.0011,3633.6673,3703.3343,3655.6676,3589.6676,3490.6674,3696.0008,5896.0013,5654.0013,5822.6684,4246.0012,3633.6676,3190.0009,2596.0006,1430.0004,80795.0181
1599,2022-05-19,234.6666,205.3332,208.9999,245.6669,1837.0003,5566.0005,5903.3338,6229.6673,4268.0006,3883.0005,3245.0003,3615.3338,3780.3338,3795.0004,3736.334,4066.3339,3223.0005,3355.0004,4895.0003,4480.6673,3542.0006,3160.667,2372.3338,795.6667,76644.3424
1600,2022-05-20,275.0001,333.6669,234.6669,234.6669,1683.0004,5544.0013,5929.0014,5478.0011,4744.6678,4264.3341,3281.6676,3831.6674,3472.3344,3699.6678,3685.001,4205.6678,5727.3348,5588.0014,5562.3348,3905.0011,3461.3341,3076.3341,2621.6673,1393.3336,82232.3541
1601,2022-05-21,249.3332,238.3334,231.0004,190.6668,1008.3337,3692.3341,3974.6676,3769.3343,2885.6674,2772.0006,2398.0006,2464.0009,3362.3344,3886.6676,3707.0011,4029.6677,3791.3343,3802.3344,3256.0008,2709.6674,2482.3341,2332.0006,1928.6672,1180.6671,60342.3497
1602,2022-05-22,304.3333,623.3337,623.3336,641.6669,1228.3336,3784.0009,4128.6676,3872.0011,3978.3344,4238.6676,4304.6674,4176.3343,4425.6676,4356.0013,4436.6674,4367.0011,4451.3343,4495.3343,4458.6673,4539.3344,4275.3343,4026.0011,3516.3344,418.0001,79669.352
1603,2022-05-23,205.3332,205.3332,205.3332,219.9999,1859.0003,5467.0011,5492.6681,4539.3343,3626.3339,3886.6676,3817.0011,3597.0008,3743.6676,3758.3344,3743.6676,4220.3343,5529.3348,5797.0014,5705.3343,4187.3343,3978.3343,3234.0011,2401.6671,1510.6674,80930.6853
1604,2022-05-24,238.3337,238.3337,234.6672,242.0001,1639.0001,5232.3341,6138.0013,5221.3341,4561.3341,3307.3338,3769.3336,3828.0008,3751.0006,3754.6671,3945.3338,4121.3338,5269.0006,5371.6671,5577.0006,3901.3336,3626.3338,2962.667,2368.6668,1349.3337,80648.3451
1605,2022-05-25,293.3334,278.6672,278.6672,242.0002,1646.3336,5137.0005,5984.0006,5272.6673,5122.3335,3831.667,3802.3338,4011.3338,3498.0006,3758.3339,3864.6673,3923.3338,5896.0006,5764.0008,5709.0009,3802.3338,3773.0003,3094.667,2610.6668,1459.3336,83053.6775
1606,2022-05-26,264.0002,234.6672,231.0004,208.9999,1477.6669,5085.6673,6057.3341,5855.6676,5023.3341,3435.6673,3982.0004,3758.3338,3692.3336,3567.667,3586.0004,4070.0003,5349.6677,5558.667,5624.6676,4352.3336,3974.6673,3395.3338,2544.6673,1477.6669,82808.0117
1607,2022-05-27,223.6668,208.9999,205.3332,205.3336,1767.334,5346.0011,6105.0014,5635.6681,4048.0011,3674.0013,3593.334,3446.6679,3428.3343,3714.3343,3457.6676,3912.3341,5522.0016,5569.6681,5298.3346,4121.334,3809.6673,2830.6677,2467.6674,1378.667,79970.0204
1608,2022-05-28,205.3332,205.3332,205.3332,201.6672,1576.6672,5309.3352,5536.668,5822.668,4194.668,4128.668,3666.668,3527.334,4319.334,5507.3352,5049.0012,4730.0012,5181.0012,4968.3352,4755.668,3945.334,4147.0012,3223.0012,2761.0012,1422.6672,84590.024
1609,2022-05-29,194.3332,190.6672,205.3332,198.0,528.0,2284.334,2684.0,2423.6672,2625.334,2790.334,3054.334,3391.6672,3208.334,3069.0,3270.6672,3395.334,3061.6672,3142.334,2856.334,2662.0,2566.6672,2486.0,1939.6672,198.0,52426.0088
1610,2022-05-30,139.3332,0.0,0.0,0.0,0.0,0.0,0.0,0.0,0.0,0.0,0.0,0.0,0.0,7.3332,14.6672,14.6672,14.6672,14.6672,14.6672,14.6672,14.6672,14.6672,14.6672,14.6672,293.3384
1611,2022-05-31,117.3332,176.0,176.0,183.3332,1309.0,4803.334,6244.334,4337.6672,5195.6672,3212.0,3762.0012,3630.0,3545.6672,3520.0,3699.6672,3820.6672,5705.334,5844.6672,5426.6672,4183.6672,4264.334,3362.334,2805.0,1474.0,80798.6752
1612,2022-06-01,194.3337,190.6672,227.3337,223.6669,1829.6669,5525.6672,6035.3341,5661.3339,4730.0005,3798.6671,3329.3338,3703.3338,3659.3336,3509.0006,3652.0006,3923.3336,5419.3341,5811.6671,4953.6674,4623.667,3703.3339,3300.0003,2310.0005,1448.3336,81763.0111
1613,2022-06-02,205.3332,205.3332,216.3333,220.0001,1499.6668,5434.0009,5573.3336,5690.6673,4770.3341,3479.6673,3571.3335,3197.3336,3402.6671,3564.0,3666.6673,4275.3338,5474.3339,5723.6671,5474.3342,4169.0003,3571.3336,3296.3338,2585.0006,1452.0003,80718.0089
1614,2022-06-03,179.6668,176.0,183.3336,198.0004,1587.6671,5265.3338,5742.0009,5921.6673,4224.0003,3516.3336,3531.0003,3417.3338,3406.3336,3443.0003,3545.6671,3934.3339,5375.3339,6009.6673,5687.0006,4565.0003,3809.6673,3395.3338,2522.6668,1419.0004,81055.3432
1615,2022-06-04,208.9999,208.9999,208.9999,212.6667,1639.0001,5371.6673,5324.0006,5804.3338,4128.667,4088.3339,3402.6671,3498.0003,4330.3338,5294.6674,5500.0008,5551.3338,5067.3338,5390.0006,4895.0006,3553.0005,2618.0005,2970.0003,2724.3338,1419.0001,83409.3425
1616,2022-06-05,190.6672,190.6672,190.6672,190.6672,542.6669,2251.3336,2559.3335,2720.6671,2592.3338,2555.6668,2673.0005,2753.6667,2467.6671,2845.3336,2603.3338,2134.0003,2790.3335,2343.0001,2988.3336,2757.3338,2530.0004,2456.6671,1958.0004,227.3337,47512.6751
1617,2022-06-06,212.6668,220.0,220.0,205.3336,1628.0004,5386.3338,5602.6673,6046.3341,3927.0003,3542.0003,3773.0006,3494.3338,3696.0003,3384.3338,3498.0003,3916.0006,5195.6673,5254.3341,5888.6673,3996.6671,3571.3338,3010.3338,2434.6673,1382.3333,79486.01
1618,2022-06-07,194.3337,201.6667,205.3332,216.3332,1364.0001,5679.6673,5181.0007,5745.6674,4755.6671,3776.6671,3736.3338,3776.6673,3809.6674,3692.3339,3740.0003,4216.6673,5657.6673,5943.6676,5738.3338,4363.3339,3564.0003,3516.3338,2552.0004,1466.6671,83094.0107
1619,2022-06-08,234.6672,271.3337,253.0001,205.3334,1679.3336,5045.3338,5712.667,5694.3341,4711.6673,3630.0006,3626.3338,3556.6668,3652.0004,3637.3339,3659.3338,4033.3336,5577.0009,5712.6674,5445.0006,3879.3338,3516.3339,2992.0006,2695.0002,1573.0003,80993.0108
1620,2022-06-09,201.6667,201.6667,205.3332,212.6667,1785.6668,5269.0005,6130.6675,5324.0006,4433.0006,3630.0006,3538.3336,3611.667,3765.6668,3490.6672,3366.0003,4026.0006,5683.3343,5525.6673,5368.0006,3916.0008,3615.3335,3168.0003,2427.3335,1617.0002,80512.6759
1621,2022-06-10,201.6667,205.3332,231.0004,216.3334,1551.0001,4880.3341,5973.0003,4737.3338,4858.3338,3215.6671,3718.0003,3619.0003,3696.0003,3443.0003,3468.6671,3996.6671,5111.3339,5676.0005,5159.0007,4264.3336,3608.0003,3369.6671,2574.0001,1364.0001,79137.6746
1622,2022-06-11,392.3333,216.3333,220.0,220.0001,1521.6671,4550.3338,5148.0003,4675.0006,3769.3338,3553.0004,3611.6671,3512.6671,4370.6671,5371.6673,5214.0007,5456.0009,5184.6671,5335.0006,5005.0003,3523.667,3351.3336,3058.0004,2585.0003,1276.0001,81121.3423
1623,2022-06-12,187.0004,183.3336,176.0,176.0,524.3334,2258.6671,2768.3338,2500.6668,2761.0003,2676.6671,2629.0001,2603.3339,2625.3336,2588.6673,2629.0003,2515.3338,2559.3335,2940.6671,3006.6671,2783.0,2570.3336,2618.0004,2027.6668,429.0001,48737.3401
1624,2022-06-13,945.9999,491.3334,751.6669,223.6666,1602.3336,5518.3344,5855.6673,5745.6673,4524.6673,4099.3339,3461.3338,3556.667,3611.6671,3663.0006,3648.3339,4055.3338,5716.3338,6303.0006,5210.3339,3725.3339,3380.6673,2973.6672,2445.6666,1419.0001,82929.0102
1625,2022-06-14,249.3332,249.3332,227.3336,219.9999,1514.3336,4836.3336,5782.3341,5360.6673,5093.0006,3941.6673,3703.3336,3476.0003,3454.0003,3718.0005,3589.6671,4220.3338,5485.3339,6563.3341,4363.334,3927.0005,3307.3338,3039.6668,2489.6671,1514.3333,80325.6755
1626,2022-06-15,220.0,220.0,216.3333,212.6667,1686.6668,5096.6671,6178.3341,5808.0006,4979.3342,3622.6673,3681.3338,3553.0003,3571.3338,3619.0006,3468.667,3879.3338,4906.0006,5254.3339,5412.0006,4304.6671,3905.0006,2984.6671,2273.3338,1580.3337,80633.6768
1627,2022-06-16,264.0,253.0001,238.3334,227.3333,1261.3335,3102.0003,3956.3339,4216.6668,4117.6671,3527.3338,3586.0003,3545.6671,3498.0003,3516.3338,3681.3336,4099.3338,4132.3336,4180.0003,4484.3339,3655.667,3509.0003,3355.0005,3010.3338,2137.6668,71555.0073
1628,2022-06-17,278.6669,311.6669,311.6668,286.0001,1719.6668,4675.0006,4994.0006,4381.667,4590.6671,4165.3338,3740.0003,3938.0006,3886.667,4099.334,4125.0004,4400.0006,4579.6671,5052.6674,4766.6673,4246.0003,3751.0003,3685.0005,3641.0006,2508.0004,82133.3434
1629,2022-06-18,311.6668,296.9999,296.9999,282.3334,2742.6671,4495.3339,4429.334,4337.6671,4158.0005,3868.3339,3857.3339,3945.3339,4180.0003,4495.3338,4389.0005,4246.0006,4282.6671,4161.667,3622.6673,3406.3338,2992.0005,3300.0005,3223.0003,2064.3336,77385.0096
1630,2022-06-19,242.0001,282.3337,278.6672,216.3332,880.0004,2915.0005,3025.0004,2970.0006,2900.3339,3127.6671,3256.0004,3553.0005,3571.3338,3553.0004,3619.0003,3729.0003,3692.3338,3237.6671,3061.6668,3175.3335,2874.6668,2731.6668,2537.3336,946.0001,60375.3413
1631,2022-06-20,245.6666,238.3337,234.6672,234.6672,715.0001,2735.3333,3080.0006,2885.6671,2962.6673,3003.0003,2992.0003,3182.6671,3109.3338,3182.6672,3219.3338,3036.0005,3098.3338,3241.3338,3208.3336,3102.0003,3032.3338,3010.3338,2772.0003,861.6666,57383.3421
1632,2022-06-21,267.6667,227.3337,198.0002,241.9999,2042.3338,4363.3343,4645.6678,4414.6678,4180.001,3813.3341,3993.0008,3784.0008,3710.6679,3476.0008,3718.0012,3835.3343,4510.0013,4708.0013,4733.6681,4095.6679,3912.3343,3311.0009,3065.334,2764.6673,78012.0202
1633,2022-06-22,487.6669,311.6669,319.0004,304.3336,1646.3339,4733.6676,5602.6681,5650.3346,3974.6673,3182.6676,3626.3342,3494.3344,3465.0008,3758.3341,3743.6673,3897.6675,5118.6678,5690.6678,5533.0011,4598.001,3402.6677,2794.0006,2438.3338,1393.3336,79167.0186
1634,2022-06-23,249.3332,238.3337,234.6672,231.0001,1437.3338,5151.6679,6050.0016,5753.0013,4257.001,3670.3343,3454.0008,3549.3342,3549.3343,3696.0008,3648.3346,3736.3341,5599.0012,5606.3348,5232.3344,4678.6676,3875.6678,3204.6673,2585.0006,1371.3335,81059.0201
1635,2022-06-24,285.9999,300.6666,286.0002,242.0004,1639.0003,5353.3341,5778.6674,5712.6674,4623.6673,3718.0004,3355.0,3707.0004,3520.0003,3659.3339,3527.3338,3633.6668,5514.6673,5951.0008,5280.0006,4011.3336,3472.3336,3215.6671,2482.3338,1525.3339,80795.0099
1636,2022-06-25,245.6667,245.6667,242.0002,242.0002,1679.3336,5441.3341,4664.0006,5364.3339,4414.6671,3798.6672,3340.3338,3307.3338,3300.0003,4209.3338,4704.3339,4466.0003,4748.3336,4106.6671,3974.6672,3710.667,2739.0003,2456.6671,2409.0004,1485.0001,75295.009
1637,2022-06-26,205.3332,205.3332,230.9999,216.3336,594.0001,2321.0004,2702.3339,2497.0005,2574.0003,2830.6671,2618.0004,2618.0004,2673.0004,2867.3336,2753.667,2816.0003,2988.3335,3014.0003,2805.0003,2918.667,2552.0006,2431.0003,1899.3336,263.9999,49595.3398
1638,2022-06-27,205.3334,190.6672,201.6667,194.3337,616.0001,2354.0003,2640.0003,2471.3338,2379.6668,2647.3335,2918.6668,2702.3339,3102.0006,3193.6671,2944.3339,2878.3338,2900.3335,2907.6672,2717.0003,2757.3335,2467.6671,2339.3336,1980.0003,333.6668,50042.6742
1639,2022-06-28,308.0,308.0,289.6668,205.3337,1591.3334,5313.0008,5643.0006,5998.6671,4814.3341,3754.6671,3322.0003,3538.3338,3501.6671,3512.6671,3655.6673,4264.3339,5294.6673,5804.3339,6068.3341,4026.0006,3465.0003,3171.6671,2350.3336,1404.3333,81605.3433
1640,2022-06-29,249.3332,183.3334,190.6667,242.0002,1620.6668,5056.3339,5599.0003,5771.334,4557.6673,3567.6671,3388.0003,3758.334,3681.3336,3648.3338,3736.3338,4077.3338,5665.0007,5991.3344,5767.6676,4466.0003,3542.0004,2948.0003,2555.6671,1411.6669,81675.0099
1641,2022-06-30,249.3333,242.0,216.3333,216.3334,1628.0001,5236.0003,5709.0009,5852.0009,4191.0005,3945.3335,3347.667,3556.6671,3622.6671,3461.3338,3578.6668,4059.0006,5562.3339,5016.0006,5797.0005,4176.3338,3487.0005,2966.3338,2563.0006,1437.3336,80116.6759
1642,2022-07-01,212.6669,194.3337,198.0002,209.0002,1400.6668,5463.3339,5470.6674,5547.6674,4649.3338,3861.0003,3549.3339,3710.6671,3710.6673,3751.0007,3806.0005,3864.6673,5976.6674,5529.3341,5602.667,3952.667,3648.3338,3105.6668,2541.0003,1796.6671,81752.0109
1643,2022-07-02,414.3334,242.0002,234.6672,252.9999,1741.6669,5635.6681,4906.0013,4913.3346,4044.3343,3875.6676,3278.0008,3490.6679,3289.0008,4136.0011,4601.6678,4704.3346,4700.6675,4748.3344,4902.3346,3798.6678,3241.3344,2640.0005,2486.0006,1470.3338,77748.0201
1644,2022-07-03,267.6672,322.6672,311.6668,245.6669,572.0001,2449.334,2911.3339,2706.0006,2687.6674,2658.3341,2684.0005,2757.3344,2852.6673,2907.6674,2999.3341,2933.3338,2874.6674,2896.6677,2863.6674,2973.6676,2973.6672,2585.0004,2005.6674,300.6669,51740.3477
1645,2022-07-04,300.6672,308.0,308.0,216.3332,641.6672,2350.334,2849.0,2585.0,2761.0,2599.6672,3226.6672,2874.6672,3076.334,3153.334,2673.0,2724.334,2658.334,2669.334,2977.334,2863.6672,2684.0,2497.0,2031.334,256.6672,51285.6756
1646,2022-07-05,220.0,220.0,220.0,212.6666,1679.3333,5195.6674,6050.0004,5896.0007,4381.6673,3890.3338,3725.3338,3498.0005,3633.6673,3703.3338,3699.6668,4260.667,5404.667,5481.6668,6017.0009,4158.0003,3355.0003,3201.0003,2434.6671,1558.3333,82096.6747
1647,2022-07-06,234.6668,220.0,220.0,227.3336,1620.6669,3795.0009,5379.0006,5327.6673,4150.6671,3443.0006,3384.3338,3542.0006,3520.0006,3707.0004,3615.3339,3993.0006,5243.3341,5888.6677,5309.3341,3916.0003,3762.0006,3032.3336,2592.3338,1389.6668,77513.3447
1648,2022-07-07,278.6666,462.0001,968.0002,333.6666,1609.6668,5679.6674,6024.3338,5819.0009,4631.0006,3839.0,3410.0003,3380.667,3571.3336,3776.667,3461.3338,3927.0003,5492.6674,5577.0006,5566.0006,4150.6668,3296.3338,3058.0006,2434.667,1422.667,82170.0088
1649,2022-07-08,267.6668,264.0,264.0,234.6668,1800.3334,5349.6672,5701.6673,5566.0009,4616.3341,4022.3336,3201.0003,3707.0004,3736.3339,3663.0003,3534.6671,4095.6673,5529.3338,5683.3341,5800.6676,4345.0006,3688.6671,3142.3335,2632.6668,1459.3333,82305.6762
1650,2022-07-09,234.6666,220.0,220.0,234.6668,1631.6671,5514.6674,5393.6671,5555.0006,4231.3341,3472.3336,3010.3339,3230.3338,3355.0003,3802.3339,4616.3341,4653.0006,4396.3338,4645.6673,4110.3338,3325.6671,2904.0004,2621.6671,2702.3338,2086.3339,76167.6771
1651,2022-07-10,1144.0002,219.9999,227.3332,201.6667,597.6667,2332.0003,2768.3339,2695.0003,2599.6673,2761.0001,3124.0003,3160.6671,3102.0003,3241.3338,2610.6669,2885.6671,3010.3335,2764.6668,2709.6666,1998.3334,2687.667,2434.6673,1969.0005,275.0004,51520.3396
1652,2022-07-11,223.6668,220.0,209.0001,212.6669,1503.3336,5690.6671,5445.0006,5393.6673,4231.3338,3454.0,3377.0004,3659.3338,3531.0004,3575.0004,3685.0004,4033.3338,5533.0006,5577.0008,5588.0003,3982.0006,3842.6671,3439.3336,2750.0005,1426.3337,80582.3426
1653,2022-07-12,546.3334,902.0001,821.3333,322.6666,1620.667,4576.0004,5514.6671,5206.6673,5082.0006,3721.6674,3428.3335,3432.0006,3468.667,3476.0005,3534.667,3993.0006,5404.6674,6020.6674,5265.3338,4150.6671,3428.3335,3017.6671,2592.3335,1514.3336,81040.6758
1654,2022-07-13,205.3332,205.3332,249.3337,234.6669,1705.0004,5679.667,5393.6671,5925.3341,4829.0003,3806.0006,3439.3336,3138.6668,3630.0003,3406.3336,3549.3338,3567.667,5195.6673,5665.0004,5313.0009,4374.3338,3527.3338,3259.6671,2497.0006,1408.0003,80204.6758
1655,2022-07-14,205.3332,205.3332,245.6666,249.3334,1657.3335,5144.3341,5089.3338,5551.3341,4741.0004,3589.667,3556.6671,3520.0004,3142.3338,3692.3338,3531.0004,3329.3341,4664.0006,5569.6674,5390.0003,4084.6673,3208.3335,3028.6671,2511.6671,1411.6668,77319.009
1656,2022-07-15,231.0,220.0,220.0001,227.3333,1653.6669,5199.334,6163.6673,5104.0005,4858.3338,3553.0003,3472.3336,3663.0004,3626.3338,3520.0003,3560.3335,3828.0006,4308.3338,5793.3339,4601.6671,4249.667,3578.6671,3153.3338,2588.6668,1466.6669,78840.6748
1657,2022-07-16,220.0,223.6668,220.0,216.3334,1463.0001,4975.6671,5698.0006,4759.3339,4682.3339,3817.0003,3340.3338,3567.6668,3644.667,4073.6674,4887.6671,4700.667,4400.0008,4411.0003,4660.3338,3681.3338,3094.6668,2852.6671,2449.3335,1411.6669,77451.0082
1658,2022-07-17,223.6668,227.3336,231.0004,209.0002,678.3333,2302.6671,2695.0003,2625.3336,2625.3336,2695.0003,3168.0004,3256.0005,3237.6668,3006.6673,2739.0004,2695.0003,2797.667,2867.3336,2896.6673,2981.0003,2654.6672,2530.0003,2090.0003,315.3334,51747.6743
1659,2022-07-18,264.0,234.6672,234.6672,209.0002,1547.3336,4154.3338,5778.6676,4891.3338,4781.3338,3674.0003,3373.3338,3512.6673,3450.3335,3575.0003,3703.3336,3740.0003,5808.0006,5522.0006,5613.667,4136.0006,3644.6668,3347.6673,2607.0003,1422.6669,79225.6764
1660,2022-07-19,436.3337,649.0001,542.6669,231.0001,1415.3337,4411.0003,4964.6671,5529.3339,4524.6668,3230.3336,3655.6668,3655.667,3600.6674,3567.6671,3696.0003,3886.667,5151.6671,5668.6676,5008.6671,4304.6673,3047.0003,3094.6671,2717.0004,1565.6668,78554.6755
1661,2022-07-20,242.0004,234.6672,234.6672,234.6672,439.9999,2398.0001,2867.3336,2662.0003,2599.6671,2489.6668,2577.6668,2651.0003,2680.3336,2603.3338,2599.6666,2724.3336,2779.3336,2904.0003,2544.667,2673.0003,2559.3338,2398.0005,2170.667,242.0001,48510.0071
1662,2022-07-21,245.6667,286.0002,286.0002,308.0001,1437.3339,4730.0011,5467.0016,5265.3345,4557.6678,3534.6673,3347.6677,3366.0011,3369.6675,3542.0009,3366.0011,3648.3344,5734.6678,4994.0012,5793.335,4407.3346,3960.0009,2988.3342,2559.334,1587.6671,78782.0209
1663,2022-07-22,264.0,264.0,256.6666,234.6668,1543.6668,4510.0005,5833.6668,5661.3341,4935.3338,4132.3338,3336.6672,3208.3338,3729.0006,3773.0004,3501.6673,4198.3338,5346.0006,5657.6676,5628.3339,4414.6671,3597.0003,3157.0005,2533.6671,1672.0001,81389.0095
1664,2022-07-23,245.6667,231.0004,242.0002,231.0004,1422.6673,4235.0008,5225.0014,4818.0013,4689.6675,3802.3343,3186.3342,3245.0008,3630.001,5188.3346,5298.3346,5074.6681,4906.0011,4931.6678,5063.6678,4176.3343,3461.334,3047.0006,2625.3341,1543.6668,80520.0201
1665,2022-07-24,201.6667,205.3332,198.0002,190.6672,616.0001,2328.3334,2772.0006,2643.6671,2640.0006,2460.3335,2632.6671,2577.6671,2522.6673,2669.3338,2742.6671,2779.3338,2867.3334,2933.3335,2962.6671,2852.6671,2687.6673,2662.0004,2137.6672,282.3337,49566.0085
1666,2022-07-25,234.6672,234.6672,231.0004,205.3334,1543.667,4323.0003,5558.6674,5855.6673,4920.6673,3795.0008,3659.3336,3391.6671,3362.3338,3688.667,3505.3339,4015.0003,5536.6677,5683.3341,5210.3341,4715.3339,3681.3338,2918.6671,2394.3338,1419.0003,80083.6788
1667,2022-07-26,249.3334,242.0002,227.3336,227.3336,1400.6671,4836.3336,3721.6671,2849.0006,5606.3338,3692.334,3450.3338,3520.0006,3593.3336,3611.6672,3644.6671,4275.3338,5613.6673,5258.0003,5753.0009,4323.0003,3465.0005,2981.0003,2581.3336,1551.0001,76673.6764
1668,2022-07-27,227.3334,164.9999,212.6668,234.6666,1485.0001,4370.667,6024.3339,5533.0004,4935.3339,3905.0003,3670.3336,3538.3336,3267.0003,3450.3335,3391.6673,3912.3335,5287.3338,5907.0007,5401.0006,4821.6674,3611.6673,3105.667,2614.3336,1507.0004,80578.6749
1669,2022-07-28,260.3336,260.3333,256.6666,242.0001,1466.6671,4414.6671,5382.6674,5485.3341,4708.0006,3758.3338,3355.0003,3336.6671,3560.3338,3512.667,3677.667,4293.6671,5694.3341,5437.6673,5720.0006,4436.667,3589.6671,2687.6668,2467.6668,1510.6672,79515.3429
1670,2022-07-29,227.3332,212.6666,234.6667,238.3334,1580.3334,4425.6668,5522.0006,5701.6674,4759.3338,4143.3338,3545.6671,3406.3335,3670.3335,3688.6671,3622.6668,3927.0006,5866.6673,5221.3338,5723.6673,4594.3339,4073.6673,3391.6671,2570.3339,1628.0,81975.6749
1671,2022-07-30,249.3334,249.3332,249.3332,242.0002,1393.3336,4286.3338,4359.6668,5247.0008,4209.3338,3428.3339,3241.3335,3501.6671,3853.6671,4594.3338,5529.3341,5052.6673,4638.3338,5261.6673,4539.334,3267.0004,3604.3336,3208.3333,2706.0003,1415.3336,78327.3419
1672,2022-07-31,190.6672,190.6672,190.6672,190.6672,612.3334,2203.6671,2702.3338,2647.3338,2651.0002,2559.3336,2753.6668,2739.0005,2574.0004,2706.0001,2522.6671,2610.6671,2610.6669,2585.0001,2607.0003,2629.0004,2354.0004,2401.6671,1873.667,231.0004,47336.6753
1673,2022-08-01,234.6672,234.6672,220.0002,209.0002,1375.0004,4381.6671,5360.6674,4748.3336,5162.6676,3714.3339,3311.0003,3498.0006,3718.0003,3692.3339,3685.0003,4191.0006,5463.3341,5507.3339,5177.3342,4356.0003,3157.0003,3010.3336,2621.6668,1367.6669,78397.0109
1674,2022-08-02,245.6667,249.3332,252.9999,216.3334,1430.0001,4044.3336,5126.0006,5877.6673,3714.3338,3589.667,3410.0005,3468.667,3479.667,3806.0003,3597.0003,3428.3338,2412.6671,4953.6674,4803.3336,4271.6673,3439.3338,3120.3339,2464.0004,1305.3337,72706.3417
1675,2022-08-03,242.0002,234.6672,238.3337,238.3334,1397.0004,4539.3339,5848.3338,5544.0004,4466.0009,3842.6671,3307.334,3377.0003,3446.6668,3410.0004,3534.6671,3582.3338,5441.3339,5848.3341,5775.0006,4356.0006,3604.3336,3014.0003,2537.3336,1301.6669,79126.677
1676,2022-08-04,249.3332,252.9999,249.3332,220.0,1477.6668,4638.3336,5507.3341,5452.3338,4264.3338,3798.6672,3325.6671,3289.0003,3842.6671,3465.0003,3160.6671,3945.3338,5023.3341,5551.3339,5162.6674,4418.3338,3204.6669,3472.3338,2673.0003,1415.3339,78059.6754
1677,2022-08-05,234.6672,234.6672,227.3336,205.3337,1389.6668,4612.6672,5001.3338,5606.3342,4334.0005,3362.3338,3190.0005,3311.0003,3457.6671,3384.334,3501.6673,3835.3336,3366.0006,4246.0006,4935.3336,4004.0004,3318.3338,3032.3335,2427.3333,2115.6673,73333.3439
1678,2022-08-06,1232.0,238.3332,234.6672,198.0,1228.334,3347.6672,4491.6672,4997.6672,3908.6672,3476.0012,3226.6672,3384.334,3835.334,4810.6672,4796.0012,5126.0012,4994.0012,4913.334,4865.6672,3615.334,3615.334,3135.0,2640.0,2053.334,78364.0136
1679,2022-08-07,1210.0001,205.3332,205.3332,190.6672,597.6666,2203.6669,2750.0006,2559.3338,2559.3339,2632.6671,2654.6671,2614.3336,2559.3338,2464.0003,2354.0005,2599.6671,2522.6671,2570.3335,2713.3339,2570.3338,2526.3335,2555.6671,1917.6668,242.0004,47978.3411
1680,2022-08-08,227.3336,223.6668,201.6668,194.3336,1558.3333,4620.0003,5745.6674,5162.6671,5129.6673,3875.667,3575.0004,3410.0003,3699.6671,3641.0005,3186.3336,3883.0004,5324.0006,5654.0006,5628.3344,4667.6668,3655.6673,2962.6671,2629.0006,1426.3336,80281.6765
1681,2022-08-09,252.9999,238.3337,242.0002,231.0002,1437.3337,4594.3338,4249.6671,5104.0003,5155.3339,3842.6671,3435.6673,3417.3338,3534.6671,3699.6673,3435.6671,4194.6671,5566.0006,5756.667,5533.0006,4433.0006,3600.6673,3043.3338,2783.0003,1367.6667,79148.6765
1682,2022-08-10,245.6667,249.3332,249.3332,278.6667,1444.6669,4301.0003,5441.3339,5767.667,4590.6671,3864.6671,3241.3338,3494.3336,3652.0006,3303.6671,3710.6676,4103.0004,4785.0006,5705.3341,5199.3341,4158.0006,3355.0003,2852.667,2614.3339,1510.6672,78118.343
1683,2022-08-11,260.3333,256.6666,260.3333,230.9999,1367.6669,4488.0003,5188.3335,5914.3339,4495.3335,3886.667,3182.6668,3366.0003,3410.0006,3498.0003,3336.6671,4026.0008,5492.6676,5144.3338,5511.0007,4733.667,4103.0006,3296.3338,2654.667,1499.6669,79603.3415
1684,2022-08-12,271.3334,238.3337,234.6672,242.0004,1503.3333,4565.0005,5008.6671,5881.3339,4799.6671,3974.6673,3472.3338,3534.667,3399.0003,3633.6671,3681.3335,3996.6668,5360.667,5705.3341,5401.0009,4513.6674,3776.6673,3076.3335,2640.0,1452.0001,80362.3427
1685,2022-08-13,249.3332,249.3332,249.3332,231.0001,1477.6671,4330.3338,4664.0003,5107.6673,3736.3339,3274.3338,2867.3335,3402.6671,4029.6671,5078.3342,5269.0004,5551.3342,5320.3341,5159.0009,4700.6671,3919.6671,3696.0006,2709.6668,2559.3338,2390.667,80223.0098
1686,2022-08-14,1411.6668,249.3332,223.6667,190.6672,528.0004,2189.0006,2559.3339,2445.6668,2651.0,2563.0003,2596.0001,2618.0001,2893.0004,2658.3336,2786.6671,2823.3339,2673.0004,2706.0003,2728.0006,2423.667,2372.3336,2471.3339,1741.6668,245.6667,48748.3404
1687,2022-08-15,194.3337,190.6672,194.3337,190.6672,582.9999,2218.3336,2475.0003,2500.6671,2544.6666,2478.6669,2394.3339,2533.6673,3212.0006,3182.6671,3230.3338,3358.667,3105.6668,2863.6672,2944.3338,2508.0003,2310.0003,2295.3336,2174.3338,1232.0001,50915.3418
1688,2022-08-16,242.0002,245.6667,245.6667,212.6669,1444.6668,4110.3339,5573.3339,5756.6674,4594.3338,3743.6671,3428.3339,3505.3338,3655.6671,3626.3338,3927.0003,3949.0003,5177.3344,5958.3341,5599.0004,5034.3338,3839.0005,2907.6668,2684.0003,1455.6668,80916.0097
1689,2022-08-17,231.0004,242.0004,231.0004,227.3336,1393.3333,4535.6668,5654.0006,5547.6674,4763.0006,3802.3336,3113.0003,3494.3336,3391.6672,3619.0003,3593.3335,4213.0006,5610.0003,5885.0006,5005.0004,4535.6673,3791.3342,3006.6668,2841.6668,1620.6671,80347.6761
1690,2022-08-18,220.0,220.0,205.3332,209.0,1510.6672,4664.0,5621.0012,5342.334,5067.334,3941.6672,3736.334,3523.6672,3622.6672,3732.6672,3575.0012,4275.334,5459.668,5566.0012,5496.334,4455.0012,3538.334,3248.6672,2819.6672,1444.6672,81495.3476
1691,2022-08-19,223.6668,220.0,220.0,234.6666,1591.3335,4693.3338,5756.6676,5793.3341,4257.0003,3919.6671,3446.6672,3666.6673,3615.3338,3710.6671,3520.0004,4062.667,5188.3342,6009.6674,5514.6671,4733.667,3853.6671,3160.6671,2588.6668,1529.0004,81510.0097
1692,2022-08-20,190.6672,190.6672,205.3332,201.6669,1661.0001,4359.6668,5107.6673,5052.6676,4367.0006,3575.0006,3003.0001,3336.667,4040.667,5206.6671,5129.6671,5393.6671,4814.3338,4605.3336,4561.3338,4044.3341,3443.0006,3190.0003,2673.0003,1529.0003,79882.0097
1693,2022-08-21,238.3337,245.6669,238.3337,209.0002,553.6667,2181.6671,2658.3338,2519.0001,2537.3335,2174.3336,1991.0005,2071.667,2442.0003,2519.0003,2629.0004,2691.3336,2684.0004,2808.667,2775.6668,2607.0004,2442.0004,2478.667,2005.6671,256.6672,45958.0077
1694,2022-08-22,238.3334,249.3332,245.6667,212.6667,1378.6669,4011.3335,5390.0004,4880.3338,4550.3341,3366.0004,3076.3336,3729.0,3523.6671,3274.3339,3256.0006,3930.667,4645.6671,5291.0008,5368.0005,4455.0005,3696.0003,2988.3335,2467.667,1345.6671,75570.0081
1695,2022-08-23,201.6667,194.3337,201.6667,194.3336,1510.6668,4429.3338,5118.6676,5456.0009,5126.0006,3758.3338,3439.3338,3483.3339,3417.3338,3490.6671,3498.0003,4275.3339,5698.0003,5019.667,6090.3339,4150.667,3692.3338,3252.3338,2658.3338,1477.6669,79834.3435
1696,2022-08-24,198.0002,198.0002,205.3332,205.3337,1477.6668,4425.667,5628.3342,5474.3336,4616.3339,3604.3338,3531.0006,3322.0003,3417.3339,3663.0004,3670.3335,4202.0007,5294.6674,5811.6674,5522.0009,4389.0004,3989.3336,3281.6671,2768.3338,1228.3337,80124.0103
1697,2022-08-25,234.6672,234.6672,234.6672,205.3337,1569.3333,4462.3338,5899.6673,5577.0006,4770.3338,3622.6671,3729.0006,3358.6668,3512.667,3751.0006,3589.6671,4121.3338,5221.3341,5595.3339,5676.0009,4447.6671,3978.3338,3102.0003,2676.6671,1430.0004,81000.3447
1698,2022-08-26,267.6668,264.0,264.0,205.3337,1298.0001,3435.6671,5764.0009,4891.3338,4935.3339,3780.3336,3729.0006,3505.3335,3564.0006,3575.0006,3406.334,3963.667,5093.0006,5492.6673,4711.667,4737.3338,3718.0003,3193.6671,2662.0003,1488.6669,77946.0095
1699,2022-08-27,252.9999,256.6666,249.3332,209.0002,1312.6671,4484.3338,5327.6674,5155.3336,4169.0006,3905.0006,3061.667,3245.0003,3978.3338,4708.0007,4821.6668,5294.6676,4777.6673,5001.3338,5016.0006,3857.3339,3325.6671,2805.0001,2632.667,1378.6669,79225.6759
1700,2022-08-28,194.3337,190.6672,198.0002,190.6672,418.0001,2002.0004,2445.6673,2409.0007,2445.6671,2478.6674,2302.6671,2508.0009,2310.0004,2434.6673,2610.6671,2460.3338,2636.3341,2695.0009,2764.6674,2475.0006,2416.3342,2383.3339,1815.0005,231.0004,45015.6799
1701,2022-08-29,190.6672,190.6672,190.6672,198.0001,1573.0002,4143.334,5140.6671,4851.0006,5199.3338,4132.3338,3487.0003,3505.334,3641.0007,3494.3336,3586.0006,4011.3339,5577.0006,5357.0005,5885.0009,4440.3338,3457.6671,3329.3335,2310.0003,1683.0004,79574.0114
1702,2022-08-30,234.6672,238.3337,234.6672,216.3334,1521.6666,4348.6671,4953.6671,5478.0003,5720.0006,4011.3341,4037.0003,3765.667,3600.6668,3677.6671,3604.3336,3952.6673,5646.6674,5525.6671,5811.6674,4407.3339,3501.6673,3102.0004,2812.3336,1529.0001,81931.6766
1703,2022-08-31,267.6668,264.0,264.0,227.3334,1290.6668,4367.0003,4942.6671,5969.3344,4616.3341,3993.0003,3542.0005,3490.6673,3615.3336,3619.0006,3483.3338,3985.667,5140.6673,5643.0009,5265.3341,4807.0006,4143.3338,3263.3335,2816.0005,1444.6666,80461.3433
1704,2022-09-01,249.3336,322.6672,319.0004,267.6669,1367.6666,4121.3338,5855.6671,5232.3339,5133.3339,3465.0005,3589.6671,3358.6671,3450.3335,3325.6671,3472.3338,3758.3336,4924.3335,5379.0009,5412.0006,4590.6671,3905.0006,3054.3335,2596.0001,1532.6669,78683.0093
1705,2022-09-02,263.9999,252.9999,227.3334,231.0004,1598.6667,4279.0003,5397.3341,5038.0006,4444.0006,3850.0006,3325.6671,3465.0005,3692.3338,3663.0005,3534.6672,3978.3338,5038.0005,5375.3338,5276.3339,4334.0006,3575.0003,3230.3335,2662.0004,1477.6671,78210.0095
1706,2022-09-03,264.0,264.0,264.0,223.6669,1338.3334,4275.3338,5096.6673,5063.6674,3835.3336,3296.3338,3171.667,3248.6673,3824.3338,4455.0006,5038.0007,4528.3336,4543.0006,4704.3341,4433.0003,3747.3341,3542.0003,2841.6671,2739.0003,1382.3336,76120.0096
1707,2022-09-04,245.6667,249.3332,242.0002,223.6669,1151.3336,3604.3336,4704.3338,5118.6674,3850.0003,2893.0003,3094.6672,3197.3339,3054.3336,2962.6668,2988.3336,2845.3338,2416.3339,2775.667,2830.667,2614.3338,2563.0006,2654.6671,1800.3339,238.3337,58318.3419
1708,2022-09-05,234.6672,234.6672,231.0004,227.3336,1400.6669,4202.0005,4895.0006,5386.3339,4821.6674,3688.6671,3578.667,2852.667,3267.0004,3417.3339,3245.0004,4103.0006,5188.3338,5338.6676,5525.6676,4590.6676,3432.0003,3406.3338,2599.6671,1503.3335,77370.3454
1709,2022-09-06,198.0002,205.3332,205.3332,212.6667,1316.3336,3952.6673,5162.6674,5089.334,4851.0005,3677.6671,3560.3339,3329.3338,3325.6671,3369.6671,3289.0006,3916.0006,5148.0004,5654.0008,4986.6671,4495.3338,3270.6671,3094.6668,2768.3335,1543.6671,76622.3429
1710,2022-09-07,278.6669,249.3332,249.3332,220.0002,993.6669,3245.0005,3267.0006,3758.3338,2929.6671,2607.0003,2321.0005,2508.0003,2511.6673,2442.0003,2629.0003,2944.3336,3622.6671,3861.0005,3663.0004,2918.6671,2746.3336,2167.0,1943.3336,1070.6669,55146.6742
1711,2022-09-08,242.0002,242.0002,245.6669,223.6669,880.0001,3021.3338,3402.6671,3919.6673,2915.0005,2526.3338,2365.0001,2519.0001,2486.0003,2500.667,2453.0004,2933.3338,3703.3339,3329.3338,3839.0005,3036.0004,2951.667,2277.0003,2068.0003,1312.6671,55392.3418
1712,2022-09-09,256.6666,256.6666,260.3333,219.9999,916.6669,3146.0006,3391.6673,4238.6673,3047.0003,2284.3338,2607.0004,2288.0003,2310.0003,2346.6671,2357.6673,2431.0006,3608.0003,3861.0006,3699.6668,3340.3336,2687.6671,2398.0003,1862.6669,1177.0001,54992.6743
1713,2022-09-10,231.0004,234.6672,234.6672,220.0001,1037.6669,2999.3336,3553.0006,3886.667,3120.3339,2673.0003,2412.6668,2317.3336,2651.0004,3516.3338,3443.0005,3487.0003,3344.0006,3545.6674,3347.667,2871.0003,2273.3335,2335.6671,2508.0003,1488.6671,57731.6759
1714,2022-09-11,201.6667,201.6667,201.6667,198.0002,399.6667,2167.0003,2526.3338,2519.0006,2354.0006,2651.0006,2497.0003,2519.0003,2720.6668,2559.3336,2552.0001,2801.3338,2621.6672,2687.667,2944.3335,2621.667,2328.3338,2313.6668,1818.6671,271.3334,46676.6736
1715,2022-09-12,205.3332,208.9999,212.6666,201.6669,1360.3336,4191.0004,5683.3338,5525.6676,4572.3339,3582.3338,3300.0003,3560.3335,3424.6671,3633.6671,3571.3338,3703.3338,5151.6674,5441.3338,5041.6671,4546.6671,3457.6673,2845.3336,2453.0,1448.3338,77322.6754
1716,2022-09-13,208.9999,205.3332,205.3332,208.9999,1356.6672,4271.6674,5643.0008,5382.6674,4898.6674,3615.3336,3762.0003,3399.0004,3245.0003,3655.6671,3465.0003,3604.3335,5562.3343,5445.0006,5309.3336,4565.0006,3278.0003,3190.0005,2698.6669,1305.3336,78481.3423
1717,2022-09-14,205.3332,205.3332,205.3332,212.6667,1441.0001,4319.334,4942.667,5679.6674,4568.6671,3553.0005,3388.0003,3311.0003,3138.6673,3384.3338,3179.0003,3699.667,5243.3336,5265.3341,5078.3339,4037.0003,3553.0004,2904.0003,2354.0004,1455.6668,75324.3412
1718,2022-09-15,205.3332,208.9999,208.9999,208.9999,1404.3336,4396.3338,5232.3339,5404.6671,4326.6671,3725.3336,3230.3335,3472.334,3586.0005,3553.0003,3608.0005,3963.6673,4689.6674,5610.0006,4994.0003,4590.6671,3571.3338,2948.0003,2530.0005,1496.0004,77165.0085
1719,2022-09-16,234.6669,216.3333,227.3336,216.3334,1360.3334,4264.3336,5426.6673,4986.667,4803.3342,3270.6668,3388.0,3314.667,3344.0006,3355.0003,3344.0003,3703.3336,5221.3338,5646.6674,5632.0004,4348.6671,3663.0006,3153.3336,2651.0005,1547.3336,77319.0083
1720,2022-09-17,278.6667,282.3337,278.6672,223.6666,1408.0004,4502.6672,5093.0009,4873.0005,3443.0006,3659.3338,3193.6671,3230.3339,3604.3338,4664.0007,5228.6674,4660.3338,4697.0006,4865.6671,4414.667,3688.6671,3311.0003,2933.3338,2339.3336,1474.0001,76347.3439
1721,2022-09-18,252.9999,234.6672,234.6669,205.3332,366.6669,1954.3335,2075.3335,2152.3338,2178.0005,2324.667,2130.3335,2313.6671,2291.6671,2115.6671,2233.0005,2178.0006,2310.0005,2416.3336,2467.667,2255.0001,2192.6671,2152.3335,1690.3334,370.3334,41096.0069
1722,2022-09-19,231.0004,220.0,220.0,201.6669,1272.3336,2907.6671,3993.0006,3916.0006,3912.3338,3388.0,2665.6671,2471.3339,2900.3338,3061.6671,3153.3338,3377.0003,4121.3339,5375.3339,5038.0006,4279.0008,3688.6671,3245.0006,2625.3338,1613.3334,67877.3431
1723,2022-09-20,271.3336,260.3333,264.0,253.0001,1378.6668,4455.0003,5232.3338,5632.0009,4165.3336,3182.667,3226.667,3314.6673,3351.3336,3355.0004,3021.3338,3417.3335,4260.667,5320.3341,4143.3341,3633.6674,3846.3339,3010.3336,2339.3336,1569.3336,72904.3423
1724,2022-09-21,274.9999,267.6666,249.3332,241.9999,1419.0,4308.3338,5470.667,5492.6673,4711.6673,3644.667,3109.3336,3531.0003,3538.3338,3274.3335,3674.0006,3798.6671,4847.3338,3809.6671,5298.3338,4414.6672,3344.0003,3065.3336,2522.6671,1419.0001,75727.6739
1725,2022-09-22,264.0,264.0,264.0,238.3334,1268.6668,4330.3339,4942.6673,5368.0005,4418.3335,3490.6671,3146.0006,3179.0003,3450.3338,3245.0003,3549.3338,3201.0006,4689.6676,5085.6673,5126.0006,3938.0003,3795.0003,2962.6668,2317.3336,1393.3336,73927.342
1726,2022-09-23,234.6668,253.0001,245.6667,242.0002,1356.6669,4121.3339,5338.6671,4843.6671,4755.6673,3406.3335,3289.0005,3362.3336,3223.0004,3501.6668,3223.0003,3857.3335,5085.6673,5672.3339,5357.0009,4708.0006,3523.667,2948.0004,2530.0004,1433.6672,76512.3424
1727,2022-09-24,238.3337,227.3336,231.0004,223.6668,1294.3339,4070.0003,4942.6668,4788.6674,3963.6674,3193.6673,2981.0003,3190.0004,3648.3336,4535.6671,5118.6671,4436.6672,4187.3336,4832.6671,4374.3339,3674.0003,3424.6671,2959.0003,2522.667,1371.3336,74429.6762
1728,2022-09-25,223.6668,223.6668,223.6668,223.6669,546.3336,1950.6668,2453.0006,2398.0006,2350.3335,2504.3336,2269.6668,2464.0001,2805.0003,2449.3338,2607.0005,2504.3336,2588.6668,2522.6671,2746.3336,2526.3336,2449.3339,2368.6668,1881.0003,311.6667,45591.3399
1729,2022-09-26,242.0002,220.0002,201.6667,198.0004,1151.3336,4381.6671,5489.0009,5786.0004,4686.0006,3571.3338,3523.6671,3248.6673,3234.0005,3336.6673,3531.0003,3919.6671,4979.3339,5661.3339,5415.6674,4609.0003,3820.667,2922.3336,2460.3336,1496.0004,78085.3436
1730,2022-09-27,205.3332,205.3332,205.3332,219.9999,1382.3334,4348.6671,4733.6674,5683.3339,4535.6672,3608.0005,3421.0003,3443.0006,3652.0005,3564.0003,3490.667,3971.0005,5027.0006,5397.334,5122.3339,4675.0006,3938.0006,2915.0005,2585.0004,1492.3334,77821.3422
1731,2022-09-28,231.0001,231.0004,234.6672,205.3334,1415.3336,4323.0006,5683.3341,5764.0006,4711.6674,3846.3338,3325.6673,3105.6671,3333.0003,3369.6672,3281.6668,3406.3338,4682.3338,5591.6671,5401.0006,4411.0003,3604.3339,3102.0003,2698.667,1455.6668,77414.3435
1732,2022-09-29,220.0001,253.0002,260.3334,201.6672,1154.9999,4550.3339,4979.3341,5819.0006,4381.6671,3582.3339,3652.0006,3465.0003,3589.6674,3769.334,3538.3338,3945.3338,5236.0006,5632.0004,5324.0006,4444.0006,3479.6671,2995.6671,2581.3335,1422.6668,78477.677
1733,2022-09-30,264.0,260.3333,256.6666,223.6667,1404.3334,4400.0003,4990.3341,5280.0009,4092.0003,3589.667,3263.3341,3494.3339,3014.0004,3498.0005,3245.0005,3963.6673,4950.0008,5771.3339,5063.6673,4752.0008,3311.0,3043.3335,2478.6671,1426.3336,76035.6763
1734,2022-10-01,223.6667,194.3337,190.6672,201.6669,1257.6666,4235.0003,5023.3341,4920.667,4154.3338,3567.6671,3146.0006,3087.3336,3776.6671,4737.3339,4983.0009,5148.0006,4869.3336,4334.0006,4664.0006,3824.3338,3391.6672,2966.3338,2460.3338,1426.3334,76783.6769
1735,2022-10-02,219.9999,264.0,234.6666,249.3336,506.0002,2108.3338,2350.3336,2566.6668,2559.3339,2500.6669,2449.3336,2559.3338,2456.6671,2471.3336,2526.3338,2390.667,2713.3336,2757.3338,2636.3335,2486.0004,2511.6671,2372.3336,1848.0003,245.6667,45983.6732
1736,2022-10-03,176.0,172.3333,187.0001,201.6669,1375.0001,3740.0003,5621.0009,2801.3336,5100.3336,3589.6671,3314.667,3538.3338,3490.667,3215.6671,3655.6671,3454.0003,4785.0003,5712.6674,5599.0006,4271.6674,3534.667,3465.0005,2720.6669,1437.3336,75159.3419
1737,2022-10-04,271.3336,271.3336,223.6666,205.3334,1367.6669,4451.3338,5973.0008,5628.3341,4623.6673,3465.0003,3527.3338,3333.0003,3450.3336,3274.3336,3490.6671,4330.3338,5555.0008,5115.0006,4979.3338,3938.0005,3516.3338,2863.6671,2493.3338,1606.0001,77953.3431
1738,2022-10-05,234.6672,234.6672,234.6672,227.3336,1330.9999,4337.667,4539.3336,5107.667,4726.3339,4180.0003,3465.0004,3369.667,3527.3339,3384.3338,3681.3338,4018.667,5221.3338,5643.0003,5349.6671,4378.0003,3388.0003,3157.0003,2500.6671,1499.6671,77737.0091
1739,2022-10-06,216.3333,212.6666,212.6666,212.6667,1294.3336,4469.6674,5408.3339,5580.6674,4796.0003,4033.3338,3267.0003,3578.6671,3164.3338,3479.6673,3487.0004,3820.6671,5170.0003,5437.6676,5071.0005,4235.0004,3366.0003,2753.6671,2482.3336,1914.0006,77663.676
1740,2022-10-07,267.6669,286.0002,278.6672,234.6669,1305.3336,4543.0003,5903.3339,5236.0003,4858.3339,3949.0006,3292.6671,3454.0004,3432.0003,3252.3338,3908.6672,3776.6671,4788.6671,6123.3341,4873.0006,4352.3338,3531.0004,2863.6671,2335.667,1525.3337,78371.3435
1741,2022-10-08,238.3332,256.6669,275.0004,223.6668,1349.3333,4249.6673,4561.3339,5199.3341,4088.3338,3322.0006,3289.0004,3399.0003,3901.3338,4612.6671,4869.3338,4609.0006,4752.0005,4799.6674,4286.3338,3362.3335,3175.3336,2808.6668,2361.3336,1481.3336,75471.0091
1742,2022-10-09,205.3332,205.3332,231.0004,212.6668,520.6667,2266.0003,2339.3339,2427.3336,2306.3336,2357.6671,2321.0003,2365.0005,2438.3338,2225.667,2214.6671,2273.3338,2500.6673,2339.3338,2596.0003,2383.3335,2361.3339,2269.6673,1716.0006,256.6669,43332.6749
1743,2022-10-10,231.0001,223.6668,194.3336,190.6669,1404.3334,4282.667,5056.3335,5987.6674,4180.0003,3780.3338,3347.6668,3505.3336,3908.6673,3505.3338,3483.3339,3758.3341,4803.3336,5239.6674,5287.3341,4216.6668,3432.0003,3065.3335,2464.0003,1701.3335,77249.3418
1744,2022-10-11,249.3334,249.3334,271.3337,223.6666,1320.0004,4451.3339,5562.3336,5485.3341,4550.3341,3498.0004,3355.0006,3516.3335,3263.3338,3505.3338,3391.6668,3564.0005,4634.667,5177.3339,5096.6671,3901.3338,3567.6671,3278.0004,2640.0,1463.0004,76215.3423
1745,2022-10-12,249.3336,234.6672,260.3333,234.6668,1492.3334,4422.0006,5360.6671,5591.6673,4275.3338,3707.0006,3237.6671,3142.3338,3270.6671,3443.0006,3307.3338,4029.667,4620.0006,5221.3341,5302.0006,4246.0006,3483.3338,2882.0004,2599.6671,1415.3335,76028.3438
1746,2022-10-13,252.9999,249.3332,249.3332,216.3334,1386.0003,4264.3338,5247.0003,5107.6673,4719.0006,3351.3338,3391.6668,3186.3339,3237.6671,3300.0003,2940.6673,3879.3336,4546.6671,5217.6673,5137.0006,4502.6672,3435.6672,2929.667,2449.3336,1452.0,74649.6748
1747,2022-10-14,289.6668,267.6668,278.6669,238.3333,1433.6669,4308.3338,5529.3341,5129.6673,4656.6671,3395.3339,3373.3339,3428.3338,3578.667,3465.0005,3472.3335,3872.0006,4986.6674,5100.3339,5280.0007,4249.6674,3388.0,3054.334,2445.6671,1514.3336,76736.0103
1748,2022-10-15,260.3333,260.3333,260.3333,238.3336,1444.6669,4235.0004,5056.3339,4689.6673,3941.6671,3377.0005,2922.3339,3113.0006,3989.3338,4726.3338,4781.3338,4737.3341,4653.0006,4803.3338,4469.6673,3461.3335,2643.667,2904.0003,2570.3338,1485.0001,75023.676
1749,2022-10-16,146.6672,0.0,0.0,0.0,0.0,0.0,0.0,0.0,0.0,0.0,0.0,0.0,0.0,0.0,0.0,0.0,0.0,0.0,7.3332,14.6672,18.3332,18.3332,14.6672,132.0,352.0012
1750,2022-10-17,590.3336,572.0,557.3334,623.3337,1261.3336,3391.6674,3740.0003,3703.3338,3861.0008,4062.6672,4037.0003,4202.0003,4209.3336,4191.0006,4040.6672,4139.667,4088.3338,4249.6671,4675.0006,4308.3335,4125.0003,4051.6671,3336.6673,539.0004,76556.3429
1751,2022-10-18,154.0004,161.3336,190.6668,223.6668,1393.3336,4411.0006,4807.0006,4730.0006,5228.6671,3956.3338,3421.0006,3369.6671,3608.0,3560.3338,2929.6671,3798.6674,4638.3336,5731.0009,4851.0008,4308.3338,3281.6672,3153.3337,2467.6669,1518.0004,75892.6772
1752,2022-10-19,220.0,220.0,220.0,223.6668,1558.3338,4198.3338,5082.0003,5511.0006,4814.3341,3113.0006,3366.0003,3292.6668,3410.0003,3388.0004,3454.0006,3787.6673,4946.3339,5577.0009,5236.0008,4546.6671,3498.0008,2951.6671,2592.3334,1466.6671,76673.6768
1753,2022-10-20,245.6669,252.9999,256.6666,219.9999,1257.6672,3901.334,4444.0003,5107.6671,4172.6668,3538.3338,3072.6669,3428.3335,3461.3335,3333.0005,3296.3335,3527.3338,4348.6674,5547.6676,5309.3338,4066.3338,3292.6668,2955.3339,2489.6671,1459.3334,72985.008
1754,2022-10-21,231.0002,231.0004,231.0004,231.0004,1521.6669,3784.0006,2779.3338,3699.6671,5126.0005,3564.0003,3384.3335,3098.3336,3578.667,3549.3336,3553.0004,3751.0005,4814.3339,5137.0006,5016.0006,3938.0003,3476.0,3124.0003,2680.3338,1562.0004,72061.0091
1755,2022-10-22,205.3332,205.3332,205.3332,212.6667,1459.3333,4389.0006,5005.0004,4689.6671,3930.667,3065.3336,2944.3336,3127.6668,3659.3338,4869.3338,4645.6671,4755.6674,4726.3339,4117.6671,3538.3338,3197.3338,2977.3336,2728.0003,2431.0004,1386.0004,72471.6741
1756,2022-10-23,220.0,220.0001,220.0,216.3333,326.3337,2273.3338,2225.6668,2280.6671,2244.0004,2317.3338,2508.0003,2453.0005,2515.3338,2478.6672,2500.6671,2478.6668,2482.3336,2372.3336,2482.3338,2427.3335,2170.6671,2423.6672,1683.0001,319.0001,43838.6737
1757,2022-10-24,252.9999,264.0004,205.3332,208.9999,1235.6669,4238.6674,5555.0007,5448.6674,4506.3338,3641.0003,3443.0,3314.6671,3384.3339,3406.3336,3127.6673,3509.0006,5126.0005,5166.3338,5188.3339,4381.6671,3219.3338,3021.3335,2607.0001,1675.6669,76127.342
1758,2022-10-25,238.3337,234.6672,234.6672,227.3337,1650.0001,4543.0004,5489.0006,5540.3341,4290.0003,3652.0004,3083.6669,3395.3339,3311.0006,3600.667,3553.0004,4084.6671,4975.6671,4964.6671,5430.3338,4374.3338,3791.3341,3142.3338,2739.0006,1525.3336,78070.6775
1759,2022-10-26,267.6668,264.0,264.0,242.0001,1294.3334,4282.6671,5173.6674,5569.6676,5210.3341,3443.0004,3498.0,3417.3336,3564.0006,3468.6668,3443.0006,3439.3335,4345.0003,4642.0006,4766.6671,4231.3339,3333.0003,2951.6671,2379.6668,1499.6669,74990.675
1760,2022-10-27,238.3337,300.6669,249.3332,230.9999,1349.3336,4198.3339,4972.0004,5980.3341,4165.3338,3619.0003,3501.6671,3648.3338,3267.0003,3270.6671,3197.3338,3659.3341,4741.0006,5302.0006,4693.3338,4411.0006,3058.0004,2893.0004,2596.0003,1521.6669,75064.0096
1761,2022-10-28,275.0004,264.0,264.0,249.3336,1320.0001,4183.6668,5324.0006,5269.0006,4400.0003,3358.667,2966.3336,3186.3338,3391.6671,3256.0003,3226.667,3479.6671,4671.3341,5287.3338,5074.667,4286.3338,3454.0006,2904.0004,2537.3336,1554.6669,74184.0085
1762,2022-10-29,252.9999,249.3332,242.0002,223.6669,1397.0001,4169.0006,4726.3341,4598.0006,3798.6671,3142.3336,2944.3338,2827.0,3762.0004,4235.0006,4601.6671,4862.0006,4825.3341,4704.3338,4172.6668,3527.3338,3113.0006,2937.0005,2629.0005,1338.3336,73278.3425
1763,2022-10-30,194.3337,528.0001,586.6669,656.3337,1239.3336,3421.0003,4106.6671,3707.0005,3542.0004,3604.334,3292.6668,3545.667,4073.6671,4169.0006,4326.6668,4216.6668,4297.3335,4495.3336,4642.0006,4451.3338,4161.6673,4099.334,3395.3339,858.0001,75610.3422
1764,2022-10-31,238.3337,234.6672,234.6672,212.6669,1389.6669,4568.6668,5602.6673,5514.6674,4521.0006,3703.3338,3351.3338,3586.0005,3395.3338,3652.0004,3311.0003,2563.0003,3285.3339,4873.0006,4755.6671,3967.3338,3278.0003,2981.0003,2621.6671,1650.0001,73491.0101
1765,2022-11-01,238.3332,234.6672,238.3332,231.0,1463.0,4510.0012,5353.334,5448.6672,4462.334,3523.6672,3259.6672,3292.6672,3410.0,3428.334,3285.334,3853.6672,4631.0012,5522.0012,5474.334,4532.0012,3934.334,3226.6672,2475.0,1455.6672,77484.0128
1766,2022-11-02,260.3332,286.0,293.3332,234.6672,1250.334,4403.6672,5382.6672,5668.6672,4627.334,3501.6672,3399.0,3527.334,3659.334,3578.6672,3311.0,3710.6672,4924.334,5397.334,5030.6672,4418.334,3982.0012,2874.6672,2541.0,1408.0,77671.0104
1767,2022-11-03,212.6672,212.6672,205.3332,205.3332,1507.0,4433.0012,5305.6672,5555.0012,4825.334,3633.6672,3549.334,3725.334,3501.6672,3432.0,3329.334,4044.334,4572.334,5195.668,5056.334,4616.334,3358.6672,3109.334,2434.6672,1463.0,77484.0132
1768,2022-11-04,293.3332,245.6672,249.3332,238.3332,1290.6672,4213.0012,5551.334,6020.6672,4682.334,3534.6672,3399.0,3560.334,3578.6672,3608.0012,3435.6672,3963.6672,5052.668,5096.6672,4843.6672,4125.0012,3523.6672,2834.334,2618.0,1558.334,77517.0132
1769,2022-11-05,245.6672,260.3332,253.0,223.6672,1169.6672,3589.6672,5159.0012,4862.0012,3967.334,3083.6672,3175.334,2988.334,4099.334,4594.334,5364.334,4766.6672,4766.6672,4763.0012,4363.334,3758.334,3406.334,3006.6672,2588.6672,1624.334,76079.6816
1770,2022-11-06,227.3332,231.0,227.3332,201.6672,517.0,2137.6672,2431.0,2317.334,2222.0,2537.334,2511.6672,2346.6672,2585.0,2665.6672,2515.334,2555.6672,2456.6672,2607.0,2599.6672,2240.334,2269.6672,2200.0,1954.334,242.0,44799.3412
1771,2022-11-07,187.0,179.6672,176.0,179.6672,583.0,2251.334,2438.334,2629.0,2376.0,2508.0,2306.334,2383.334,2376.0,2317.334,2427.334,2504.334,2559.334,2515.334,2662.0,2647.334,2398.0,2203.6672,1763.6672,245.6672,44817.676
1772,2022-11-08,238.3332,216.3332,234.6672,209.0,1364.0,4007.6672,5225.0012,5309.334,4972.0012,3648.334,3457.6672,3549.334,3300.0,3432.0,2992.0,3652.0012,4326.6672,2907.6672,1642.6672,3050.6672,3036.0,2717.0,2295.334,1386.0,67169.6764
1773,2022-11-09,209.0,205.3332,205.3332,212.6672,1169.6672,4924.334,5507.334,5258.0012,4983.0,3589.6672,3619.0,3582.334,3263.334,3586.0012,3292.6672,3703.334,5159.0012,5349.6672,5074.6672,4686.0012,3520.0012,2882.0,2339.334,1463.0,77784.6796
1774,2022-11-10,245.6672,242.0,234.6672,212.6672,1422.6672,3923.334,6284.668,4543.0012,4026.0012,3905.0012,3622.6672,3153.334,3501.6672,3457.6672,3094.6672,4022.334,4887.6672,4759.334,4491.6672,4180.0012,3168.0,3105.6672,2691.334,1518.0,74693.682
1775,2022-11-11,245.6672,234.6672,238.3332,212.6672,1290.6672,4216.6672,5210.334,5657.6672,4161.6672,3538.334,3457.6672,3333.0,3468.6672,3523.6672,3432.0,3938.0,5382.6672,5577.0012,5199.334,4172.6672,3600.6672,3098.334,2739.0,1587.6672,77517.0112
1776,2022-11-12,260.3332,238.3332,238.3332,205.3332,1246.6672,4601.6672,5078.334,5415.668,3820.6672,3241.334,3127.6672,3494.334,3817.0012,4700.6672,5170.0012,4979.334,3989.334,4645.6672,4279.0,3743.6672,3146.0,3014.0,2295.334,1543.6672,76292.3448
1777,2022-11-13,238.3332,234.6672,234.6672,209.0,443.6672,2398.0,2610.6672,2394.334,2420.0,2585.0,2570.334,2559.334,2522.6672,2508.0,2482.334,2489.6672,2489.6672,2497.0,2383.334,2486.0,2434.6672,2229.334,1965.334,190.6672,45576.676
1778,2022-11-14,176.0,176.0,176.0,176.0,590.3332,2009.334,2500.6672,2519.0,2610.6672,2317.334,2321.0,2460.334,2478.6672,2449.334,2742.6672,2449.334,2581.334,2654.6672,2577.6672,2449.334,2456.6672,2299.0,1961.6672,278.6672,45411.676
1779,2022-11-15,242.0,234.6672,227.3332,209.0,1510.6672,4257.0012,5643.0012,5848.334,4689.6672,3776.6672,3377.0012,3516.334,3285.334,3421.0,3369.6672,3721.6672,3080.0,2574.0,4139.6672,4099.334,3703.334,3047.0,2515.334,1444.6672,71932.6784
1780,2022-11-16,223.6672,205.3332,209.0,216.3332,1492.3332,3461.334,4741.0012,5793.334,5049.0012,3622.6672,3366.0012,3164.334,3538.334,3428.334,3523.6672,3930.6672,4605.334,5478.0012,4752.0012,4590.6672,4066.334,3435.6672,2676.6672,1518.0,77088.014
1781,2022-11-17,220.0,190.6672,190.6672,198.0,1430.0,4275.334,5709.0012,5199.334,5177.334,3465.0,3644.6672,3597.0,3399.0,3366.0,3461.334,3714.334,4594.334,4766.6672,4744.6672,4466.0012,4378.0012,3512.6672,2610.6672,1463.0,77773.678
1782,2022-11-18,194.3332,176.0,176.0,209.0,1250.334,3707.0012,5701.6672,5822.6672,4671.334,3985.6672,3278.0,3395.334,3611.6672,3578.6672,3604.334,3685.0,4898.6672,4964.6672,4829.0012,4484.334,4238.6672,3505.334,2669.334,1595.0,78232.0112
1783,2022-11-19,788.3332,260.3332,256.6672,223.6672,1254.0,4055.334,5126.0012,4961.0012,4246.0012,3252.334,3413.6672,2871.0,4169.0012,5030.6672,4939.0012,4997.6672,4821.6672,4968.334,4601.6672,3773.0,3256.0,2900.334,2577.6672,1591.334,78334.68
1784,2022-11-20,773.6672,249.3332,249.3332,216.3332,601.3332,2064.334,2324.6672,2497.0,2533.6672,2577.6672,2376.0,2493.334,2559.334,2460.334,2526.334,2482.334,2420.0,2486.0,2647.334,2504.334,2409.0,2332.0,1932.334,293.3332,46009.3408
1785,2022-11-21,249.3332,223.6668,212.6668,198.0004,1312.6668,3868.3339,5426.6674,4627.3339,4572.3341,3124.0006,3505.3339,3597.0004,3226.6668,3509.0005,3468.6673,3956.3339,4521.0004,5155.3338,4957.3335,4037.0006,3960.0003,3421.0006,2519.0003,1360.3333,75009.0095
1786,2022-11-22,176.0,139.3333,124.6666,198.0004,1371.3336,4132.3336,5250.6674,5364.3338,4631.0008,2926.0003,3549.3335,3516.3338,3523.6673,3399.0004,3388.0006,3703.3338,4821.6674,4869.3339,5272.6677,3861.0003,4202.0006,3534.6673,2409.0006,1386.0001,75749.6771
1787,2022-11-23,649.0001,264.0001,220.0,227.3333,1276.0001,4092.0004,5441.3339,5478.0009,4374.3338,3534.6671,3010.3336,3164.3336,3391.6671,3219.3339,3175.3339,3597.0005,4594.3339,5056.3342,5038.0006,4491.6671,3663.0003,3307.3338,2607.0003,1364.0001,75236.3426
1788,2022-11-24,208.9999,205.3332,212.6666,223.6668,1327.3334,4055.334,5331.3341,5624.6676,4326.6672,3435.6673,3186.3338,3278.0005,3347.667,3589.6671,3329.3338,3725.3338,4319.3339,5221.3339,3699.6671,3674.0006,3751.0003,3461.3339,2390.6669,1430.0004,73355.3431
1789,2022-11-25,223.6668,220.0,223.6668,231.0001,1459.3336,4077.3336,5584.3341,5335.0005,4755.667,3465.0005,3303.667,3443.0004,3472.3338,3600.6671,3520.0003,3751.0006,4917.0004,5027.0006,5122.3338,4260.6673,3861.0006,3248.6671,2592.3336,1521.6668,77216.3424
1790,2022-11-26,205.3332,205.3332,205.3332,212.6667,1290.6668,4433.0003,5250.6674,4917.0005,4403.6673,3545.6671,2962.667,3241.3336,3677.6672,4693.3336,4986.6677,4752.0003,4660.3338,4466.0003,4411.0005,3369.6671,2988.3338,2893.0001,2849.0003,1360.3337,75980.6747
1791,2022-11-27,95.3337,14.6672,14.6672,14.6672,14.6672,14.6672,18.3337,14.6672,0.0,0.0,0.0,0.0,0.0,0.0,0.0,7.3333,14.6672,14.6672,14.6672,14.6672,14.6672,14.6672,14.6672,14.6672,326.3415
1792,2022-11-28,14.6672,14.6672,165.0,183.3332,1437.334,3681.334,5522.0012,5529.334,4777.6672,3644.6672,3439.334,3428.334,3388.0012,3303.6672,3498.0,3919.6672,4704.334,5030.6672,4821.6672,4645.6672,3435.6672,3080.0,2673.0,1312.6672,75650.6788
1793,2022-11-29,297.0,278.6672,223.6672,249.3332,1441.0,4125.0012,5694.334,5481.6672,4392.6672,3498.0,3439.334,3468.6672,3432.0,3542.0,3226.6672,3769.334,4920.668,4634.6672,4814.334,4462.334,4040.6672,3674.0,2544.6672,1430.0,77080.6772
1794,2022-11-30,223.6666,128.3334,253.0004,231.0004,1378.6669,3831.6668,5749.334,5261.6673,4939.0006,3259.6671,3527.3338,3289.0006,3373.3336,3487.0003,3410.0003,3505.3338,4425.6671,4788.6673,5056.3338,4128.6671,3798.6673,3241.3335,2632.6671,1375.0004,75295.0095
1795,2022-12-01,238.3337,220.0,220.0,234.6672,1422.6669,3879.3339,5789.6671,5481.6674,4231.3338,4015.0004,3347.6671,3212.0003,3428.3338,3468.6668,3300.0006,3648.3336,4638.3339,4825.3338,5177.334,3831.6674,3281.6673,3098.3336,2629.0006,1433.6668,75053.01
1796,2022-12-02,238.3337,234.6672,234.6672,231.0004,1543.6669,4121.3336,4711.6672,4719.0007,4689.6673,3476.0003,3545.667,3542.0003,3534.6673,3197.3335,3707.0005,3670.334,4807.0003,4994.0007,5038.0003,4774.0003,4037.0003,3446.6668,2574.0004,1991.0003,77058.6765
1797,2022-12-03,1265.0003,234.6672,227.3336,227.3336,1312.6667,4407.3338,4851.0004,5049.0003,3868.3341,3153.3338,3267.0003,3124.0003,3912.3335,4818.0005,4847.3338,4770.3335,4598.0003,4920.6674,4634.6671,3817.0006,3516.3338,3303.6671,2577.667,2038.6671,78741.6761
1798,2022-12-04,1261.3334,205.3332,205.3332,205.3332,491.3334,2291.6671,2497.0003,2434.6671,2607.0006,2665.6671,2489.6671,2750.0006,2728.0004,2629.0006,2687.6668,2735.3339,2757.3336,2577.667,2695.0004,2614.3338,2533.6671,2662.0003,1921.3339,231.0001,48876.6742
1799,2022-12-05,205.3332,201.6672,194.3332,201.6672,1441.0,4213.0012,5445.0012,5962.0012,4315.6672,3608.0,3534.6672,3421.0012,3586.0012,3677.6672,3428.334,3619.0012,4374.334,5019.6672,5199.334,4209.334,3567.6672,3182.6672,2632.6672,1419.0,76659.0144
1800,2022-12-06,201.6672,205.3332,205.3332,216.3332,1430.0,4062.6672,5782.334,5797.0012,4389.0,3439.334,3791.334,3501.6672,3465.0012,3402.6672,3465.0,3989.334,4700.6672,5100.334,4979.334,4165.334,4315.6672,3589.6672,2662.0,1613.334,78470.3444
1801,2022-12-07,165.0002,33.0002,33.0002,227.3336,1356.6669,4169.0004,5390.0006,5701.6676,4484.3338,3259.6672,3542.0003,3582.3335,3417.3336,3336.6671,3454.0003,3963.6673,4671.3338,5027.0006,4356.0006,4814.3339,3883.0003,3641.0005,2390.6671,1844.3334,76743.343
1802,2022-12-08,1312.6668,238.3334,249.3332,249.3333,498.6666,1932.3336,2434.6671,2438.3336,2592.3338,2288.0004,2574.0001,2548.3336,2288.0003,2640.0004,2453.0006,2431.0003,2614.3336,2618.0003,2610.6672,2519.0,2423.6668,2258.6668,1976.3339,1283.3336,47472.3393
1803,2022-12-09,216.3333,212.6666,216.3333,187.0,1382.3335,3835.3338,5657.6674,5437.6671,3886.667,3648.3335,3549.3339,3289.0003,3186.3336,3344.0006,3604.3336,3820.6671,4312.0006,4964.6672,4781.3342,4499.0003,4231.3338,3347.6671,2482.3338,2064.3339,76156.6755
1804,2022-12-10,1382.3335,249.3334,252.9999,231.0001,1221.0003,4194.6671,4711.6673,5320.3338,3809.6671,3681.3338,2948.0004,3402.6671,3714.3336,4975.6673,4535.6671,4880.3338,4792.3339,4972.0007,4411.0003,3538.3338,3296.3338,2621.6671,2515.3338,2145.0003,77803.0093
1805,2022-12-11,1217.3336,253.0001,260.3333,212.6667,465.6669,2057.0003,2537.3336,2438.3336,2438.3339,2497.0003,2537.3334,2464.0003,2335.6671,2456.6668,2508.0003,2596.0002,2497.0004,2651.0003,2651.0003,2508.0003,2225.6671,2339.3339,1917.6671,308.0002,46372.34
1806,2022-12-12,205.3332,194.3337,194.3337,209.0002,1631.6668,3263.3338,4334.0006,4722.6671,5001.3339,3589.6673,3531.0003,3523.6671,3454.0,3413.6673,3355.0006,3743.6671,4660.3341,5016.0006,5056.3341,4169.0006,3974.6674,3069.0006,2841.6669,1492.3334,74646.0104
1807,2022-12-13,231.0002,205.3332,205.3332,205.3332,1232.0001,3927.0003,5236.0004,5195.6676,4631.0005,3138.667,2104.6672,2801.3339,3325.6671,3659.3338,3677.6671,3560.3338,4869.3339,4975.6671,4832.6673,4418.334,4044.3335,3472.3338,2728.0001,1334.6669,74011.6752
1808,2022-12-14,223.6668,220.0,220.0,216.3334,1323.6667,4026.0003,5144.3339,5239.667,4862.0006,3197.3338,3116.6668,3538.3336,3314.667,3252.3338,3399.0006,3586.0005,4642.0006,5034.3338,4722.6674,4590.6671,3776.6671,3237.6668,2581.3335,1422.6672,74888.0083
1809,2022-12-15,205.3332,205.3332,205.3332,216.3334,1397.0001,4092.0003,5533.0004,5690.6674,4513.667,3388.0004,3223.0006,3399.0,3413.6668,3380.667,3472.3341,3923.3335,4656.6674,4880.3342,4950.0006,4414.667,3604.3341,3553.0001,2431.0001,1349.3336,76098.0077
1810,2022-12-16,172.3333,161.3332,161.3332,179.6666,1400.6669,4048.0004,5698.0004,5833.6676,4059.0006,3586.0005,3468.6671,3479.667,3688.6674,3373.3338,3362.3338,3802.3336,4843.6673,4931.667,5313.0004,4202.0006,4055.334,3351.3338,2797.667,2163.3338,78133.0093
1811,2022-12-17,1327.0,205.0,205.0,212.5,1331.0,4381.75,5100.25,4942.75,4345.0,3274.25,2929.75,3241.5,3534.75,4938.75,3600.75,4546.5,4935.25,4546.5,4924.25,3850.25,3600.5,2797.75,2768.5,2192.75,77732.25
1812,2022-12-18,1334.6668,190.6672,190.6672,179.6668,561.0001,1884.6668,2636.3335,2420.0004,2735.3335,2625.3336,2676.6671,2456.6668,2629.0004,2651.0,2640.0006,2838.0006,2691.3336,2867.3338,3014.0,2977.3338,2827.0003,2508.0003,1994.6671,253.0004,49782.3407
1813,2022-12-19,179.6672,205.3332,205.3332,201.6672,1437.334,3927.0012,5679.6672,5324.0012,4469.6672,3538.334,3157.0,3611.6672,3424.6672,3501.6672,3351.334,4051.6672,4121.334,5030.6672,5071.0012,4337.6672,3960.0012,3318.334,2816.0,1433.6672,76354.6804
1814,2022-12-20,227.3333,208.9999,208.9999,201.6669,1367.6668,4110.3336,5514.6672,5896.0006,4400.0007,3322.0005,3494.3339,3875.6672,3556.6674,3659.3338,3523.6671,3776.6668,5144.3341,4840.0004,5287.3339,4216.667,3850.0004,3703.3339,2537.3336,1650.0001,78573.009
1815,2022-12-21,242.0,220.0,212.6666,198.0002,1386.0001,4238.6673,5305.6673,5734.6673,4110.3338,3292.6668,3582.3339,3586.0003,3520.0004,3655.6673,3648.3335,3864.6668,3776.6673,4972.0006,5078.3338,4645.667,4161.6671,3659.3338,2607.0003,1580.3335,77278.675
1816,2022-12-22,209.0001,176.0,176.0,183.3333,1353.0001,3989.3341,5536.6671,5599.0006,4000.3339,3454.0005,3340.3339,3450.3338,3549.3336,3718.0003,3281.6671,3842.6668,4693.3338,5107.6671,4964.6674,4044.3339,4073.667,3897.6673,2596.0001,1697.6672,76934.009
1817,2022-12-23,208.9999,205.3332,201.6667,198.0004,1345.6668,3996.6673,5298.3339,5529.334,4121.3338,3476.0004,3351.3335,3270.6671,3322.0003,3468.6673,3523.667,3575.0006,5052.6671,4722.6671,4755.667,4598.0007,3780.3335,3542.0004,2658.3336,2053.3338,76255.6754
1818,2022-12-24,1301.6669,190.6672,183.3336,187.0,1331.0001,4055.3338,4385.3339,3289.0004,3358.6671,3054.3338,3336.6668,3215.6671,3670.3338,3377.0006,3531.0005,3582.3335,3388.0004,3501.6672,3809.6672,3234.0006,2511.6668,2372.3339,1272.3334,190.6672,62329.6758
1819,2022-12-25,187.0004,183.3336,179.6668,179.6668,616.0002,1620.6671,2079.0004,2145.0004,2097.3336,2082.6671,2046.0006,2126.6673,2093.6669,2163.3338,2027.6671,2013.0006,2090.0003,2233.0003,2211.0003,2126.6671,2313.6671,2145.0001,1716.0001,194.3336,38870.3416
1820,2022-12-26,183.3332,176.0,176.0,187.0,1452.0,4242.334,4546.6672,4484.334,3384.334,2845.334,2816.0,3171.6672,3039.6672,2797.6672,3025.0,3391.6672,4073.6672,5258.0012,4187.334,3388.0,3208.334,2475.0,2500.6672,1697.6672,66707.676
1821,2022-12-27,190.6672,190.6672,190.6672,194.3337,1430.0004,4279.0006,4194.6672,4682.3339,3736.3338,3094.6668,3014.0006,3120.3335,2918.6673,2904.0005,3120.3335,3230.3338,4477.0003,4202.0,5067.3335,3721.6673,3186.3338,2841.6671,2167.0006,1389.6671,67543.6769
1822,2022-12-28,187.0004,183.3336,179.6668,198.0004,1426.3334,4194.6671,4616.3338,4656.6673,3388.0004,3219.3336,3032.3336,2999.3336,3131.3338,2970.0001,3102.0003,3197.3338,4770.3338,5166.3336,4843.6668,4117.6674,3421.0004,3087.3336,2364.9999,1466.6669,69919.6744
1823,2022-12-29,212.6666,205.3332,194.3333,187.0001,1529.0001,4132.3339,5030.6676,4638.3338,3424.6671,3212.0006,3157.0003,3021.3338,3094.6671,2959.0006,3171.6671,3417.3335,5023.3338,4700.6671,4935.3338,3769.3336,3523.6671,2962.6672,2456.6673,1642.6669,70601.6755
1824,2022-12-30,198.0004,179.6668,183.3336,187.0001,1690.3336,3978.334,2926.0006,5089.3341,3439.3338,3054.3338,2955.3336,3190.0003,3146.0005,3146.0004,2812.3335,2522.6666,2691.3335,3329.3338,4330.3338,3875.6674,3421.0006,2995.6673,2610.6672,1437.3336,63389.3429
1825,2022-12-31,201.6667,198.0002,194.3337,208.9999,1367.6668,3934.3338,3842.6668,3054.3333,2629.0,2973.6671,2812.3336,2826.9999,2893.0,2999.3336,2937.0004,2871.0003,2816.0003,2896.6671,3003.0003,2746.3335,2662.0004,2174.3336,1140.3337,187.0004,53570.0054
1826,2023-01-01,176.0,176.0,176.0,176.0,465.6668,1785.667,2262.3338,2035.0003,1943.3336,1987.3335,2137.6673,2042.3339,2167.0001,2002.0003,2064.3338,2071.6671,2152.3338,2060.6669,2251.3335,2321.0004,2020.3338,2009.3339,1521.6668,227.3336,38232.3402
1827,2023-01-02,176.0,176.0,176.0,220.0001,1419.0001,4191.0006,4554.0006,4752.0005,3318.3338,3091.0006,2687.6671,2852.6668,2874.6669,2973.667,3127.6671,3065.3336,4396.3335,4968.3336,4524.6671,4055.3335,3637.3338,2588.6669,2240.3336,1624.3336,67690.3404
1828,2023-01-03,219.9999,212.6666,208.9999,198.0002,1323.6669,4161.6671,4378.0004,4238.6671,3289.0006,3032.3336,2665.6673,2673.0005,2548.3338,3050.6671,2823.3336,3113.0003,4488.0004,4968.3338,4737.3342,3982.0,3769.3336,2830.6671,2456.6669,1551.0004,66920.3413
1829,2023-01-04,219.9999,219.9999,212.6666,201.6669,1334.6669,4066.3338,4477.0003,4928.0003,3974.6668,2849.0004,3080.0003,3032.3338,2992.0005,3208.3336,3160.6671,3545.6671,4869.3338,4979.3338,4686.0006,4231.3336,3531.0003,2695.0006,2493.3336,1419.0003,70407.3408
1830,2023-01-05,201.6669,176.0,190.6672,190.6669,1320.0003,4202.0005,4370.6668,4975.6672,3714.3339,3303.6671,2992.0004,3069.0004,3193.6671,3116.6671,3014.0006,3729.0006,4455.0006,4781.3341,4502.6673,4297.3339,3498.0006,2959.0005,2515.3336,1404.3338,70172.6774
1831,2023-01-06,219.9999,205.3332,205.3332,194.3337,1375.0003,4150.6671,4638.3339,4491.6673,3729.0003,3135.0003,3142.3338,3204.6671,3054.3336,3138.6671,3410.0004,3182.6671,4774.0003,4832.6671,4275.3341,3956.3338,3641.0003,3043.3336,2368.6668,1397.0006,69765.6749
1832,2023-01-07,234.6672,220.0,212.6666,201.6669,1257.6672,3663.0006,4649.3335,4539.3338,3846.3338,3120.3338,3036.0005,2911.3339,3531.0004,4227.6673,4667.6671,4697.0006,4268.0003,4891.3341,3945.3335,3479.6668,3160.667,2695.0006,2350.3336,1668.3337,71474.3428
1833,2023-01-08,176.0,176.0,176.0,176.0,531.6668,2090.0006,2379.6671,2460.3336,2420.0003,2236.6669,2328.3338,2409.0003,2552.0001,2357.6673,2460.3336,2467.6671,2676.6668,1800.3333,2383.3333,2621.667,2339.3338,2277.0004,1884.6669,238.3337,43618.6727
1834,2023-01-09,234.6667,234.6672,234.6672,209.0004,582.9999,2075.3336,2489.6672,2691.3338,2383.3336,2288.0003,2372.3339,2390.6668,2321.0001,2519.0004,2405.3333,2379.6671,2431.0003,2555.6668,2533.6671,2376.0006,2482.3338,2310.0003,1950.6671,209.0004,44660.0079
1835,2023-01-10,190.6672,190.6672,190.6672,198.0004,1334.6668,3985.6671,5192.0006,5822.6674,3853.6671,3102.0,3289.0003,3039.6671,3131.3338,3553.0006,3120.3336,3861.0006,4825.3338,4653.0003,4638.3335,4374.3335,3637.3338,3105.6671,2486.0003,1353.0001,73128.0094
1836,2023-01-11,201.6667,190.6672,198.0002,216.3334,1301.6668,4216.667,5056.3341,5232.3339,4033.3338,3410.0006,3501.6671,3344.0003,3135.0003,3421.0004,3182.6671,3765.667,4378.0003,4517.3336,4818.0006,4191.0003,3769.3338,3325.6668,2526.3338,1430.0001,73362.6752
1837,2023-01-12,201.6667,150.3337,176.0004,198.0004,1268.6669,4110.3339,5445.0006,5276.3344,4359.667,3003.0005,2995.6668,3241.3338,3318.3338,3355.0003,3256.0003,3344.0003,4400.0003,4807.0006,4642.0006,4176.3339,3813.3335,3413.6671,2445.6672,1426.3333,72823.6763
1838,2023-01-13,209.0002,190.6672,190.6672,212.6667,1397.0001,4059.0003,5294.6674,5177.3339,4088.334,3468.6671,3175.3338,3296.3338,3333.0005,3421.0004,3168.0003,3501.6671,3963.6668,4975.6673,4139.6674,4077.3338,3410.0005,3604.3336,2533.6671,1426.3336,72314.0101
1839,2023-01-14,227.3336,190.6672,194.3337,216.3334,1397.0001,4187.3341,4722.6672,4814.3341,4037.0006,3329.3336,3021.3339,3109.3338,3391.6668,4367.0006,4781.3339,4634.6671,4374.3339,4125.0003,3685.0005,3567.667,2852.6672,2838.0003,2372.3339,1316.3336,71753.0104
1840,2023-01-15,190.6672,190.6672,190.6672,190.6672,583.0002,2104.6668,2203.667,2350.3336,2317.3333,2251.3335,2247.6671,2489.6671,2390.667,2511.6672,2387.0004,2614.3333,2673.0004,2900.3335,2739.0006,2431.0004,2376.0001,2295.3336,2057.0003,289.6667,44975.3409
1841,2023-01-16,205.3332,205.3332,205.3332,201.6672,1408.0,4062.6671,5709.0006,5437.6674,5089.3339,3237.6668,3208.3336,3358.6671,3395.334,3424.667,3285.3338,3798.6668,4557.6673,5217.667,4847.3338,4686.0003,4147.0006,3571.3335,2750.0006,1496.0,77506.008
1842,2023-01-17,234.6669,300.6668,300.6666,363.0002,1364.0002,4411.0005,5459.6671,5929.0006,5496.3336,3410.0003,3512.6671,3318.3335,3263.3335,3344.0004,3157.0003,3692.3338,4968.3338,5001.3338,4433.0006,4330.3336,3663.0005,3384.3339,2328.3338,1525.3338,77190.6752
1843,2023-01-18,179.6668,183.3336,183.3336,187.0001,1294.3333,4455.0008,5866.6674,5694.3341,4884.0006,3512.6671,2933.3339,3186.3339,2995.6671,3336.6671,3190.0006,3483.3335,5195.6668,4843.6668,4909.6676,4425.6673,3743.667,3237.6668,2416.3336,1558.3338,75896.3432
1844,2023-01-19,179.6668,183.3336,176.0,209.0002,1543.6669,4433.0003,5698.0005,5617.3341,5030.6673,3153.3335,2478.6668,2559.3337,2614.3338,3050.6671,3340.3336,3967.3338,5052.6671,5335.0004,5111.3338,4869.3336,3828.0004,2984.6671,2508.0004,1441.0004,75364.6752
1845,2023-01-20,176.0,157.6672,176.0,198.0,1345.6672,4612.6672,5837.334,5899.6672,4858.334,3545.6672,3369.6672,3461.334,3314.6672,3399.0,3402.6672,3413.6672,4323.0012,4469.6672,4957.334,4572.334,4271.6672,3234.0,2497.0,1591.334,77084.3444
1846,2023-01-21,201.6672,201.6672,179.6672,194.3332,1294.3332,4114.0012,4909.6672,5100.334,4110.334,3256.0,2904.0,3076.334,3472.334,4455.0012,4535.6672,4341.334,4436.6672,4649.334,4469.6672,3736.334,3336.6672,2643.6672,2409.0,1312.6672,73340.6788
1847,2023-01-22,205.3332,220.0001,216.3334,201.6667,696.6669,1928.6671,2346.6673,2420.0003,2115.6671,2453.0003,2332.0004,2434.6673,2233.0003,2412.6671,2423.6669,2533.6672,2632.6671,2438.3339,2599.6671,2508.0003,2163.3339,2222.0005,1815.0002,190.6668,43743.3414
1848,2023-01-23,176.0,176.0,176.0,194.3337,1492.3336,4176.3339,5976.6671,5899.6674,4546.6674,3274.3336,3212.0005,3241.3335,3080.0003,3300.0003,3182.6671,3828.0006,4913.3339,4722.6671,5298.3339,4209.3338,3402.6671,3197.3339,2500.6669,1631.6671,75808.3427
1849,2023-01-24,220.0002,403.3334,432.6666,234.6669,1334.6666,4088.3339,5764.0008,4836.334,5338.6674,3424.6671,3333.0,2955.334,3032.3338,3006.6671,3384.3338,3512.667,5038.0008,5067.3338,5144.3339,4623.6668,3813.3336,3102.0006,2438.3336,1580.3336,76109.0093
1850,2023-01-25,194.3337,157.6672,146.6672,168.6669,1529.0002,4671.3338,5965.6674,5566.0007,5382.6673,3545.6671,3340.3336,3366.0003,3355.0005,3256.0003,3237.6671,3483.334,4312.0003,4139.6671,5338.6674,4231.3338,3663.0003,3193.6668,2486.0001,1488.6666,76219.0097
1851,2023-01-26,194.3334,186.9999,205.3332,179.6667,1305.3337,4246.0006,4557.6671,5976.6677,3945.3335,3336.667,3311.0004,3160.6672,3259.667,3344.0003,3300.0006,3839.0003,5034.3342,5041.667,4825.3339,4473.3341,3725.3338,3245.0006,2445.6669,1807.6671,74946.6762
1852,2023-01-27,249.3337,234.6672,231.0004,209.0001,1301.6667,4403.6671,5434.0003,5668.6672,4733.6674,3278.0005,3278.0003,3278.0006,3292.6673,3380.6671,3322.0006,3956.3339,5181.0005,4928.0006,5060.0003,4480.6672,3567.6668,3061.6671,2398.0001,1459.3334,76387.6764
1853,2023-01-28,227.3337,234.6672,223.6668,220.0001,1261.3334,3842.6671,4777.667,5038.0006,4015.0006,3212.0006,3054.3335,3105.6671,3674.0003,4700.6673,4686.0003,4521.0005,4590.6671,4653.0003,4084.6671,3864.6671,2915.0,2838.0003,2482.3337,1397.0004,73619.3421
1854,2023-01-29,190.6672,187.0004,187.0004,179.6668,759.0001,2064.3336,2504.3336,2427.3336,2416.3335,2482.3338,2478.6673,2566.6671,2592.3338,2548.3338,2467.6668,2464.0005,2555.667,2478.667,2691.3338,2515.3338,2288.0003,2196.3338,1870.0004,465.6669,45576.6753
1855,2023-01-30,238.3337,238.3337,227.3336,216.3336,1353.0002,4451.3338,5632.0006,5936.3338,4524.6673,3564.0007,3226.6668,3083.667,3087.3335,3289.0003,3025.0004,3457.6671,4568.6668,4928.0004,4825.3339,4143.3338,3399.0003,2918.6671,2585.0006,1547.3338,74466.3428
1856,2023-01-31,245.6666,249.3332,245.6667,216.3337,1206.3333,4389.0009,5877.6679,5591.6673,4704.3338,3443.0006,3179.0003,3146.0004,3446.6668,3292.6671,3454.0003,3633.667,4634.6672,5316.6673,4979.3338,4543.0006,3857.3338,3325.6673,2629.0003,1536.3336,77143.0098
1857,2023-02-01,267.6667,249.3332,249.3332,209.0002,1301.6668,4301.0005,6196.6673,5096.6673,5012.3338,3435.6674,3384.3339,3465.0006,3259.667,3237.6671,3318.3339,3501.6668,4810.6674,5093.0006,5074.667,4660.3336,3674.0003,3252.3338,2603.3338,1595.0001,77249.3423
1858,2023-02-02,241.9999,249.3332,249.3332,227.3334,1419.0001,4788.6671,5896.0009,5584.3341,4983.0009,3465.0006,3256.0003,3219.3339,3542.0006,3505.3338,3223.0003,3571.3336,4851.0006,5280.0006,5320.3341,4070.0006,3960.0006,3329.3338,2585.0003,1694.0001,78510.6766
1859,2023-02-03,234.6672,234.6672,238.3337,238.3334,1316.3336,4341.3338,6097.6674,5533.0006,4968.3338,3487.0006,3347.6671,3582.3335,3428.334,3384.3335,3138.667,3864.667,5067.3338,5166.3339,4983.0004,4187.3338,3483.3336,3388.0005,2497.0003,1580.3333,77788.343
1860,2023-02-04,253.0,260.3333,256.6666,238.3334,1265.0001,4095.6673,5019.6672,5060.0006,4297.3339,3219.3336,2922.3336,3223.0006,3714.3338,4862.0006,4744.6668,4807.0009,4594.3338,4051.667,4642.0006,3699.6668,3014.0006,2610.6671,2625.3336,1569.3337,75045.6755
1861,2023-02-05,249.3332,249.3332,249.3332,198.0004,491.3337,1899.3336,2475.0003,2357.6671,2412.6668,2464.0004,2405.3338,2453.0006,2394.3335,2526.3336,2662.0006,2493.3336,2185.3338,2599.6671,1899.3336,1074.3334,957.0001,953.3334,1716.0003,322.6669,39688.0062
1862,2023-02-06,223.6668,220.0,216.3333,198.0004,1474.0003,4312.0003,6061.0009,5522.0007,4568.6671,3703.3336,3252.3336,3226.6671,3560.3338,3109.3335,3050.667,4051.6671,5151.6671,5459.6673,5595.3338,3996.667,3505.3338,3340.3336,2497.0003,1551.0004,77847.0088
1863,2023-02-07,208.9999,205.3332,205.3332,216.3334,1323.6666,4693.3338,5694.3341,5808.0006,4862.0003,3443.0003,3325.667,3333.0003,3160.6671,3039.6671,3369.6668,3806.0003,4898.6674,4961.0007,5368.0008,4308.334,3718.0003,3083.6671,2460.3336,1342.0001,76835.008
1864,2023-02-08,220.0,216.3333,205.3332,223.6666,1430.0001,4638.3336,5903.3338,6009.6674,4715.3338,3644.6673,3329.3336,3314.6668,3113.0004,3307.3336,3446.6673,3740.0003,5067.3341,5034.3338,4876.6674,3967.3339,3806.0003,3105.6671,2548.3336,1587.6669,77451.0082
1865,2023-02-09,282.3337,278.6672,267.6668,253.0001,1375.0004,4183.667,6009.6676,5672.3341,4752.0007,3072.6668,3248.667,3226.6668,3135.0,3303.667,3069.0005,3806.0003,4997.6674,4983.0006,5060.0007,4774.0003,3578.6673,2929.667,2453.0003,1470.3339,76182.3435
1866,2023-02-10,282.3337,278.6672,282.3337,231.0004,1173.3337,4260.6668,5888.6673,5441.3344,4829.0006,3087.3335,3186.334,3032.3336,3190.0003,3197.3335,3285.3338,3659.3338,4708.0006,5371.6674,5126.0003,4715.3338,3611.6671,3190.0003,2471.3338,1477.6666,75977.0102
1867,2023-02-11,245.6667,249.3332,241.9999,208.9999,1298.0,4004.0006,4334.0006,4829.0006,3498.0005,2823.3335,2779.3334,2951.6668,3729.0003,4304.6671,4605.3339,4623.6674,4524.6671,4634.6671,4583.3338,3908.6671,3432.0004,2845.3339,2559.3338,1382.3336,72596.3412
1868,2023-02-12,238.3332,209.0,198.0,201.6672,542.6672,2057.0,2464.0,2357.6672,2339.334,2280.6672,2467.6672,2126.6672,2189.0,2368.6672,2280.6672,2310.0,2350.334,2544.6672,2563.0,2262.334,2203.6672,2207.334,1895.6672,524.3332,43182.3416
1869,2023-02-13,234.6669,220.0,231.0,205.3337,1162.3334,4029.6673,5709.0009,5588.0006,4957.3338,3531.0005,3347.6668,3281.6671,3688.6671,3479.6671,3263.3335,3941.6671,5401.0003,5155.3341,5426.6671,4675.0008,3692.3338,3201.0003,2790.3338,1628.0001,78840.6761
1870,2023-02-14,216.3334,205.3332,198.0002,212.6667,1433.6666,4455.0003,5503.6674,4803.3335,4605.3338,3380.6671,3113.0004,3252.3336,3388.0003,3153.3338,3380.6673,4103.0004,5093.0006,5342.3339,5206.6673,4330.3338,3736.3339,3494.3338,2548.3338,1470.3336,76626.0087
1871,2023-02-15,198.0002,220.0004,227.3336,220.0002,1411.6669,4352.3338,5786.0008,5525.6676,4851.0004,3175.3338,3402.6668,3369.6671,3208.3339,3505.3335,3333.0003,3780.3338,5265.3336,5232.3342,5247.0006,4678.6672,3982.0005,3296.3338,2592.3336,1587.6666,78448.3432
1872,2023-02-16,271.3336,264.0004,223.6668,223.6668,1353.0004,4649.3338,6002.3341,5599.0009,5122.3341,3388.0005,3135.0004,3256.0005,3054.3338,3069.0006,3450.3338,3784.0006,4964.6677,5309.3341,4862.0006,4741.0003,3916.0003,3311.0003,2577.6668,1679.3334,78206.3446
1873,2023-02-17,263.9999,249.3332,238.3337,227.3336,1327.3333,4147.0006,6108.6674,5430.3341,4858.3336,3476.0004,3234.0004,3505.3336,3076.3338,3248.6668,3201.0006,3652.0006,4686.0006,4986.6673,5034.3338,4612.6671,3575.0003,3289.0003,2427.3335,1565.6668,76420.6753
1874,2023-02-18,212.6666,220.0,212.6666,212.6666,1287.0001,3916.0003,5206.6673,4920.667,4070.0003,3142.3338,2775.6671,3153.3338,3637.3338,4385.3341,4711.6674,4407.3338,4590.6671,4726.3338,4568.6672,3798.667,3102.0003,2933.3336,2343.0006,1408.0006,73942.0088
1875,2023-02-19,249.3337,638.0004,759.0002,762.6667,1481.3336,3575.0003,4015.0006,3956.3338,3817.0003,4169.0,4491.6673,4304.6673,4422.0004,4249.6668,4242.3338,4370.667,4249.6671,4334.0003,4422.0003,4403.6671,4293.6671,4099.3341,3564.0003,902.0004,79772.0089
1876,2023-02-20,223.6668,223.6668,220.0,201.6669,1477.6668,4506.3338,5507.3341,5848.3338,4708.0004,3776.667,3417.334,3542.0003,3124.0003,3274.3336,3322.0005,3131.3335,5206.6671,4345.0003,4495.3339,4238.6671,3523.6668,3069.0006,2508.0003,1540.0001,75430.6748
1877,2023-02-21,275.0002,253.0004,220.0,220.0,1268.6668,4433.0006,5940.0006,5815.334,5100.3335,3278.0003,3428.3338,3164.3336,3131.3335,3230.3335,3168.0005,3542.0003,5093.0006,5261.6674,5313.0006,4451.3341,3523.6671,3164.3335,2504.3338,1367.6668,77146.6755
1878,2023-02-22,205.3332,205.3332,205.3332,208.9999,1246.6669,4370.6668,5709.0009,5734.6673,4906.0007,3256.0004,3333.0005,3131.3338,3366.0003,3157.0003,2937.0003,3534.6673,5327.6674,4986.6674,5060.0006,4396.3335,3468.6671,3311.0003,2500.6672,1595.0003,76153.0088
1879,2023-02-23,293.3333,212.6666,201.6667,205.3334,1320.0004,4260.6672,5507.3343,6204.0006,5225.0008,3237.6673,3476.0004,3560.334,3204.6671,3208.3338,3127.6671,3487.0003,4814.3338,5346.0009,5195.6673,4257.0003,4048.0003,3175.3336,2519.0004,1518.0004,77605.0103
1880,2023-02-24,201.6667,190.6672,179.6668,198.0004,1367.6668,4392.6672,6064.6676,6086.6671,4631.0004,3248.6671,3355.0004,3351.3336,3333.0003,3025.0006,2944.3336,3560.3338,4664.0003,5353.3339,5177.3341,4022.334,3501.6671,3391.6671,2654.6668,1452.0004,76347.3433
1881,2023-02-25,176.0,179.6668,176.0,194.3337,1268.6667,4191.0006,5173.6672,5122.3338,4158.0003,3421.0004,2841.6671,3054.3338,3380.6673,4363.3338,4865.6671,4455.0005,4491.6674,4198.3338,4587.0006,3641.0003,2915.0003,2772.0003,2387.0006,1441.0001,73454.3425
1882,2023-02-26,194.3337,190.6672,179.6668,183.3336,550.0,1837.0001,2431.0003,2284.3338,2218.3339,2324.6673,2339.3338,2361.3338,2328.3336,2405.3339,2343.0004,2423.667,2515.3336,2328.3335,2464.0003,2394.3336,2178.0003,2101.0004,1851.6668,308.0002,42735.0079
1883,2023-02-27,208.9999,205.3332,198.0002,194.3337,1419.0,4202.0003,5434.0003,6057.3342,4865.6671,3582.3336,3197.3335,3318.3336,3487.0003,3102.0006,3347.6671,3765.6668,4763.0006,5459.6673,5184.6671,4286.3336,3725.3336,3402.6671,2449.3339,1569.3333,77425.3409
1884,2023-02-28,286.0001,436.3334,421.6667,344.6667,1316.3336,4279.0003,5870.3338,5822.6673,5005.0006,3582.3338,3006.6671,2709.6671,3124.0004,3380.667,3373.3335,3677.667,5302.0006,5379.0006,5261.6674,5151.6673,3835.3339,3219.3338,2592.3336,1455.6668,78833.3424
1885,2023-03-01,242.0004,216.3333,201.6669,208.9999,1246.6669,4326.6668,5778.6676,5800.6674,5437.6673,3498.0,3314.6671,3175.3338,3333.0006,3487.0003,3113.0006,3894.0006,5184.6671,5437.6673,5085.6673,4653.0006,3428.3338,2951.667,2431.0003,1650.0001,78096.343
1886,2023-03-02,223.6669,231.0004,220.0,205.3334,1298.0002,4315.6673,5331.3338,6035.3344,4975.667,3069.0003,3281.6671,2673.0003,3666.667,3336.6671,3193.6671,3956.3335,4906.0003,5353.3338,5408.3338,5023.3339,3879.3339,3230.3339,2519.0003,1393.3333,77726.009
1887,2023-03-03,249.3334,249.3332,245.6667,227.3334,1246.6666,4612.667,5863.0009,6050.0006,4704.3339,2856.3336,2423.6668,2533.6671,2423.6668,3428.3339,3347.6673,3710.667,5045.3336,5192.0009,5195.6676,4337.6673,3901.3338,3362.3338,2460.3336,1536.3336,75203.3424
1888,2023-03-04,220.0,208.9999,205.3332,208.9999,1301.6669,3982.0006,4667.6671,4741.0003,4055.3335,3512.6671,2955.3338,3149.6669,3685.0003,4719.0003,4609.0006,4689.6671,4447.6671,4411.0003,4627.3339,3897.6671,3377.0003,2566.6668,2508.0002,1580.3339,74327.0071
1889,2023-03-05,212.6667,223.6669,209.0001,66.0001,0.0,0.0,0.0,0.0,0.0,0.0,0.0,0.0,0.0,0.0,0.0,0.0,0.0,0.0,0.0,0.0,0.0,3.6668,14.6672,18.3337,748.0015
1890,2023-03-06,146.6669,223.6668,223.6668,198.0004,1305.3336,4440.3338,5250.6674,5602.6671,5034.3339,3234.0004,3069.0003,3069.0003,3076.3338,3135.0003,2860.0001,3201.0004,4766.6671,5151.6674,5445.0006,4293.667,3149.6668,3124.0006,2926.0,1532.6668,74459.0086
1891,2023-03-07,275.0001,238.3337,234.6672,216.3334,1202.6667,4605.3338,5969.3339,5643.0006,4898.6676,3333.0003,2970.0003,3190.0004,3120.3339,3362.3339,2922.3338,3652.0006,4609.0005,4942.6671,5280.0006,4103.0007,3439.3338,3069.0004,2618.0004,1580.3338,75474.6775
1892,2023-03-08,198.0002,190.6672,205.3332,205.3332,1268.6666,4202.0006,5661.3339,5661.3338,4876.6673,3472.3336,3391.6671,3241.3338,3179.0005,3094.6673,3105.6671,3648.3338,4521.0005,5078.3338,5049.0006,4315.6671,3175.3338,2995.6671,2570.3338,1543.6668,74851.3427
1893,2023-03-09,194.3337,190.6672,205.3332,201.6667,1265.0001,4568.6673,5866.6676,5533.0006,4686.0006,3476.0003,3274.3339,2900.3335,2988.3336,3171.6671,3245.0004,3483.3338,4814.3338,4781.3338,5478.0006,3938.0006,3648.3338,3091.0004,2497.0003,1554.6668,75053.0097
1894,2023-03-10,216.3333,216.3333,220.0,223.6668,1232.0001,4576.0006,5056.3338,6226.0006,4510.0003,3637.334,3175.3336,3263.3335,3061.6673,3043.3338,3289.0004,3296.3335,4246.0006,4990.3339,5027.0007,4161.6668,3399.0005,3043.3338,2658.3338,1496.0001,74264.6751
1895,2023-03-11,190.6669,249.3333,264.0,212.6667,1199.0002,4227.6673,4601.6668,5019.6671,4216.6673,3215.6668,2918.667,3164.3339,3608.0,4524.6673,4634.6673,4528.3339,4414.6673,4546.6668,4436.6668,3663.0006,3285.3336,2640.0003,2376.0003,1386.0004,73524.0079
1896,2023-03-12,198.0002,194.3337,205.3334,201.6667,528.0004,1925.0003,2394.3339,2236.6671,2214.6668,2240.3335,2339.3336,2123.0003,2387.0005,2284.3336,2445.6668,2599.667,2387.0003,2632.667,2537.3338,2394.3335,2148.6668,2247.6671,1763.6668,458.3336,43087.0067
1897,2023-03-13,304.3332,297.0,286.0,253.0,1400.6672,4268.0012,6031.668,5804.334,5060.0012,3490.6672,2819.6672,2904.0,2698.6672,2405.334,2911.334,3696.0012,4517.334,5115.0012,4939.0012,4348.6672,3850.0012,3270.6672,2544.6672,1642.6672,74858.682
1898,2023-03-14,234.6667,256.6667,469.3332,256.6672,1452.0003,4719.0003,6002.3342,6009.6674,4583.3339,3164.3336,3138.6671,3179.0004,3138.6668,3014.0003,3116.6671,3714.3338,5170.0003,5291.0006,5049.0009,4876.6674,3391.6672,3039.667,2750.0003,1657.3338,77674.6765
1899,2023-03-15,220.0,150.3332,99.0,216.3332,1521.6672,4407.334,6053.6672,5613.668,5291.0012,3619.0012,3428.334,3490.6672,3347.6672,3289.0,3340.334,3839.0012,4763.0012,5375.334,4961.0012,4700.6672,3036.0,3226.6672,2702.334,1569.334,78261.3476
1900,2023-03-16,234.6667,205.3332,223.6667,245.6666,1312.6671,4301.0004,5951.0006,5577.0006,5375.3341,3483.3338,3281.667,3281.6672,3208.3339,3351.334,3153.3335,3945.3336,4972.0003,5181.0006,5210.3338,4737.3338,3450.3338,3395.3336,2746.3336,1675.6669,78499.6754
1901,2023-03-17,227.3337,238.3337,249.3332,223.6669,1290.6666,4363.3338,6024.3343,5793.3341,4785.0006,3369.667,3355.0003,3285.334,3358.6671,3230.3339,3028.6668,3615.3338,5118.6671,5159.0006,5287.3341,4499.0006,3483.334,3186.3335,2706.0003,1503.3336,77381.3436
1902,2023-03-18,242.0002,234.6672,216.3334,205.3332,1283.3336,4154.3338,4924.3341,4825.3338,4301.0003,3296.3336,2856.3338,2863.6671,3505.3338,4308.3336,5027.0009,4323.0005,4444.0004,4403.6673,4169.0006,3050.6671,2827.0006,2717.0006,2335.6671,1386.0003,71899.6769
1903,2023-03-19,201.6672,205.3332,212.6672,201.6672,546.3332,1771.0,2493.334,2189.0,2434.6672,2178.0,2471.334,2467.6672,2482.334,2504.334,2464.0,2577.6672,2115.6672,2233.0,2332.0,2273.334,2258.6672,2357.6672,1899.334,403.3332,43274.0084
1904,2023-03-20,201.6667,201.6667,198.0002,190.6672,476.6669,2020.3338,2438.3336,2533.667,2354.0003,2343.0003,2284.3338,2504.3336,2361.3336,2570.3339,2420.0005,2416.3338,2475.0006,2552.0006,2574.0003,2449.3338,2357.6668,2236.6671,1837.0001,315.3334,44311.6746
1905,2023-03-21,231.0001,208.9999,205.3334,194.3337,1367.6668,4224.0005,5672.334,5628.3341,5203.0005,3366.0003,3072.667,3373.3335,3303.6671,3300.0006,3432.0006,3773.0004,4598.0006,5302.0004,5291.0003,4154.3338,3853.6673,3190.0005,2629.0003,1554.6672,77128.3429
1906,2023-03-22,216.3333,220.0,256.6666,223.6666,1316.3339,4422.0003,5683.3339,6024.3341,4865.667,3153.3336,3450.3339,3179.0003,3223.0005,3201.0006,3061.6671,3732.667,4642.0006,4994.0006,5375.3342,4077.3338,3413.6671,3388.0005,2662.0006,1602.3336,76384.0097
1907,2023-03-23,201.6672,209.0,209.0,194.3332,1243.0,4594.334,5698.0012,5496.334,4418.334,3564.0,2933.334,3219.334,3124.0,3377.0,3186.334,3520.0012,5060.0012,4909.6672,4957.334,3879.334,3996.6672,3190.0,2559.334,1492.334,75232.6784
1908,2023-03-24,227.3332,220.0,190.6672,198.0,1147.6672,4213.0,5225.0012,6321.334,4667.6672,3597.0012,3138.6672,3186.334,3215.6672,3032.334,3314.6672,3725.334,4961.0012,5170.0012,5074.6672,4576.0012,3523.6672,3065.334,2515.334,1521.6672,76028.348
1909,2023-03-25,220.0,220.0,223.6672,212.6672,1283.334,3894.0012,4590.6672,4653.0012,3798.6672,3109.334,2995.6672,3175.334,3751.0012,4887.6672,4851.0012,4675.0012,4711.6672,4645.6672,4642.0,3897.6672,3138.6672,2889.334,2222.0,1477.6672,74165.6812
1910,2023-03-26,252.9999,249.3332,249.3332,216.3336,605.0004,1914.0003,2456.6673,2390.6668,2203.6671,2266.0003,2222.0004,2361.3337,2526.3336,2581.3336,2537.3338,2332.0004,2471.3335,2299.0004,2471.3336,2405.3338,2401.6671,2200.0005,2064.3336,289.6672,43967.0073
1911,2023-03-27,190.6672,187.0004,187.0004,187.0004,1441.0001,4510.0003,5650.3341,5628.3338,5166.3338,3512.667,3061.6668,3303.6671,3270.6668,3395.3338,3322.0006,3780.3336,4950.0003,5100.3341,4594.3341,3919.6673,3267.0004,3135.0003,2541.0003,1961.6671,76263.0101
1912,2023-03-28,212.6667,205.3332,208.9999,208.9999,1503.3334,4400.0005,5888.6671,5544.0006,4902.3341,3688.6668,3358.6671,3219.3335,3314.6672,3146.0006,3168.0006,3465.0006,4814.3342,5137.0006,5346.0009,4268.0006,3619.0003,3098.3338,2570.3338,1492.3336,76780.0096
1913,2023-03-29,227.3336,227.3336,234.6672,216.3334,1268.6668,4370.6674,5694.3339,5756.6674,5184.6676,3509.0003,3241.3338,3318.3338,3300.0003,3322.0003,3036.0006,3402.6674,4975.6671,5192.0008,5170.0006,4429.3339,3824.334,3201.0003,2522.6671,1668.3336,77293.3448
1914,2023-03-30,227.3336,212.6666,212.6666,216.3334,1243.0002,4755.6673,5749.3338,5925.3338,5162.6671,3538.3338,3542.0004,3457.667,3080.0003,3296.3333,2082.6669,542.6669,597.6666,2966.3338,5415.6676,3842.667,3659.3335,3193.667,2533.6669,1653.6671,67107.3405
1915,2023-03-31,205.3332,194.3334,190.6669,205.3332,1320.0003,4407.3336,5789.6673,5716.3341,4667.667,3468.6671,3105.6673,3311.0006,2992.0003,3234.0006,3362.3336,3483.3336,4686.0003,4825.3336,5027.0006,4279.0003,3336.6673,3142.3339,2570.3336,1701.3336,75221.6753
1916,2023-04-01,238.3334,220.0,220.0,220.0,1166.0004,4022.3336,5093.0004,4854.6673,4125.0005,3333.0006,2717.0003,2959.0003,3446.667,4543.0003,4722.6671,4832.6673,4440.3339,4656.6673,4290.0004,3531.0006,3366.0003,2618.0003,2354.0,1430.0002,73399.3415
1917,2023-04-02,234.6672,234.6672,201.6667,194.3337,604.9999,2075.3338,2240.3336,2291.667,2387.0003,2361.3339,2302.6668,2361.3336,2273.3338,2504.3336,2361.3338,2460.3339,2387.0003,2405.3338,2420.0003,2350.3336,2145.0004,2236.6668,1833.3336,311.6666,43178.6742
1918,2023-04-03,234.6672,234.6672,234.6672,212.6669,1408.0004,4400.0003,5415.6671,5826.3341,3978.3336,3061.667,3230.3336,3270.6671,3300.0003,3377.0003,3285.3338,3718.0005,4847.3338,5159.0003,4766.6671,4469.6671,4004.0004,3080.0003,2453.0003,1547.3336,75515.0095
1919,2023-04-04,238.3337,234.6672,234.6672,227.3337,1301.6669,4323.0006,6042.6673,5331.3338,3978.3338,3402.6671,3010.3338,3245.0003,3234.0003,3435.6668,3307.3339,3747.3339,5225.0009,4777.6673,5214.0005,4645.6671,4018.6671,3168.0003,2753.6668,1551.0006,76648.0109
1920,2023-04-05,238.3334,205.3332,205.3332,208.9999,1184.3336,4528.334,5694.3341,5819.0008,4000.3338,2904.0003,3193.6669,3281.6671,3003.0003,3102.0006,3252.3339,3523.667,5030.6671,4598.0006,5027.0007,4044.3339,3626.3336,3138.6673,2379.6669,1422.6669,73612.0091
1921,2023-04-06,231.0004,234.6672,238.3337,216.3336,429.0001,1976.3336,2427.3335,2409.0004,2233.0005,2302.6671,2489.6671,2291.667,2262.3336,2486.0003,2354.0003,2519.0003,2398.0003,2387.0003,2548.3336,2310.0004,2163.3336,2211.0003,1734.3335,304.3336,43156.6743
1922,2023-04-07,220.0,220.0,212.6668,179.6668,594.0004,1763.6668,2306.3338,2284.3336,2258.6671,2225.6672,2174.3338,2313.6671,2233.0003,2482.3336,2339.3338,2357.6671,2438.3336,2500.6671,2438.3339,2445.6671,2200.0005,2141.3335,1958.0006,245.6669,42533.3414
1923,2023-04-08,231.0004,238.3337,234.6672,201.6669,1224.6666,3300.0005,2797.6672,2566.6669,2493.3335,2728.0004,2673.0005,2698.6671,2662.0003,2574.0003,2779.3336,2790.3338,2654.6671,2779.3338,2808.6671,2808.6671,2592.3336,2618.0001,2365.0003,1320.0004,52140.0084
1924,2023-04-09,231.0001,234.6672,216.3334,201.6669,535.3333,1811.3339,2438.3338,2284.3335,2207.3338,2207.3335,2379.6673,2379.667,2431.0004,2460.3338,2262.3338,2288.0003,2398.0003,2379.6668,2555.6671,2394.3339,2277.0003,2152.3336,1712.3336,209.0004,42647.008
1925,2023-04-10,187.0004,183.3336,183.3336,187.0001,1320.0001,4392.6672,5984.0006,5962.0005,4315.667,3641.0004,3124.0006,3050.6673,3109.3336,3164.3338,3021.3338,3853.6671,4891.3341,5265.3341,5225.0006,4139.667,3457.6671,2929.6669,2603.3339,1415.3334,75606.6768
1926,2023-04-11,242.0002,245.6667,249.3332,212.6669,1386.0003,4422.0006,5507.3341,5910.6671,4598.0004,3322.0006,3285.3339,3102.0003,3219.3336,2918.6668,3017.6671,3428.3338,4744.6673,5228.6671,5144.3338,4304.667,3593.3338,3069.0003,2614.3336,1661.0004,75427.0089
1927,2023-04-12,223.6668,223.6668,231.0004,209.0001,1298.0004,4059.0005,6119.6673,5397.3341,5148.0003,3384.3338,3131.3336,3399.0003,3164.3338,3281.6671,3351.3339,3831.6673,5019.6673,5049.0006,4147.0004,4686.0003,3476.0003,3127.6668,2698.6672,1591.3336,76248.343
1928,2023-04-13,234.6672,234.6672,231.0004,198.0004,1411.6669,4282.6671,5782.3341,5687.0009,4623.6671,3443.0003,3395.3338,3135.0003,3358.6671,3303.6673,3413.6668,3780.3339,5089.3338,5261.6671,4862.0005,4715.334,3391.667,3175.3338,2350.3338,1507.0002,76868.011
1929,2023-04-14,231.0004,234.6672,231.0004,208.9999,1320.0001,4480.6671,5958.3339,5646.6671,4854.6671,3586.0003,3208.3338,3252.3336,3124.0003,3369.6671,3120.3338,3567.6668,5287.3338,5236.0006,4664.0004,4447.6673,3806.0004,3219.3339,2577.6668,1536.3338,77168.6759
1930,2023-04-15,231.0004,227.3336,220.0001,201.6667,1210.0002,4154.3341,4891.3341,5221.3339,3989.3339,3193.6668,2966.3335,3120.3339,3626.3339,5063.6673,4462.3339,4194.6674,4887.6671,4183.667,4891.3341,3545.6673,3421.0005,2673.0,2460.3339,1470.3333,74506.6769
1931,2023-04-16,187.0004,176.0,176.0,176.0,582.9999,1958.0003,2431.0003,2519.0001,2434.6671,2295.3339,2478.667,2449.3336,2533.6668,2603.3336,2504.3339,2412.6671,2460.3336,2640.0004,2500.667,2262.3336,2134.0003,2269.6672,1914.0001,253.0001,44352.0063
1932,2023-04-17,205.3332,205.3332,205.3332,194.3332,1213.6672,4543.0012,5657.6672,5991.334,5100.334,3509.0,3142.334,3292.6672,3190.0,3380.6672,3333.0,3912.334,4821.6672,5250.6672,5426.6672,4341.334,3696.0,3256.0,2574.0,1686.6672,78129.3416
1933,2023-04-18,249.3333,260.3333,253.0001,208.9999,1419.0004,4664.0003,5943.6675,6061.0008,4898.6671,3263.3338,3391.6668,3369.6671,3542.0005,3311.0003,3303.6671,3791.3339,4917.0005,4953.6671,5041.6674,4451.3336,3527.3338,3054.3338,2695.0003,1576.6668,78147.6755
1934,2023-04-19,216.3334,154.0002,205.3334,249.3334,1349.3336,4539.3338,6152.6673,5679.6676,5203.0006,3329.3339,3494.3336,3259.667,3149.667,3171.667,2973.6673,3769.3338,5247.0003,5030.6673,5569.6674,4139.6671,3622.6673,3267.0005,2735.3338,1631.6668,78140.3434
1935,2023-04-20,216.3334,212.6666,220.0,212.6666,1360.3336,4491.6671,5874.0006,6185.6671,5019.6671,3611.6673,3248.667,3322.0003,3314.6673,3417.3338,3215.667,3560.3338,5001.3338,5192.0009,5287.3339,4770.3338,3589.667,3072.6668,2412.6672,1646.3336,78455.6756
1936,2023-04-21,289.6667,300.6666,293.3332,249.3334,1323.6671,4554.0006,5822.6673,6035.3338,5008.6673,3699.6673,3186.3338,3329.3336,3267.0003,3413.6673,3509.0003,3784.0003,5214.0009,5316.6671,4972.0006,4033.3341,3784.0006,3124.0006,2625.3339,1562.0003,78697.677
1937,2023-04-22,245.6667,282.3337,286.0002,227.3334,1235.6669,3930.6673,4576.0003,5104.0006,3919.667,3230.3338,3142.3336,3175.3338,3523.6668,4513.6673,4818.0009,4363.3336,4884.0006,4301.0003,4543.0005,3571.3339,3355.0004,2750.0004,2394.3336,1452.0004,73824.676
1938,2023-04-23,238.3334,190.6672,238.3333,238.3336,509.6668,2013.0006,2695.0003,2489.6671,2401.6672,2247.6671,2431.0004,2453.0006,2464.0006,2548.334,2563.0005,2607.0003,2423.6671,2508.0004,2658.3336,2486.0003,2295.3336,2372.3336,1851.6668,256.6667,45180.6751
1939,2023-04-24,205.3332,201.6667,198.0002,201.6667,1210.0004,4715.3336,5815.3342,6057.3341,4429.3338,3267.0003,3142.3338,3241.3338,3113.0003,3278.0006,3212.0006,3589.667,4667.6671,4818.0009,4268.0004,4832.667,3358.6671,3146.0005,2247.6668,1466.6668,74682.6759
1940,2023-04-25,238.3334,234.6672,234.6672,198.0002,1298.0001,4477.0003,6013.3339,5580.6676,4539.3338,3311.0,3223.0003,3413.667,3230.3336,3289.0003,3314.6671,3604.3339,5104.0006,5005.0005,4968.3341,4161.6673,3490.667,3098.3338,2464.0004,1591.3336,76083.3432
1941,2023-04-26,242.0002,234.6672,234.6672,220.0001,1375.0004,4770.3338,5423.0006,4858.3335,4975.6671,3681.3338,3329.3338,3153.334,3164.3338,3413.6671,3142.3338,4007.6672,4572.3338,5111.3338,4737.3339,4543.0006,3930.6671,3432.0006,2537.3338,1477.6669,76567.3441
1942,2023-04-27,242.0,245.6672,245.6672,194.3332,1298.0,4290.0012,5595.334,5749.334,5151.6672,3578.6672,3608.0012,3487.0,3241.334,3413.6672,3318.334,3857.334,5199.334,5470.6672,5078.334,4605.334,3164.334,3190.0012,2042.334,1162.334,77429.014
1943,2023-04-28,212.6666,220.0,245.6667,205.3337,1287.0001,4689.6673,6013.334,5584.3338,5250.6671,3692.3338,3278.0003,3545.6671,3498.0006,3325.6671,3659.3336,4044.3339,5250.6673,5588.0009,5052.6676,4323.0006,4048.0005,2753.667,2068.0004,1210.0004,79046.0104
1944,2023-04-29,209.0004,209.0002,249.3334,205.3337,1279.6666,4337.6673,5192.0007,4396.3338,4392.6671,3208.3338,2984.6671,3208.3336,3681.3336,4634.667,5034.3339,4711.667,4535.667,4726.3338,4477.0006,3740.0006,3226.6673,2665.6669,2409.0003,1745.3333,75460.009
1945,2023-04-30,524.3332,205.3332,205.3332,179.6672,561.0,1873.6672,2467.6672,2456.6672,2317.334,2438.334,2596.0,2475.0,2339.334,2618.0,2376.0,2533.6672,2695.0,2607.0,2731.6672,2225.6672,2317.334,2357.6672,1873.6672,366.6672,45342.0076
1946,2023-05-01,223.6668,220.0,208.9999,183.3333,663.6669,1994.6669,2533.667,2412.667,2335.6671,2398.0006,2269.6668,2445.6672,2431.0004,2482.3336,2570.334,2618.0004,2515.334,2768.3338,2607.0,2365.0,2299.0004,2522.6671,1877.3336,249.3336,45195.3404
1947,2023-05-02,234.6672,234.6672,234.6672,201.6672,1272.3336,4535.6671,6182.0008,5771.3342,5170.0003,3696.0007,3424.667,3468.667,3208.3339,3424.6668,3556.6668,3373.3336,4609.0008,5170.0006,5280.0008,4539.3341,3413.6671,3028.6671,2574.0003,1763.6669,78367.6783
1948,2023-05-03,220.0002,194.3337,241.9999,223.6667,1151.3336,4315.667,5962.0006,5987.6674,5034.3341,3692.3339,3285.3336,3190.0003,3325.6671,3333.0005,3523.6671,3857.3339,4935.3339,5305.6671,5408.3339,4044.3336,3773.0006,3237.6668,2431.0004,1866.3334,78540.0093
1949,2023-05-04,678.3336,234.6672,234.6672,234.6669,1404.3336,4345.0003,6449.6677,5632.0004,4950.0006,3791.3335,3292.6671,3171.667,3369.6673,3340.3338,3204.6671,3593.3336,4924.3341,5470.6674,4781.3338,4715.3342,3461.3336,3270.6673,2592.3336,1642.6671,78785.678
1950,2023-05-05,245.6669,264.0,267.6668,234.6669,1342.0004,4348.667,5859.334,6020.6676,5016.0005,3652.0006,3267.0004,3065.3338,3171.6671,3457.6671,3358.6671,3509.0004,5071.0006,5368.0005,5514.6673,4539.3338,3802.3338,3267.0006,2775.6668,1602.3336,79020.3436
1951,2023-05-06,245.6667,249.3332,249.3332,227.3334,1371.3337,4114.0003,5093.0006,4825.3338,3982.0003,3281.6671,3175.3338,3212.0003,3952.6673,4810.6671,5192.0006,4990.3339,4689.667,4766.6674,4521.0007,3325.6668,3274.3336,2680.3338,2350.3336,1679.3338,76259.342
1952,2023-05-07,304.3333,245.6666,220.0,205.3336,601.3337,2064.3336,2533.6671,2390.6669,2423.6671,2570.3336,2555.6673,2581.3338,2445.6671,2636.3335,2662.0005,2548.3338,2533.6671,2493.3336,2775.6671,2746.3335,2526.3336,2295.3336,1826.0005,282.3336,46467.6741
1953,2023-05-08,227.3336,223.6668,234.6669,227.3334,1217.3336,4315.6671,6391.0006,5621.0006,5060.0009,3681.3338,3032.3339,3307.3336,3237.667,3149.6671,3318.3338,3567.6671,5140.6673,5129.6672,5111.334,4422.0005,3732.6668,3017.6671,2691.3339,1521.6666,77579.3432
1954,2023-05-09,242.0004,234.6672,234.6672,227.3337,1129.3336,3439.3338,5650.3341,5976.6676,4491.6673,3754.6671,3182.667,3050.667,3362.3338,3135.0003,3212.0003,3366.0001,4917.0003,5067.3341,5481.6673,4649.3336,3600.667,3443.0003,2632.6671,1584.0001,76065.0103
1955,2023-05-10,256.6668,264.0,264.0,245.6668,1386.0001,4341.3338,6145.3344,5514.6674,4572.3339,3817.0006,3179.0003,3274.3336,3303.6671,3384.3335,3168.0003,3930.6671,4986.6671,5595.3341,5287.3341,4561.3338,3949.0003,3424.6668,2544.6671,1628.0003,79024.0093
1956,2023-05-11,223.6668,231.0004,234.6672,223.6669,1239.3337,4455.0005,6174.6673,5210.3341,5441.3341,4103.0006,3399.0006,3366.0003,3366.0003,3285.3339,3531.0005,3982.0006,5628.3344,5236.0006,5291.0006,4110.3341,3622.6671,3010.3336,2559.3339,1540.0004,79464.0125
1957,2023-05-12,245.6667,249.3332,249.3332,234.6669,1180.6669,4451.3339,6229.6674,5819.0003,5019.6671,3421.0003,3395.3339,3347.6671,3043.3336,3289.0,3373.3336,3710.6671,4785.0006,5155.334,4931.6674,4275.3339,3945.3338,3395.3335,2629.0003,1785.6671,78162.3418
1958,2023-05-13,223.6669,223.6668,234.6672,223.6669,1287.0001,4099.3339,5247.0006,5239.6677,4136.0006,3443.0004,2915.0001,3069.0003,3710.6673,4660.3338,5016.0008,4601.667,4689.6671,4770.3341,4576.0006,3828.0003,3421.0006,2948.0003,2401.6671,1547.3336,76512.3441
1959,2023-05-14,227.3336,227.3336,223.6668,190.6672,572.0004,2071.6668,2489.6671,2537.3338,2390.6671,2266.0004,2464.0004,2533.667,2401.6671,2658.3336,2548.3336,2596.0004,2475.0005,2665.6672,2662.0005,2478.6671,2251.3339,2306.3339,1855.3336,297.0001,45389.6757
1960,2023-05-15,220.0,201.6669,208.9999,187.0001,1243.0001,3886.667,6123.3339,5577.0003,5085.6674,3105.667,3435.6671,3637.3338,3406.3338,3494.3338,3241.3338,4018.6673,5236.0006,5019.6673,5221.3341,4671.3339,3699.6671,3366.0006,2658.3339,1562.0001,78507.0098
1961,2023-05-16,238.3337,252.9999,242.0002,238.3337,1023.0004,4070.0003,5760.3341,5951.0009,5045.3341,3421.0003,3534.6673,3263.3338,3039.6668,3131.3338,3219.3335,3736.3341,5280.0006,5082.0005,4774.0,4092.0003,3795.0006,3336.6671,2467.6668,1547.3336,76541.6764
1962,2023-05-17,234.6672,234.6672,234.6672,223.6669,1096.3337,4543.0007,5419.3339,5753.0006,5254.3341,3545.6673,3538.3336,3571.3338,3336.6671,3344.0003,3153.3338,3641.0005,5162.6674,5401.0003,5221.3339,4744.6671,3688.6671,3153.334,2610.6668,1712.3339,78818.6784
1963,2023-05-18,223.6672,223.6672,242.0,249.3332,1276.0,4473.334,6020.6672,5738.334,4642.0012,3520.0,3483.334,3641.0,3314.6672,3593.334,3479.6672,3919.6672,4898.6672,5254.334,5371.6672,4466.0012,3681.334,3300.0,2643.6672,1668.334,79324.6784
1964,2023-05-19,168.6672,161.3332,187.0,227.3332,1195.334,4381.6672,5569.6672,5701.6672,5302.0012,3278.0,3432.0012,3322.0,3164.334,3175.334,3076.334,3795.0,5005.0012,4946.334,4994.0012,4543.0012,4004.0,3490.6672,2493.334,1679.334,77293.3464
1965,2023-05-20,238.3332,231.0,227.3332,209.0,1155.0,4323.0,4862.0012,5074.6672,4213.0012,3138.6672,2918.6672,3039.6672,3465.0,4572.334,4722.668,4389.0012,4598.0012,4799.6672,4550.334,3549.334,3069.0,2761.0,2610.6672,1573.0,74290.3444
1966,2023-05-21,447.3336,594.0001,575.6668,623.3334,1015.6666,3410.0004,3890.3336,3952.6671,3868.3338,3993.0004,4363.3338,4183.6671,4070.0005,4062.6671,4271.6671,4418.3338,4121.3335,4370.6671,4198.3336,4374.3336,4044.3338,3835.3339,3285.3338,736.9999,76706.6744
1967,2023-05-22,641.6669,663.6666,667.3336,656.3336,1210.0001,3193.6671,3908.6673,3949.0005,3806.0006,4374.334,4059.0006,4180.0003,4510.0003,4352.3336,4143.3336,4352.3338,4356.0003,4422.0006,4583.3338,4583.3336,4165.3339,3952.6671,3490.6671,938.6667,79159.6756
1968,2023-05-23,348.3333,264.0004,220.0,201.6669,1320.0001,4132.3336,5613.6674,6185.6673,4374.3338,3589.6673,3322.0003,3413.667,3274.3338,3263.3335,3307.3338,3912.3338,4994.0003,5643.0009,5239.6674,4587.0005,3641.0006,3578.6668,2640.0005,1584.0004,78650.0097
1969,2023-05-24,198.0002,201.6667,205.3332,201.6669,1228.3334,4623.6673,5646.6673,5782.3341,4678.6671,3314.6671,3329.3338,3344.0003,3278.0003,3234.0003,3241.3336,3655.6668,5016.0003,5324.0003,5261.6671,4400.0006,3072.6668,3644.6668,2695.0003,1650.0,77227.3406
1970,2023-05-25,205.3332,205.3332,201.6667,205.3332,1305.3336,4477.0003,5775.0005,6101.3344,4953.6671,3553.0005,3292.6671,3248.6668,3149.6671,3340.3336,3135.0006,3586.0006,5283.6673,4917.0005,4788.6671,4499.0006,3256.0003,2896.667,2559.3336,1466.6671,76402.342
1971,2023-05-26,190.6672,183.3337,190.6667,208.9999,1089.0001,4400.0004,5555.0004,6310.3341,4873.0005,3608.0007,3318.3335,3285.3336,3256.0005,3399.0005,3274.3336,3652.0003,5115.0006,5206.6673,5221.3338,4440.3338,4128.6672,3237.6668,2695.0003,1719.6669,78558.3424
1972,2023-05-27,205.3332,205.3332,205.3332,212.6666,1122.0001,4356.0004,5302.0009,4814.3338,4491.6671,3296.3338,2889.3336,3241.3336,3740.0006,4440.3339,4631.0004,4433.0003,4733.6674,4568.667,4484.3336,3487.0003,3190.0004,2610.6671,2515.3339,1437.3333,74613.0077
1973,2023-05-28,172.3334,0.0,0.0,0.0,0.0,0.0,0.0,0.0,0.0,0.0,0.0,11.0004,14.6672,14.6672,14.6672,14.6672,18.3337,14.6672,14.6672,14.6672,14.6672,14.6672,14.6672,66.0004,414.3399
1974,2023-05-29,212.6666,205.3332,208.9999,187.0004,1327.3337,4238.6671,5943.6674,5793.3341,4920.6673,3839.0006,3578.6671,3358.6671,3461.3338,3171.6671,3395.3335,3699.6671,4961.0006,5078.3336,5074.6673,4077.3338,3366.0003,3274.3338,2394.3338,1617.0004,77385.0096
1975,2023-05-30,249.3334,249.3334,242.0002,212.6667,1232.0003,4381.6673,6105.0011,5577.0008,5104.0004,3021.3335,3124.0003,3263.3338,3336.667,3094.667,3142.3338,3556.6668,4818.0007,4994.0004,5401.0008,4209.3338,3641.0007,3043.334,2629.0004,1565.6668,76193.3434
1976,2023-05-31,344.6669,535.3336,520.6666,315.3334,1114.6666,4491.6671,5760.3341,6039.0006,4726.3338,3435.667,3296.3338,3582.3338,3362.3336,3204.6668,3270.6673,3692.3338,5151.6673,4906.0003,5052.6671,4722.6671,3619.0003,3193.667,2434.6671,1452.0004,78224.6754
1977,2023-06-01,249.3332,249.3332,245.6667,223.6667,1210.0001,3842.667,3780.3335,4455.0009,5177.3339,3578.6671,3432.0006,3402.6668,3142.3338,3208.3338,3087.3338,3655.6673,5276.3338,5313.0007,5404.6674,4161.6668,3633.667,3468.6671,2658.3338,1646.3336,74503.0086
1978,2023-06-02,66.0,25.6672,154.0,194.3332,946.0,3245.0012,4249.6672,3395.334,2599.6672,3314.6672,2552.0,2533.6672,2295.334,2625.334,2566.6672,2761.0,3714.334,4011.334,3531.0012,3377.0,2541.0,2240.334,1939.6672,1250.3332,56129.3432
1979,2023-06-03,264.0,264.0,264.0,234.6666,1096.3335,4110.3336,4803.3338,4961.0005,4026.0006,3226.6671,2915.0003,3036.0006,3358.6671,4466.0006,5192.0005,4341.3336,4429.3338,4590.6673,4484.3338,3655.6673,2867.3338,2449.3338,2376.0004,1565.6671,72977.6757
1980,2023-06-04,249.3332,605.0,689.3332,693.0,1272.334,3270.6672,3993.0012,3802.334,3626.334,4004.0,3828.0,3828.0012,3905.0012,4308.334,4275.334,4114.0,4264.334,4136.0012,4125.0012,4059.0012,3934.334,3897.6672,3373.334,905.6672,75159.3472
1981,2023-06-05,238.3337,194.3337,190.6672,194.3337,1481.3339,4044.3338,5833.6673,5844.6676,5034.3336,3157.0003,3336.6673,3197.3338,3219.3338,3201.0003,3307.3338,3501.6668,4719.0007,4935.3338,4601.6671,4216.6671,3373.3339,3124.0003,2423.6671,1591.3336,74961.3442
1982,2023-06-06,256.6666,249.3332,249.3332,238.3332,1092.6667,4136.0003,6013.3341,6156.3338,4744.6671,3611.6671,3226.6673,3311.0006,3127.6673,3373.3338,3149.6671,3685.0006,4777.6674,5225.0003,4997.6673,4649.3341,3373.3336,3032.3335,2548.3339,1679.3339,76904.676
1983,2023-06-07,278.6672,275.0004,264.0,249.3333,1261.3334,4323.0003,6057.3341,5991.3341,5133.3335,3564.0006,3292.667,3490.6668,3149.6668,3329.3336,3344.0004,3641.0005,5012.3338,5492.6676,5258.0005,4106.667,4169.0004,3322.0003,2610.667,1576.6668,79192.6754
1984,2023-06-08,238.3337,234.6672,256.6666,230.9999,1162.3336,3963.6668,5507.3341,5767.6677,4972.0008,3215.6671,3443.0004,3036.0005,3329.3339,3065.3335,3230.3338,3505.3339,4653.0005,5071.0006,5056.3339,4385.3339,3549.3336,3153.3338,2537.3336,1499.6668,75064.0102
1985,2023-06-09,256.6666,260.3333,252.9999,212.6667,1217.3336,4539.3338,5782.3338,5951.0008,4781.3339,3780.3338,3300.0003,3292.6668,3439.3338,3281.6671,3131.3339,3736.3336,4935.3339,5239.6674,5162.6674,4821.6668,3758.3341,3487.0006,2808.6671,1587.6671,79016.6761
1986,2023-06-10,249.3332,252.9999,249.3332,241.9999,1144.0002,4334.0005,4803.334,5129.6673,4499.0004,3472.3338,3080.0003,3281.6671,3622.667,4583.3341,5067.3338,4814.3338,4634.6673,4928.0008,4653.0003,3886.6671,3333.0003,2977.3335,2489.6673,1485.0004,77212.6755
1987,2023-06-11,190.6672,190.6672,190.6672,183.3336,484.0004,1980.0003,2420.0003,2361.3336,2511.6671,2350.3338,2420.0004,2643.6671,2442.0004,2456.6671,2394.3336,2489.6673,2493.3338,2482.3335,2555.6668,2603.3336,2504.3338,2255.0001,1756.3336,293.3334,44652.6752
1988,2023-06-12,205.3332,201.6672,198.0,190.6672,429.0,1936.0,2291.6672,2218.334,2438.334,2398.0,2555.6672,2489.6672,2464.0,2530.0,2563.0,2555.6672,2544.6672,2533.6672,2735.334,2526.334,2251.334,2387.0,1958.0,341.0,44942.3408
1989,2023-06-13,242.0,242.0,242.0,227.3332,1081.6672,4048.0012,6101.334,5595.334,4293.6672,2940.6672,3237.6672,3351.334,3300.0,3083.6672,3395.334,3553.0012,4906.0012,5118.6672,5210.334,3644.6672,3538.334,3300.0,2453.0,1635.334,74741.3452
1990,2023-06-14,227.3332,223.6672,256.6672,245.6672,1089.0,4660.334,5980.334,5668.6672,5019.6672,3351.334,3325.6672,3479.6672,3226.6672,3300.0012,3234.0,3677.6672,4909.6672,5437.6672,5327.6672,4601.6672,3850.0012,3303.6672,2585.0,1349.334,78331.0124
1991,2023-06-15,223.6672,212.6672,245.6672,227.3332,1213.6672,4429.334,5599.0012,5822.668,5045.334,3813.334,3395.334,3410.0,3560.334,3391.6672,3149.6672,3703.334,4649.334,5225.0012,4946.334,4550.334,3820.6672,3274.334,2497.0,1587.6672,77993.6812
1992,2023-06-16,249.3334,227.3336,242.0002,234.6667,1213.6669,4315.6673,5738.3343,5203.0006,4946.3339,2977.3338,3245.0003,3311.0003,2948.0006,3215.667,3083.6671,3630.0004,4664.0009,4862.0006,5181.0006,4642.0005,3575.0006,3083.6671,2453.0003,1620.6671,74862.3441
1993,2023-06-17,282.3336,242.0002,238.3337,238.3334,1166.0002,4051.6674,4880.3339,5265.3339,3985.6668,2992.0004,2775.6668,2929.6668,3457.667,4308.3336,4766.6674,4561.3339,4590.6671,4469.6671,4429.3338,3670.3338,3443.0006,3006.6673,2453.0006,2097.3338,74301.3431
1994,2023-06-18,1437.3336,249.3332,249.3332,238.3334,678.3336,1796.6671,2346.6668,2368.667,2372.3336,2467.6671,2251.3336,2438.3336,2357.6671,2500.667,2456.6668,2350.3337,2460.3338,2398.0001,2368.6671,2240.3339,2328.3333,2104.6671,1928.6671,344.6666,44733.3394
1995,2023-06-19,612.3333,604.9999,597.6669,645.3336,1279.6668,3058.0005,3831.6668,3714.3338,3560.3338,3861.0006,4000.3335,4154.3338,4106.6671,4132.3341,4257.0006,4103.0003,3989.3338,4154.3336,4458.6674,4378.0005,3974.667,4172.667,3490.6672,869.0002,76006.3421
1996,2023-06-20,385.0001,267.6668,264.0,242.0,1166.0004,4554.0004,5617.3335,6013.3341,4744.6671,3358.667,3230.3335,3149.6672,3450.3341,3226.6671,3212.0003,3729.0005,4480.6673,5822.667,4667.667,4818.0006,3824.3336,3285.3339,2673.0006,1551.0003,77733.3424
1997,2023-06-21,252.9999,252.9999,249.3332,242.0,1254.0001,4315.667,5514.6672,5954.6671,4902.3336,3135.0005,3498.0003,3292.6671,3314.6671,3472.3338,3248.6668,3740.0003,4840.0004,5104.0004,5353.3338,4381.6674,3839.0003,3171.6671,2658.3339,1796.6669,77784.6741
1998,2023-06-22,245.6672,234.6672,227.3332,223.6672,1217.3332,4389.0012,5613.668,6101.334,5118.6672,3641.0,3300.0,3193.6672,2926.0,3267.0,3421.0,3571.334,4873.0012,5423.0012,5283.6672,4660.334,3846.334,3179.0,2658.334,1727.0,78342.0112
1999,2023-06-23,289.6667,293.3332,282.3337,256.6672,1136.6668,4517.3339,5650.3341,6009.6674,4796.0007,3589.6671,3208.3338,3432.0003,3498.0003,3520.0004,3201.0003,3850.0003,5195.6676,5159.0006,5148.0006,4352.3338,3714.3338,3201.0003,2482.3338,1551.0001,78334.6768
2000,2023-06-24,253.0,260.3332,264.0,242.0,1096.3332,3989.334,4906.0012,4858.334,3868.334,3131.334,2929.6672,3010.334,3659.334,4444.0012,4664.0012,4249.6672,4359.6672,4334.0012,4352.334,3949.0012,3428.334,2500.6672,2324.6672,1485.0,72559.6804
2001,2023-06-25,205.3332,205.3332,201.6667,194.3337,572.0002,1829.6668,2288.0003,2321.0006,2211.0003,2324.6671,2431.0005,2376.0003,2482.3338,2464.0005,2449.3336,2280.6672,2511.667,2460.3338,2508.0003,2530.0001,2104.6672,2145.0006,1892.0003,271.3336,43259.3409
2002,2023-06-26,194.3337,212.6669,190.6672,194.3337,1166.0004,4308.3338,5470.6673,5562.3338,4825.3338,3080.0006,3234.0004,3292.6673,3076.3339,2995.667,3014.0003,3516.3336,5049.0004,4942.6673,5052.6674,4499.0006,3806.0003,3102.0003,2728.0003,1646.3337,75159.344
2003,2023-06-27,289.6669,264.0,252.9999,245.6667,1353.0004,4422.0006,6002.3339,5390.0008,4979.3339,3674.0006,3105.6671,3318.3339,3252.3339,3245.0006,3380.6673,3762.0003,5107.6674,5133.3341,5038.0003,4682.3338,3842.6671,3230.3339,2559.3338,1481.3339,78012.0111
2004,2023-06-28,264.0,264.0,267.6668,223.6667,1081.6666,4260.6673,5756.6671,5588.0006,4891.3341,3523.6668,3263.3336,3322.0003,3311.0006,3094.6672,3311.0006,3685.0005,4854.6671,5496.3341,5342.3339,4568.6671,3509.0003,2951.6671,2526.3338,1532.6668,76890.009
2005,2023-06-29,304.3334,293.3334,286.0002,238.3333,1147.6669,4279.0006,5786.0004,5775.0007,4711.6674,3380.6671,3377.0006,3171.6671,3248.667,3179.0004,3267.0005,3395.3336,4733.6673,5228.6673,5173.6671,4598.0006,3472.3338,3047.0006,2629.0005,1642.6669,76365.6767
2006,2023-06-30,135.6668,132.0,128.3333,183.3334,872.6669,3259.6671,4462.3339,4059.0006,3369.6671,2544.6668,2376.0003,2350.3336,2255.0006,2357.6671,2339.334,2574.0003,3520.0003,3388.0003,3681.3339,2768.3339,2731.667,2394.3337,2200.0001,1565.6668,55649.0078
2007,2023-07-01,432.6669,205.3332,205.3332,208.9999,715.0004,3061.6671,3780.3338,3560.3338,2937.0003,2530.0004,2222.0006,2288.0004,2566.6671,3252.3336,3578.6671,3333.0003,3428.3335,3329.3339,3138.6671,2863.6671,2222.0003,2097.3338,2035.0001,1224.6669,55216.3408
2008,2023-07-02,216.3334,220.0,212.6666,205.3337,381.3337,1378.6671,1785.6671,1771.0006,1749.0004,1877.3336,1848.0003,1785.6668,1716.0004,1899.3336,1921.3335,1866.3336,1881.0004,1980.0004,2035.0003,2024.0001,1895.6668,1664.6671,1474.0004,311.6669,34100.0068
2009,2023-07-03,176.0,176.0,165.0,161.3332,348.3332,1327.3332,1778.334,1818.6672,1785.6672,1793.0,1925.0,1917.6672,2060.6672,1734.334,1987.334,1712.334,1738.0,1833.334,1910.334,1741.6672,1708.6672,1877.334,1540.0,264.0,33480.3408
2010,2023-07-04,176.0,176.0,176.0,179.6672,905.6672,3362.334,4029.6672,4176.334,3542.0012,2478.6672,3116.6672,3193.6672,2962.6672,3472.334,3131.334,3501.6672,4950.0012,5382.6672,5258.0012,4660.334,3571.334,3094.6672,2614.334,1602.334,69714.3476
2011,2023-07-05,275.0,267.6672,264.0,256.6672,1265.0,4550.334,5991.334,5272.668,5129.6672,3567.6672,3153.334,3043.334,3109.334,3127.6672,3164.334,3681.334,4799.6672,5126.0012,5016.0012,4191.0012,3630.0,3047.0,2317.334,1745.334,75991.6808
2012,2023-07-06,253.0,252.9999,249.3332,245.6666,1243.0002,3725.3336,5038.0006,5269.0008,4781.3338,3454.0006,3450.3338,3281.667,3175.3335,3036.0003,2940.6668,3674.0003,4979.3338,5148.0006,5232.3341,3721.6674,3388.0006,2900.3336,2500.6671,1496.0004,73436.0086
2013,2023-07-07,227.3336,220.0,220.0,216.3333,1239.3333,4502.6674,5529.3341,5885.0006,4840.0006,3171.6671,3344.0003,3263.3338,2940.6672,2981.0003,3039.667,3531.0003,4484.3338,5573.3338,4733.6673,4880.3339,3197.3339,3215.6669,2515.3336,1668.3333,75419.6754
2014,2023-07-08,260.3336,220.0,220.0,223.6668,1166.0002,4037.0004,4939.0006,4590.667,4161.6668,3549.3338,2852.6671,3039.667,3619.0003,4202.0003,4825.3341,4517.3338,4634.6671,4271.6673,4517.3336,3494.3338,3270.6671,2695.0004,2478.6671,1628.0001,73414.0083
2015,2023-07-09,396.0001,791.9999,770.0002,748.0,1400.6666,3454.0004,4029.6671,3809.6671,3769.3338,3784.0006,4007.6671,3971.0005,4125.0006,4099.3338,4092.0006,4077.3338,3989.3335,4121.3338,4260.6671,4128.6668,4044.3338,4117.667,3531.0006,876.3336,76395.0084
2016,2023-07-10,836.0001,737.0001,696.6669,550.0001,1114.6669,4524.6674,6009.6673,5650.3339,4840.0006,3479.6673,3102.0003,3512.667,3487.0005,3116.667,3109.3338,3160.6671,4942.6674,4939.0003,5547.6674,4385.3338,3626.3338,3032.3336,2904.0004,1576.6668,78881.0098
2017,2023-07-11,220.0,234.6672,231.0004,223.6668,1279.6669,4242.3339,4183.6671,5320.3339,4836.3341,3531.0003,3311.0006,3175.3339,3212.0005,3245.0003,3256.0006,3575.0004,4832.6673,5272.6673,5008.6671,4561.3336,3435.6671,3135.0003,2427.3336,1609.667,74360.0102
2018,2023-07-12,282.3337,282.3337,275.0004,242.0,1206.3336,4689.6673,6178.3343,5804.3339,4975.6673,3505.3336,3124.0003,3256.0004,3047.0003,3241.3338,3344.0005,3725.3338,4887.6671,5514.667,4924.3341,4832.6671,3619.0006,3421.0006,2680.3336,1683.0001,78741.6771
2019,2023-07-13,216.3332,198.0,194.3332,198.0,1136.6672,4730.0012,6020.6672,5965.668,4785.0012,3278.0,3281.6672,3204.6672,3234.0,3391.6672,3157.0,3637.334,5060.0012,5335.0012,5269.0012,4455.0012,3615.334,3014.0,2555.6672,1554.6672,77487.68
2020,2023-07-14,271.3332,264.0,260.3332,220.0,1243.0,4242.334,5859.334,5980.334,4884.0012,3410.0,3146.0,3087.334,3138.6672,3061.6672,3340.334,3608.0,3630.0012,4693.334,5375.334,4378.0012,3619.0,2937.0,2467.6672,1587.6672,74704.6768
2021,2023-07-15,275.0,264.0,264.0,220.0,1096.3332,4077.334,4832.668,4752.0012,3985.6672,3157.0,3076.334,3050.6672,3710.6672,4686.0012,4653.0012,4711.6672,4620.0012,4458.6672,4411.0012,3329.334,2636.334,2691.334,2489.6672,1716.0,73164.6804
2022,2023-07-16,267.6668,249.3332,249.3332,209.0002,528.0004,1756.3332,2233.0005,2244.0,2247.6673,2299.0002,2464.0006,2313.6671,2368.6673,2357.6668,2640.0006,2431.0003,2335.667,2684.0005,2409.0003,2357.6669,2313.6671,2185.3338,1855.3336,315.3334,43314.3403
2023,2023-07-17,249.3332,249.3332,249.3332,216.3332,1151.3334,4187.3339,5969.3339,5522.0004,4741.0008,3307.3335,3164.3338,3025.0003,3109.3336,3014.0006,3058.0004,3571.3338,4726.3335,4983.0006,5056.3338,4220.3338,3494.3335,3124.0005,2416.3336,1525.3336,74330.6741
2024,2023-07-18,231.0,216.3332,223.6672,227.3332,964.3332,4550.334,6178.334,4557.6672,5888.668,3289.0,3369.6672,3248.6672,3241.334,3531.0012,3256.0,3875.6672,4546.6672,5441.334,5118.6672,4715.334,3901.334,3098.334,2357.6672,1624.334,77652.6784
2025,2023-07-19,260.3333,256.6666,252.9999,234.6666,1191.6666,4451.3341,5734.6674,5709.0008,4744.6671,3377.0003,3105.667,3314.6673,3164.3335,3160.6671,3274.3339,3670.3338,4777.6673,5214.0006,5305.6671,4392.6674,3538.3339,3127.6671,2581.3336,1646.3334,76486.6757
2026,2023-07-20,245.6667,249.3332,234.6672,242.0002,502.3334,2064.3336,2673.0004,2420.0005,2511.667,2394.334,2442.0,2442.0003,2445.6671,2390.6671,2757.3336,2412.6668,2445.667,2559.3336,2486.0004,2541.0003,2467.6671,2310.0006,1884.6668,274.9999,45397.0068
2027,2023-07-21,205.3332,201.6667,201.6667,198.0002,1155.0001,4271.6671,5610.0004,5639.3339,4447.667,3637.3335,3047.0003,3325.6671,3237.6671,3113.0006,2849.0001,3571.3338,4983.0003,5056.3338,4975.6674,4682.3341,3677.667,3087.3338,2339.3336,1741.6669,75254.6747
2028,2023-07-22,249.3332,252.9999,249.3332,230.9999,1089.0004,3956.3339,4964.6673,5214.0003,4121.3336,3186.3336,2959.0003,3197.3338,3725.334,4722.6671,4660.3341,4561.3338,4139.6673,3549.3338,3648.3336,3395.3336,3032.3338,2676.6668,2328.3336,1532.6666,71643.0075
2029,2023-07-23,238.3337,238.3337,234.6672,216.3336,436.3334,1884.6668,2486.0004,2409.0006,2486.0004,2405.3338,2339.3338,2522.667,2684.0003,2526.3339,2530.0004,2423.6672,2383.3339,2772.0004,2827.0006,2383.3336,2339.3338,2368.6673,1602.3336,619.6672,45356.6766
2030,2023-07-24,234.6672,234.6672,220.0,198.0002,1309.0004,4458.6673,5951.0009,5672.3339,5181.0007,3564.0006,3274.3338,3021.3336,3241.3339,3263.3338,3113.0004,3721.667,4447.6668,5313.0006,4796.0009,4612.6674,3773.0003,3223.0003,2563.0003,1631.6668,77018.3443
2031,2023-07-25,264.0,264.0,264.0,245.6668,1276.0002,4407.3338,6064.6671,6013.3338,4994.0006,3325.667,3098.3338,3245.0006,3263.3336,3281.6668,3142.3338,3622.6671,4975.667,5243.3341,5144.3341,4708.0006,3472.3338,3010.3336,2658.3335,1675.6668,77660.0085
2032,2023-07-26,282.3336,267.6668,267.6668,260.3333,1221.0001,4422.0004,5529.3336,5852.0009,4730.0006,3520.0003,3135.0004,3164.3338,2911.3338,3076.3338,2981.0006,3692.3338,5305.6671,5239.6673,5423.0006,4697.0003,3824.3336,3193.6671,2456.6671,1554.6669,77007.3426
2033,2023-07-27,264.0,264.0,264.0,264.0,1279.6666,4330.3336,5987.6673,5276.3339,5540.3341,3692.3338,2933.3338,3160.6671,3175.3338,2951.667,3237.667,3648.334,4865.6668,5107.6673,4191.0005,4590.6674,3219.3336,2849.0006,2563.0003,1554.6671,75210.6756
2034,2023-07-28,260.3333,264.0,264.0,242.0,1129.3336,3721.6674,3516.3341,4928.0005,5309.3338,3619.0006,3179.0004,3091.0003,3190.0003,3278.0006,3476.0006,3784.0006,4961.0007,5668.6673,4583.3338,4741.0007,3241.3336,3193.6671,2438.3338,1598.6671,73678.0102
2035,2023-07-29,252.9999,264.0,260.3333,242.0001,1023.0004,4114.0003,4741.0006,4777.6671,3619.0003,2816.0003,2995.6673,3061.6671,3589.6668,4477.0003,4671.3335,4301.0003,4664.0006,4315.6671,4213.0006,3347.667,3102.0004,2841.6671,2379.6671,1598.6668,71668.6743
2036,2023-07-30,253.0,256.6672,264.0,242.0,564.6672,1980.0,2456.6672,2339.334,2310.0,2387.0,2412.6672,2497.0,2321.0,2522.6672,2416.334,2508.0,2592.334,2489.6672,2464.0,2676.6672,2317.334,2218.334,1767.334,322.6672,44579.3416
2037,2023-07-31,231.0004,231.0004,231.0004,194.3337,1287.0001,4396.3335,5874.0006,5771.3339,4924.3342,3670.3338,3318.3336,3175.3336,3190.0003,3171.6673,3175.3339,3527.3339,4891.3338,4891.3339,5533.0006,4458.6673,3325.6668,3149.6671,2757.3338,1470.3334,76846.0103
2038,2023-08-01,227.3336,205.3332,223.6667,201.6667,1136.6668,4433.0003,5265.3339,5096.6674,4836.3335,3593.3335,3237.6673,3087.3338,3135.0,3355.0005,2992.0004,3344.0006,5093.0009,4583.334,5239.6673,4224.0003,4040.6674,3311.0005,2761.0003,1547.3336,75170.3425
2039,2023-08-02,110.0001,99.0004,139.3337,176.0002,1162.3333,4367.0007,6064.6676,5492.6668,4876.6671,3223.0005,3498.0004,3186.3336,3153.3338,3307.3336,3094.6671,3718.0003,5008.6676,5276.334,4909.6671,4631.0003,3256.0003,3263.3338,2460.3336,1661.0001,76134.676
2040,2023-08-03,209.0002,198.0002,264.0001,253.0001,1118.3336,4279.0005,5727.3341,5811.6673,4744.6671,3439.3339,3091.0003,3223.0003,3362.3339,3325.6673,3270.667,3850.0004,4752.0006,5511.0006,5170.0008,4873.0007,3861.0003,3098.3338,2603.3336,1529.0004,77564.6771
2041,2023-08-04,245.6667,245.6667,242.0002,238.3337,1228.3334,4326.6671,5980.3338,5668.6673,4770.3341,3366.0006,3010.3339,3179.0006,3355.0003,3072.6668,3069.0005,3611.6671,4605.3339,5375.3338,5151.6671,4730.0006,3930.6668,3245.0004,2467.6669,1499.6669,76615.0092
2042,2023-08-05,242.0002,249.3334,260.3333,231.0001,1030.3334,4110.3338,4770.3336,4689.6671,3670.3338,3241.3335,3113.0005,2962.6668,3699.6668,4319.3338,4851.0006,4165.3338,5511.0006,4198.3338,4297.3339,3729.0004,3582.3335,3021.3338,2456.6668,1466.6669,73868.6742
2043,2023-08-06,201.6672,249.3332,245.6667,198.0004,440.0001,1888.3336,2486.0003,2376.0005,2357.6673,2431.0006,2313.6673,2313.6671,2409.0003,2420.0003,2299.0006,2306.3336,2423.6671,2416.3336,2423.6671,2189.0,2112.0004,2317.3337,2101.0003,1301.6669,44220.0082
2044,2023-08-07,179.6672,176.0,176.0,176.0,546.3332,1983.6672,2548.334,2563.0,2291.6672,2376.0,2317.334,2640.0,3817.0,4048.0012,3905.0,3795.0012,3938.0,3916.0012,4007.6672,3824.334,3017.6672,2651.0,2467.6672,1246.6672,58608.0092
2045,2023-08-08,209.0,220.0,183.3332,190.6672,1144.0,4165.334,5195.6672,5760.334,4891.334,3707.0,3050.6672,3340.334,3292.6672,3050.6672,3289.0,3736.334,5085.6672,4865.6672,5012.334,4352.334,3670.334,3197.334,2526.334,1547.334,75683.6776
2046,2023-08-09,198.0,201.6672,198.0,201.6672,1085.334,4400.0012,5617.334,5500.0012,4521.0012,3677.6672,3428.334,3619.0012,3358.6672,2918.6672,3509.0,3523.6672,4957.334,5492.6672,5038.0012,4568.6672,3608.0,2882.0,2533.6672,1866.334,76904.6808
2047,2023-08-10,209.0002,102.6672,165.0002,260.3334,1345.6666,4345.0004,5962.0008,5848.3339,4781.3341,3571.3338,3311.0006,3182.6671,3186.3338,3142.3338,3003.0006,3487.0003,5030.6673,5331.334,5280.0005,5353.3341,4022.3338,3215.6673,2555.6669,1551.0004,78243.0111
2048,2023-08-11,190.6672,190.6672,205.3336,216.3333,1166.0003,4246.0003,5830.0004,5720.0006,5038.0006,3666.667,3725.3338,3435.6672,3461.3336,3395.3335,3285.3338,3674.0005,5041.6671,5291.0006,4873.0006,4583.3335,4015.0005,3516.3338,2658.3338,1763.6668,79189.0096
2049,2023-08-12,234.6672,234.6672,245.6667,242.0002,1125.6668,4202.0006,4807.0005,4645.6671,4165.3338,3538.3338,2889.3336,2970.0004,3868.3335,4359.6673,4653.0006,4524.6674,4535.667,4748.3338,4414.6671,4018.6671,2790.3338,2816.0003,2383.3333,1426.3336,73839.3427
2050,2023-08-13,220.0,216.3333,205.3332,194.3337,542.6672,1936.0003,2519.0006,2247.6668,2394.3338,2317.3336,2596.0003,2467.667,2636.3338,2427.3336,2669.3336,2541.0006,2581.3338,2438.3338,2519.0006,2489.6671,2284.3336,2383.3338,1943.3338,913.0001,45683.008
2051,2023-08-14,252.9999,260.3333,256.6666,208.9999,1147.6666,4686.0006,5859.3338,5239.6671,5254.3335,3300.0006,3285.3336,3322.0003,3160.6671,3212.0001,3102.0006,3740.0006,4528.3338,4656.6674,5192.0004,4466.0003,3729.0003,3215.667,2570.3339,1650.0003,76296.0076
2052,2023-08-15,88.0,36.6669,47.6672,205.3334,1180.6667,4125.0003,5298.3342,5848.3343,4048.0005,3762.0003,3336.6671,3131.3338,3164.3338,3285.3338,3124.0004,3714.334,4730.0006,4961.0006,5093.0008,4202.0005,3666.6674,3380.6671,2544.6668,1752.6668,74726.6773
2053,2023-08-16,208.9999,205.3332,212.6666,208.9999,1349.3336,4418.3338,5833.6674,5635.6674,4821.6671,3300.0004,3600.6668,3179.0006,3373.3335,3083.6673,3171.6668,3501.6673,5049.0006,5052.6671,5371.6672,4059.0005,3461.3338,3369.6668,2508.0004,1576.6668,76552.6748
2054,2023-08-17,194.3332,176.0,209.0,216.3332,1217.334,4513.6672,5940.0012,5991.334,4807.0,3487.0012,2995.6672,3201.0,3153.334,3230.334,3138.6672,3556.6672,4975.6672,5005.0012,5569.6672,4136.0012,3494.334,2937.0,2332.0,1565.6672,76043.0116
2055,2023-08-18,205.3332,223.6672,216.3332,198.0,1052.3332,4231.334,5122.334,5602.6672,5166.334,3512.6672,3116.6672,2926.0,3369.6672,3278.0,3091.0,3553.0012,4656.6672,4884.0012,4887.6672,4308.334,3457.6672,3179.0012,2632.6672,1617.0,74488.344
2056,2023-08-19,238.3332,253.0,245.6672,209.0,1019.334,3923.334,4759.334,4807.0012,3809.6672,3234.0,2794.0,2973.6672,3505.334,4191.0012,4447.6672,4440.334,4235.0012,4517.334,4081.0,3648.334,3157.0,2680.334,2277.0,1573.0,71019.6776
2057,2023-08-20,223.6672,220.0,223.6672,190.6672,546.3332,1815.0,2416.334,2449.334,2277.0,2471.334,2405.334,2434.6672,2618.0,2310.0,2431.0,2277.0,2350.334,2559.334,2544.6672,2302.6672,2170.6672,2471.334,1950.6672,330.0,43989.0088
2058,2023-08-21,212.6666,205.3332,205.3332,187.0001,531.6668,1851.6671,2471.3336,2559.3338,2332.0006,2497.0003,2574.0003,2497.0006,2541.0006,2412.6671,2291.6668,2423.6671,2383.3335,2603.3338,2566.667,2409.0003,2350.3338,2203.6673,1848.0002,241.9999,44399.6736
2059,2023-08-22,205.3332,205.3332,194.3337,194.3337,1122.0001,4425.6671,5635.6671,1877.3334,5408.3343,3454.0003,3366.0006,3289.0006,3391.667,3102.0003,2926.0004,3487.0003,5005.0003,4950.0006,5107.667,4682.3338,3432.0003,2984.6668,2401.6668,1624.3338,72471.6747
2060,2023-08-23,208.9999,208.9999,205.3332,201.6667,1125.6669,4139.6674,4198.3339,5272.6672,5250.6674,3388.0005,3219.3336,2944.3338,3241.3338,3340.3338,3325.6672,3413.6668,4964.6673,4902.3339,5342.3341,4253.3338,3652.0005,3050.667,2629.0005,1635.3337,74114.3428
2061,2023-08-24,282.3333,216.3333,208.9999,205.3332,1169.6668,4396.3336,6079.3341,5518.3342,4653.0006,3340.3338,3325.6673,3028.667,3160.6671,3087.3338,2933.3335,3424.6673,4854.6674,5159.0006,4964.6674,4466.0005,3256.0003,3520.0006,2673.0004,1701.3333,75625.0093
2062,2023-08-25,209.0002,172.3334,95.3337,124.6669,1045.0,4359.6673,5661.3341,6255.3341,4851.0006,3435.6673,3252.3336,3245.0004,2808.6668,3369.6673,3424.6671,3681.3338,4499.0006,5324.0006,4895.0007,4205.6671,3267.0004,3366.0006,2775.6671,1675.667,75999.0107
2063,2023-08-26,227.3336,227.3336,234.6672,220.0002,1250.3336,4231.3339,5027.0006,5093.0006,3608.0004,3344.0003,2940.6668,2823.3338,3703.3336,4565.0003,4649.3336,4774.0006,4334.0005,4708.0006,4246.0006,3846.3338,3091.0006,2856.3339,2559.3333,1642.6668,74202.3428
2064,2023-08-27,216.3336,227.3336,212.6666,198.0001,528.0004,1862.6671,2486.0003,2416.3336,2566.667,2354.0003,2508.0001,2456.6668,2431.0003,2592.3338,2603.3336,2453.0003,2599.6671,2640.0003,2508.0003,2695.0004,2383.3338,2379.6673,1862.6669,344.6669,45525.3405
2065,2023-08-28,260.3332,256.6672,234.6672,216.3332,1191.6672,4517.334,5888.668,4653.0012,5745.6672,3714.334,3384.334,3468.6672,3219.334,3468.6672,3171.6672,3380.6672,4770.334,4154.334,1397.0,773.6672,2233.0,3677.6672,2812.334,1613.334,68203.6796
2066,2023-08-29,238.3332,205.3332,223.6672,201.6672,1147.6672,4370.6672,5309.334,6130.6672,5115.0012,3641.0,3369.6672,3410.0,3388.0,3208.334,3226.6672,3758.334,4950.0012,5199.334,4979.334,4455.0012,3531.0012,3080.0,2599.6672,1562.0,77300.6788
2067,2023-08-30,55.0,14.6672,183.3332,223.6672,1191.6672,4326.6672,5998.6672,6119.6672,4957.334,3868.334,3333.0,3223.0,3248.6672,3149.6672,3131.334,3707.0012,4711.6672,5492.6672,4777.6672,4304.6672,3575.0,3556.6672,2632.6672,1664.6672,77447.3444
2068,2023-08-31,223.6668,227.3336,212.6666,220.0001,1140.3333,4396.3335,5470.6677,6105.0009,4972.0006,3454.0003,3395.3338,3190.0005,3318.3336,3281.6671,3270.667,3564.0003,4524.6673,5309.3338,4961.0003,4917.0006,3384.3339,3329.3339,2500.6673,1415.3336,76783.6764
2069,2023-09-01,231.0004,227.3336,242.0001,234.6666,1180.6669,4726.3339,5203.0009,5291.0006,4924.3341,3652.0003,3142.3338,3289.0005,3087.3336,3135.0006,3314.6671,3600.6671,4777.6673,5364.3338,4862.0009,4902.3338,3743.667,3179.0003,2658.3333,1705.0002,76673.6767
2070,2023-09-02,249.3334,242.0002,260.3333,234.6666,1298.0001,3941.6671,4862.0006,4810.6673,4150.667,3237.6671,2724.3334,2992.0005,3685.0008,4502.6673,4752.0005,4194.6671,4722.6673,4506.3338,4557.6674,3575.0003,3230.3338,2794.0003,2321.0003,1639.0001,73483.6756
2071,2023-09-03,212.6672,190.6672,198.0002,194.3337,590.3337,1818.667,2500.6671,2555.6671,2438.3338,2291.6669,2559.3338,2390.667,2401.6669,2537.3339,2405.3336,2449.3337,2258.667,2467.6668,2335.6673,2519.0003,2442.0003,2236.6671,2086.3338,271.3336,44352.009
2072,2023-09-04,252.9999,234.6669,220.0,194.3337,1034.0001,4330.3336,5349.6673,5500.0006,4825.3336,3340.334,3237.6673,3300.0006,3333.0003,3307.3335,3120.3336,3655.6673,4924.334,4887.6672,5184.6671,4198.3335,3872.0004,3138.667,2456.6671,1529.0001,75427.0087
2073,2023-09-05,183.3336,73.3336,18.3337,190.6669,1048.6671,4286.3338,6053.6676,5943.6673,5034.3338,3516.3338,3245.0004,3164.3338,3520.0003,3384.3336,3124.0003,3648.3336,4693.3338,4950.0006,5379.0006,4323.0003,3776.6671,2999.3338,2526.3338,1276.0001,76358.3433
2074,2023-09-06,183.3337,22.0004,190.6672,212.6668,1114.6668,4477.0006,5877.6673,5940.0009,4436.6671,3501.6672,3135.0005,3245.0004,3138.6669,3201.0003,3076.3336,3784.0004,4601.667,5005.0003,5137.0006,3666.6671,4004.0004,3362.3339,2544.6671,1510.6671,75368.3436
2075,2023-09-07,216.3332,209.0,205.3332,227.3332,1327.334,4132.334,5995.0012,5514.6672,4631.0012,3314.6672,3248.6672,3263.334,3369.6672,3498.0,3131.334,3454.0,4953.6672,5280.0012,5320.334,4136.0012,3479.6672,2845.334,2533.6672,1510.6672,75797.346
2076,2023-09-08,220.0,234.6672,234.6672,227.3332,1235.6672,4216.6672,5852.0012,5877.668,4887.6672,3567.6672,3010.334,3190.0,3245.0,3146.0,3179.0,3707.0,4931.6672,4928.0012,5184.6672,4524.6672,4040.6672,3413.6672,2640.0,1840.6672,77535.344
2077,2023-09-09,212.6672,190.6672,201.6672,209.0,1254.0,4055.334,5056.334,4840.0012,4231.334,3351.334,2966.334,2948.0,3747.334,4568.6672,4634.6672,4678.6672,4092.0012,4506.334,4136.0012,3677.6672,3171.6672,2742.6672,2445.6672,1804.0,73722.0136
2078,2023-09-10,227.3333,223.6668,216.3336,194.3337,678.3334,2020.3336,2592.3336,2519.0004,2365.0003,2225.667,2537.3336,2427.3339,2449.3339,2508.0004,2530.0003,2288.0003,2750.0003,2489.6671,2603.3335,2456.6671,2460.3339,2412.6673,1925.0004,278.6667,45378.6744
2079,2023-09-11,205.3332,198.0002,201.6667,194.3337,953.3337,4301.0006,5635.6673,5760.3339,4796.0004,3351.3336,3109.3336,3076.3336,3241.3338,3043.3339,2959.0003,3476.0003,5188.3336,5027.0005,5144.3339,4323.0006,3831.6668,3014.0006,2680.3335,1569.3333,75280.3416
2080,2023-09-12,223.6667,205.3332,201.6667,223.6668,1114.6668,4114.0003,6075.6674,5734.6671,4865.6674,3146.0006,2992.0006,2559.3336,3263.3338,3131.3336,3149.6671,3501.6673,4785.0006,5085.6674,3791.3338,3681.3336,3663.0006,3157.0003,2658.3338,1521.6668,72845.6759
2081,2023-09-13,242.0002,242.0002,242.0002,238.3334,1125.6669,4238.6673,5826.3341,5672.334,4906.0006,3362.3338,3410.0006,3036.0004,3182.6668,3311.0003,3292.6668,3421.0003,4939.0006,5129.6673,5272.6671,4645.6673,3754.6673,3193.6668,2585.0005,1752.6669,77022.0097
2082,2023-09-14,252.9999,256.6666,256.6668,227.3333,1074.3337,4301.0006,5382.6673,5775.0009,4843.6672,3443.0003,3494.3335,3333.0006,3215.6671,3274.3338,3300.0003,3677.6673,4733.667,5338.6673,5089.334,4209.3338,3681.3338,3124.0003,2515.3335,1701.3336,76501.3425
2083,2023-09-15,212.6667,198.0002,201.6667,216.3333,1151.3336,4535.6671,6119.6675,5639.3338,4957.3339,3472.3338,3340.3339,3439.3338,3146.0006,3116.6671,3395.3338,3564.0003,4975.6674,4693.3341,5199.3338,4649.3338,3872.0003,3325.6671,2878.3338,1774.6669,78074.3433
2084,2023-09-16,227.3334,205.3332,205.3332,209.0001,1004.6671,4242.3338,4825.3341,5056.3336,3938.0006,3061.6671,2632.6671,3006.6671,3626.3338,4693.3341,4598.0006,4906.0006,4774.0005,4616.3341,4374.3336,3450.3335,3355.0006,3047.0003,2368.6668,1727.0003,74151.0092
2085,2023-09-17,220.0,220.0,227.3336,220.0,586.6669,1760.0006,2394.3337,2383.3336,2530.0006,2317.3336,2328.3339,2522.6671,2449.3338,2555.6672,2471.3336,2405.3335,2471.3339,2431.0003,2478.6668,2449.3335,2280.6671,2082.667,1906.6668,425.3336,44117.3407
2086,2023-09-18,267.6668,264.0,245.6666,208.9999,1158.6668,4473.3338,5855.6674,5654.0009,4807.0004,3333.0003,3333.0003,3072.6671,3263.3338,3230.3338,3204.6671,3542.0006,4733.6674,5199.3339,5195.6674,4656.6671,3633.6674,2959.0003,2599.6668,1892.0006,76783.6765
2087,2023-09-19,509.6669,14.6672,80.6669,212.6666,1166.0001,4183.6673,5797.0008,5808.0006,5214.0008,3619.0006,3237.667,3127.6673,3109.3338,2992.0003,3267.0005,3758.3338,4590.6673,5415.6673,5001.3338,4957.3339,3538.3339,3138.667,2841.6671,1675.667,77256.6778
2088,2023-09-20,216.3333,212.6666,256.6668,256.6669,1074.3333,4598.0006,5782.3341,6215.0007,4942.667,3340.3338,3556.667,3322.0003,3259.6668,3124.0006,3098.3338,3769.3336,5265.3339,5038.0006,5511.0004,4752.0006,3688.6672,3237.6671,2713.3335,1719.6671,78950.6756
2089,2023-09-21,267.6668,267.6668,267.6668,242.0001,1092.6669,4348.6671,5555.0006,5830.0008,4818.0006,3127.6671,3102.0003,3186.3338,3373.3336,3094.667,2981.0004,3670.334,4444.0006,5448.6671,5181.0006,4561.3338,3674.0005,3402.6671,2596.0003,1756.3336,76288.6763
2090,2023-09-22,256.6666,256.6666,249.3332,231.0001,1129.3336,4378.0003,5694.3342,5514.6673,4539.3339,3263.3336,3322.0003,3021.3336,3347.6671,3109.3335,3395.3338,3633.6671,5232.3341,5243.3342,5269.0006,4235.0004,3578.667,3501.6671,2665.6668,1609.6669,76677.3419
2091,2023-09-23,256.6668,264.0,245.6669,238.3337,623.3336,4451.3338,4370.6671,4719.0003,3861.0003,3201.0,2907.6671,3014.0,3655.6671,4656.6671,4763.0006,4634.6671,4319.3338,4425.6673,4605.3336,3542.0003,2856.3338,2581.3337,2398.0006,1682.9999,72273.6745
2092,2023-09-24,267.6668,260.3333,249.3334,220.0002,469.3337,1859.0004,2427.3335,2339.3338,2357.6669,2409.0005,2482.3336,2313.6668,2456.6671,2464.0003,2427.3335,2273.3336,2346.6671,2471.3338,2434.6671,2449.3338,2218.3338,2299.0003,2024.0001,260.3332,43780.0066
2093,2023-09-25,205.3332,201.6672,194.3332,194.3332,1158.6672,4594.334,5734.6672,5899.6672,4803.334,3047.0,3369.6672,3230.334,3087.334,3223.0,3138.6672,3732.6672,4895.0012,5335.0012,5445.0012,4605.334,3780.334,3263.334,2654.6672,1738.0,77531.6788
2094,2023-09-26,253.0001,0.0,0.0,164.9999,1371.3337,4378.0005,6042.6674,5903.3341,4572.3341,3655.6671,3256.0005,3289.0003,3428.3338,3399.0003,3369.667,3688.6673,5052.667,5225.0006,5206.6677,4557.6674,3960.0003,3538.3335,2526.3338,1760.0003,78598.6767
2095,2023-09-27,110.0,0.0,0.0,168.6668,1250.3336,4656.6674,5797.0006,5580.6671,5027.0005,3351.3338,3347.667,3050.6671,3589.667,2981.0003,3571.3338,3582.3338,4986.6671,5151.6672,5078.3339,4682.3338,3498.0004,2984.6668,2871.0003,1580.3336,76897.3419
2096,2023-09-28,161.3336,0.0,3.6668,205.3333,1151.3336,4451.334,5610.0005,5833.6674,5144.334,3347.6671,3457.6671,3065.3336,3318.3339,2984.667,3388.0004,3589.6671,4862.0006,5573.3338,4880.3338,4983.0006,3974.6668,3025.0003,2643.6668,1716.0003,77370.3424
2097,2023-09-29,40.3337,14.6672,66.0004,231.0001,1173.3333,4851.0009,3703.3336,5965.6674,4612.6668,3732.6674,3109.3335,3399.0006,3237.6671,3160.667,3285.3338,3736.3339,5148.0005,5192.0006,5107.6673,4642.0006,3912.3339,3146.0005,2500.6668,1815.0004,75782.6773
2098,2023-09-30,47.6672,18.3337,58.6672,245.6668,1166.0001,4345.0006,4726.3341,4939.0006,4381.6673,3047.0003,2874.6671,3230.3336,3531.0004,4341.3339,4440.3339,4627.3339,4312.0004,4253.3338,4356.0006,3461.334,3212.0003,2706.0005,2434.6671,1587.6671,72343.3445
2099,2023-10-01,227.3332,227.3332,216.3332,187.0,561.0,1760.0,2390.6672,2449.334,2515.334,2390.6672,2453.0,2581.334,2383.334,2500.6672,2376.0,2412.6672,2240.334,2453.0,2493.334,2500.6672,2273.334,2163.334,1976.334,315.3332,44047.6748
2100,2023-10-02,220.0,212.6672,205.3332,209.0,1151.334,4293.6672,5434.0012,5907.0012,4935.334,3373.334,3325.6672,3347.6672,3149.6672,3252.334,3300.0,3608.0,4825.334,5404.6672,4741.0012,4964.6672,3663.0012,2973.6672,2592.334,1609.6672,76699.3468
2101,2023-10-03,271.3332,242.0,234.6672,227.3332,1173.334,4169.0012,4873.0012,5709.0012,4711.6672,3410.0,3278.0,3124.0,3208.334,3340.334,3127.6672,3325.6672,4722.6672,5203.0012,4957.334,4689.6672,3622.6672,3413.6672,2533.6672,1642.6672,75210.6792
2102,2023-10-04,256.6672,220.0,216.3332,216.3332,1257.6672,4550.334,5423.0012,5485.334,4935.334,3259.6672,2889.334,2808.6672,2896.6672,3043.334,3127.6672,3604.334,4975.668,5320.334,5309.334,4572.334,3347.6672,3256.0,2423.6672,1683.0,75078.6792
2103,2023-10-05,190.6672,187.0,242.0,220.0,1114.6672,4411.0012,6193.0012,5811.6672,4678.6672,3446.6672,3340.334,3432.0,3109.334,3274.334,3076.334,3740.0,4645.6672,5228.6672,4752.0012,5188.334,3534.6672,3212.0012,2570.334,1730.6672,77330.0136
2104,2023-10-06,172.3332,161.3332,216.3332,220.0,1309.0,4389.0012,5287.334,5511.0012,4689.6672,3311.0,2999.334,3182.6672,3127.6672,3017.6672,3292.6672,3685.0012,4576.0012,5371.6672,4807.0012,4620.0012,3523.6672,3311.0,2350.334,1382.334,74514.0132
2105,2023-10-07,172.3332,212.6672,190.6672,201.6672,1041.3332,4183.6672,4774.0012,4543.0012,4517.334,3164.334,2893.0,2940.6672,3571.334,4649.334,4385.334,4444.0012,4634.6672,4341.334,4279.0012,3278.0,2922.334,2669.334,2152.334,1441.0,71602.6804
2106,2023-10-08,245.6672,245.6672,234.6672,201.6672,473.0,1789.334,2255.0,2277.0,2376.0,2328.334,2453.0,2288.0,2544.6672,2196.334,2563.0,2152.334,2412.6672,2467.6672,2504.334,2640.0,2214.6672,2251.334,2024.0,363.0,43501.3416
2107,2023-10-09,245.6672,242.0,234.6672,216.3332,1067.0,4546.6672,5881.334,5338.6672,5144.334,3850.0,2948.0,3113.0,3091.0,3241.334,3267.0,3967.334,4422.0,5221.334,4821.6672,4986.6672,3681.334,3116.6672,2640.0,1320.0,76604.0076
2108,2023-10-10,150.3332,14.6672,14.6672,187.0,1111.0,4686.0012,5815.334,6086.6672,5107.6672,3901.334,3146.0012,3083.6672,3248.6672,3208.334,3351.334,4147.0012,4634.6672,5265.334,5041.6672,4572.334,3908.6672,3270.6672,2588.6672,1327.334,77869.014
2109,2023-10-11,132.0,14.6672,146.6672,216.3332,1023.0,4810.6672,5815.334,5767.6672,5921.6672,3600.6672,3699.6672,3285.334,3384.334,3391.6672,3366.0,4114.0012,4660.334,5159.0012,5210.334,4660.334,3516.334,3179.0,2698.6672,1279.6672,79053.3456
2110,2023-10-12,216.3332,216.3332,220.0,223.6672,1078.0,4092.0012,5734.668,5302.0012,4788.6672,3358.6672,3274.334,3054.334,3226.6672,3252.334,3157.0,4026.0,4565.0012,5140.6672,4869.334,4440.334,3527.334,3289.0,2724.334,1650.0,75427.012
2111,2023-10-13,249.3332,249.3332,234.6672,223.6672,1070.6672,4414.6672,5910.668,5819.0012,5760.334,3872.0,3369.6672,3278.0,3318.334,3234.0012,3307.334,3989.334,4499.0012,5192.0012,5019.6672,4378.0012,4088.334,3175.334,2779.334,1613.334,79046.0156
2112,2023-10-14,238.3332,231.0,227.3332,227.3332,1129.3332,4015.0012,4693.334,4748.334,4147.0012,3421.0012,2830.6672,2904.0012,3553.0,4367.0012,4807.0012,4473.334,4609.0012,4546.6672,4121.334,3817.0,3212.0,2592.334,2335.6672,1452.0,72699.0128
2113,2023-10-15,227.3332,227.3332,220.0,205.3332,443.6672,1881.0,2504.334,2214.6672,2350.334,2244.0,2423.6672,2467.6672,2412.6672,2376.0,2332.0,2574.0,2247.6672,2339.334,2390.6672,2471.334,2335.6672,2302.6672,2156.0,319.0,43666.3404
2114,2023-10-16,234.6672,293.3332,289.6672,198.0,612.3332,1954.334,2669.334,2398.0,2401.6672,2431.0,2489.6672,2669.334,2299.0,2746.334,1870.0,2610.6672,2456.6672,2434.6672,2482.334,2453.0,2266.0,2412.6672,1925.0,359.3332,44957.0072
2115,2023-10-17,220.0,220.0,220.0,223.6672,1224.6672,4550.334,5232.334,4150.6672,5129.6672,3637.334,3362.334,3138.6672,3182.6672,3204.6672,3153.334,4015.0012,4594.334,5250.6672,5324.0012,4150.6672,3641.0012,3355.0012,2827.0,1672.0,75680.0136
2116,2023-10-18,220.0,220.0,231.0,220.0,1089.0,4697.0012,5859.334,5811.668,5217.6672,3718.0012,3410.0,3575.0012,3399.0,3505.334,3344.0,4198.334,4678.6672,5272.6672,4994.0012,4510.0012,3743.6672,3285.334,2720.6672,1646.334,79566.68
2117,2023-10-19,18.3332,14.6672,161.3332,227.3332,1048.6672,3754.6672,5555.0012,5936.334,5412.0012,3472.334,3322.0,3087.334,2992.0,3142.334,3116.6672,4015.0012,4510.0012,5129.668,5133.334,4095.6672,3864.6672,3523.6672,2878.334,1701.334,76112.6808
2118,2023-10-20,150.3332,14.6672,121.0,212.6672,1019.3332,4400.0012,6035.334,5547.6672,5665.0012,3809.6672,3465.0,3182.6672,3204.6672,3109.334,3252.334,3989.334,4491.6672,5107.6672,4440.334,4103.0012,3413.6672,3230.334,2654.6672,1646.334,76266.68
2119,2023-10-21,88.0,14.6672,146.6672,201.6672,1008.3332,4110.334,4865.6672,4763.0012,4282.6672,3311.0,2867.334,2860.0,3487.0,4356.0012,4825.334,4737.334,4708.0012,4370.6672,4502.6672,3380.6672,2981.0,2530.0,2662.0,1609.6672,72669.6776
2120,2023-10-22,242.0,245.6672,245.6672,231.0,568.3332,1859.0,2548.334,2339.334,2552.0,2321.0,2541.0,2431.0,2431.0,2647.334,2618.0,2346.6672,2585.0,2625.334,2398.0,2489.6672,2346.6672,2387.0,2009.334,304.3332,45312.6724
2121,2023-10-23,234.6672,238.3332,234.6672,198.0,1059.6672,4788.668,5283.6672,6350.6672,5111.334,3703.334,3450.334,3446.6672,3435.6672,3245.0,3325.6672,3820.6672,4198.334,4572.334,4895.0012,4374.334,3424.6672,2779.334,2720.6672,1584.0,76475.6796
2122,2023-10-24,216.3332,227.3332,227.3332,209.0,1026.6672,4711.6672,6053.6672,5793.334,5338.6672,3637.334,3597.0,3322.0,3501.6672,3329.334,3186.334,3879.334,4697.0012,4997.668,5118.668,4304.6672,3545.6672,3193.6672,2541.0,1617.0,78272.3444
2123,2023-10-25,223.6672,209.0,205.3332,209.0,953.3332,4711.6672,5734.6672,5870.334,5206.6672,3641.0012,3366.0,3120.334,3190.0,2988.334,3113.0,3901.334,4601.6672,5272.6672,5210.334,4444.0012,3212.0,3054.334,2643.6672,1668.334,76750.6772
2124,2023-10-26,132.0,18.3332,22.0,190.6672,1059.6672,4601.6672,6178.334,6031.668,5254.334,3831.6672,3369.6672,3256.0,3212.0012,3281.6672,3384.334,4004.0012,4587.0012,5030.6672,4444.0012,4092.0,3692.334,3142.334,2794.0,1492.334,77102.6804
2125,2023-10-27,238.3332,234.6672,238.3332,231.0,1041.3332,4609.0,5833.668,5610.0012,5217.6672,3241.334,3355.0,3263.334,3164.334,3263.334,3215.6672,4073.6672,4601.6672,5074.6672,4594.334,4532.0012,3611.6672,3333.0,2698.6672,1576.6672,76853.3448
2126,2023-10-28,201.6672,190.6672,198.0,209.0,1158.6672,4033.334,5133.334,4902.334,3842.6672,3553.0012,2786.6672,2981.0,3725.334,4473.334,4477.0012,4576.0012,4242.334,4407.334,4319.334,3274.334,3219.334,2574.0,2409.0,1499.6672,72387.3468
2127,2023-10-29,253.0,264.0,242.0,223.6672,465.6672,2090.0,2849.0,2922.334,2885.6672,2658.334,3131.334,3094.6672,3083.6672,3223.0,3303.6672,3358.6672,3388.0,3234.0,2805.0,2537.334,2423.6672,2262.334,1983.6672,300.6672,52983.342
2128,2023-10-30,190.6668,190.6668,190.6668,194.3328,1100.0,4748.334,5848.334,5870.334,5408.334,3006.75,2957.1668,3033.338,3094.6668,3127.6668,3153.334,3309.1668,3050.6668,5107.6668,4887.6668,4176.334,3446.6668,3160.6668,2658.334,1573.0,73484.7604
2129,2023-10-31,190.6672,205.3332,227.3332,212.6672,1129.3332,4561.334,5679.6672,5316.6672,5338.6672,3494.334,3050.6672,3285.334,3116.6672,3388.0,3223.0,3875.6672,4851.0012,5008.6672,4466.0012,4183.6672,3366.0,3061.6672,2654.6672,1602.334,75489.3444
2130,2023-11-01,223.6672,176.0,146.6672,146.6672,924.0,4304.6672,5672.334,5877.668,4924.334,4022.334,3377.0012,3050.6672,3197.334,3127.6672,3204.6672,3846.334,4422.0012,4887.6672,4576.0012,4191.0012,3274.334,2816.0,2629.0,1463.0,74481.0144
2131,2023-11-02,220.0,253.0,253.0,165.0,1034.0,4422.0012,5709.0012,5661.334,5228.6672,3758.334,3226.6672,2984.6672,3248.6672,3278.0,3080.0,3780.334,4436.6672,4994.0012,4869.334,4161.6672,3413.6672,2992.0,2574.0,1558.334,75302.344
2132,2023-11-03,183.3332,168.6672,62.3332,165.0,975.3332,3853.6672,5903.334,5287.334,4979.334,3908.6672,3435.6672,3142.334,3263.334,3131.334,3076.334,3919.6672,4594.334,4722.6672,5045.334,4202.0012,3861.0012,3047.0,2581.334,1397.0,74906.3452
2133,2023-11-04,146.6672,55.0,47.6672,172.3332,997.3332,3989.334,4675.0012,4906.0012,3861.0,3124.0,2973.6672,3245.0,3490.6672,4572.334,4620.0012,4722.6672,4389.0012,4777.6672,4290.0012,3769.334,3234.0,2618.0,2401.6672,1573.0,72651.3448
2134,2023-11-05,264.0,278.6672,223.6672,198.0,414.3332,1994.6672,2379.6672,2288.0,2453.0,2500.6672,2412.6672,2291.6672,2610.6672,2423.6672,2445.6672,2460.334,2581.334,2427.334,2486.0,2350.334,2255.0,2251.334,1796.6672,282.3332,44069.6756
2135,2023-11-06,220.0,190.6672,194.3332,176.0,399.6672,1972.6672,2530.0,2247.6672,2346.6672,2365.0,2431.0,2178.0,2277.0,2394.334,2493.334,2636.334,2592.334,2742.6672,2673.0,2416.334,2405.334,2372.334,1866.334,293.3332,44414.3416
2136,2023-11-07,245.6672,223.6672,190.6672,194.3332,1100.0,4308.334,5932.6672,5492.6672,5324.0012,3688.6672,3164.334,3314.6672,3256.0,3428.334,3135.0,3985.6672,4667.6672,4906.0012,4752.0012,4275.334,3278.0,3410.0012,2603.334,1257.6672,76134.68
2137,2023-11-08,165.0,14.6672,95.3332,154.0,986.3332,4579.6672,5654.0012,5569.6672,4935.334,3435.6672,3190.0,3091.0012,3252.334,3223.0,3083.6672,3652.0,4682.334,4994.0012,4843.6672,4821.6672,3560.334,3120.334,2625.334,990.0,74719.3444
2138,2023-11-09,47.6672,0.0,3.6672,146.6672,1004.6672,4411.0012,5756.6672,6163.6672,5151.6672,3813.334,3311.0,3164.334,3179.0,3270.6672,3153.334,3963.6672,4392.6672,4814.334,4495.334,3908.6672,3417.334,3204.6672,2607.0,1243.0,74624.0116
2139,2023-11-10,132.0,95.3332,0.0,117.3332,1199.0,4719.0,5555.0012,5940.0012,5228.6672,3571.334,3553.0,3149.6672,3259.6672,3428.334,3336.6672,3879.334,4620.0012,5052.6672,5078.334,4477.0012,3916.0012,3043.334,2566.6672,1287.0,77205.3456
2140,2023-11-11,201.6672,51.3332,29.3332,220.0,1059.6672,3952.6672,4550.334,4968.334,3175.334,3318.334,3021.334,3032.334,3820.6672,4557.6672,4697.0012,4418.334,4730.0012,3619.0012,4656.6672,3406.334,3410.0,2702.334,2379.6672,1595.0,71573.3464
2141,2023-11-12,242.0,231.0,223.6672,198.0,476.6672,1903.0,2266.0,2434.6672,2376.0,2585.0,2409.0,2526.334,2475.0,2460.334,2456.6672,2412.6672,2427.334,2625.334,2687.6672,2357.6672,2357.6672,2357.6672,1807.6672,275.0,44572.008
2142,2023-11-13,220.0,231.0,234.6672,205.3332,498.6672,1862.6672,2434.6672,2328.334,2390.6672,2387.0,2438.334,2394.334,2676.6672,2592.334,2779.334,2449.334,2423.6672,2453.0,2431.0,2588.6672,2346.6672,2299.0,2079.0,297.0,45041.342
2143,2023-11-14,242.0,238.3332,212.6672,190.6672,1067.0,4631.0012,5390.0012,5687.0012,4484.334,3780.334,3289.0,3215.6672,3204.6672,3149.6672,3050.6672,3479.6672,4895.0012,4887.6672,5107.6672,4150.6672,2856.334,1140.3332,1488.6672,1672.0,71511.0124
2144,2023-11-15,245.6672,106.3332,0.0,84.3332,1147.6672,4238.6672,4983.0012,4752.0012,3102.0,3281.6672,3439.334,3391.6672,3204.6672,3281.6672,3146.0,3923.334,4649.334,5177.334,4986.6672,4315.6672,3971.0012,3355.0,2625.334,1760.0,73168.3448
2145,2023-11-16,220.0,18.3332,0.0,146.6672,1023.0,3476.0012,3611.6672,4183.6672,5518.334,3710.6672,3446.6672,3160.6672,3083.6672,3138.6672,3157.0012,3941.6672,4480.6672,5023.334,4946.334,4444.0012,3941.6672,3274.334,2684.0,1375.0,72006.012
2146,2023-11-17,187.0,201.6672,220.0,220.0,1001.0,4202.0,5646.6672,5375.334,5104.0012,3542.0,3483.334,3252.334,3369.6672,3333.0,3333.0,3952.6672,4799.6672,4840.0012,4755.6672,3982.0012,3362.334,3179.0,2566.6672,1705.0,75614.01
2147,2023-11-18,201.6672,220.0,238.3332,201.6672,759.0,3927.0,4469.6672,4766.6672,4176.334,3212.0,3116.6672,2962.6672,3652.0,4422.0012,4642.0012,4495.334,4389.0012,4484.334,4066.334,3116.6672,2889.334,2724.334,2376.0,1631.6672,71140.6784
2148,2023-11-19,245.6672,245.6672,234.6672,209.0,399.6672,2027.6672,2493.334,2387.0,2357.6672,2295.334,2398.0,2387.0,2453.0,2376.0,2302.6672,2357.6672,2233.0,2574.0,2328.334,2387.0,2057.0,2181.6672,1994.6672,333.6672,43259.3412
2149,2023-11-20,249.3332,238.3332,234.6672,198.0,1052.334,4818.0012,5822.6672,5837.334,5151.6672,3424.6672,3329.334,3193.6672,3149.6672,3164.334,3003.0,3901.334,4466.0,5041.6672,5283.6672,4165.334,3520.0,3399.0,2533.6672,1664.6672,76842.3436
2150,2023-11-21,234.6672,242.0,249.3332,245.6672,1041.3332,4451.334,5767.6672,5745.6672,5298.334,3545.6672,3472.334,3245.0,3487.0012,3223.0,3300.0,4007.6672,4653.0012,4671.334,4524.6672,4774.0012,3633.6672,3256.0,2618.0,1529.0,77216.3436
2151,2023-11-22,286.0,322.6672,205.3332,212.6672,1085.3332,4620.0012,5643.0012,5870.334,5195.6672,3663.0012,3120.334,3142.334,3289.0,3252.334,3256.0,4040.6672,4609.0012,5320.334,4869.334,4671.334,3809.6672,3245.0,2596.0,1620.6672,77946.0124
2152,2023-11-23,227.3332,223.6672,220.0,212.6672,1162.334,4539.334,5676.0012,5269.0012,5470.6672,3813.334,3208.334,3281.6672,3303.6672,3168.0,3223.0,3710.6672,4451.334,4777.6672,4693.334,4073.6672,3344.0,2995.6672,2614.334,1910.334,75570.0124
2153,2023-11-24,803.0,190.6672,198.0,205.3332,1037.6672,4524.6672,5815.334,5764.0012,4913.334,3428.334,3575.0012,3039.6672,3406.334,3263.334,3102.0,3802.334,4546.6672,5089.334,4994.0012,4037.0012,3589.6672,3080.0,2775.6672,1529.0,76710.3464
2154,2023-11-25,190.6672,190.6672,190.6672,194.3332,1122.0,4048.0,4946.334,4730.0012,3666.6672,2922.334,2786.6672,2970.0,3461.334,4480.6672,4502.6672,4810.6672,4297.334,4744.6672,4271.6672,3710.6672,3146.0,2695.0,2574.0,1738.0,72391.0096
2155,2023-11-26,231.0,227.3332,227.3332,220.0,414.3332,1752.6672,2475.0,2335.6672,2482.334,2420.0,2266.0,2504.334,2420.0,2390.6672,2453.0,2636.334,2588.6672,2750.0,2665.6672,2695.0,2548.334,2368.6672,2049.6672,300.6672,45422.6732
2156,2023-11-27,253.0,253.0,242.0,205.3332,1037.6672,4447.6672,5588.0012,5742.0012,4964.6672,3824.334,3443.0012,3740.0012,3600.6672,3208.334,3223.0,3908.6672,4469.6672,5078.334,4902.334,4359.6672,3736.334,3241.334,2475.0,1250.334,77194.3464
2157,2023-11-28,212.6672,29.3332,29.3332,198.0,1034.0,4488.0012,5654.0012,5371.6672,5232.334,3402.6672,3751.0,3399.0012,3498.0,3479.6672,3201.0,3835.334,4645.6672,4964.6672,5217.6672,4253.334,3523.6672,3083.6672,2669.334,1672.0,76846.0108
2158,2023-11-29,150.3332,14.6672,143.0,209.0,1100.0,4620.0012,5470.668,5753.0012,5016.0012,3461.334,3307.334,3355.0012,3226.6672,3072.6672,3010.334,3846.334,4403.6672,5122.334,4741.0012,4528.334,3897.6672,3505.334,2566.6672,1323.6672,75845.0156
2159,2023-11-30,179.6672,14.6672,47.6672,194.3332,1056.0,4381.6672,5577.0012,4931.668,5485.334,3578.6672,3446.6672,3325.6672,3472.334,3380.6672,3351.334,3971.0012,4631.0012,4869.334,4935.334,3850.0,3622.6672,3439.334,2618.0,1631.6672,75991.6808
2160,2023-12-01,238.3334,91.6669,22.0004,139.3333,1103.6666,4495.3338,5602.6674,5921.6676,5305.6671,3465.0006,3890.3339,3835.3339,4004.0003,3985.6671,4125.0003,4264.3335,4594.3338,5019.6674,4524.6671,4689.6671,3439.3335,3443.0006,2951.6671,1690.3338,80842.6765
2161,2023-12-02,1217.3334,1386.0001,769.9999,220.0,1026.6668,3806.0006,4205.6671,4334.0006,3784.0004,3311.0003,3039.6671,4077.3339,5206.6673,5254.3341,5437.6671,5364.3344,5225.0006,5430.3339,4950.0006,4909.6677,3798.6673,3388.0006,2632.6671,1705.0001,84480.011
2162,2023-12-03,1554.6669,1576.6671,942.3334,205.3332,553.6669,1840.6669,2449.3336,2357.6671,2387.0001,2324.6671,2368.6673,2596.0004,2515.334,2489.6668,2552.0003,2618.0006,2394.3335,2724.3336,2456.6668,2387.0005,2497.0003,2313.6671,1932.3337,388.6668,48425.674
2163,2023-12-04,264.0,264.0,264.0,242.0,1074.3332,4378.0012,5621.0012,5291.0012,5104.0012,3351.334,3377.0,3193.6672,3736.334,3197.334,3131.334,3864.6672,4521.0012,4990.334,5085.668,4653.0012,3978.334,3340.334,2764.6672,1268.6672,76956.0152
2164,2023-12-05,198.0,73.3332,33.0,110.0,1243.0,4737.334,5841.0012,5815.334,5192.0012,4018.6672,3329.334,3553.0,3384.334,3263.334,3362.334,3967.334,4425.6672,4836.334,5261.6672,4550.334,4301.0,3450.334,2581.334,1265.0,78793.0112
2165,2023-12-06,161.3332,14.6672,143.0,201.6672,788.3332,3923.334,5291.0012,5448.6672,4293.6672,3333.0,2889.334,3050.6672,3171.6672,3270.6672,3223.0,3879.334,4660.334,5155.334,5063.6672,4693.334,3707.0,3197.334,2541.0,1426.3332,73527.6764
2166,2023-12-07,113.6667,47.6672,220.0,212.6666,1100.0001,4059.0003,5540.3338,5767.6673,4616.3338,3494.3339,3314.667,3157.0003,3025.0003,3278.0003,3175.3336,3971.0003,4814.3339,5115.0007,4704.3335,4440.3341,3655.6671,3248.667,2684.0006,2258.6673,76013.6757
2167,2023-12-08,1400.6671,245.6672,238.3337,209.0002,630.6667,1906.667,2471.3335,2577.6668,2365.0005,2288.0006,2416.3336,2273.3335,2317.3336,2489.6671,2467.6668,2511.667,2361.3335,2552.0005,2541.0001,2599.6671,2475.0003,2423.6673,2049.667,1239.3336,47050.6743
2168,2023-12-09,234.6672,231.0004,234.6672,234.6672,946.0004,3861.0003,4810.6674,4931.6674,4656.6671,3538.3335,3138.6673,3193.6673,3883.0007,4744.6671,4909.6671,5104.0006,4700.6673,4843.6668,4752.0006,4807.0006,4055.3335,3171.6671,2783.0,2431.0004,80197.3445
2169,2023-12-10,1499.6672,238.3332,234.6672,227.3332,539.0,1950.6672,2863.6672,2563.0,2607.0,2882.0,2746.334,2504.334,2493.334,2478.6672,2544.6672,2449.334,2515.334,1569.334,11.0,14.6672,14.6672,14.6672,14.6672,14.6672,34991.0096
2170,2023-12-11,22.0,227.3332,212.6672,194.3332,1067.0,4513.6672,6196.6672,5749.334,5720.0012,4136.0012,3714.334,3417.334,3795.0012,3303.6672,3355.0,4081.0,3674.0,5221.334,5184.6672,4488.0012,3879.334,3318.334,2643.6672,1668.334,79783.0124
2171,2023-12-12,231.0,223.6672,227.3332,209.0,1019.3332,4480.6672,5426.6672,5525.6672,5005.0012,3644.6672,3633.6672,3344.0,3318.334,3307.334,3318.334,3901.334,4480.6672,4869.334,4950.0012,4312.0012,3659.334,2959.0,2570.334,1628.0,76244.6784
2172,2023-12-13,216.3333,205.3332,216.3333,208.9999,1081.6669,4546.6674,5727.3344,5863.0008,4983.0005,3795.0005,3545.6673,3435.6671,3410.0003,3311.0006,3307.3338,3927.0006,4444.0004,4939.0003,5206.6674,4070.0004,3395.3336,3289.0005,2709.6671,2214.6669,78048.6765
2173,2023-12-14,718.6672,143.0,209.0,209.0,1103.6672,4653.0012,5742.0012,5580.6672,4653.0012,4026.0,3619.0,3340.334,3270.6672,3366.0,3307.334,3633.6672,4858.334,4898.6672,5247.0,4766.6672,3809.6672,3197.334,2739.0,1851.6672,78943.3444
2174,2023-12-15,227.3332,216.3332,209.0,201.6672,1169.6672,4389.0012,5566.0012,5639.334,5478.0012,3751.0012,3479.6672,3135.0012,3270.6672,3120.334,3186.334,3941.6672,4550.334,5188.334,4785.0012,4341.334,3934.334,3087.334,2889.334,2277.0,78034.0156
2175,2023-12-16,1463.0,253.0,242.0,223.6672,1118.3332,3798.6672,4913.334,4843.6672,4766.6672,3780.334,3355.0012,3472.334,4026.0012,4924.334,5258.0012,4979.334,4642.0012,4040.6672,4235.0012,4158.0012,3373.334,3201.0,2830.6672,2332.0,80230.3476
2176,2023-12-17,1382.3338,212.6666,234.6667,212.6666,491.3334,2086.3334,2959.0005,2779.3336,2871.0003,2706.0001,2475.0003,2640.0004,2581.3336,2805.0001,2882.0005,2728.0006,2731.6673,2687.6673,2904.0005,2801.3339,2885.667,2383.3336,2280.6671,355.6666,51076.6738
2177,2023-12-18,205.3332,201.6667,194.3337,190.6672,1283.3334,4583.3338,5650.3339,5401.0009,5536.6671,3556.6674,3428.334,3358.6673,3589.6671,3248.667,3267.0003,3879.3338,4268.0003,4777.667,4803.3341,4418.3338,3787.6668,3256.0003,2896.6668,1756.3336,77539.0095
2178,2023-12-19,227.3337,242.0002,216.3337,194.3337,1023.0001,4576.0004,5236.0004,5463.3338,5555.0006,3798.6671,3344.0003,3424.6671,3307.3338,3201.0003,3234.0003,3989.3335,4425.6671,5056.3339,4803.3338,3963.6671,3399.0003,3208.3339,2625.3338,1360.3336,75874.3425
2179,2023-12-20,249.3336,231.0001,253.0001,223.6666,971.6666,4356.0003,5536.6674,5793.334,5320.3339,3751.0006,3549.3341,3171.6671,3468.6671,3234.0003,3219.3338,4004.0003,4697.0004,5045.3341,5074.6674,4664.0006,3347.6671,3212.0006,2878.3336,1664.6671,77916.6768
2180,2023-12-21,242.0,253.0,238.3332,245.6672,1125.6672,4451.334,5742.0012,5258.0012,5426.668,3725.334,3226.6672,3490.6672,3417.334,3179.0012,3263.334,3989.334,4653.0012,4983.0012,5019.6672,4488.0012,4062.6672,3303.6672,2563.0,1741.6672,78089.016
2181,2023-12-22,256.6669,208.9999,205.3332,208.9999,913.0004,1994.6668,2192.6668,5166.3339,4818.0006,3784.0004,3545.6668,3149.6668,3377.0006,3256.0006,3142.3335,3982.0005,4554.0005,4913.3339,4983.0006,4407.334,4070.0003,3351.3338,2757.3335,2284.3335,71522.0077
2182,2023-12-23,1400.6671,205.3332,205.3332,208.9999,1096.3336,4216.6671,5221.3341,3135.0005,4407.3338,3094.6671,3454.0003,4396.3339,4462.3339,5027.0006,5019.6674,5243.3336,4950.0006,4953.6673,5067.3344,4792.3339,4169.0003,2999.3338,2346.667,2284.3336,82357.0102
2183,2023-12-24,1265.0,190.6672,190.6672,190.6672,616.0,1840.6672,2541.0,2537.334,2563.0,2621.6672,2427.334,2324.6672,2273.334,2427.334,2376.0,2398.0,2423.6672,2629.0,2625.334,2709.6672,2981.0,2137.6672,330.0,190.6672,44810.342
2184,2023-12-25,190.6672,179.6668,179.6668,187.0004,590.3336,1705.0001,2284.3337,2233.0005,2295.3338,2086.3335,2196.3338,2394.3338,2665.6668,2548.3338,2581.3336,2544.6673,2555.6671,2654.667,2537.3339,2816.0001,2647.3338,2350.3336,2119.3338,300.6668,44843.3416
2185,2023-12-26,223.6668,231.0001,198.0004,194.3337,1019.3336,4730.0003,5302.0006,5005.0004,4744.6671,3171.6671,3600.6671,3314.667,3292.6673,3234.0003,3201.0003,4796.0003,5082.0003,5386.3344,5463.3339,4623.6671,3791.3338,3146.0003,2698.6673,1686.6668,78136.6763
2186,2023-12-27,227.3336,220.0,220.0,212.6666,938.6669,4906.0006,5210.3342,5371.6673,5265.3338,3875.6671,2933.3335,2229.3338,2262.3338,3182.6671,2915.0003,3776.6671,3578.6668,4103.0003,4444.0003,3846.3338,3494.3336,3157.0005,2522.6671,1540.0001,70433.0082
2187,2023-12-28,238.3332,238.3332,242.0,216.3332,1092.6672,4847.334,5107.6672,5580.6672,4964.6672,3567.6672,3362.334,3047.0,3212.0,3080.0,3160.6672,4293.6672,5452.334,5375.334,5298.334,4356.0012,3820.6672,3263.334,2728.0,1536.334,78081.6764
2188,2023-12-29,260.3333,190.6669,198.0004,216.3333,1111.0002,4656.6673,5584.3341,5195.6673,4788.6674,3996.667,3087.3338,3186.3335,3318.3338,3230.3338,3204.6673,4590.6673,5283.6671,5210.3341,5151.6676,4873.0006,3806.0006,3399.0005,2915.0003,1584.0002,79038.6777
2189,2023-12-30,223.6667,183.3333,176.0,194.3336,1155.0002,4051.6672,4722.6673,4741.0006,4612.6671,3553.0006,3120.3336,3930.6671,4891.3339,4253.3339,3883.0,4238.6673,3934.3338,3817.0008,3776.6672,3149.6671,3160.6668,2962.6668,2662.0003,1547.3336,72941.0088
2190,2023-12-31,201.6667,205.3332,205.3332,190.6666,458.3334,1598.6668,2214.6671,2115.6673,2196.3338,2097.334,2137.6671,2211.0003,2552.0003,2471.3339,2533.6669,2702.3338,2772.0003,2907.667,2926.0003,2845.3336,2585.0003,2225.6673,319.0004,190.6672,42863.3408
2191,2024-01-01,190.6672,179.6672,183.3332,183.3332,465.6672,1617.0,2108.334,2115.6672,2104.6672,2060.6672,2016.6672,2372.334,2775.6672,2724.334,2662.0,2801.334,2812.334,2775.6672,2951.6672,2541.0,2427.334,2251.334,1983.6672,297.0,44601.3436
2192,2024-01-02,220.0,216.3332,198.0,194.3332,1085.3332,4704.334,5096.668,5159.0012,4726.334,3505.334,3494.334,3010.334,3212.0,3061.6672,3047.0,4422.0012,5151.6672,5188.334,5115.0012,4290.0012,3659.334,3314.6672,2621.6672,1569.334,76263.0132
2193,2024-01-03,220.0,220.0,220.0,216.3333,1169.6669,4928.0005,5159.0006,5283.6676,4590.6671,3912.3338,3267.0006,3336.6671,3186.3336,3179.0004,3135.0003,4315.6671,5071.0006,5228.6674,5379.0003,4418.3338,3941.6671,3369.667,2658.3338,1646.3338,78052.3427
2194,2024-01-04,208.9999,212.6666,205.3332,205.3332,1096.3336,4781.3341,4920.6671,5192.0003,4865.6671,3582.3339,3135.0003,2922.3336,3230.3338,2988.3336,2977.3338,4466.0006,4928.0006,5294.6673,5247.0009,4935.3339,3468.6671,3597.0003,2460.3335,1829.6671,76750.6754
2195,2024-01-05,238.3334,242.0002,238.3337,208.9999,957.0003,4906.0006,5338.6674,5166.3341,4829.0005,3751.0006,3501.6671,3120.3338,3256.0003,3179.0003,3072.667,4323.0,4840.0006,5111.3338,4979.3339,4202.0003,3622.6672,3311.0003,2687.6671,1661.0006,76743.343
2196,2024-01-06,220.0,220.0,220.0,234.6668,1158.6666,3890.3338,4689.6674,4744.667,4436.6671,3597.0005,3036.0006,3153.3339,4018.6671,4638.3341,4913.3339,4781.3339,4887.6673,4297.3336,4741.0006,3809.6668,3846.3338,3373.3338,2779.3338,1837.0003,77524.3427
2197,2024-01-07,293.3334,242.0002,238.3337,223.6666,586.6666,1818.6666,2772.0004,2801.3336,2885.6671,2717.0004,2592.3336,2456.6671,2361.3336,2427.3336,2522.6673,2640.0004,2522.6668,2563.0,2577.6671,2669.3338,2669.3336,2357.6671,2057.0004,337.3334,47333.0064
2198,2024-01-08,205.3332,205.3332,205.3332,198.0002,546.3334,1796.667,2625.3335,2471.3338,2574.0,2489.667,2464.0006,2302.6673,2574.0003,2383.3338,2405.3338,2460.3336,2434.6671,2456.6671,2607.0003,2625.3338,2647.3337,2383.3336,1972.667,319.0001,45353.0066
2199,2024-01-09,205.3332,205.3332,205.3332,208.9999,1023.0004,4627.3339,6116.0009,5470.6671,4891.3338,3501.6671,3032.3335,3109.3338,3131.3339,3072.667,3003.0003,3622.667,4414.6673,4898.6671,4502.6674,4301.0006,3824.3335,2911.3339,2775.6669,1815.0001,74869.675
2200,2024-01-10,260.3336,216.3333,212.6666,231.0001,1026.6671,4550.3339,6009.6676,5481.6674,5441.3338,3450.3338,2944.3338,3036.0003,3120.3338,3102.0004,3065.3338,3945.3338,4638.3341,5096.6671,5074.6673,4510.0006,3747.3338,3124.0004,2764.6669,1584.0004,76633.3437
2201,2024-01-11,219.9999,201.6667,201.6667,201.6667,1070.6669,4385.3335,5188.3338,3952.667,2885.6671,4220.3338,3388.0004,3109.3338,3296.3338,3329.3336,3285.3338,4029.6671,4719.0004,5063.6673,5107.6674,4660.3338,3696.0006,3182.6671,2596.0003,1554.6668,73546.0083
2202,2024-01-12,289.6669,223.6668,220.0,223.6668,1100.0001,4546.6674,5577.0009,5503.6674,5166.3338,3534.6671,3047.0003,2849.0003,3113.0004,3116.6671,3135.0003,3941.667,4634.6671,4924.3342,4781.3341,4154.3338,3633.6671,3094.667,2801.3333,1767.3335,75379.3427
2203,2024-01-13,304.3332,278.6672,278.6672,264.0,1103.6672,3967.334,4939.0012,4869.334,4513.6672,3641.0,3113.0,3157.0,3894.0012,4957.334,4913.334,4836.334,4880.334,4829.0012,4697.0012,4568.6672,3886.6672,2988.334,2636.334,1778.334,79295.3472
2204,2024-01-14,231.0,212.6672,212.6672,205.3332,605.0,1925.0,2618.0,2431.0,2504.334,2383.334,2409.0,2409.0,2343.0,2379.6672,2368.6672,2361.334,2434.6672,2423.6672,2530.0,2596.0,2900.334,2449.334,1950.6672,311.6672,45195.3408
2205,2024-01-15,190.6672,205.3332,194.3337,198.0002,1081.6669,4411.0003,5650.3341,5646.6674,5049.0006,3663.0006,3164.334,2962.6671,2992.0003,3047.0006,2970.0006,3798.6668,4634.667,4136.0006,4689.6672,4345.0003,3648.3339,3344.0005,2709.6671,1584.0001,74316.0103
2206,2024-01-16,205.3332,205.3332,205.3332,175.9999,7.3336,3677.6672,5800.6677,5690.6674,5148.0003,3355.0003,3032.3338,3050.6668,3021.3338,3069.0005,3098.3339,3710.667,4253.3338,4752.0006,4950.0006,4216.6671,3483.3338,3006.6671,2522.6673,1554.6671,72193.0092
2207,2024-01-17,220.0002,161.3332,175.9999,205.3332,1133.0003,4660.3341,5709.0006,5701.6674,5324.0006,3677.667,3171.667,3036.0005,3032.3338,3186.3338,3164.3338,3967.3336,4594.3338,5107.6677,4968.3336,4623.667,3967.3341,3219.3336,2544.6672,1734.3338,77286.0098
2208,2024-01-18,267.6668,216.3333,205.3334,190.6669,1063.3333,4301.0003,5786.0006,5544.0004,5265.3336,3699.6672,3549.3338,3109.3336,3157.0004,3267.0004,3300.0004,3388.0003,4572.3338,5027.0003,5030.6674,4304.6671,3457.6671,2882.0005,2592.3338,1815.0003,75991.675
2209,2024-01-19,190.6669,194.3337,190.6672,194.3337,1147.6668,4392.6671,5665.0006,5690.6671,4979.334,3597.0006,3201.0003,2977.3338,3065.3335,2933.3339,3127.6673,3886.6671,4517.3339,4730.0004,4994.0006,4147.0005,3505.3336,3028.6668,2607.0006,1712.3337,74675.3437
2210,2024-01-20,216.3332,205.3332,205.3332,205.3332,454.6672,1569.334,2497.0,4653.0012,3835.334,3219.334,3014.0,3171.6672,3938.0,4642.0012,4609.0,4972.0012,4612.6672,4425.6672,4484.334,4425.6672,3894.0012,3054.334,2599.6672,1697.6672,70601.678
2211,2024-01-21,216.3332,205.3332,205.3332,190.6672,564.6672,1734.334,2629.0,2449.334,2508.0,2618.0,2387.0,2247.6672,2130.334,2192.6672,2497.0,2372.334,2365.0,2211.0,2236.6672,2354.0,2548.334,2339.334,1525.334,249.3332,42977.0068
2212,2024-01-22,212.6672,212.6672,190.6672,326.3332,2134.0,4975.6672,5881.334,5529.334,4766.6672,3582.334,3032.334,2966.334,3116.6672,3014.0,3358.6672,4158.0012,4660.334,5038.0012,4752.0012,3655.6672,3021.334,2783.0,2592.334,854.3332,74814.6796
2213,2024-01-23,201.6672,201.6672,220.0,330.0,2192.6672,4964.6672,5855.6672,5767.668,4341.334,3703.334,3168.0,2981.0,2999.334,3223.0012,3252.334,3967.334,4884.0012,4964.6672,4147.0012,3901.334,3373.334,2904.0,2537.334,814.0,74895.3468
2214,2024-01-24,205.3332,198.0,190.6672,242.0,2412.6672,5016.0012,5910.6672,5485.334,4275.334,3666.6672,3219.334,3028.6672,3153.334,3347.6672,3230.334,4139.6672,4653.0012,5093.0,4730.0,3817.0012,3138.6672,2889.334,2368.6672,894.6672,75306.0128
2215,2024-01-25,260.3333,264.0,264.0,286.0002,2222.0006,5063.6674,5195.667,5456.0006,3802.3338,3028.6671,2893.0004,3215.667,3065.3336,3322.0003,3006.6672,4000.3338,4499.0006,4986.667,4675.0003,4018.6671,3681.3338,2900.3336,2588.6671,989.9999,73685.3417
2216,2024-01-26,260.3332,252.9999,245.6668,296.9999,2280.6671,4176.3338,5434.0006,5588.0004,4033.3341,3215.6668,3446.6671,3208.3338,3153.3336,2955.3338,3380.6673,4187.3335,4583.3338,4983.0005,4964.6671,3747.3339,3314.6671,2867.3336,2599.6668,938.6666,74114.3411
2217,2024-01-27,245.6667,234.6666,216.3333,293.3336,2335.6669,4095.6671,4836.3338,4708.0005,3875.6673,3017.6671,2995.6668,3373.3339,4411.0006,4634.6671,4579.6674,4396.3338,4642.0006,4847.3341,4550.3338,4312.0006,3281.6671,2805.0003,2321.0004,894.6669,75903.6763
2218,2024-01-28,183.3336,190.6672,190.6672,190.6672,755.3334,2533.6671,2651.0004,2585.0006,2445.6669,2357.6668,2317.3335,2167.0003,2218.3339,2218.3335,2207.3338,2211.0004,2207.3338,2258.6671,2306.3338,2489.667,2669.3338,2145.0001,1375.0003,220.0001,43094.3418
2219,2024-01-29,220.0,253.0004,209.0002,308.0001,2152.3336,4961.0006,5738.3341,5569.6674,4605.3336,3087.3336,3014.0005,2973.6671,2904.0006,2882.0004,3142.3338,4081.0003,4539.3339,4847.3341,4766.6674,3795.0003,3615.3338,2889.3338,2533.6673,880.0004,73967.6773
2220,2024-01-30,227.3337,190.6672,190.6672,242.0004,2225.6671,4825.3335,5632.0004,5577.0006,4594.3339,3138.6668,2944.3338,3142.3336,3168.0004,3127.6671,3146.0003,4183.6671,4609.0006,5045.3338,4990.3338,3817.0003,3289.0003,2929.6668,2592.3336,880.0001,74708.3424
2221,2024-01-31,223.6668,223.6668,220.0,267.6669,2255.0003,4726.334,6119.6673,5298.3339,4227.667,3347.6671,3124.0003,3072.6671,3160.6671,3168.0004,3336.667,4103.0003,4535.667,4715.3338,4491.6673,4183.6673,3428.3336,2856.3335,2614.3339,872.6667,74572.6754
2222,2024-02-01,249.3332,249.3332,249.3332,245.6672,2453.0,4898.6672,5716.334,5360.6672,4656.6672,3633.6672,3292.6672,3014.0,2889.334,2977.334,2940.6672,3850.0,4550.334,5140.6672,4744.6672,3897.6672,3245.0,2823.334,2438.334,1085.3332,74602.0088
2223,2024-02-02,245.6672,242.0,297.0,286.0,2251.334,4829.0012,5602.6672,5643.0012,4378.0012,3582.334,3036.0,3021.334,3190.0,3124.0012,3270.6672,4132.334,4609.0012,4961.0012,4799.6672,3758.334,3322.0,2797.6672,2291.6672,971.6672,74642.3476
2224,2024-02-03,267.6672,264.0,249.3332,256.6672,2185.334,4059.0012,4895.0012,4862.0012,4436.6672,3578.6672,3006.6672,3333.0,4374.334,4642.0012,4378.0012,4268.0012,4524.6672,4781.334,4484.334,4436.6672,3454.0012,2713.334,2313.6672,920.3332,76684.6824
2225,2024-02-04,264.0,256.6666,256.6666,238.3334,689.3336,2324.6669,2486.0003,2313.6673,2966.3338,3971.0003,3831.6671,3718.0005,3732.6671,3721.6673,3802.3338,3824.3339,3828.0004,3952.6671,4172.6668,4337.6673,4297.3339,3597.0003,2449.3338,744.3334,65776.3415
2226,2024-02-05,220.0004,187.0004,183.3336,286.0001,2181.6671,4942.6673,5767.6674,5800.6673,4627.3339,3358.6672,3245.0005,3197.3336,3080.0003,3153.3338,3204.667,4015.0005,4598.0006,4924.3339,4818.0006,4326.6668,3487.0006,2860.0003,2372.3336,865.3334,75702.0102
2227,2024-02-06,238.3337,234.6672,234.6672,227.3337,2009.3334,5203.0005,5738.3341,5727.3342,4957.3339,3333.0006,3061.6668,3102.0005,2940.6671,3670.3338,3369.6671,4290.0003,4513.6668,5038.0009,4909.6671,3934.3336,3285.3338,2702.3339,2449.3336,1026.6668,76197.0106
2228,2024-02-07,282.3337,282.3337,234.6672,234.6667,2174.3336,4851.0005,5811.6676,5419.3339,4917.0005,3113.0005,3241.3339,3351.3338,3450.3338,3193.6671,3523.667,4202.0003,4799.6671,5192.0005,5151.6672,4007.6673,3380.667,2995.6673,2478.6671,1004.6671,77293.3444
2229,2024-02-08,249.3332,238.3332,238.3332,322.6672,2390.6672,4748.334,5551.334,5371.668,4726.334,3692.334,3120.334,3168.0,3446.6672,3032.334,3329.334,4143.334,4788.6672,5078.334,4689.6672,3538.334,3190.0,2933.334,2482.334,858.0,75328.0116
2230,2024-02-09,238.3337,227.3334,205.3332,274.9999,2218.3338,5082.0006,5811.6676,5551.334,4983.0006,3347.6671,3329.3336,3157.0003,3274.3338,3175.3339,3296.3338,4414.6671,4627.3338,5401.0008,4788.6674,3890.3341,3355.0003,2915.0003,2519.0001,839.6669,76923.0101
2231,2024-02-10,194.3337,198.0002,194.3337,234.6666,2156.0003,4271.6671,4909.6676,4766.6674,4154.334,3311.0003,3003.0004,3406.3338,4576.0003,5148.0006,4961.0007,4803.334,4891.3338,4722.6671,4488.0003,3993.0003,3289.0003,2955.334,2588.6668,993.6671,78210.0104
2232,2024-02-11,223.6672,220.0,212.6672,190.6672,652.6672,2288.0,2944.334,2577.6672,2464.0,2596.0,2566.6672,2339.334,2317.334,2335.6672,2277.0,2181.6672,2288.0,2365.0,2394.334,2431.0,2434.6672,2152.334,1459.334,209.0,44121.0088
2233,2024-02-12,205.3332,205.3332,205.3332,318.9999,2159.6671,5111.3339,5518.3341,5793.3339,4583.334,3597.0006,3109.3338,3025.0003,3116.6671,3021.3338,2350.3335,3534.667,4689.667,5195.6672,4656.6673,3831.6671,3274.3338,3032.3336,2478.6673,1048.6669,74063.0088
2234,2024-02-13,245.6667,238.3337,231.0004,245.6666,2277.0003,5056.3338,5980.3341,5797.0006,4334.0006,3619.0005,3215.6668,3043.3338,3182.6668,3157.0003,3248.6671,4330.3338,4983.0008,5459.6673,4796.0006,3886.667,3307.3338,3054.3338,2464.0003,938.6669,77091.6764
2235,2024-02-14,223.6668,231.0001,212.6666,293.3336,2240.3336,5016.0006,5302.0003,5657.6674,4462.3339,3406.3339,3014.0003,3149.6671,3248.667,3105.667,3307.3338,4315.6671,4700.6673,5181.0003,4935.3338,4033.3335,3710.6671,3072.6671,2636.3336,975.3337,76431.6755
2236,2024-02-15,223.6668,234.6669,245.6667,414.3334,2266.0003,5324.0008,6156.3339,6061.0009,4517.3341,3545.667,3311.0006,3215.667,3201.0003,3300.0003,3307.3338,4403.6673,4726.3339,5030.6673,4704.334,3923.3339,3468.6668,3050.6671,2658.3338,964.3333,78254.0102
2237,2024-02-16,231.0004,234.6672,238.3337,388.6672,2262.3336,5305.6674,5899.6674,5551.3341,4675.0005,3322.0004,3050.6668,2962.6671,3124.0003,3149.667,3410.0006,4077.3339,5115.0009,4843.6673,5177.3339,4224.0005,3329.3338,2988.334,2585.0006,960.6669,77106.3455
2238,2024-02-17,227.3336,227.3336,234.6672,256.6669,2324.6669,4180.0006,4950.0004,4755.6673,4176.3338,3476.0004,3171.6673,3380.667,4444.0006,4924.3338,4678.667,4711.667,4950.0007,3718.0006,3399.0003,3003.0003,2607.0004,2574.0003,2346.6673,1026.6669,73744.0102
2239,2024-02-18,253.0001,231.0004,231.0004,227.3336,685.6667,2530.0004,2632.6671,2526.3339,2552.0004,2629.0003,2489.6668,2651.0003,2398.0003,2354.0003,2761.0006,2464.0001,2552.0003,2442.0005,2698.667,2647.3337,2790.3335,2266.0003,1477.6671,267.6668,46757.3409
2240,2024-02-19,267.6672,267.6672,249.3332,370.3332,2112.0,4990.334,6229.6672,5624.668,4884.0012,3377.0,3186.334,3087.334,3014.0,3083.6672,3127.6672,4198.334,4730.0012,5016.0012,4821.6672,4077.334,3622.6672,3047.0,2486.0,1140.334,77011.0124
2241,2024-02-20,253.0,245.6672,238.3332,271.3332,2299.0,5199.334,5291.0012,6075.6672,4477.0012,3615.334,3531.0012,3120.334,3160.6672,3065.334,3336.6672,4202.0,4700.6672,5126.0012,5115.0012,4352.334,3894.0012,3160.6672,2570.334,854.3332,78155.014
2242,2024-02-21,256.6672,238.3332,245.6672,300.6672,2376.0,5287.334,5822.6672,3681.334,5232.334,3813.334,3399.0,3527.334,3369.6672,3366.0,3307.334,4447.6672,4891.334,5467.0012,4946.334,4128.6672,3237.6672,3245.0,2581.334,949.6672,78118.3452
2243,2024-02-22,252.9999,242.0002,238.3337,297.0004,2343.0004,5008.6673,5819.0009,5786.0007,4858.3341,3890.3336,3333.0003,3219.3336,3292.6668,3318.3338,3490.6671,4330.3336,5082.0006,5082.0006,4891.3338,4007.6671,3432.0003,3215.6668,2548.3336,960.6669,78939.6761
2244,2024-02-23,260.3333,256.6666,238.3337,267.6666,2357.6668,5100.3341,5980.3341,5753.0006,4689.6673,3164.3338,3314.6671,3274.3339,3245.0006,3263.3339,3406.3339,4095.6673,5140.6671,5302.0006,4759.3341,4290.0003,3153.3336,3197.3338,2486.0004,865.3336,77861.6771
2245,2024-02-24,234.6669,220.0001,205.3332,253.0001,1661.0004,4627.3335,4858.3339,4766.6673,4444.0003,3593.3338,3241.3338,3461.3336,4440.3336,4700.6673,4873.0003,4711.6671,4741.0006,4011.3338,3344.0003,3435.6668,3549.3338,2882.0005,2511.6669,953.3336,75720.3415
2246,2024-02-25,223.6668,231.0004,234.6672,194.3337,656.3336,2559.3338,2643.6669,2588.6668,2625.3336,2863.6671,2508.0003,2500.6671,2335.6671,2328.3335,2434.6668,2390.6671,2357.667,2398.0003,2559.3339,2475.0004,2592.3335,2097.3338,1408.0002,278.6672,45485.0081
2247,2024-02-26,278.6672,275.0004,271.3336,377.6668,2101.0001,5122.3336,5767.6677,5709.0007,4766.6671,3542.0006,3340.3338,3369.6671,3292.6671,3311.0,3417.3338,4297.3338,4818.0003,4697.0006,4946.3336,3861.0,3450.3335,3314.6671,2621.6668,806.6669,77755.3422
2248,2024-02-27,264.0,260.3333,264.0,234.6666,2280.667,5133.3339,6086.6677,5771.3338,4601.6674,3710.667,3208.3336,3179.0003,3285.3338,3215.6671,3325.667,4389.0003,4909.6673,5261.6673,5137.0006,4279.0003,3538.3336,3237.6668,2632.6673,971.6669,79178.0089
2249,2024-02-28,275.0004,271.3336,264.0,267.6669,2489.6669,5225.0006,4271.6674,5591.6671,4594.3338,3608.0006,3406.3338,3120.3338,3164.3336,3146.0003,3241.3338,4235.0003,5093.0006,5272.6674,4906.0006,4081.0005,3710.6673,3234.0004,2790.3333,920.3336,77179.6766
2250,2024-02-29,220.0,223.6672,253.0,282.3332,2354.0,5151.6672,5885.0012,5371.6672,4433.0012,3615.334,3318.334,3248.6672,3259.6672,3259.6672,3267.0,4220.334,4847.334,4994.0012,5115.0012,4392.6672,3747.334,3087.334,2599.6672,909.3332,78056.0128
2251,2024-03-01,267.6672,271.3332,278.6672,308.0,2401.6672,5111.334,5815.334,5786.0012,4785.0012,3303.6672,3278.0,3124.0,3149.6672,3292.6672,3289.0,4242.334,4792.334,5272.6672,4807.0012,3824.334,3710.6672,3069.0,2533.6672,1026.6672,77740.6788
2252,2024-03-02,293.3332,293.3332,286.0,300.6672,2306.334,4345.0012,5067.334,4297.334,4315.6672,3157.0012,3120.334,3303.6672,4304.6672,4898.6672,4722.6672,4964.6672,4781.334,3608.0012,3149.6672,3014.0,3047.0,2970.0,2460.334,1004.6672,74011.6788
2253,2024-03-03,322.6672,322.6672,260.3332,227.3332,689.3332,2720.6672,2885.6672,2709.6672,2834.334,3025.0,2610.6672,2588.6672,2354.0,2453.0,2511.6672,2346.6672,2357.6672,2445.6672,2570.334,2625.334,2739.0,2240.334,1430.0,264.0,47534.6748
2254,2024-03-04,304.3333,296.9999,293.3332,260.3336,2354.0003,4898.6674,6028.0006,5731.0006,4260.6673,3553.0003,2944.3338,3043.3338,3193.6668,3237.6671,3314.667,4257.0005,4653.0003,5393.667,4950.0004,4022.3338,3516.3335,2933.3335,2500.6669,894.6668,76835.0077
2255,2024-03-05,286.0004,271.3336,245.6669,319.0001,2126.6668,4854.6674,5903.3339,5426.6673,4873.0004,4092.0003,3465.0003,3212.0003,3094.6668,3391.6671,3406.3338,4286.3338,4920.6676,5276.3338,5067.3341,4275.3338,3729.0007,3058.0003,2691.3336,905.6669,79178.01
2256,2024-03-06,234.6668,223.6668,234.6669,300.6669,2310.0003,5155.3342,6042.6674,5764.0008,4851.0008,4022.3338,3560.3339,3054.3335,3281.667,3135.0004,3351.3336,4367.0005,4755.6673,5170.0005,4656.667,4220.3341,3138.6673,3131.3335,2420.0004,949.6671,78331.0108
2257,2024-03-07,264.0001,264.0,267.6668,308.0001,2361.3338,5052.6673,6035.3339,5881.3344,4990.3341,4062.6671,3380.667,3274.334,3193.6671,3135.0006,3241.3339,4330.3338,4880.3339,5243.3338,4807.0004,3989.3335,3630.0005,3021.3339,2577.667,997.3336,79189.0106
2258,2024-03-08,249.3332,242.0002,256.6666,260.3334,2416.3339,5177.3339,5445.0006,5976.6674,4576.0003,3325.667,3241.3335,3234.0003,3230.3339,3245.0003,3340.3338,3765.6673,4972.0004,4986.6671,5199.3341,4029.6673,3333.0006,3252.3335,2713.3338,891.0004,77359.3428
2259,2024-03-09,256.6667,245.6667,238.3337,352.0002,2174.3339,4231.3341,4968.3339,4814.3341,4374.3341,3329.3341,3105.667,3226.6668,4389.0005,3377.0003,2577.6671,4077.3338,4521.0003,3721.667,3424.6673,3472.3335,3597.0003,3311.0004,2464.0003,858.0001,71107.6762
2260,2024-03-10,249.3332,249.3332,245.6667,260.3332,689.3336,2570.3335,2926.0003,2577.6671,2698.6671,2768.3339,2629.0006,2405.3338,2365.0003,2456.667,2570.3339,2603.3338,2603.3339,2522.6671,2684.0003,2750.0004,2959.0003,2255.0004,1389.6671,260.3333,47688.674
2261,2024-03-11,264.0,256.6666,245.6668,278.6669,2368.6671,5192.0006,5852.0006,5987.6674,4506.3339,3369.6671,3047.0003,3076.3336,3149.6671,3160.6671,3300.0003,4198.3336,4902.3339,5104.0005,4997.6673,4183.6671,3648.3336,2988.3336,2548.3335,927.6669,77553.6754
2262,2024-03-12,190.6672,190.6668,223.6668,337.3333,2200.0004,5203.0009,5775.0008,5793.3339,4785.0006,3875.6673,3193.6671,3193.6668,3314.6668,3285.3339,3421.0006,4293.6668,4961.0006,5294.6672,5170.0004,4029.667,3791.3338,3157.0,2713.3338,876.3337,79269.6765
2263,2024-03-13,234.6672,238.3337,234.6672,271.3337,2357.6669,5203.0003,6002.3341,5826.3341,4748.334,3710.6668,3113.0004,3179.0006,3322.0003,3292.6671,3377.0003,4392.6671,4939.0006,5071.0006,5243.334,4396.3339,3571.3336,3021.3338,2654.6671,946.0001,79346.6775
2264,2024-03-14,264.0,252.9999,264.0,381.3334,2368.6668,5122.3338,6090.3342,6273.6674,4737.3339,3395.3338,3483.3335,2999.3339,3102.0003,3091.0005,3322.0003,4370.6671,4777.6673,5192.0005,4799.6671,3923.3341,3362.3339,2977.3338,2599.667,971.6671,78122.0096
2265,2024-03-15,293.3332,286.0002,293.3334,355.6668,2255.0003,4521.0,5078.3338,5562.3341,4645.667,3644.6673,3204.6668,3105.6673,3230.3338,3391.667,3351.3338,4488.0006,4909.6671,4994.0004,5188.3339,3875.667,3487.0006,2984.6671,2467.6669,1276.0003,76890.0087
2266,2024-03-16,212.6668,179.6668,205.3333,568.3336,2222.0004,4238.667,5060.0007,4968.3341,4418.3338,3443.0005,3171.6671,3435.6671,4455.0003,4884.0006,5188.3341,4836.3341,4858.3338,3740.0005,3674.0003,3516.3338,3509.0006,2948.0006,2511.6671,960.6671,77205.3441
2267,2024-03-17,154.0002,146.6672,150.3337,190.6669,770.0001,2577.6671,2753.6671,2570.3338,2878.3338,2926.0003,2658.3336,2456.6671,2442.0006,2504.3336,2456.667,2434.6669,2489.667,2442.0,2504.3337,2566.6672,2640.0003,2262.3336,1378.6669,220.0001,46574.0078
2268,2024-03-18,220.0,220.0,220.0,319.0001,2416.3336,5133.3343,5896.0008,5518.3341,4502.6671,3465.0003,3083.667,2867.3336,3113.0003,3223.0003,3641.0004,4370.667,4964.6673,5085.6674,5067.3339,4609.0003,4040.667,2918.6671,2698.6668,935.0003,78529.009
2269,2024-03-19,231.0004,227.3336,227.3336,315.3336,2178.0001,5137.0008,6094.0008,5951.0009,4902.3338,3600.6668,3157.0005,3058.0004,3098.3338,3285.3338,3274.3338,4249.6671,4799.6673,5298.3342,4917.0004,4524.667,3560.3338,3197.3338,2519.0003,920.3336,78723.3442
2270,2024-03-20,234.6672,220.0,227.3336,392.3336,2255.0004,5188.3339,6031.6676,4994.0009,5320.3336,3824.3336,3461.3338,3358.6671,3523.6671,3274.3339,3336.6671,4128.6673,5217.6673,4473.3336,4836.3338,4532.0003,3593.3339,3146.0006,2552.0003,850.6672,78972.6777
2271,2024-03-21,231.0004,234.6672,234.6672,267.6669,2229.3337,4843.6673,5881.3344,5738.3341,4521.0004,3699.6671,3153.3336,3285.3338,3149.6671,3182.6672,3410.0003,4235.0003,4711.6671,5155.3336,5016.0006,4359.6673,3626.3336,3003.0004,2588.6671,905.6669,77663.6776
2272,2024-03-22,256.6672,275.0,319.0,260.3332,2236.6672,4920.6672,5870.334,5580.668,4858.334,3905.0012,3182.6672,3017.6672,3215.6672,3270.6672,3399.0012,4447.6672,4821.6672,5052.6672,5283.6672,4414.6672,3611.6672,3076.334,2812.334,1015.6672,79104.6804
2273,2024-03-23,304.3332,297.0,297.0,271.3332,2335.6672,4158.0,4887.668,4840.0012,4092.0012,3413.6672,3285.334,3428.334,4546.6672,4950.0012,4942.6672,4719.0,4469.6672,4007.6672,3677.6672,3740.0,3509.0,2984.6672,2768.334,964.3332,76890.0108
2274,2024-03-24,205.3332,205.3332,205.3332,201.6667,773.6666,2779.3338,2981.0005,2372.3338,2552.0005,2691.3336,2522.6673,2390.6673,2394.3338,2449.3333,2368.6668,2343.0003,2405.3338,2544.6671,2405.3336,2526.3338,2654.667,2181.6669,1734.3334,242.0004,46130.3399
2275,2024-03-25,223.6668,220.0,220.0,223.6668,704.0001,2713.3336,2808.6671,2592.3339,2651.0006,2592.3336,2515.3336,2214.6671,2394.3338,2412.6672,2434.667,2350.3338,2467.6668,2383.3336,2511.667,2603.3338,2599.6668,2097.334,1558.3336,289.6667,45782.0073
2276,2024-03-26,286.0002,286.0002,282.3334,293.3337,2093.6669,5067.3338,5005.0006,4348.667,3894.0003,3417.3338,2977.3339,2984.6673,3113.0005,3017.6668,3248.6671,4231.3339,4224.0003,4766.6668,4389.0003,4521.0003,3307.3338,2922.3336,2537.3333,920.3336,72134.3414
2277,2024-03-27,293.3332,296.9999,289.6667,399.6669,2273.3339,4396.3339,4444.0006,4271.6673,3985.6671,3534.6671,3080.0003,3047.0005,3006.6671,3017.667,3212.0003,4172.6673,4345.0006,4546.6672,3586.0003,3556.6671,3289.0005,2669.3338,2526.3338,960.6669,69201.0093
2278,2024-03-28,234.6672,234.6672,234.6672,234.6672,649.0001,2662.0004,2874.6673,2805.0002,2706.0004,2878.3338,2519.0004,2354.0006,2299.0001,2266.0004,2280.667,2277.0003,2310.0003,2379.6671,2504.3336,2651.0001,2783.0006,2156.0004,1437.3333,271.3334,46002.0086
2279,2024-03-29,267.6668,264.0,245.6668,216.3333,715.0001,2541.0006,2684.0004,2772.0005,2676.6673,2665.6671,2574.0006,2310.0004,2273.3336,2258.6671,2376.0003,2321.0003,2321.0004,2640.0003,2544.6673,2530.0006,2629.0,2049.6673,1565.667,212.6666,45653.6747
2280,2024-03-30,238.3334,286.0001,234.6668,329.9999,2101.0003,3072.6673,3036.0003,2911.3335,3025.0,2977.3338,3171.6668,3347.6673,4290.0006,4535.6671,4128.6672,3501.6671,3527.3335,3516.3339,3259.667,3135.0003,2427.3338,2860.0004,2658.3338,979.0004,63550.6746
2281,2024-03-31,227.3336,220.0,227.3336,227.3336,667.3337,2449.3338,2625.3338,2592.3336,2742.6668,2797.6671,2519.0003,2218.3333,2236.6668,2306.3339,2438.3336,2361.3338,2434.667,2365.0004,2401.6671,2427.3338,2599.667,2181.6668,1466.6666,256.6668,44990.0068
2282,2024-04-01,231.0,216.3333,205.3332,267.6669,2225.6671,4931.6674,5958.3341,5602.6671,4766.6671,3454.0003,2933.3338,3039.6668,3061.667,3098.3339,3146.0006,4198.3338,4851.0006,5236.0007,5140.6674,4411.0006,3908.6668,2973.6671,2434.6671,839.6669,77132.0096
2283,2024-04-02,238.3337,234.6669,234.6672,300.6669,2148.6668,5346.0006,6013.3341,5665.0008,4579.6671,3707.0006,3109.3339,3017.6672,3054.3338,3058.0006,3307.3336,4216.6673,4546.6674,5063.6671,5052.6673,3824.3339,3168.0006,3006.6668,2640.0003,957.0002,76490.3447
2284,2024-04-03,190.6672,190.6672,201.6669,238.3334,2218.3333,5118.6674,6020.6676,5525.6673,5184.6671,3802.3338,3157.0004,3010.3335,3153.334,3017.6668,3263.3341,4297.3336,4840.0004,5236.0006,4986.6674,4007.667,3714.3338,3036.0003,2489.667,858.0004,77759.0105
2285,2024-04-04,249.3332,249.3332,249.3332,252.9999,2203.6668,5239.6674,5954.6673,5778.6676,4466.0006,3432.0006,3406.3335,3230.3336,3164.3338,3109.3336,3252.3338,4051.6673,4664.0004,5093.0009,4583.3336,3985.6671,3028.6671,3017.6671,2486.0005,854.3337,76002.6758
2286,2024-04-05,249.3332,249.3332,242.0002,300.6668,2273.3336,5038.0005,5877.6672,5426.6676,4763.0006,4055.3335,3461.3335,3237.6668,3113.0,3080.0003,3274.3338,4363.3336,4796.0005,5052.6671,5045.3341,4110.3336,3740.0003,2823.3338,2423.6671,883.6668,77880.0077
2287,2024-04-06,286.0002,282.3337,282.3337,256.6668,2236.6671,4315.6672,4854.6673,4546.6674,4268.0003,3472.3338,3344.0003,3424.667,4411.0005,4924.3341,4814.3338,3450.3338,4704.3338,3776.6671,3336.6673,3355.0003,2856.3336,2460.3336,2500.667,964.3336,73124.3433
2288,2024-04-07,227.3332,220.0,220.0,223.6672,652.6672,2629.0,2775.6672,2544.6672,2442.0,2504.334,2559.334,2361.334,2471.334,2541.0,2519.0,2530.0,2464.0,2669.334,2515.334,2526.334,2772.0,2233.0,1576.6672,205.3332,46383.3404
2289,2024-04-08,194.3332,190.6672,234.6672,282.3332,2255.0,5056.334,3872.0012,4469.6672,4363.334,3608.0012,3182.6672,3410.0012,3124.0,3058.0012,3175.334,4187.334,4843.6672,5349.6672,4997.6672,3784.0012,3443.0,2915.0,2621.6672,946.0,73564.346
2290,2024-04-09,220.0,220.0,220.0,370.3333,2258.6671,5104.0005,5610.0009,5958.3341,4733.6673,3531.0003,2841.6671,2959.0003,3083.6672,3234.0003,3391.6673,4352.3335,4763.0005,5170.0006,4909.6671,4139.6673,3674.0004,3160.6673,2577.6671,1041.3336,77524.3431
2291,2024-04-10,227.3336,234.6669,220.0,271.3333,2379.6672,5181.0003,6064.6673,5364.3338,4968.3339,3340.3339,3267.0004,3142.3335,3102.0003,3248.6672,3263.3338,4348.6671,4656.6673,5085.6674,4876.6673,3787.6668,3296.3338,3050.6668,2537.3338,1243.0001,77157.6758
2292,2024-04-11,249.3332,245.6667,234.6672,267.6669,2178.0004,5038.0006,5577.0009,5338.6674,4961.0009,3347.6671,3435.667,3193.667,3087.3336,3241.3339,3388.0006,4238.6673,4836.3339,4997.667,4942.6674,4147.0003,3534.6673,3032.3339,2680.3336,942.3333,77135.6774
2293,2024-04-12,289.6667,286.0002,278.6669,293.3334,2346.6669,4972.0006,6207.6674,5426.6676,4260.6671,3410.0003,3274.3338,2922.3339,3124.0005,3105.6671,3270.6671,4271.6668,4975.6673,5140.6674,4755.6671,4048.0006,3512.6668,3080.0003,2585.0006,946.0004,76783.6768
2294,2024-04-13,293.3332,293.3332,278.6669,308.0001,2390.6668,4106.6671,4983.0006,4851.0007,4334.0003,3362.3338,3182.6671,3428.334,4744.6673,4843.6674,4906.0006,4961.0009,4411.0004,4502.6674,3336.6668,3318.3339,3127.6671,2508.0003,2398.0003,865.3334,75735.0096
2295,2024-04-14,278.6672,282.3337,275.0004,260.3334,784.6669,2346.6671,2258.667,2137.6673,2075.3336,2101.0005,2387.0003,2456.6671,2394.3336,2390.6668,2508.0003,2475.0003,2574.0005,2669.3336,2658.3336,2555.6669,2394.3336,2020.3338,1309.0001,252.9999,43846.0075
2296,2024-04-15,249.3332,249.3332,249.3332,304.3332,2148.6672,5144.334,5855.6672,5111.334,4832.6672,3831.6672,3193.6672,3032.334,3021.334,2951.6672,3094.6672,4224.0012,4561.334,5195.6672,4979.334,4161.6672,3901.334,3127.6672,2632.6672,979.0,77033.0112
2297,2024-04-16,286.0,289.6672,293.3332,304.3332,2262.334,5063.6672,5661.334,5617.334,4535.6672,3769.334,3248.6672,2860.0,3043.334,3208.334,3193.6672,4092.0012,4572.334,5214.0012,5096.6672,4411.0012,3897.6672,2882.0,2460.334,997.3332,77260.3456
2298,2024-04-17,300.6672,300.6672,297.0,322.6672,2277.0,4909.6672,5866.668,6119.668,4590.6672,3648.334,3274.334,3058.0,3124.0,3157.0,3274.334,4213.0012,4741.0012,5283.6672,4975.6672,3509.0,3340.334,3058.0,2563.0,883.6672,77088.012
2299,2024-04-18,264.0,260.3333,264.0,293.3336,2266.0003,5082.0006,5811.6673,5756.6674,5140.6673,3501.6674,3270.6671,3043.3338,3157.0004,3212.0005,3439.3339,4506.3339,4037.0003,3846.3339,4763.0006,3769.3338,3490.667,2977.3339,2607.0006,828.6668,75588.3437
2300,2024-04-19,264.0,256.6666,256.6666,267.6666,2324.6671,4983.0003,5929.0009,5701.6674,5030.6674,3644.6671,3391.6673,2999.3338,2973.6671,2992.0003,3131.3338,4425.6671,4851.0005,5023.3338,4858.3341,4264.3338,3465.0003,2845.3335,2511.6671,817.6667,77209.0092
2301,2024-04-20,249.3332,249.3332,249.3332,282.3334,2196.3339,4407.3339,4458.6671,4656.6674,4066.3335,3369.6671,2984.6668,3479.6671,4125.0006,4656.667,4587.0003,4557.6673,4697.0003,4257.0003,3765.6671,3237.6671,2973.6673,2893.0003,2621.6671,832.3337,73854.0082
2302,2024-04-21,271.3336,275.0004,267.6668,238.3337,649.0001,2240.3336,2075.3336,2071.6668,2016.6668,2046.0003,2357.6673,2379.6669,2867.3336,3171.6671,2401.667,2544.6668,2522.6671,2574.0006,2588.6668,2577.6668,2409.0,2115.6673,1367.6669,227.3336,44256.6735
2303,2024-04-22,220.0,249.3334,234.6668,256.6666,2192.6669,4011.3338,4737.3338,5555.0012,4546.6673,3369.6668,2937.0003,3003.0006,2933.3339,3054.3339,3098.3335,4037.0006,4601.667,5155.3339,5144.334,4176.3336,3567.667,2992.0006,2445.6668,942.3334,73461.6757
2304,2024-04-23,293.3332,296.9999,293.3332,300.6669,2181.6669,4975.6671,5804.3339,5588.0003,4847.3339,3560.3339,3157.0003,3197.3339,3314.6673,3241.3338,3369.6673,4315.6671,4741.0006,5096.6671,5089.3342,4469.6673,3802.3338,3113.0003,2335.6673,942.3336,78327.3431
2305,2024-04-24,223.6672,227.3332,278.6672,322.6672,2189.0,4873.0012,5760.334,5448.6672,4898.6672,4004.0,3736.334,3212.0,3080.0,2992.0,3069.0,4176.334,4777.6672,5027.0012,4990.334,3835.334,3754.6672,3157.0,2456.6672,872.6672,77363.0104
2306,2024-04-25,132.0004,168.6672,256.6666,355.6669,2383.3336,5001.3338,5566.0006,5833.6674,4455.0006,3417.334,3204.6671,3010.3336,3065.3335,3003.0006,3087.3338,4220.3336,4689.6673,5357.0006,5023.3341,3839.0006,3762.0006,3054.3339,2416.3338,1617.0002,76919.3444
2307,2024-04-26,267.6668,264.0,322.6666,264.0002,2321.0004,5096.6671,5595.3338,5852.0005,4796.0006,3934.3338,3131.3335,3098.3336,3010.3338,2915.0003,3124.0004,4073.6671,4634.6671,4994.0007,4777.6671,4381.6671,3703.3336,3347.6671,2548.3334,847.0001,77300.6747
2308,2024-04-27,190.6672,187.0004,194.3332,285.9999,2185.3339,4209.3338,4414.6671,4546.6671,3897.6673,3410.0004,2867.3339,3369.6673,4165.3336,4700.667,4620.0003,4451.3338,4737.3341,4330.3338,3611.6672,3043.3335,2790.3338,2933.3338,2625.3338,861.6666,72629.3428
2309,2024-04-28,245.6667,245.6667,245.6667,198.0004,671.0002,2240.3335,2170.6671,1991.0003,2013.0004,1987.3334,2152.3336,2335.6673,2339.3338,2225.6671,2376.0003,2335.6673,2306.3336,2500.6671,2464.0006,2409.0003,2321.0003,2104.6671,1580.3337,245.6667,41704.6742
2310,2024-04-29,245.6672,238.3332,234.6672,322.6672,2196.334,4994.0012,5525.6672,5547.6672,4862.0012,3479.6672,3135.0,3127.6672,3072.6672,3043.334,3087.334,4165.334,4766.6672,5148.0012,4814.334,4572.334,3740.0012,3017.6672,2438.334,1030.3332,76805.6812
2311,2024-04-30,278.6672,278.6672,278.6672,348.3337,2163.3336,4986.6673,5720.0006,5423.0003,4972.0007,3446.667,3516.3335,3149.6671,3179.0003,2922.3336,3179.0006,4084.6674,4532.0003,4964.6671,4818.0007,4363.3338,3494.3336,3208.3338,2409.0005,861.6668,76578.3439
2312,2024-05-01,264.0,256.6666,260.3333,227.3333,751.6669,2379.6672,2152.3336,2159.6671,2086.3336,2031.3336,2449.3338,2420.0005,2335.6671,2431.0006,2405.3338,2442.0003,2585.0003,2530.0006,2541.0006,2519.0003,2372.3339,2057.0003,1496.0004,304.3334,43457.3411
2313,2024-05-02,308.0,308.0,293.3334,297.0001,2273.3336,5016.0009,5771.3341,5720.0006,4744.6671,3927.0003,3245.0006,3102.0004,3025.0006,2929.667,3113.0006,4011.3338,4528.3336,5133.3338,4891.3336,4125.0003,3754.6668,2995.6668,2475.0,1037.6668,77025.6748
2314,2024-05-03,282.3337,278.6672,286.0002,403.3334,2328.3336,5060.0006,5426.6673,5885.0006,4737.3338,3666.6668,3263.3338,3153.3338,3153.3339,3043.3338,3149.6671,4279.0003,4590.6673,5096.6671,4777.6671,4077.3336,3919.6671,2988.3338,2731.6668,880.0001,77458.3428
2315,2024-05-04,293.3332,293.3332,293.3332,304.3333,2134.0003,3637.3338,4330.3338,4642.0006,4022.3338,3472.3335,2933.3338,3171.6668,4092.0003,4532.0006,4601.6671,4528.3338,4517.3339,4191.0005,3703.3338,3241.3336,3054.3336,2944.3339,2662.0003,825.0001,72420.3408
2316,2024-05-05,267.6668,264.0,264.0,249.3336,784.6667,2291.6673,2240.3336,2101.0004,2057.0001,2090.0004,2332.0001,2354.0003,2354.0003,2412.6671,2475.0005,2394.3338,2511.667,2552.0003,2566.6668,2482.3336,2299.0006,2068.0003,1389.6669,220.0,43021.0065
2317,2024-05-06,227.3332,223.6672,220.0,278.6672,2240.334,4939.0012,5500.0012,5415.6672,4634.6672,3747.334,3373.334,3014.0,3102.0,2966.334,3120.334,4084.6672,4645.6672,5144.334,4832.6672,4385.334,3743.6672,2973.6672,2636.334,1008.3332,76457.3456
2318,2024-05-07,443.6672,399.6672,315.3332,359.3332,2137.6672,4810.6672,6427.668,5445.0012,4554.0012,3941.6672,3410.0,3160.6672,3245.0,3109.334,3285.334,4150.6672,4909.6672,5298.334,4873.0012,3908.6672,3692.334,3010.334,2577.6672,770.0,78235.68
2319,2024-05-08,234.6672,234.6672,245.6672,282.3332,2152.334,5016.0012,5976.6672,5118.6672,4711.6672,3861.0012,3215.6672,3047.0,3160.6672,3102.0012,3256.0012,3842.6672,4832.6672,5159.0012,4572.334,3916.0,3006.6672,2874.6672,2416.334,817.6672,75053.0148
2320,2024-05-09,242.0002,245.6667,242.0002,285.9999,2167.0001,4807.0004,5701.6673,5822.6671,4708.0005,3894.0005,3487.0006,3259.6672,3069.0003,2900.3339,3087.3338,3989.334,4466.0006,5107.667,4755.6671,4293.6671,3949.0003,3267.0006,2691.3338,887.3333,77326.3425
2321,2024-05-10,275.0004,278.6672,267.6668,293.3333,2449.3334,4928.0007,6028.0005,4924.3339,4997.6671,3817.0003,3754.667,3102.0003,3076.3336,3025.0004,3391.667,4297.3339,4733.6673,5129.6674,4825.3341,4488.0004,3817.0003,2988.3338,2544.6671,872.6669,78305.3431
2322,2024-05-11,271.3333,267.6668,278.6672,293.3333,2178.0006,3795.0006,4656.6673,4634.6673,4150.6672,3373.3338,2951.6671,3215.6671,4114.0006,4675.0005,4642.0006,4484.3335,4554.0005,4165.3338,3648.3336,3083.6671,2882.0003,2889.3337,2673.0006,986.3337,72864.0101
2323,2024-05-12,275.0004,275.0004,267.6668,234.6672,777.3333,2137.6669,2137.6671,1921.3336,2108.3338,2035.0006,2233.0006,2324.6671,2365.0003,2295.3335,2335.6671,2372.3339,2346.6668,2423.6668,2445.6669,2401.6671,2306.3338,2159.6671,1470.3336,238.3337,41888.0084
2324,2024-05-13,234.6672,234.6672,234.6672,234.6672,740.6668,2284.3335,2156.0004,2031.3335,1965.3336,2046.0003,2335.6669,2339.3338,2357.6673,2471.3336,2464.0004,2460.3338,2456.6668,2504.3337,2497.0004,2522.6671,2339.3335,2064.3336,1510.6668,293.3333,42779.0079
2325,2024-05-14,308.0,308.0,293.3333,282.3336,2240.3336,5038.0003,5533.0008,5940.0008,4616.3339,4066.3338,3344.0006,2995.6672,3032.3335,3120.3339,3267.0003,4220.3338,4807.0006,5316.6674,5221.3339,4451.3336,3652.0003,3010.334,2500.667,880.0004,78444.6766
2326,2024-05-15,275.0001,264.0,267.6668,315.3334,2134.0003,4748.3338,5397.3341,5408.3338,4796.0006,3971.0003,3443.0003,3556.6671,3058.0006,3204.6671,3058.0003,4095.6668,4532.0006,5170.0009,4792.3335,4216.667,3905.0006,3025.0003,2563.0004,799.3336,76996.3423
2327,2024-05-16,264.0,264.0,264.0,333.6672,2280.6672,5159.0012,5496.334,5833.6672,5056.334,3784.0,3575.0,3237.6672,3080.0,3083.6672,3237.6672,4121.334,4576.0012,5258.0012,4741.0012,4275.334,3589.6672,2944.334,2599.6672,887.3332,77942.3456
2328,2024-05-17,249.3332,249.3332,249.3332,286.0,2266.0,5173.668,5716.334,5738.334,4616.334,3611.6672,3204.6672,3017.6672,3157.0,3094.6672,3197.334,4121.334,4884.0012,5302.0012,4704.334,4161.6672,3531.0,3006.6672,2651.0,942.3332,77132.0104
2329,2024-05-18,264.0,216.3332,227.3332,275.0,2119.334,3817.0,4528.334,4719.0012,3842.6672,3501.6672,3017.6672,3204.6672,4202.0,4766.6672,4620.0012,4847.334,4616.334,4429.334,3714.334,3285.334,3175.334,2922.334,2596.0,795.6672,73703.678
2330,2024-05-19,220.0,220.0,220.0,220.0,656.3337,2214.6673,2068.0004,2013.0003,1925.0004,2079.0003,2346.6671,2357.6671,2361.3338,2306.3336,2339.334,2317.3336,2394.3337,2464.0006,2544.6671,2489.6668,2427.3336,2112.0005,1312.6668,205.3332,41814.6739
2331,2024-05-20,205.3332,205.3332,205.3332,271.3332,2200.0001,5034.3341,6182.0008,5672.3336,4708.0008,3736.3335,3208.3338,3102.0003,3025.0006,3039.6671,3171.667,4073.6673,4664.0006,5225.0006,4524.667,4623.6671,3432.0006,3032.3338,2412.6671,913.0002,76868.0088
2332,2024-05-21,231.0001,220.0,223.6668,289.6669,2211.0001,5012.3341,5247.0006,5588.0006,4579.6673,3670.3338,3179.0004,3047.0003,3468.667,3289.0003,3142.3338,4037.0003,4649.3338,5342.3336,4037.0003,4271.6671,3413.667,2959.0003,2537.3338,898.3334,75544.3417
2333,2024-05-22,293.3334,289.6667,282.3337,300.6669,2174.3336,5071.0003,4238.6674,5877.6673,4268.0006,3395.3338,3072.6668,3120.3336,3186.3338,2907.6671,3230.3338,4114.0003,4656.6668,5085.6674,4363.3338,3971.0006,3428.3335,3168.0006,2398.0006,836.0001,73729.3425
2334,2024-05-23,264.0,264.0,275.0,311.6672,2218.334,5071.0012,5694.334,4972.0012,4895.0012,3967.334,3131.334,2874.6672,2878.334,2926.0,3142.334,4040.6672,4550.334,5181.0012,4499.0012,4081.0,3916.0012,2988.334,2508.0,887.3332,75537.014
2335,2024-05-24,249.3332,249.3332,249.3332,282.3334,2251.3339,4946.3338,5863.0003,5467.0006,4843.6672,3688.667,3010.3335,3193.6668,2933.3336,3032.3339,3098.3338,4209.3336,4755.6673,5049.0007,5012.3339,4213.0004,3806.0003,3043.3338,2654.6671,1019.3336,77121.0081
2336,2024-05-25,231.0004,223.6668,227.3333,264.0002,1925.0001,3934.3338,4642.0006,4774.0008,4000.3338,3377.0003,2948.0004,3278.0006,4095.6673,4920.6671,4543.0,4832.6673,4869.3338,4297.334,3809.6673,3175.334,2970.0006,2845.3336,2577.667,843.3337,73604.6768
2337,2024-05-26,458.3334,649.0002,678.3334,733.3336,1694.0003,3835.3339,3699.6671,3608.0006,3714.3336,3725.3335,4099.3338,4132.3338,4073.6671,4209.3339,4414.6673,4246.0003,4253.3339,4260.6671,4407.3338,4246.0005,4037.0005,3820.6674,2746.3336,792.0004,76534.343
2338,2024-05-27,282.3334,308.0002,293.3333,278.6669,2192.6671,5122.334,5760.3342,5943.6676,4792.3338,3560.3335,3267.0003,3028.6671,3050.667,2977.3338,3212.0003,4169.0003,4565.0004,5137.0003,4972.0006,4396.3335,3883.0005,3054.3335,2643.6671,920.3337,77810.3424
2339,2024-05-28,234.6672,234.6672,234.6672,293.3337,2137.6668,5107.667,5767.6673,5639.3338,4796.0004,3740.0003,3626.3338,3175.3338,3098.3338,3127.6671,3237.667,4271.6672,4576.0004,4961.0003,4975.667,4011.3338,3934.3336,3193.6671,2486.0004,887.3336,77748.0098
2340,2024-05-29,256.6666,252.9999,245.6667,293.3336,2365.0001,4748.3336,4616.3338,5335.0009,4271.6673,3718.0006,3201.0004,3025.0003,2951.6671,2970.0005,3091.0003,4044.3338,4726.3341,4913.3339,5067.3339,4290.0003,3912.3338,3087.3339,2574.0006,887.3334,74844.0094
2341,2024-05-30,308.0,304.3332,293.3332,293.3332,2229.334,4986.6672,5610.0012,5511.0012,4667.6672,3868.334,3380.6672,3087.334,2992.0,2973.6672,3105.6672,4040.6672,4590.6672,5386.334,4862.0012,3787.6672,3758.334,3006.6672,2511.6672,942.3332,76497.6784
2342,2024-05-31,264.0,271.3336,271.3337,307.9999,2269.6669,4715.3338,5701.6674,5324.0009,5019.6671,3644.6671,3285.3336,3256.0006,3058.0003,3017.6671,3190.0006,3985.667,4814.3342,5232.3339,4865.6671,4323.0006,3791.3338,3021.3338,2511.6671,891.0002,77033.0103
2343,2024-06-01,278.6672,278.6672,278.6672,333.6666,2247.6669,3648.3339,4785.0007,5199.3338,3927.0007,3318.3338,2904.0004,3333.0005,4158.0006,4873.0009,4737.3341,4634.6673,4576.0003,4370.667,3593.3338,3285.3339,2937.0003,2926.0003,2640.0003,843.3334,74107.0111
2344,2024-06-02,692.9999,718.6666,707.6669,817.6669,1584.0003,3677.6671,3549.3336,3439.3338,3450.3338,3681.3338,4018.667,4059.0003,4209.3338,4308.3338,4381.6671,4436.6673,4290.0005,4282.6671,4455.0003,4249.6668,4172.6668,3736.334,2852.6671,744.3334,76516.008
2345,2024-06-03,33.0004,14.6672,14.6672,14.6672,14.6672,7.3336,0.0,0.0,0.0,0.0,11.0004,14.6672,14.6672,14.6672,14.6672,18.3337,14.6672,14.6672,14.6672,18.3337,14.6672,22.0002,14.6672,33.0004,333.676
2346,2024-06-04,245.6667,249.3334,253.0001,275.0002,2225.6671,5052.6673,5731.0008,5617.3339,5107.6674,3318.3335,3028.6673,3047.0003,3230.3335,3087.3338,3175.3338,4213.0006,4766.6671,4854.6674,4909.6671,4026.0003,3839.0003,3472.3338,2647.3336,1019.3335,77392.3428
2347,2024-06-05,289.6667,293.3334,289.6667,318.9999,2284.3339,4946.3336,5819.0009,5885.0006,4616.3338,3740.0004,3109.3335,3025.0003,3105.667,2984.6671,3190.0005,4249.6668,4649.3339,5302.0009,5082.0006,4224.0003,3791.3339,3127.6668,2632.6673,920.3334,77876.3422
2348,2024-06-06,256.6666,263.9999,308.0,315.3334,2174.3336,4825.3338,5463.3341,5558.6672,4524.6673,3648.3335,2955.3336,3201.0005,3193.6671,3102.0005,3234.0006,4202.0,4741.0006,5250.6674,5177.3341,4550.334,4044.3338,3105.6673,2420.0003,1067.0001,77583.0093
2349,2024-06-07,256.6668,260.3333,260.3333,315.3334,2434.6671,5239.6671,5863.0009,5778.6673,4660.3339,3927.0006,3168.0003,3105.667,3076.3339,3105.6671,3388.0006,4433.0006,4744.667,5063.6674,4840.0007,4132.3335,3743.6671,3072.667,2581.3336,1074.3334,78525.3429
2350,2024-06-08,249.3332,249.3332,249.3332,366.6667,2335.6669,4055.3338,4502.6671,4744.6671,3883.0005,3336.6672,3021.3336,3212.0003,4191.0006,4675.0003,4671.3338,4752.0006,4953.667,4370.6668,3633.6674,3197.3338,2944.3335,2742.6671,2548.3333,854.3336,73740.3406
2351,2024-06-09,264.0,264.0,253.0,223.6668,689.3334,2145.0006,2126.6673,1991.0001,1991.0001,2042.3338,2222.0004,2324.6671,2310.0004,2416.3338,2306.3336,2486.0006,2460.3336,2394.3338,2445.667,2390.6669,2328.3338,2038.6671,1411.6669,289.6669,41814.674
2352,2024-06-10,330.0,326.3332,260.3332,238.3332,781.0,2464.0,2258.6672,2060.6672,2079.0,2064.334,2288.0,2372.334,2376.0,2398.0,2460.334,2530.0,2530.0,2636.334,2519.0,2566.6672,2390.6672,1954.334,1430.0,264.0,43578.3384
2353,2024-06-11,264.0,264.0,260.3332,297.0,2306.334,4917.0012,5687.0012,5962.0012,4744.6672,3685.0012,3410.0012,3333.0,3281.6672,3190.0,3186.334,4037.0012,4572.334,5232.334,4887.6672,4143.334,3824.334,2819.6672,2541.0,905.6672,77751.6804
2354,2024-06-12,293.0,249.0,249.0,326.25,2273.25,5316.5,5573.5,5357.0,4847.5,3699.75,3417.25,3160.75,3102.0,3054.25,3300.0,4267.75,4664.0,4975.75,5067.25,4121.5,3806.0,2922.5,2489.5,861.75,77395.0
2355,2024-06-13,289.6672,275.0,275.0,407.0,2240.334,5093.0012,5998.6672,4297.334,5056.334,3817.0,3296.334,3006.6672,2959.0,3006.6672,3234.0012,4143.334,4715.334,4682.334,4935.334,4664.0012,3930.6672,3153.334,2537.334,931.3332,76945.0128
2356,2024-06-14,234.6672,234.6672,231.0004,286.0002,2251.3339,4807.0003,5679.6674,5606.3342,4587.0006,3985.6668,3157.0003,3065.3339,2900.3338,2951.6671,3054.3336,4183.6671,4620.0008,5038.0008,4825.3341,4290.0003,3809.667,2926.0005,2489.6671,909.3334,76123.678
2357,2024-06-15,249.3332,245.6667,245.6667,304.3334,1723.3336,4220.3338,4546.6671,4781.3339,3927.0006,3501.667,2933.3335,3358.6671,4187.3339,4730.0006,4601.6671,4675.0003,4623.6671,4392.6672,3776.6671,3146.0003,3003.0004,2823.3336,2548.3338,938.6666,73483.6746
2358,2024-06-16,264.0002,278.6672,275.0004,249.3337,792.0002,2101.0003,2196.3339,2104.6671,2097.3336,2042.3335,2240.3336,2445.6671,2291.6668,2533.6671,2434.6671,2398.0,2412.6671,2449.3335,2526.3336,2588.667,2409.0001,2071.6671,1558.3337,256.6666,43017.3405
2359,2024-06-17,249.3332,238.3337,242.0002,300.6666,2313.6668,5162.6674,5899.6671,5980.3341,4469.6673,3945.3335,3296.3336,3069.0003,3204.6671,3131.3336,3351.3339,4378.0005,4620.0008,5137.0007,4524.6671,4099.3338,3846.3335,3003.0006,2574.0006,891.0003,77927.6763
2360,2024-06-18,286.0004,278.6672,264.0001,300.6667,2467.6671,4979.3338,5804.3343,5610.0006,4737.3341,3853.6673,3373.3336,3208.3339,3072.667,3014.0006,3263.3338,4213.0004,4594.3338,5547.6674,4843.6671,4246.0006,3758.334,2900.3338,2577.6673,968.0004,78162.3453
2361,2024-06-19,267.6668,256.6666,249.3332,293.3337,2405.3338,5093.0005,5390.0008,5932.6673,4466.0003,3424.667,3542.0006,3267.0005,3138.6673,3135.0003,3270.6671,3611.667,4407.3338,4513.6671,4546.6671,4000.3338,3476.0005,2900.3339,2577.6671,905.6669,75071.343
2362,2024-06-20,286.0002,300.6666,304.3333,315.3334,2420.0,4979.3338,5701.6671,5364.3341,4862.0009,3560.3339,3465.0003,3311.0005,3292.667,3168.0005,3094.667,4260.6673,4590.6668,5085.6673,5030.6671,4293.667,3692.3338,3032.3338,2662.0003,861.6669,77935.0089
2363,2024-06-21,341.0,311.6672,308.0,322.6672,2475.0,5100.334,4477.0012,5841.0012,4491.6672,3817.0012,3259.6672,3234.0,3047.0,3091.0,3241.334,4154.334,4656.6672,4917.0012,4979.334,4510.0012,3597.0,2893.0,2599.6672,964.3332,76629.6784
2364,2024-06-22,267.6672,264.0,264.0,304.3332,2376.0,4315.6672,4678.6672,4741.0012,4004.0012,3487.0,2874.6672,3058.0,4139.6672,4722.6672,4656.6672,4693.334,4733.6672,4323.0012,3787.6672,3087.334,2907.6672,2746.334,2570.334,913.0,73916.3448
2365,2024-06-23,278.6672,278.6672,278.6672,278.6672,817.6672,2295.334,2119.334,2123.0,2042.334,2130.334,2302.6672,2453.0,2409.0,2475.0,2570.334,2526.334,2541.0,2599.6672,2581.334,2632.6672,2482.334,2024.0,1386.0,271.3332,43897.3428
2366,2024-06-24,260.3333,260.3333,256.6666,348.3334,2310.0004,5089.3339,5929.0006,5547.6672,4836.3339,3809.667,3197.3339,2962.667,3069.0003,3160.6671,3270.6671,4213.0003,4876.667,5170.0006,5008.667,4319.3335,3102.0003,2706.0001,2266.0003,935.0004,76904.6745
2367,2024-06-25,286.0002,267.6668,282.3334,297.0002,2255.0004,4931.667,5632.0006,5250.6673,4770.3341,4180.0003,3116.6672,2852.6668,3094.667,3076.3338,3399.0003,4191.0006,4719.0006,5258.0004,4781.3336,4356.0003,3395.3336,2904.0003,2185.3336,960.6669,76442.6753
2368,2024-06-26,260.3332,242.0002,260.3336,315.3336,2181.6671,4576.0005,5386.3338,5632.0006,5140.6673,3861.0006,3036.0003,2885.6671,3135.0003,3043.3338,3336.6668,4275.3338,4671.3336,5269.0009,4807.0006,4154.3339,3278.0004,2607.0003,2196.3336,931.3336,75482.0095
2369,2024-06-27,333.6669,359.3336,344.6668,322.6666,2262.3336,5027.0006,5624.667,5529.3338,4799.6673,3703.3336,2944.3337,2860.0004,2907.6668,2962.6668,3168.0003,4066.3339,4605.3341,5100.3341,4854.6671,4407.3336,3252.3336,2614.3336,2203.667,913.0003,75166.6751
2370,2024-06-28,286.0004,278.6672,271.3337,293.3337,2156.0004,4704.3338,5555.0006,5203.0003,4766.6671,3589.6673,3124.0006,2808.667,3087.3338,3080.0003,3421.0006,4132.3338,4682.3336,5144.3338,4594.3341,4330.3336,3102.0006,2871.0001,2332.0006,924.0001,74737.6771
2371,2024-06-29,308.0,308.0,308.0,304.3336,2200.0001,3912.3339,4568.6671,4700.6671,4070.0003,3454.0003,2962.6668,3193.6669,4293.6671,4726.3338,4623.6672,4539.3338,4594.3338,4253.3338,3666.6671,3160.6673,2896.6671,3021.3338,2607.0003,865.3334,73538.6746
2372,2024-06-30,308.0,308.0,297.0002,245.6669,759.0002,2368.667,2214.6671,2181.6673,2189.0003,2159.667,2324.6671,2420.0003,2416.334,2379.667,2460.3336,2387.0006,2511.6671,2471.3339,2515.3338,2423.6673,2346.6671,2093.6668,1532.6671,238.3337,43552.6754
2373,2024-07-01,234.6672,234.6672,234.6672,227.3332,762.6672,2365.0,2137.6672,2119.334,2027.6672,1998.334,2247.6672,2372.334,2346.6672,2365.0,2467.6672,2390.6672,2497.0,2453.0,2588.6672,2592.334,2379.6672,2130.334,1404.334,238.3332,42815.6768
2374,2024-07-02,227.3332,234.6672,227.3332,300.6672,2101.0,4627.334,6039.0012,5962.0012,4682.334,3831.6672,3043.334,2852.6672,3028.6672,3215.6672,3366.0,4253.334,4642.0,5430.334,4876.6672,4693.334,3153.334,2735.334,2295.334,1015.6672,76835.0124
2375,2024-07-03,308.0,308.0,308.0,319.0,2255.0,4821.6672,6031.6672,5940.0012,4697.0012,4227.6672,3267.0012,3032.334,3226.6672,3190.0,3391.6672,4183.6672,4609.0012,5313.0012,5144.334,4407.334,3182.6672,2603.334,2376.0,938.6672,78081.6796
2376,2024-07-04,293.3332,293.3332,293.3332,300.6669,2365.0001,4961.0003,5782.3339,5837.3342,4649.3338,4070.0005,3164.3336,2937.0003,3208.3338,3212.0003,3472.3336,4378.0003,4598.0005,5173.6674,5118.6671,4022.3338,3567.6671,2830.6668,2310.0004,909.3334,77748.0077
2377,2024-07-05,286.0002,282.3337,267.6668,278.6666,2178.0003,4711.6671,5665.0009,5676.0008,4708.0008,4000.3338,3168.0004,2834.3338,3047.0003,3087.3338,3333.0005,4209.3335,4748.3342,5001.3341,4708.0006,4462.3336,3171.667,2654.6671,2255.0003,1026.6667,75760.6769
2378,2024-07-06,275.0002,249.3332,249.3332,274.9999,2196.3336,4143.3338,4502.667,4565.0005,4022.3338,3362.3338,2860.0003,3215.6673,4224.0004,4781.3338,4928.0,4671.3338,4876.6676,4539.3339,3630.0004,3186.3338,2878.3336,2893.0004,2695.0006,839.6669,74059.3418
2379,2024-07-07,220.0,220.0,220.0,220.0,780.9999,2255.0004,2097.3335,2035.0003,1987.334,2027.6671,2284.3338,2328.3337,2332.0003,2464.0003,2383.3336,2266.0003,2361.3336,2416.3339,2464.0003,2460.3338,2357.6671,2068.0001,1404.3336,363.0002,42016.3398
2380,2024-07-08,352.0,352.0,311.6668,377.6668,2229.3334,4829.0006,5650.3341,5716.3338,4722.6671,4004.0003,3454.0006,2867.3338,3091.0006,3113.0003,3366.0006,4194.667,4609.0003,5379.0007,4829.0006,4125.0006,3325.6671,2709.6671,2233.0003,997.3336,76838.6761
2381,2024-07-09,234.6672,234.6672,234.6672,355.6669,2313.6668,4748.3336,4961.0006,6105.0008,4198.3338,3582.3339,3120.3338,2878.3336,3076.3336,3135.0003,3351.3338,4125.0006,4851.0006,5474.3338,5049.0006,4407.3338,3303.6671,2845.3336,2434.6673,1074.3336,76094.3441
2382,2024-07-10,300.6669,275.0004,275.0004,308.0002,2306.3337,4814.3339,4909.6671,6035.334,4590.6673,3593.3336,3369.6671,3032.3338,3215.6668,3256.0006,3417.334,4062.6671,4785.0005,5232.3338,4935.3341,4385.334,3490.6674,2390.6671,2313.6671,986.3336,76281.3445
2383,2024-07-11,267.6672,282.3332,293.3332,330.0,2141.334,4781.334,5595.334,5896.0012,4733.6672,4154.334,3406.334,3061.6672,3534.6672,3435.6672,3523.6672,4345.0012,4869.334,5115.0012,5067.334,4634.6672,3208.334,2735.334,2302.6672,1019.3332,78734.3468
2384,2024-07-12,275.0,267.6672,267.6672,330.0,2409.0,4858.334,5786.0012,6171.0012,4499.0012,4114.0,3248.6672,2973.6672,3039.6672,3028.6672,3373.334,4319.334,4928.0012,5287.334,5126.0012,4268.0012,3410.0,2515.334,2365.0,1125.6672,77986.3476
2385,2024-07-13,319.0,337.3332,337.3332,363.0,2357.6672,4260.6672,4653.0012,4788.6672,4220.334,3402.6672,2981.0,3509.0,4323.0012,4909.6672,4389.0,3758.334,3153.334,3428.334,3571.334,3135.0012,3006.6672,2878.334,2717.0,858.0,71657.6772
2386,2024-07-14,308.0,308.0,260.3333,252.9999,751.6666,2324.6673,2174.3338,2079.0004,2123.0004,2130.3335,2401.6671,2354.0005,2365.0003,2416.3338,1998.3336,2335.6673,2233.0003,2559.3336,2680.3339,2420.0003,2398.0,2090.0003,1411.6668,253.0002,42628.6732
2387,2024-07-15,234.6672,234.6672,234.6672,348.3337,2236.6668,4763.0006,4708.0006,6072.0012,4869.3339,3608.0003,3318.3336,2951.6668,3054.3336,3083.667,3329.3338,4125.0006,4854.6671,5254.3338,4909.6674,4433.0007,3417.3338,2757.3336,2225.6673,1048.6668,76072.3446
2388,2024-07-16,264.0,264.0,264.0,319.0001,2372.3336,4990.3339,4990.3335,6097.6671,4807.0006,3230.3339,3043.3336,3006.6672,3212.0003,3351.3338,3516.3338,3960.0004,3828.0006,4796.0006,4840.0006,3941.6671,3457.6671,2574.0003,2438.3338,993.6668,74558.0087
2389,2024-07-17,315.3333,308.0,315.3337,399.6669,2412.6668,4891.3339,5617.3338,6039.0009,4792.334,4128.6671,3274.3335,3215.6671,3186.3335,3219.3335,3483.3338,4264.3339,4711.6673,5327.6674,5041.667,4517.3339,3256.0001,2757.3338,2368.6671,931.3334,78774.6757
2390,2024-07-18,337.3332,330.0002,315.3334,337.3337,2299.0006,4964.6673,5305.6677,6204.0008,4854.6673,4004.0006,3336.6673,2918.6671,3373.3338,3410.0005,3454.0004,4356.0006,4862.0006,5448.6673,5228.6671,4425.667,3494.3335,2698.667,2398.0006,1041.3334,79398.011
2391,2024-07-19,322.6667,264.0,275.0004,337.3333,2431.0003,4957.334,6046.3338,5745.6675,5137.0006,3824.3339,3296.3335,2940.6669,3146.0004,3479.6673,3322.0006,4326.6673,4843.667,5349.6677,4994.0006,4081.0004,3597.0005,2684.0005,2236.6672,1129.3336,78767.344
2392,2024-07-20,264.0,264.0,264.0,256.6666,795.6666,2493.3334,2372.3335,2218.3338,2207.3336,2317.3338,2390.6667,2471.3338,2486.0,2449.3336,2541.0004,2508.0006,2530.0003,2581.3335,2629.0003,2621.6671,2449.3333,2317.3336,1532.6669,234.6672,45195.3386
2393,2024-07-21,220.0,220.0,220.0,231.0004,857.9999,2489.6671,2273.3336,2225.6671,2229.3336,2181.667,2350.3338,2420.0004,2449.3338,2372.3336,2376.0004,2471.3336,2449.3339,2555.6671,2559.3335,2552.0003,2493.3336,2269.6671,1400.6671,227.3336,44095.3405
2394,2024-07-22,220.0,223.6668,234.6672,462.0002,2079.0003,5038.0006,6028.0008,5489.0005,5056.3335,3978.3339,3289.0004,2962.6669,3201.0006,3296.334,3380.6673,4249.6668,4774.0004,5338.6673,5294.6673,4433.0004,3611.6671,2577.667,2343.0004,1048.6671,78609.6768
2395,2024-07-23,275.0004,267.6668,264.0,337.3333,2324.6671,5019.6671,6240.6671,5749.3339,4807.0006,4224.0006,3113.0004,2878.3339,3032.3338,3116.6673,3303.667,4147.0003,4799.6671,5525.6674,5041.667,4216.6673,3428.3336,2563.0,2387.0006,1037.6669,78100.0095
2396,2024-07-24,308.0004,341.0001,352.0,366.6666,2343.0004,5151.6674,5969.334,5929.0006,4843.6673,3945.3335,3021.3336,2911.3339,3113.0005,3006.6668,3344.0003,4213.0,4880.3341,5485.3342,4792.3341,4568.667,3226.6668,2819.6671,2273.3336,1089.0003,78294.3426
2397,2024-07-25,293.3332,289.6667,282.3334,363.0001,2343.0004,4939.0008,6343.3341,5921.6676,4909.6672,3949.0005,3230.3339,2981.0006,3219.3338,3223.0005,3402.6673,4293.6671,4678.6674,5320.3341,4700.6671,4378.0004,3795.0003,2240.3338,2372.3336,1111.0002,78580.3441
2398,2024-07-26,296.9999,300.6666,322.6669,377.6668,2335.6674,4917.0003,5624.6675,5514.6673,4598.0005,3802.3335,3069.0004,2852.667,3135.0003,3113.0003,3523.6671,4246.0005,4887.6674,4979.3338,5188.3338,4576.0004,3322.0006,2863.6671,2431.0005,1125.6668,77403.3427
2399,2024-07-27,278.6666,260.3333,252.9999,293.3334,2200.0003,4007.6671,4924.3341,4678.6671,3963.6671,3487.0004,2988.3335,3344.0006,4213.0006,4836.3338,4733.6671,4781.3338,4678.6674,4150.6671,4106.6671,3212.0006,2992.0006,3014.0003,2706.0003,898.3337,75001.6758
2400,2024-07-28,256.6672,256.6672,234.6672,234.6672,711.3332,2365.0,2211.0,2152.334,2137.6672,2167.0,2365.0,2460.334,2456.6672,2390.6672,2482.334,2486.0,2464.0,2508.0,2515.334,2563.0,2515.334,2200.0,1547.334,293.3332,43974.3408
2401,2024-07-29,319.0004,308.0,282.3334,311.6669,2431.0004,5258.0006,5870.334,5918.0006,4957.3338,3912.3342,3120.3336,3069.0003,3270.667,3179.0003,3432.0006,4363.3335,4700.667,5507.3341,4836.3344,4634.6671,3303.6668,2522.6671,2387.0004,1052.3336,78947.0101
2402,2024-07-30,322.6672,315.3336,300.6669,330.0001,2119.3336,4730.0006,5540.3341,5654.0003,4517.3335,3520.0003,2893.0003,2856.3336,3245.0005,3208.3338,3406.3335,4271.6671,4814.3338,5309.3339,5214.0005,4165.3335,3509.0003,2772.0005,2222.0004,1001.0001,76237.342
2403,2024-07-31,264.0,264.0,264.0,337.3336,2163.3336,4777.6671,6380.0009,6156.334,4473.3338,3780.3339,3065.3336,2929.6669,3168.0003,3208.3336,3340.3338,4242.3338,4829.0007,5346.0006,5236.0006,4675.0005,3168.0004,2856.3335,2387.0006,993.6668,78305.3426
2404,2024-08-01,264.0,252.9999,252.9999,315.3334,2126.6668,4744.6674,5965.6671,5632.0006,4312.0003,3710.6671,3432.0004,3025.0003,3336.6672,3138.6671,3417.3338,4286.3339,4876.6674,5309.3341,4961.0006,4587.0005,3314.6674,2904.0006,2328.3333,1052.3336,77546.3427
2405,2024-08-02,212.6667,201.6667,219.9999,355.6667,2079.0003,4891.3341,5775.0003,6039.0006,4598.0005,4059.0006,3083.6671,1250.3334,3226.667,3234.0004,3314.6671,4253.3336,4818.0006,5111.3341,4825.3336,4546.6674,3388.0006,2552.0003,2390.6673,2119.3339,76545.3428
2406,2024-08-03,737.0004,190.6672,245.6667,414.3332,2240.3339,4161.6674,4671.3335,4953.6673,4110.3338,3468.6671,3190.0003,3336.6672,4356.0006,4836.3336,4664.0005,4759.3338,4726.3336,4326.6671,3930.6671,3300.0,3028.6671,3083.6673,2772.0003,960.6672,76464.6762
2407,2024-08-04,275.0004,271.3336,278.6672,264.0,682.0001,2445.667,2288.0003,2247.6668,2137.667,2130.3336,2379.6668,2420.0003,2596.0005,2614.3336,2552.0004,2537.3338,2456.6671,2563.0006,2625.3338,2563.0002,2482.3339,2200.0004,1415.3336,252.9999,44678.3409
2408,2024-08-05,234.6672,234.6672,234.6672,330.0,2284.334,4763.0012,5511.0012,4968.334,5038.0012,3578.6672,3036.0,2720.6672,3336.6672,3498.0,3424.6672,4224.0012,4924.334,5459.6672,4895.0012,4458.6672,3608.0,2731.6672,2464.0,1147.6672,77106.3472
2409,2024-08-06,264.0,308.0,300.6672,300.6672,2269.6672,5166.334,6105.0012,5771.334,4810.6672,3435.6672,3718.0012,2951.6672,3234.0,3226.6672,3413.6672,4176.334,4979.334,5291.0012,5060.0012,4539.334,3395.334,2530.0,2343.0,975.3332,78565.6796
2410,2024-08-07,293.3332,249.3332,249.3332,249.3332,832.3332,2614.334,2555.6672,2240.334,2148.6672,2159.6672,2343.0,2423.6672,2445.6672,2511.6672,2555.6672,2548.334,2522.6672,2566.6672,2511.6672,2621.6672,2489.6672,2229.334,1356.6672,275.0,44993.6756
2411,2024-08-08,264.0,264.0,264.0,308.0,2398.0,4869.334,4840.0,5181.0012,5287.334,3641.0,3340.334,3098.334,3311.0,3270.6672,3560.334,4194.6672,4975.6672,5445.0012,5126.0012,4653.0012,3190.0,2900.334,2350.334,913.0,77645.3444
2412,2024-08-09,168.6672,161.3332,304.3332,330.0,2222.0,5093.0012,5885.0012,5771.334,4909.6672,3850.0,3028.6672,3021.334,3292.6672,3318.334,3399.0,4260.6672,5071.0012,5170.0012,5096.6672,4521.0012,3281.6672,2830.6672,2390.6672,1048.6672,78426.3464
2413,2024-08-10,304.3333,296.9999,274.9999,311.6666,2284.3333,4341.3341,4785.0004,4994.0003,4040.667,3637.3336,3094.6671,3549.3335,4785.0003,5313.0008,5126.0009,5177.3338,5250.6673,4565.0,3699.6673,3347.6668,3050.667,2970.0003,2786.667,2214.6671,80201.0076
2414,2024-08-11,832.3334,208.9999,227.3334,242.0002,894.6669,2640.0004,2592.3338,2486.0001,2482.3338,2640.0004,2625.3338,3105.6671,3861.0004,3740.0003,3076.3339,1437.3336,1272.3332,1360.3334,1540.0001,1496.0001,3054.3338,2427.3335,1609.6668,289.6667,46141.339
2415,2024-08-12,293.3332,278.6672,278.6672,326.3334,2207.3333,5269.0006,5566.0006,5863.0009,4480.6674,3116.6673,3556.6668,3072.6671,3355.0004,3498.0006,3538.3336,4279.0006,5111.3341,5452.3339,2915.0005,3270.6671,3391.6673,2401.6671,2277.0004,1004.6666,74803.6772
2416,2024-08-13,264.0,267.6668,275.0004,377.6668,2423.6671,5045.3339,6039.0006,5797.0009,4711.6673,4183.667,3292.6671,3061.6671,3281.6671,3259.667,3413.667,4345.0003,4983.0008,5401.0005,5272.6672,5019.6673,3501.667,2860.0003,2398.0,997.3334,80472.3429
2417,2024-08-14,205.3333,264.0,264.0,385.0004,2236.6671,5379.0006,6046.3344,5470.6671,5654.0005,4018.6668,3344.0004,3116.6673,3542.0006,3285.3338,3443.0004,4389.0006,4887.6671,4345.0004,4488.0003,4092.0003,3098.3335,2588.6671,2460.3338,1114.6669,78118.3427
2418,2024-08-15,278.6672,264.0,264.0,359.3332,2405.334,5320.334,6094.0012,6105.0012,4972.0,4099.334,3498.0,3545.6672,3608.0,3435.6672,3611.6672,4447.6672,5203.0012,5668.6672,5027.0012,4803.334,3413.6672,2772.0,2438.334,971.6672,82606.3456
2419,2024-08-16,260.3332,245.6672,260.3332,429.0,2240.334,4942.6672,5921.6672,5936.334,4796.0012,4249.6672,3120.334,2981.0,3340.334,3146.0,3355.0012,4378.0012,4887.668,4906.0012,4898.6672,4161.6672,3472.334,2651.0,2376.0,964.3332,77920.3456
2420,2024-08-17,242.0,249.3332,249.3332,436.3332,2379.6672,4436.6672,4873.0012,5151.6672,4249.6672,3509.0012,3072.6672,3490.6672,4543.0012,5085.668,4832.6672,4957.334,5063.6672,4392.6672,3989.334,3318.334,3047.0012,2860.0,2805.0,894.6672,78129.3464
2421,2024-08-18,242.0,245.6672,238.3332,242.0,784.6672,2486.0,2361.334,2262.334,2207.334,2280.6672,2416.334,2522.6672,2464.0,2482.334,2559.334,2614.334,2636.334,2643.6672,2629.0,2599.6672,2493.334,2357.6672,1430.0,271.3332,45470.3428
2422,2024-08-19,278.6672,278.6672,260.3336,234.6672,784.6669,2559.3336,2317.3338,2236.6669,2266.0004,2082.667,2328.3338,2401.6671,2570.3336,2478.6671,2548.3335,2471.3336,2456.6673,2761.0003,2552.0006,2566.6671,2493.3338,2258.6672,1503.3339,286.0004,44975.3431
2423,2024-08-20,260.3334,252.9999,264.0,366.6666,2383.3337,5096.6676,5474.3338,6270.0006,4836.3341,4337.6671,3483.3339,3322.0003,3318.3338,3190.0003,3435.6673,4312.0003,4678.6673,5434.0006,5203.0005,4730.0006,3666.667,2992.0003,2376.0003,1184.3333,80868.3426
2424,2024-08-21,275.0004,348.3333,271.3336,370.3337,2310.0001,5085.6674,5694.3338,6600.0009,4942.6673,4033.3336,3234.0005,3028.6668,3226.6671,3109.3336,3461.3338,4425.6673,5162.6671,5555.0006,5027.0003,4664.0005,3388.0003,3003.0005,2427.3335,979.0003,80622.6763
2425,2024-08-22,271.3336,271.3336,267.6668,341.0001,2478.6669,5071.0004,5962.0008,5914.334,4642.0006,3952.6671,3083.6668,3072.667,3435.6673,3190.0003,3388.0003,4235.0003,4788.6674,5654.0009,5085.6674,4660.3338,3432.0006,2944.3336,2438.3338,997.3334,79577.6768
2426,2024-08-23,275.0001,264.0,264.0,392.3333,2332.0004,4909.6671,6053.6671,5877.6676,4301.0008,3996.6668,3465.0005,3138.667,3267.0003,3355.0003,3391.6671,4374.3341,4931.6673,5353.3341,4667.6671,4510.0004,3886.6671,2867.3338,2409.0003,1048.6669,79332.0095
2427,2024-08-24,315.3333,289.6669,278.6672,447.3336,2266.0004,4440.3339,4689.6673,5214.0008,4194.6673,3417.3336,3208.334,3351.3339,4352.3338,4917.0009,4939.0005,4935.3341,4763.0004,4462.3339,3751.0003,3215.667,3025.0003,2878.3336,2618.0003,949.6669,76919.3442
2428,2024-08-25,267.6668,275.0004,315.3334,315.3336,803.0001,2405.3336,2277.0006,2225.6668,2233.0006,2229.3339,2376.0005,2313.6671,2431.0003,2368.6668,2420.0004,2387.0006,2398.0001,2475.0005,2478.6671,2515.3339,2434.6668,2159.667,1448.3337,271.3336,43824.0082
2429,2024-08-26,260.3333,264.0,260.3333,458.3336,2376.0004,5342.3336,6086.6674,5650.3339,4821.667,4022.3341,3252.3336,3017.6671,3237.667,3069.0003,3314.6671,4150.667,4781.3339,5445.0009,5071.0003,4678.667,3479.6671,2867.3339,2416.3338,1140.3335,79464.0091
2430,2024-08-27,245.6667,245.6667,252.9999,399.6666,2409.0003,5063.6671,6174.6676,5804.334,5045.3339,3956.3339,3391.6671,3072.6671,3234.0006,3179.0005,3421.0006,4308.3338,4957.334,5269.0006,5155.3338,4737.3338,3366.0006,2951.6668,2478.667,1118.3339,80237.6769
2431,2024-08-28,267.6668,264.0,264.0001,366.6666,1873.6669,3380.6673,5206.6674,5679.6673,4697.0003,3655.6674,3186.3339,2944.3338,3142.3338,3193.6671,3523.6673,4422.0006,5012.3341,5456.0006,4946.3339,4895.0003,3575.0001,2948.0005,2372.334,1012.0001,76285.0102
2432,2024-08-29,308.0,304.3333,304.3333,366.6669,2291.6671,5111.3341,5918.0008,6182.0007,4711.6673,3930.6671,3116.6673,3160.6671,3204.6671,3289.0006,3465.0004,4268.0004,4766.6674,5489.0009,5291.0008,4843.6674,3395.3335,2977.3338,2416.3335,953.3333,80065.3441
2433,2024-08-30,304.3333,293.3332,293.3332,352.0001,2500.6671,4975.6671,6167.3341,5921.6674,4799.6674,4029.667,3102.0006,3190.0006,3226.667,3267.0003,3615.3338,4484.3338,5052.6673,5206.667,5338.6674,4557.6671,3795.0004,2808.6671,2431.0004,2339.3338,82052.6765
2434,2024-08-31,938.6672,282.3332,271.3332,348.3332,2321.0,4425.6672,4843.6672,4920.6672,4249.6672,3611.6672,3061.6672,3542.0,4429.334,5133.334,4884.0012,5038.0012,4931.6672,4535.6672,3879.334,3402.6672,3223.0,3138.6672,2764.6672,1001.0,79178.0104
2435,2024-09-01,0.0,0.0,0.0,0.0,0.0,0.0,0.0,0.0,0.0,0.0,0.0,0.0,0.0,0.0,0.0,0.0,0.0,0.0,0.0,0.0,16.5,22.0,22.0,209.0,269.5
2436,2024-09-02,253.0,258.5,247.5,643.5,3107.5,5599.0,6204.0,5956.5,4477.0,4213.0,3327.5,3173.5,3300.0,3146.0,3723.5,4554.0,5230.5,5522.0,5142.5,4702.5,3338.5,2898.5,2431.0,671.0,82120.5
2437,2024-09-03,302.5,264.0,258.5,616.0,3019.5,5423.0,6105.0,5940.0,4708.0,3982.0,3344.0,3025.0,3305.5,3283.5,3745.5,4394.5,5225.0,5439.5,5120.5,4614.5,3036.0,2645.5,2381.5,594.0,80773.0
2438,2024-09-04,269.5,269.5,264.0,660.0,3069.0,5665.0,6039.0,5918.0,4603.5,4147.5,3305.5,3107.5,3234.0,3140.5,3536.5,4383.5,4928.0,5483.5,5065.5,4642.0,3415.5,2618.0,2392.5,962.5,81120.0
2439,2024-09-05,302.5,291.5,286.0,341.0,2414.5,5318.5,6110.5,5758.5,4609.0,4119.5,3355.0,3019.5,3201.0,3201.0,3459.5,4400.0,4983.0,5648.5,5346.0,4834.5,3294.5,2959.0,2519.0,1006.5,80778.5
2440,2024-09-06,308.0,308.0,302.5,451.0,2425.5,4752.0,6363.5,5874.0,4790.5,4312.0,3366.0,3399.0,3393.5,3432.0,3668.5,4625.5,5010.5,5461.5,5373.5,4471.5,3613.5,2799.5,2425.5,1067.0,81994.0
2441,2024-09-07,291.5,308.0,302.5,379.5,2299.0,4147.0,4950.0,5038.0,4350.5,3718.0,3162.5,3305.5,4449.5,4955.5,4796.0,5357.0,5027.0,4598.0,4136.0,3371.5,3135.0,3074.5,2700.5,940.5,78793.0
2442,2024-09-08,467.5,902.0,891.0,913.0,1776.5,4026.0,3833.5,3806.0,3828.0,3888.5,4224.0,4268.0,4306.5,4339.5,4389.0,4411.0,4488.0,4620.0,4730.0,4515.5,4433.0,4037.0,2970.0,907.5,80971.0
2443,2024-09-09,572.0,258.5,264.0,319.0,2326.5,5005.0,6154.5,5923.5,4900.5,4224.0,3151.5,3118.5,3432.0,3289.0,3470.5,4394.5,4983.0,5511.0,5010.5,4587.0,3564.0,2799.5,2447.5,1083.5,80789.5
2444,2024-09-10,286.0,286.0,286.0,451.0,2277.0,5126.0,6154.5,6270.0,4680.5,3888.5,3212.0,3074.5,3261.5,3173.5,3459.5,4394.5,4768.5,5483.5,4983.0,4774.0,3261.5,2739.0,2458.5,962.5,79711.5
2445,2024-09-11,264.0,264.0,264.0,429.0,2332.0,5335.0,4933.5,5549.5,4955.5,3481.5,3102.0,3179.0,3322.0,3586.0,3657.5,4411.0,5071.0,5555.0,4757.5,4752.0,3778.5,3096.5,2398.0,1116.5,79590.5
2446,2024-09-12,275.0,269.5,280.5,330.0,2480.5,4955.5,6061.0,5291.0,5412.0,3305.5,3118.5,3256.0,3426.5,3283.5,3443.0,4334.0,4823.5,4807.0,5384.5,4147.0,3668.5,2882.0,2398.0,1149.5,78782.0
2447,2024-09-13,264.0,264.0,264.0,352.0,2447.5,4966.5,6088.5,5835.5,4735.5,3927.0,3360.5,3058.0,3355.0,3371.5,3663.0,4565.0,5120.5,5126.0,5214.0,4735.5,3239.5,2860.0,2354.0,1248.5,80415.5
2448,2024-09-14,247.5,242.0,247.5,374.0,2255.0,4213.0,4834.5,4972.0,4218.5,3553.0,2898.5,3575.0,4548.5,4972.0,4642.0,4900.5,4823.5,4405.5,3998.5,3294.5,2970.0,3107.5,2728.0,1083.5,77104.5
2449,2024-09-15,242.0,242.0,253.0,242.0,841.5,2425.5,2326.5,2233.0,2315.5,2277.0,2486.0,2409.0,2519.0,2469.5,2552.0,2497.0,2546.5,2585.0,2623.5,2601.5,2480.5,2370.5,1699.5,319.0,45556.5
2450,2024-09-16,319.0,313.5,319.0,330.0,2288.0,5049.0,5736.5,5692.5,4911.5,4152.5,3289.0,2959.0,3426.5,3267.0,3437.5,4367.0,4983.0,5445.0,5142.5,4658.5,3228.5,2783.0,2326.5,929.5,79354.0
2451,2024-09-17,308.0,308.0,275.0,357.5,2359.5,4812.5,5879.5,6143.5,4856.5,3971.0,3366.0,3091.0,3432.0,3410.0,3586.0,4455.0,5032.5,5555.0,5214.0,4037.0,4070.0,2475.0,2392.5,957.0,80344.0
2452,2024-09-18,357.5,308.0,297.0,330.0,2381.5,5060.0,6171.0,5896.0,4801.5,3795.0,3311.0,3074.5,3305.5,3250.5,3492.5,4383.5,4878.5,5610.0,4856.5,4394.5,3239.5,2398.0,2656.5,1006.5,79255.0
2453,2024-09-19,330.0,280.5,264.0,308.0,2238.5,5148.0,6061.0,6044.5,4587.0,3839.0,3239.5,3426.5,3261.5,3250.5,3459.5,4356.0,4983.0,5412.0,5511.0,4862.0,3371.5,2981.0,2425.5,968.0,80608.0
2454,2024-09-20,302.5,242.0,258.5,308.0,2414.5,4939.0,5604.5,6083.0,4812.5,4020.5,3036.0,3003.0,3311.0,3382.5,3520.0,4268.0,5038.0,5258.0,5142.5,4851.0,3844.5,2612.5,2409.0,1001.0,79662.0
2455,2024-09-21,341.0,319.0,297.0,396.0,2348.5,4174.5,4917.0,4917.0,4350.5,3465.0,3124.0,3608.0,4405.5,5104.0,4961.0,4972.0,5071.0,4477.0,3795.0,3278.0,3151.5,2887.5,2744.5,847.0,77951.5
2456,2024-09-22,297.0,269.5,247.5,247.5,836.0,2442.0,2337.5,2161.5,2183.5,2128.5,2387.0,2486.0,2546.5,2574.0,2546.5,2546.5,2612.5,2656.5,2728.0,2706.0,2552.0,2222.0,1529.0,308.0,45551.0
2457,2024-09-23,302.5,291.5,297.0,390.5,2288.0,5126.0,6055.5,5951.0,4515.5,4048.0,3195.5,2843.5,3168.0,3223.0,3377.0,4312.0,4983.0,5577.0,5109.5,4812.5,3602.5,2904.0,2420.0,1171.5,79964.5
2458,2024-09-24,275.0,264.0,253.0,418.0,2332.0,5098.5,5692.5,5302.0,5087.5,3877.5,3179.0,2926.0,3250.5,3206.5,3333.0,4334.0,4829.0,5467.0,5395.5,4708.0,3410.0,2865.5,2387.0,1105.5,78996.5
2459,2024-09-25,363.0,302.5,291.5,462.0,2326.5,5219.5,6176.5,6022.5,4917.0,4152.5,3113.0,2937.0,3074.5,3168.0,3443.0,4185.5,4741.0,5434.0,4917.0,4356.0,3509.0,2645.5,2414.5,1017.5,79189.0
2460,2024-09-26,269.5,280.5,330.0,495.0,2266.0,5109.5,6121.5,5692.5,5170.0,3806.0,3058.0,3008.5,3250.5,3377.0,3531.0,4378.0,4807.0,5456.0,5032.5,4592.5,3564.0,2794.0,2431.0,1061.5,79882.0
2461,2024-09-27,341.0,352.0,291.5,291.5,1710.5,4411.0,4686.0,3855.5,2854.5,4884.0,3635.5,3173.5,3278.0,3443.0,3388.0,4449.5,5065.5,5060.0,5126.0,4680.5,3718.0,2667.5,2343.0,1265.0,74970.5
2462,2024-09-28,258.5,264.0,269.5,368.5,2172.5,3668.5,4372.5,4581.5,3520.0,2992.0,3085.5,3162.5,3982.0,4202.0,3905.0,3674.0,2761.0,2904.0,2992.0,2546.5,2953.5,2535.5,2431.0,1017.5,64619.5
2463,2024-09-29,302.5,280.5,253.0,242.0,797.5,2310.0,2458.5,2216.5,2260.5,2315.5,2524.5,2502.5,2480.5,2524.5,2541.0,2513.5,2579.5,2662.0,2486.0,2612.5,2409.0,2277.0,1540.0,269.5,45358.5
2464,2024-09-30,258.5,269.5,302.5,341.0,2266.0,5137.0,6517.5,5830.0,4807.0,3965.5,3162.5,3107.5,3349.5,3344.0,3586.0,4416.5,4829.0,5148.0,5379.0,4257.0,3976.5,2629.0,2425.5,1138.5,80443.0
2465,2024-10-01,297.0,286.0,269.5,418.0,2348.5,5170.0,6528.5,6028.0,4757.5,3888.5,3140.5,2959.0,3239.5,2948.0,3690.5,4389.0,4834.5,5373.5,4944.5,4713.5,3822.5,2607.0,2442.0,995.5,80091.0
2466,2024-10-02,275.0,258.5,253.0,275.0,2326.5,5263.5,6022.5,6226.0,4796.0,3949.0,3140.5,3129.5,3278.0,3333.0,3459.5,4394.5,4708.0,5351.5,4900.5,4873.0,3393.5,2634.5,2403.5,1254.0,79898.5
2467,2024-10-03,335.5,308.0,335.5,489.5,2348.5,5241.5,6600.0,5846.5,4763.0,3773.0,3184.5,3036.0,3316.5,3371.5,3564.0,4400.0,4933.5,5417.5,5280.0,4427.5,3762.0,2755.5,2612.5,1034.0,81136.0
2468,2024-10-04,324.5,379.5,313.5,467.5,2348.5,5175.5,6132.5,5890.5,4735.5,3965.5,3234.0,3239.5,3327.5,3421.0,3580.5,4466.0,5076.5,5500.0,4790.5,4449.5,3828.0,2634.5,2431.0,1050.5,80762.0
2469,2024-10-05,319.0,313.5,291.5,335.5,2387.0,4240.5,4977.5,5137.0,4268.0,3663.0,3228.5,3520.0,4532.0,5225.0,5153.5,3668.5,4339.5,4218.5,3795.0,3608.0,3217.5,3184.5,2909.5,1012.0,77544.5
2470,2024-10-06,291.5,258.5,275.0,286.0,841.5,2568.5,2447.5,2387.0,2326.5,2266.0,2436.5,2491.5,2629.0,2607.0,2607.0,2612.5,2810.5,2805.0,2788.5,2739.0,2546.5,2238.5,1562.0,291.5,47113.0
2471,2024-10-07,478.5,407.0,330.0,434.5,2409.0,5346.0,5621.0,6611.0,5021.5,3938.0,3256.0,2981.0,3096.5,3173.5,3443.0,4488.0,5049.0,5549.5,4526.5,4427.5,3987.5,2854.5,2365.0,1188.0,80982.0
2472,2024-10-08,330.0,319.0,522.5,445.5,2172.5,4994.0,6303.0,6160.0,4966.5,4009.5,3008.5,3008.5,3212.0,3388.0,3311.0,4378.0,5005.0,5610.0,5142.5,4482.5,3311.0,2805.0,2398.0,1221.0,80503.5
2473,2024-10-09,264.0,258.5,253.0,335.5,2288.0,5137.0,5868.5,6226.0,4680.5,3800.5,3404.5,3212.0,3256.0,3316.5,3476.0,4543.0,5164.5,5483.5,5082.0,4735.5,3602.5,2640.0,2497.0,1067.0,80591.5
2474,2024-10-10,286.0,253.0,242.0,390.5,2453.0,5005.0,6044.5,5725.5,5032.5,3916.0,2953.5,3063.5,3415.5,3327.5,3459.5,4339.5,4884.0,5428.5,5258.0,4620.0,3481.5,3085.5,2601.5,1193.5,80459.5
2475,2024-10-11,286.0,242.0,242.0,291.5,2409.0,4856.5,5478.0,4675.0,4669.5,4103.0,3443.0,2915.0,3157.0,3360.5,3553.0,3800.5,4323.0,5566.0,4471.5,3817.0,3300.0,2854.5,2420.0,1006.5,75240.0
2476,2024-10-12,286.0,286.0,286.0,418.0,2475.0,4488.0,4801.5,4873.0,4218.5,3476.0,3124.0,3465.0,4548.5,5093.0,5159.0,4933.5,4961.0,4658.5,3833.5,3355.0,3239.5,3190.0,2750.0,995.5,78914.0
2477,2024-10-13,313.5,341.0,313.5,324.5,979.0,2585.0,2381.5,2326.5,2321.0,2222.0,2530.0,2475.0,2431.0,2420.0,2486.0,2414.5,2546.5,2585.0,2524.5,2612.5,2497.0,2365.0,1606.0,242.0,45842.5
2478,2024-10-14,242.0,242.0,242.0,242.0,924.0,2524.5,2392.5,2238.5,2150.5,2161.5,2497.0,2475.0,2546.5,2387.0,2497.0,2535.5,2596.0,2656.5,2651.0,2629.0,2420.0,2244.0,1567.5,291.5,45353.0
2479,2024-10-15,302.5,352.0,352.0,489.5,2365.0,4999.5,5984.0,5615.5,5384.5,3773.0,3327.5,3085.5,3487.0,3322.0,3393.5,4257.0,4878.5,5731.0,5049.0,4449.5,3492.5,2563.0,2315.5,1149.5,80118.5
2480,2024-10-16,275.0,269.5,269.5,352.0,2348.5,5038.0,6044.5,5907.0,5054.5,3943.5,3217.5,3118.5,3421.0,3388.0,3476.0,4356.0,5109.5,5593.5,5208.5,4757.5,3569.5,2706.0,2447.5,1039.5,80910.5
2481,2024-10-17,247.5,242.0,242.0,313.5,2447.5,4994.0,6385.5,5544.0,5049.0,4383.5,3327.5,3052.5,3316.5,3410.0,3432.0,4394.5,5142.5,5175.5,5241.5,4625.5,3481.5,2689.5,2557.5,1133.0,80828.0
2482,2024-10-18,269.5,286.0,308.0,368.5,2442.0,4977.5,6099.5,5340.5,5071.0,3916.0,3283.5,3382.5,3388.0,3344.0,3399.0,4394.5,4950.0,5456.0,5060.0,4620.0,3421.0,2876.5,2447.5,1215.5,80316.5
2483,2024-10-19,368.5,368.5,341.0,396.0,2387.0,4147.0,4796.0,5274.5,4273.5,3487.0,3140.5,3426.5,4378.0,4917.0,4713.5,5280.0,4983.0,4680.5,4103.0,3580.5,3344.0,3041.5,3058.0,2238.5,80723.5
2484,2024-10-20,1001.0,352.0,324.5,275.0,808.5,2464.0,2310.0,2211.0,2205.5,2222.0,2392.5,2475.0,2535.5,2684.0,2651.0,2431.0,2535.5,2585.0,2579.5,2585.0,2409.0,2117.5,1551.0,264.0,45969.0
2485,2024-10-21,242.0,242.0,242.0,319.0,2365.0,5016.0,5676.0,6429.5,4906.0,4185.5,3322.0,3118.5,3234.0,3228.5,3371.5,2915.0,2794.0,3762.0,3531.0,3850.0,3481.5,2871.0,2293.5,1017.5,72413.0
2486,2024-10-22,264.0,264.0,264.0,407.0,2392.5,5098.5,5989.5,5868.5,4367.0,4279.0,3448.5,3102.0,3168.0,3349.5,3492.5,4345.0,4823.5,5395.5,5324.0,4218.5,3514.5,2816.0,2458.5,1056.0,79706.0
2487,2024-10-23,181.5,176.0,192.5,341.0,2271.5,5131.5,6006.0,5962.0,5115.0,4185.5,3080.0,2860.0,3179.0,3190.0,3426.5,4147.0,5027.0,5863.0,4829.0,4917.0,3531.0,2810.5,2343.0,1078.0,79843.5
2488,2024-10-24,198.0,203.5,225.5,374.0,2255.0,5038.0,6358.0,5395.5,4796.0,3932.5,3140.5,2964.5,3327.5,3184.5,3888.5,4416.5,4867.5,5269.0,5379.0,4746.5,3575.0,2678.5,2354.0,1210.0,79777.5
2489,2024-10-25,275.0,275.0,286.0,401.5,2321.0,5164.5,5890.5,5747.5,4812.5,3751.0,3580.5,3311.0,3443.0,3514.5,3674.0,4521.0,5021.5,5115.0,4922.5,4433.0,3553.0,2766.5,2453.0,1919.5,81152.5
2490,2024-10-26,330.0,286.0,286.0,390.5,2414.5,4207.5,4719.0,5016.0,4119.5,3498.0,3041.5,3410.0,4499.0,4878.5,4834.5,4900.5,4889.5,4449.5,3740.0,3338.5,3074.5,3113.0,2739.0,968.0,77143.0
2491,2024-10-27,302.5,297.0,313.5,302.5,836.0,2453.0,2315.5,2189.0,2183.5,2227.5,2436.5,2431.0,2535.5,2453.0,2678.5,2563.0,2728.0,2590.5,2717.0,2733.5,2497.0,2183.5,1732.5,324.5,46024.0
2492,2024-10-28,319.0,319.0,341.0,456.5,2425.5,4972.0,6138.0,5764.0,4636.5,4053.5,3503.5,3118.5,3388.0,3289.0,3498.0,4202.0,4911.5,5368.0,5296.5,4433.0,3542.0,3014.0,2480.5,1089.0,80558.5
2493,2024-10-29,280.5,88.0,82.5,352.0,2315.5,5137.0,5879.5,5945.5,4686.0,4070.0,3107.5,3041.5,3289.0,3355.0,3492.5,4323.0,4922.5,5346.0,5159.0,4477.0,3525.5,2871.0,2469.5,929.5,79145.0
2494,2024-10-30,247.5,220.0,220.0,357.5,2326.5,4939.0,6055.5,5769.5,4796.0,3987.5,3393.5,3371.5,3492.5,3289.0,3487.0,4295.5,4790.5,5175.5,5071.0,4455.0,3388.0,2832.5,2365.0,1045.0,79370.5
2495,2024-10-31,297.0,308.0,308.0,396.0,2260.5,4779.5,5824.5,5285.5,4477.0,3696.0,3349.5,3124.0,3217.5,3140.5,3437.5,4400.0,4724.5,5181.0,4779.5,4878.5,3360.5,2574.0,2398.0,1160.5,77357.5
2496,2024-11-01,275.0,275.0,269.5,390.5,2299.0,4796.0,5687.0,5731.0,4658.5,3745.5,3327.5,3316.5,3234.0,3250.5,3459.5,4279.0,4933.5,5027.0,5192.0,4691.5,3476.0,2926.0,2365.0,1237.5,78842.5
2497,2024-11-02,253.0,253.0,253.0,330.0,2365.0,4174.5,4603.5,4845.5,4064.5,3613.5,3058.0,3393.5,4257.0,4812.5,4757.5,4625.5,4609.0,4515.5,3762.0,3217.5,3129.5,2827.0,2711.5,1001.0,75432.5
2498,2024-11-03,225.5,231.0,242.0,313.5,1738.0,2337.5,2200.0,2453.0,2249.5,2150.5,2381.5,2447.5,2387.0,2475.0,2381.5,2458.5,2623.5,2508.0,2535.5,2475.0,2332.0,2178.0,1501.5,297.0,45122.0
2499,2024-11-04,269.5,269.5,269.5,253.0,748.0,2398.0,2315.5,2183.5,2189.0,2288.0,2453.0,2563.0,2508.0,2596.0,2673.0,2491.5,2519.0,2656.5,2552.0,2343.0,2211.0,2365.0,1727.0,280.5,45122.0
2500,2024-11-05,280.5,275.0,269.5,352.0,2288.0,5027.0,5989.5,6039.0,4900.5,3943.5,3146.0,3135.0,3217.5,3151.5,3289.0,4185.5,4702.5,5280.0,5104.0,4669.5,3179.0,2926.0,2238.5,1232.0,78820.5
2501,2024-11-06,231.0,220.0,231.0,368.5,2431.0,5043.5,5527.5,5923.5,4911.5,4020.5,3327.5,3124.0,3360.5,3267.0,3531.0,3883.0,4757.5,5648.5,4906.0,4801.5,3223.0,3030.5,2216.5,1056.0,79040.5
2502,2024-11-07,231.0,225.5,236.5,357.5,2398.0,4741.0,6193.0,5731.0,4675.0,4020.5,3069.0,3074.5,3135.0,3250.5,3371.5,4202.0,4900.5,5412.0,5126.0,4625.5,3624.5,2920.5,2414.5,1166.0,79101.0
2503,2024-11-08,423.5,258.5,264.0,401.5,2282.5,4867.5,5687.0,5802.5,4708.0,3954.5,3096.5,3008.5,3223.0,3234.0,3421.0,4350.5,4614.5,4999.5,4961.0,4581.5,3206.5,2865.5,2359.5,1105.5,77676.5
2504,2024-11-09,242.0,242.0,242.0,407.0,2156.0,4092.0,4719.0,3789.5,3729.0,3454.0,3118.5,3531.0,4015.0,4174.5,4515.5,3767.5,4059.0,3883.0,3305.5,3113.0,2926.0,2821.5,2623.5,913.0,69839.0
2505,2024-11-10,44.0,0.0,0.0,0.0,0.0,0.0,0.0,0.0,0.0,0.0,0.0,0.0,0.0,0.0,0.0,0.0,5.5,22.0,22.0,22.0,22.0,22.0,22.0,22.0,203.5
2506,2024-11-11,121.0,247.5,231.0,187.0,693.0,2227.5,2260.5,2189.0,2106.5,2035.0,2244.0,2282.5,2618.0,2574.0,2431.0,2376.0,2475.0,2508.0,2612.5,2530.0,2420.0,2277.0,1650.0,209.0,43505.0
2507,2024-11-12,198.0,198.0,192.5,291.5,2029.5,4955.5,5879.5,5852.0,4444.0,3756.5,3217.5,3124.0,3234.0,3184.5,3366.0,4185.5,4559.5,5225.0,5049.0,4532.0,3674.0,2447.5,2310.0,1259.5,77165.0
2508,2024-11-13,291.5,286.0,286.0,324.5,2238.5,4570.5,6110.5,5659.5,4829.0,4031.5,3366.0,2981.0,3261.5,3107.5,3415.5,4180.0,4647.5,5401.0,5032.5,4301.0,3311.0,2777.5,2348.5,1144.0,77902.0
2509,2024-11-14,264.0,264.0,264.0,390.5,2310.0,5071.0,6022.5,5753.0,4642.0,3855.5,3179.0,3140.5,3289.0,3179.0,3415.5,4235.0,4746.5,5274.5,4977.5,4653.0,3448.5,2002.0,2574.0,1078.0,78028.5
2510,2024-11-15,264.0,247.5,247.5,335.5,2293.5,4983.0,5736.5,5863.0,4548.5,3894.0,3206.5,3074.5,3261.5,3124.0,3404.5,4411.0,4873.0,5313.0,5241.5,4603.5,3195.5,2882.0,2343.0,1072.5,78419.0
2511,2024-11-16,220.0,220.0,242.0,385.0,2172.5,4136.0,4559.5,4752.0,3960.0,3503.5,3063.5,3327.5,4235.0,4697.0,4829.0,4614.5,4796.0,4328.5,3800.5,3140.5,3063.5,3063.5,2706.0,968.0,74783.5
2512,2024-11-17,308.0,308.0,308.0,280.5,896.5,2409.0,2266.0,2200.0,2167.0,2227.5,2271.5,2431.0,2469.5,2392.5,2579.5,2447.5,2502.5,2739.0,2656.5,2524.5,2475.0,2255.0,1600.5,401.5,45116.5
2513,2024-11-18,242.0,242.0,242.0,357.5,2282.5,4983.0,6292.0,5577.0,4862.0,3894.0,3074.5,3223.0,3151.5,3162.5,3371.5,4185.5,4603.5,5060.0,4603.5,4691.5,3261.5,2821.5,2332.0,962.5,77478.5
2514,2024-11-19,264.0,264.0,264.0,291.5,2376.0,4686.0,5797.0,5841.0,4834.5,3943.5,3360.5,3135.0,3250.5,3278.0,3465.0,4191.0,4994.0,5406.5,5109.5,4400.0,3344.0,2920.5,2414.5,1149.5,78980.0
2515,2024-11-20,286.0,286.0,286.0,390.5,2381.5,4933.5,5280.0,6226.0,4411.0,3762.0,3256.0,2915.0,3322.0,3162.5,3393.5,4240.5,4581.5,5098.5,4642.0,4334.0,3360.5,2744.5,2398.0,1529.0,77220.0
2516,2024-11-21,286.0,286.0,280.5,319.0,2359.5,5032.5,5335.0,6198.5,4537.5,3575.0,3162.5,3074.5,3245.0,3256.0,3476.0,4246.0,5038.0,5384.5,5164.5,4774.0,3806.0,2964.5,2513.5,1028.5,79343.0
2517,2024-11-22,319.0,319.0,313.5,379.5,2304.5,5148.0,6215.0,6011.5,4768.5,3971.0,3074.5,3091.0,3157.0,3283.5,3509.0,4515.5,4983.0,5346.0,4928.0,4169.0,3943.5,2783.0,2343.0,1237.5,80113.0
2518,2024-11-23,247.5,258.5,264.0,346.5,2244.0,4284.5,4631.0,4983.0,4086.5,3470.5,3113.0,3492.5,4587.0,4807.0,4928.0,4829.0,4933.5,4389.0,3861.0,3388.0,3118.5,2926.0,2585.0,1034.0,76807.5
2519,2024-11-24,242.0,242.0,242.0,242.0,869.0,2480.5,2348.5,2299.0,2183.5,2150.5,2376.0,2414.5,2541.0,2530.0,2568.5,2524.5,2552.0,2645.5,2673.0,2557.5,2469.5,2194.5,1413.5,258.5,45017.5
2520,2024-11-25,258.5,258.5,253.0,346.5,2326.5,5027.0,6270.0,5907.0,4884.0,4059.0,3212.0,3041.5,3239.5,3074.5,3415.5,4273.5,5038.0,5423.0,5120.5,4548.5,2535.5,3179.0,2420.0,957.0,79068.0
2521,2024-11-26,242.0,198.0,198.0,313.5,2304.5,5087.5,5478.0,5280.0,4361.5,3751.0,3338.5,3036.0,3338.5,3135.0,3443.0,4257.0,4851.0,5439.5,5071.0,4614.5,3646.5,2876.5,2414.5,1023.0,77698.5
2522,2024-11-27,192.5,176.0,176.0,286.0,2420.0,4867.5,6017.0,5962.0,4537.5,3927.0,3311.0,3041.5,3377.0,3344.0,3624.5,4235.0,4840.0,5417.5,5049.0,4631.0,3448.5,2926.0,2315.5,1116.5,79238.5
2523,2024-11-28,236.5,236.5,225.5,319.0,2321.0,4884.0,6072.0,5885.0,4812.5,4152.5,3113.0,2942.5,3327.5,3212.0,3393.5,4246.0,4812.5,5236.0,5126.0,4488.0,3443.0,2953.5,2420.0,940.5,78798.5
2524,2024-11-29,308.0,308.0,313.5,374.0,2255.0,4570.5,4702.5,5703.5,4114.0,4015.0,3201.0,3096.5,3547.5,3294.5,3454.0,4345.0,4928.0,4570.5,4224.0,4477.0,3536.5,2612.5,2398.0,1050.5,75399.5
2525,2024-11-30,357.5,346.5,352.0,379.5,2189.0,4152.5,4625.5,4939.0,4075.5,3410.0,3157.0,3443.0,4433.0,4466.0,5131.5,4785.0,5104.0,4653.0,3894.0,3371.5,3201.0,3206.5,2761.0,1012.0,77445.5
2526,2024-12-01,308.0,308.0,297.0,269.5,770.0,2491.5,2233.0,2084.5,2134.0,2123.0,2475.0,2447.5,2387.0,2453.0,2486.0,2469.5,2574.0,2629.0,2717.0,2695.0,2381.5,2194.5,1545.5,280.5,44753.5
2527,2024-12-02,264.0,264.0,258.5,330.0,2244.0,4834.5,5626.5,5907.0,4603.5,3894.0,3091.0,2898.5,3146.0,3234.0,3558.5,4158.0,4801.5,5406.5,5247.0,4042.5,3630.0,2766.5,2475.0,1100.0,77781.0
2528,2024-12-03,324.5,346.5,346.5,418.0,2321.0,4757.5,5962.0,5868.5,4405.5,4004.0,2959.0,2909.5,3118.5,3162.5,3217.5,4163.5,4653.0,5313.0,5005.0,4906.0,3663.0,2574.0,2442.0,918.5,77759.0
2529,2024-12-04,319.0,308.0,313.5,368.5,2420.0,5087.5,5736.5,5434.0,4735.5,3998.5,3184.5,3129.5,3168.0,3217.5,3668.5,4147.0,4779.5,5307.5,4669.5,4730.0,3492.5,2750.0,2447.5,962.5,78375.0
2530,2024-12-05,269.5,264.0,264.0,396.0,2277.0,5043.5,5681.5,5582.5,4631.0,3795.0,2948.0,2915.0,3272.5,3217.5,3437.5,4207.5,4834.5,5236.0,5153.5,4317.5,3635.5,2656.5,2420.0,880.0,77335.5
2531,2024-12-06,258.5,242.0,247.5,319.0,2277.0,4900.5,5780.5,5643.0,4378.0,4152.5,3118.5,2849.0,3289.0,3366.0,3487.0,4383.5,4345.0,5681.5,4383.5,4862.0,3718.0,2607.0,2370.5,2024.0,78683.0
2532,2024-12-07,1446.5,1490.5,869.0,335.5,2365.0,4235.0,4515.5,4526.5,4581.5,3498.0,3030.5,3421.0,4328.5,4977.5,4752.0,4763.0,4752.0,4499.0,4004.0,3228.5,3118.5,3107.5,3052.5,2035.0,80932.5
2533,2024-12-08,1248.5,1056.0,742.5,225.5,797.5,2381.5,2354.0,2266.0,2139.5,2183.5,2431.0,2403.5,2497.0,2381.5,2447.5,2700.5,2579.5,2662.0,2607.0,2667.5,2442.0,2299.0,1925.0,1166.0,48603.5
2534,2024-12-09,1199.0,1259.5,1050.5,396.0,2370.5,4983.0,5846.5,5538.5,4686.0,3822.5,2849.0,2975.5,3063.5,3140.5,3278.0,4174.5,4708.0,5472.5,4928.0,4411.0,3509.0,2942.5,2266.0,1188.0,80058.0
2535,2024-12-10,324.5,313.5,313.5,429.0,2387.0,4961.0,5956.5,5929.0,4631.0,3663.0,3047.0,2992.0,3206.5,3151.5,3344.0,4136.0,4768.5,5280.0,5412.0,4383.5,3536.5,2728.0,2392.5,979.0,78265.0
2536,2024-12-11,302.5,308.0,291.5,324.5,2304.5,4840.0,6215.0,5351.5,4928.0,3360.5,3014.0,3019.5,3124.0,3311.0,3300.0,4174.5,4856.5,5307.5,4812.5,4614.5,3443.0,2904.0,2332.0,1034.0,77473.0
2537,2024-12-12,308.0,269.5,264.0,335.5,2557.5,4636.5,5566.0,5846.5,4741.0,3437.5,3256.0,2920.5,3195.5,3327.5,3388.0,4202.0,4741.0,5115.0,5346.0,4466.0,3437.5,2722.5,2409.0,1171.5,77660.0
2538,2024-12-13,247.5,242.0,253.0,363.0,2348.5,4845.5,6149.0,5588.0,4598.0,3767.5,3129.5,2953.5,3212.0,3355.0,3448.5,4301.0,4900.5,5252.5,4950.0,4565.0,3393.5,2821.5,2442.0,2321.0,79447.5
2539,2024-12-14,1006.5,308.0,308.0,385.0,2337.5,4086.5,4521.0,4680.5,4136.0,3536.5,3063.5,3371.5,4334.0,4790.5,4702.5,4658.5,4900.5,4394.5,3696.0,3520.0,3173.5,3008.5,2799.5,2134.0,77852.5
2540,2024-12-15,803.0,264.0,280.5,82.5,22.0,22.0,11.0,0.0,0.0,0.0,0.0,0.0,0.0,0.0,16.5,22.0,22.0,22.0,22.0,22.0,22.0,22.0,22.0,22.0,1699.5
2541,2024-12-16,280.5,286.0,297.0,385.0,2337.5,4812.5,5857.5,5610.0,4680.5,4246.0,3168.0,2981.0,3212.0,3217.5,3344.0,4240.5,4603.5,5186.5,5038.0,4889.5,3173.5,2821.5,2365.0,1056.0,78089.0
2542,2024-12-17,297.0,22.0,38.5,291.5,2387.0,5049.0,5681.5,5538.5,5159.0,3976.5,3080.0,3080.0,3063.5,3239.5,3410.0,4180.0,4664.0,5329.5,5104.0,4460.5,3663.0,2607.0,2332.0,704.0,77357.5
2543,2024-12-18,412.5,445.5,385.0,390.5,2321.0,4851.0,5868.5,5786.0,4801.5,3954.5,3278.0,2964.5,3140.5,3206.5,3360.5,4092.0,4565.0,5274.5,5186.5,4108.5,3487.0,2579.5,2513.5,979.0,77951.5
2544,2024-12-19,225.5,220.0,220.0,308.0,2172.5,4823.5,5500.0,5995.0,4631.0,3575.0,3487.0,2975.5,3041.5,3250.5,3344.0,4301.0,4796.0,5175.5,5060.0,4554.0,3316.5,2887.5,2453.0,1001.0,77313.5
2545,2024-12-20,214.5,192.5,203.5,297.0,2392.5,4741.0,5670.5,5258.0,4526.5,3498.0,2992.0,2959.0,3217.5,3206.5,3393.5,4279.0,4818.0,4537.5,4081.0,3987.5,3987.5,3410.0,2755.5,2079.0,76697.5
2546,2024-12-21,1012.0,280.5,291.5,418.0,2288.0,4218.5,4449.5,4719.0,4119.5,3366.0,3146.0,3470.5,4306.5,4741.0,4691.5,4576.0,4653.0,4416.5,3899.5,3404.5,3129.5,2904.0,2695.0,2216.5,77412.5
2547,2024-12-22,946.0,313.5,308.0,286.0,731.5,2392.5,2266.0,2134.0,2079.0,2238.5,2453.0,2464.0,2469.5,2442.0,2513.5,2464.0,2464.0,2601.5,2563.0,2678.5,2447.5,2304.5,1534.5,308.0,45402.5
2548,2024-12-23,308.0,308.0,308.0,440.0,2040.5,4587.0,5357.0,5632.0,4345.0,3591.5,2975.5,3102.0,3096.5,3234.0,3344.0,4086.5,4581.5,4988.5,4884.0,4449.5,3437.5,2799.5,2315.5,995.5,75207.0
2549,2024-12-24,346.5,346.5,297.0,379.5,2321.0,4092.0,4367.0,3382.5,3591.5,3256.0,2970.0,2821.5,3173.5,3190.0,3421.0,4378.0,4262.5,4339.5,4224.0,4257.0,3014.0,2662.0,1061.5,242.0,66396.0
2550,2024-12-25,258.5,258.5,258.5,253.0,770.0,2370.5,2255.0,2051.5,2051.5,2172.5,2172.5,2304.5,2315.5,2293.5,2376.0,2326.5,2299.0,2491.5,2260.5,2403.5,2343.0,2139.5,1562.0,302.5,42289.5
2551,2024-12-26,297.0,297.0,253.0,330.0,2227.5,3998.5,4020.5,4207.5,3866.5,3080.0,2761.0,2464.0,2519.0,2623.5,3333.0,4048.0,4312.0,4427.5,4334.0,3855.5,2904.0,2227.5,1930.5,918.5,65235.5
2552,2024-12-27,275.0,280.5,280.5,324.5,2205.5,3888.5,4037.0,4097.5,3839.0,2915.0,2420.0,2607.0,2601.5,2739.0,3520.0,4306.5,4383.5,4570.5,4482.5,4075.5,3069.0,2310.0,1947.0,1006.5,66181.5
2553,2024-12-28,313.5,308.0,319.0,506.0,2211.0,3943.5,4356.0,4152.5,3432.0,3025.0,2986.5,3272.5,4158.0,4526.5,4746.5,4653.0,4163.5,3718.0,3701.5,3245.0,3096.5,3146.0,2794.0,1039.5,71813.5
2554,2024-12-29,258.5,313.5,280.5,258.5,808.5,2315.5,2233.0,2150.5,2183.5,2161.5,2370.5,2431.0,2431.0,2398.0,2497.0,2480.5,2398.0,2579.5,2700.5,2541.0,2596.0,2156.0,1573.0,291.5,44407.0
2555,2024-12-30,308.0,308.0,291.5,440.0,2183.5,3745.5,3976.5,3899.5,3822.5,3052.5,2821.5,2673.0,2585.0,2827.0,3586.0,3965.5,4251.5,4576.0,4268.0,3828.0,3008.5,2211.0,1870.0,962.5,65461.0
2556,2024-12-31,308.0,297.0,286.0,478.5,2189.0,3762.0,3850.0,3602.5,2755.5,2552.0,2431.0,2530.0,2612.5,2805.0,3404.5,4086.5,4268.0,4191.0,3476.0,2843.5,2513.5,2117.5,874.5,242.0,58476.0
2557,2025-01-01,242.0,242.0,258.5,264.0,841.5,2260.5,2211.0,2051.5,2079.0,2035.0,2156.0,2211.0,2282.5,2310.0,2134.0,2304.5,2332.0,2425.5,2425.5,2414.5,2057.0,2178.0,1276.0,264.0,41255.5
2558,2025-01-02,291.5,286.0,280.5,346.5,2172.5,3745.5,3993.0,3938.0,3822.5,2904.0,2513.5,2662.0,2563.0,2766.5,3316.5,4191.0,4328.5,4565.0,4345.0,4141.5,2920.5,2227.5,1919.5,1045.0,65285.0
2559,2025-01-03,297.0,286.0,291.5,308.0,2321.0,3866.5,4064.5,3850.0,3965.5,2964.5,2695.0,2816.0,2788.5,2942.5,3498.0,4301.0,4389.0,4548.5,4444.0,3987.5,2953.5,2266.0,2035.0,907.5,66786.5
2560,2025-01-04,275.0,280.5,302.5,407.0,2150.5,3487.0,4224.0,4185.5,3861.0,2640.0,2453.0,2568.5,3696.0,4169.0,4202.0,3993.0,3069.0,3333.0,3245.0,3201.0,2552.0,2013.0,1875.5,808.5,62991.5
2561,2025-01-05,297.0,308.0,291.5,269.5,770.0,2370.5,2167.0,2123.0,1958.0,1919.5,1925.0,2040.5,2106.5,2183.5,2222.0,2249.5,2057.0,2343.0,2381.5,2288.0,2035.0,2068.0,1331.0,242.0,39946.5
2562,2025-01-06,236.5,242.0,231.0,236.5,825.0,2387.0,2057.0,2035.0,2024.0,2007.5,1996.5,1925.0,2211.0,2244.0,2282.5,2227.5,2266.0,2370.5,2530.0,2277.0,2288.0,2150.5,1413.5,302.5,40766.0
2563,2025-01-07,302.5,286.0,291.5,418.0,2326.5,3927.0,4290.0,4653.0,4053.5,2909.5,2552.0,2425.5,2557.5,2722.5,3421.0,4235.0,4361.5,4752.0,4570.5,3916.0,3223.0,2266.0,1963.5,869.0,67292.5
2564,2025-01-08,313.5,319.0,264.0,346.5,2238.5,4009.5,4554.0,4493.5,4048.0,2827.0,2700.5,2948.0,2948.0,2931.5,3410.0,4268.0,4455.0,4961.0,4658.5,3954.5,3085.5,2249.5,1908.5,918.5,68810.5
2565,2025-01-09,297.0,286.0,286.0,401.5,2315.5,3993.0,4592.5,4730.0,3690.5,2893.0,2552.0,2629.0,2579.5,2849.0,3443.0,4185.5,4455.0,4746.5,4631.0,3987.5,3096.5,2211.0,1870.0,990.0,67710.5
2566,2025-01-10,104.5,22.0,258.5,379.5,2117.5,4037.0,4592.5,4840.0,4147.0,3036.0,2695.0,2777.5,2854.5,2909.5,3426.5,4251.5,4383.5,4719.0,4537.5,4119.5,3069.0,2249.5,1969.0,1012.0,68508.0
2567,2025-01-11,308.0,308.0,308.0,418.0,2288.0,3509.0,3833.5,3349.5,3509.0,3322.0,2695.0,3008.5,3850.0,4246.0,4213.0,4196.5,4218.5,3448.5,3107.5,3118.5,2568.5,2084.5,2002.0,885.5,64795.5
2568,2025-01-12,291.5,291.5,280.5,264.0,786.5,2398.0,2035.0,1963.5,1886.5,2035.0,2117.5,1963.5,2200.0,2299.0,2277.0,2271.5,2282.5,2227.5,2370.5,2326.5,2211.0,2101.0,1303.5,269.5,40452.5
2569,2025-01-13,264.0,247.5,264.0,313.5,2491.5,4680.5,5302.0,5252.5,4730.0,3828.0,2904.0,2920.5,2651.0,2579.5,2766.5,3806.0,4713.5,5104.0,4823.5,4251.5,3025.0,2145.0,1919.5,913.0,71896.0
2570,2025-01-14,269.5,264.0,264.0,374.0,1826.0,4350.5,5247.0,5197.5,4603.5,3646.5,2821.5,2992.0,3025.0,3052.5,3217.5,3943.5,4614.5,5324.0,5021.5,4449.5,2937.0,2172.5,2002.0,825.0,72440.5
2571,2025-01-15,264.0,264.0,264.0,368.5,2288.0,4620.0,5324.0,4851.0,5038.0,3487.0,3014.0,2596.0,2623.5,2744.5,2893.0,3872.0,4697.0,5197.5,4862.0,4251.5,2909.5,2106.5,1974.5,957.0,71467.0
2572,2025-01-16,335.5,291.5,280.5,368.5,2381.5,4647.5,5313.0,5109.5,4669.5,3652.0,2706.0,2937.0,2772.0,2640.0,2799.5,3806.0,4757.5,4867.5,5357.0,3943.5,3690.5,2222.0,1974.5,891.0,72413.0
2573,2025-01-17,291.5,308.0,308.0,357.5,2277.0,4719.0,5467.0,5258.0,4526.5,3525.5,2596.0,2557.5,2656.5,2656.5,2926.0,4042.5,4840.0,5098.5,4713.5,4235.0,3014.0,2084.5,1947.0,847.0,71252.5
2574,2025-01-18,341.0,374.0,357.5,462.0,2282.5,3553.0,4372.5,4339.5,3932.5,2788.5,2491.5,2673.0,3993.0,4510.0,4367.0,4372.5,4400.0,3421.0,3179.0,3085.5,2524.5,2123.0,1996.5,830.5,66770.0
2575,2025-01-19,269.5,264.0,258.5,236.5,753.5,2370.5,2084.5,2002.0,1963.5,1969.0,2073.5,1985.5,2139.5,2260.5,2310.0,2260.5,2200.0,2205.5,2315.5,2216.5,2123.0,2068.0,1276.0,253.0,39858.5
2576,2025-01-20,242.0,242.0,236.5,396.0,2299.0,4719.0,5566.0,4510.0,3569.5,3371.5,2722.5,2574.0,2629.0,2546.5,2728.0,3723.5,4746.5,5164.5,4856.5,4257.0,3036.0,2205.5,1963.5,852.5,69157.0
2577,2025-01-21,286.0,286.0,286.0,374.0,2101.0,4752.0,5516.5,5472.5,4598.0,3663.0,2733.5,2535.5,2678.5,2684.0,2871.0,3806.0,4818.0,5214.0,4928.0,4603.5,3223.0,2156.0,2029.5,830.5,72446.0
2578,2025-01-22,335.5,291.5,264.0,330.0,2315.5,4763.0,5412.0,5214.0,4537.5,3789.5,2601.5,2777.5,3019.5,2904.0,3107.5,3806.0,4944.5,5109.5,4444.0,3982.0,2915.0,2079.0,1996.5,962.5,71901.5
2579,2025-01-23,319.0,308.0,308.0,407.0,2260.5,4873.0,5324.0,5258.0,4664.0,3685.0,2684.0,2838.0,2871.0,2865.5,2799.5,3800.5,4818.0,5159.0,4444.0,4240.5,3190.0,2442.0,1969.0,907.5,72435.0
2580,2025-01-24,352.0,330.0,269.5,335.5,2381.5,4620.0,4785.0,5857.5,4273.5,3949.0,2843.5,2662.0,2865.5,2865.5,2838.0,3872.0,4686.0,4977.5,4576.0,4372.5,3008.5,2112.0,1947.0,830.5,71610.0
2581,2025-01-25,253.0,242.0,242.0,286.0,2161.5,3520.0,4218.5,4081.0,3982.0,2887.5,2469.5,2530.0,3597.0,4169.0,4801.5,4229.5,4312.0,3415.5,3096.5,3063.5,2420.0,1974.5,1952.5,731.5,64636.0
2582,2025-01-26,258.5,264.0,264.0,258.5,847.0,2370.5,2024.0,2172.5,632.5,275.0,2079.0,1941.5,2205.5,2266.0,2348.5,2244.0,2216.5,2326.5,2392.5,2271.5,2167.0,2156.0,1353.0,242.0,37576.0
2583,2025-01-27,220.0,220.0,225.5,396.0,2271.5,4636.5,4812.5,5412.0,4752.0,3393.5,2904.0,2607.0,2634.5,2744.5,3008.5,3135.0,4037.0,5296.5,4873.0,4169.0,2871.0,2090.0,2057.0,880.0,69646.5
2584,2025-01-28,258.5,33.0,242.0,429.0,2194.5,4658.5,5500.0,5544.0,4823.5,3382.5,3008.5,2849.0,2706.0,2772.0,3030.5,3091.0,3965.5,5203.0,4917.0,4235.0,3069.0,2233.0,2167.0,962.5,71274.5
2585,2025-01-29,396.0,396.0,390.5,478.5,2205.5,4625.5,6116.0,5610.0,4900.5,3294.5,2882.0,2546.5,2722.5,2827.0,3041.5,3085.5,4009.5,5192.0,4922.5,4130.5,3124.0,2178.0,2167.0,863.5,72105.0
2586,2025-01-30,291.5,291.5,297.0,368.5,2266.0,4499.0,5929.0,5786.0,4906.0,3338.5,2920.5,2684.0,2816.0,2849.0,2953.5,3041.5,4136.0,5126.0,4911.5,4114.0,3217.5,2172.5,2123.0,808.5,71846.5
2587,2025-01-31,324.5,319.0,308.0,335.5,2337.5,4658.5,5709.0,5318.5,4268.0,3520.0,3019.5,2876.5,2706.0,2634.5,3316.5,3091.0,3905.0,5401.0,4774.0,4174.5,3173.5,2216.5,2189.0,885.5,71461.5
2588,2025-02-01,352.0,341.0,341.0,434.5,2189.0,3696.0,4279.0,4543.0,4031.5,2970.0,2552.0,2678.5,3921.5,4356.0,4361.5,4306.5,4213.0,3421.0,3355.0,3019.5,2711.5,1974.5,1903.0,841.5,66792.0
2589,2025-02-02,242.0,247.5,247.5,253.0,830.5,2414.5,2117.5,2123.0,1991.0,1952.5,2062.5,1936.0,2161.5,2189.0,2189.0,2222.0,2299.0,2310.0,2321.0,2249.5,2145.0,2205.5,1419.0,236.5,40364.5
2590,2025-02-03,236.5,253.0,247.5,374.0,2216.5,4416.5,5687.0,5736.5,4664.0,3520.0,3014.0,2821.5,2948.0,3058.0,3014.0,3036.0,4229.5,5291.0,5175.5,4213.0,2766.5,2277.0,2189.0,836.0,72220.5
2591,2025-02-04,264.0,264.0,264.0,324.5,2387.0,4730.0,5648.5,5901.5,4790.5,2667.5,4625.5,2986.5,2827.0,2673.0,2986.5,3008.5,3998.5,4906.0,4609.0,3690.5,3234.0,2084.5,2035.0,902.0,71808.0
2592,2025-02-05,308.0,308.0,308.0,335.5,2271.5,4433.0,4785.0,5461.5,4686.0,3542.0,2821.5,2926.0,2970.0,2959.0,2959.0,3008.5,4075.5,5291.0,4251.5,4031.5,3349.5,2464.0,2128.5,902.0,70576.0
2593,2025-02-06,313.5,275.0,319.0,379.5,2068.0,4856.5,5868.5,5808.0,4922.5,3613.5,2953.5,2546.5,2612.5,2772.0,3019.5,3085.5,4125.0,5181.0,4851.0,4284.5,2871.0,2282.5,2046.0,907.5,71962.0
2594,2025-02-07,330.0,330.0,324.5,335.5,2233.0,4471.5,5456.0,5879.5,4834.5,3487.0,2909.5,2497.0,2827.0,2739.0,3036.0,3041.5,4207.5,5318.5,4878.5,4152.5,3058.0,2117.5,2123.0,1012.0,71599.0
2595,2025-02-08,335.5,330.0,330.0,330.0,2227.5,3624.5,4301.0,4361.5,3850.0,2755.5,2497.0,2640.0,3811.5,4312.0,4312.0,4257.0,4262.5,3344.0,3085.5,2970.0,2414.5,1963.5,1771.0,808.5,64894.5
2596,2025-02-09,264.0,264.0,264.0,247.5,632.5,2332.0,1969.0,1963.5,2090.0,1969.0,1991.0,1947.0,2079.0,2183.5,2216.5,2161.5,1551.0,1518.0,1749.0,2205.5,2024.0,1930.5,1501.5,1276.0,38329.5
2597,2025-02-10,247.5,242.0,242.0,286.0,1809.5,5175.5,4972.0,5786.0,5104.0,3509.0,2926.0,2898.5,2992.0,3036.0,3080.0,3063.5,4185.5,5395.5,5214.0,3927.0,3212.0,2321.0,2255.0,852.5,72732.0
2598,2025-02-11,308.0,308.0,297.0,324.5,2134.0,4757.5,6033.5,5753.0,4779.5,3514.5,2821.5,2821.5,2876.5,2964.5,3069.0,3173.5,4103.0,4999.5,5148.0,3734.5,3135.0,2238.5,2282.5,885.5,72462.5
2599,2025-02-12,269.5,275.0,286.0,319.0,2260.5,4796.0,6391.0,6000.5,4983.0,3410.0,2750.0,2887.5,2959.0,2871.0,3052.5,3162.5,4262.5,5258.0,5335.0,4064.5,3151.5,2293.5,2205.5,869.0,74112.5
2600,2025-02-13,280.5,280.5,280.5,302.5,2304.5,4702.5,5973.0,6050.0,4686.0,3525.5,3025.0,2612.5,2739.0,2788.5,3129.5,3173.5,4070.0,5346.0,5054.5,3998.5,3338.5,2491.5,2024.0,1006.5,73183.0
2601,2025-02-14,286.0,280.5,275.0,341.0,2244.0,4664.0,5731.0,5835.5,4955.5,3487.0,2986.5,2552.0,2640.0,2711.5,3025.0,3140.5,4471.5,5219.5,4851.0,4136.0,3168.0,2315.5,2244.0,907.5,72468.0
2602,2025-02-15,286.0,280.5,286.0,330.0,2458.5,3932.5,4405.5,4367.0,3927.0,2766.5,2480.5,2662.0,3971.0,4433.0,4526.5,4213.0,4411.0,3525.5,3195.5,3003.0,2486.0,2013.0,1996.5,984.5,66940.5
2603,2025-02-16,250.502,0.0,0.0,0.0,0.0,0.0,0.0,0.0,0.0,0.0,0.0,0.0,0.0,0.0,0.0,0.0,0.0,0.0,0.0,0.0,26.128,28.5208,28.96,116.2152,450.326
2604,2025-02-17,281.306,298.698,296.3824,388.7272,2270.1964,4689.4444,5794.8436,6052.4624,5472.102,3641.5172,3248.368,3215.0808,3148.4552,2832.5572,3486.8872,4476.1308,5219.0224,5717.7424,5302.1672,4066.368,3736.928,2445.5608,2055.1536,972.7928,79108.894
2605,2025-02-18,272.186,270.0944,266.8436,343.1856,2383.5024,4955.6408,6098.3536,6564.6692,5068.1672,3851.1824,3022.9744,2925.7136,2718.5352,2813.0444,3365.83,4316.3564,5095.4692,5774.55,5398.5352,4755.2728,3295.408,2347.12,2117.146,904.5892,78924.3696
2606,2025-02-19,285.44,287.5272,288.2008,381.862,2269.6944,4962.288,6694.1208,6076.586,4946.928,3914.31,3090.262,2867.1856,2690.822,2775.226,3242.778,4390.4844,5134.3564,5575.9128,5185.0544,4859.808,3415.648,2594.3752,2252.5456,810.6256,78992.0412
2607,2025-02-20,330.782,324.956,325.582,390.396,2264.84,4927.2252,6273.458,5890.4652,5115.4,3973.076,3080.6872,2850.902,2954.258,2909.52,3500.0,4220.0092,4888.9632,5465.726,4792.3972,4362.44,3287.784,2417.236,2060.216,780.774,77387.0932
2608,2025-02-21,309.88,294.174,271.908,403.2732,2240.4472,4773.7452,5913.0032,5764.2,5063.7272,3476.9332,2984.868,2700.5672,2792.114,2818.6252,3227.688,4178.2912,5017.382,5226.2852,5066.476,4415.992,2989.622,2361.3892,2059.9332,783.374,75133.8984
2609,2025-02-22,323.326,322.416,307.1352,352.6,2313.712,3543.0412,4629.634,4553.9392,3938.2372,2710.8992,2820.2352,2579.0152,3903.3672,4294.83,4328.5652,4248.646,4199.302,3429.908,3085.54,3009.32,2424.064,1993.764,1868.266,913.8,66093.5628
2610,2025-02-23,296.1412,290.694,286.824,265.228,786.198,2422.1772,2002.7652,2078.104,2034.7512,2081.608,2001.81,2095.876,2210.2892,2318.792,2501.6192,2402.76,2344.1192,2630.348,2463.8832,2259.866,2131.7952,2151.664,1363.8472,263.502,41684.662
2611,2025-02-24,253.274,250.842,253.7612,393.7772,2302.814,4645.498,6169.842,5751.154,5038.0512,3645.2632,2895.77,2880.37,2769.102,2983.1112,3305.24,4097.008,4806.6732,5134.4392,5122.226,4232.6012,3211.5652,2203.5552,2063.7132,888.872,75298.5232
2612,2025-02-25,336.474,331.964,334.67,414.228,2240.388,4754.0472,5059.4152,5930.608,4557.5572,3577.3992,2980.526,2940.5092,2830.7472,2710.0172,3318.986,4082.1312,4905.2652,5405.152,5059.846,4438.5052,2946.4672,2302.6972,2067.486,800.4612,74325.5476
2613,2025-02-26,267.9412,270.274,269.054,356.004,2414.1552,4803.218,5952.282,5823.8772,4621.0352,3897.4512,2806.1992,2751.974,2758.9592,2776.974,3338.8432,4223.548,4781.232,5395.168,4883.4132,4857.1,3540.736,2351.7132,1997.198,920.1052,76058.4552
2614,2025-02-27,374.7132,371.046,378.1032,456.266,2193.692,4897.5112,6357.534,5748.7572,5044.914,3593.384,3189.0272,2737.3512,2771.7852,2772.018,3256.532,4125.3912,4869.5452,5306.864,4992.382,4452.664,3093.334,2458.428,2029.932,938.954,76410.1288
2615,2025-02-28,349.194,345.974,358.188,435.63,2192.412,4754.178,5552.56,6115.094,4797.1352,3869.976,3104.2292,2758.4892,2786.858,2886.6472,2995.276,4267.9912,4978.19,5314.542,5036.4692,4443.6792,3394.9992,2226.5232,1977.15,895.212,75836.5968
2616,2025-03-01,334.8932,339.2432,346.0812,385.784,2380.388,3910.0132,4338.442,4315.09,4020.062,2873.7932,2773.796,2853.918,4057.0852,4433.2152,4335.712,4469.46,4362.758,3490.5552,3122.81,3026.7292,2426.3792,2021.102,1911.3792,771.014,67299.7032
2617,2025-03-02,294.7172,296.9032,290.904,281.9892,790.366,2397.062,2074.43,2163.4612,2084.864,2044.6972,2168.9692,2130.14,2177.974,2325.9112,2341.3412,2244.2492,2310.6212,2402.2172,2382.7212,2345.7592,2104.204,2142.4832,1393.902,280.816,41470.7028
2618,2025-03-03,288.698,296.7572,275.2932,381.494,2311.9332,5109.128,5741.072,5571.8312,5141.6592,3546.308,2886.29,2637.776,2729.346,2722.6192,3325.1832,4079.3352,4889.146,5216.03,5146.8912,4425.4472,2826.7092,2161.322,2066.994,781.648,74558.9112
2619,2025-03-04,345.232,365.234,361.0792,377.3712,2303.7852,4635.5592,5812.036,5610.608,4972.4492,3618.7312,2997.606,2683.1072,2818.9,2667.352,3228.5992,4102.0212,4955.2452,5198.554,4933.88,4435.756,3042.87,2374.4452,2022.2832,822.374,74685.0784
2620,2025-03-05,324.202,330.784,329.6052,333.858,2100.1192,4651.858,5950.6292,5033.566,5338.6492,3410.02,2970.4072,2793.0652,3065.2472,2940.9052,3373.264,4136.5592,4681.892,5297.124,4956.412,4259.4812,2666.132,2268.9692,1978.25,750.8032,73941.8024
2621,2025-03-06,303.2452,312.2572,312.054,376.3152,2300.374,4753.128,5972.0172,5378.7552,5077.9632,3586.958,2877.338,2658.354,2864.9832,2601.6852,3018.8392,3982.9912,4999.208,5528.0052,4801.0092,4547.0232,2954.1272,2281.78,1987.072,855.724,74331.2068
2622,2025-03-07,314.0492,313.504,312.7892,383.744,2254.962,5026.0892,5941.704,5921.396,5040.71,3560.8392,2822.746,2728.8152,2589.3372,2738.312,3069.396,4119.2692,4754.1272,5353.6592,4754.344,4325.2332,3171.778,2339.5732,2143.95,915.07,74895.3972
2623,2025-03-08,328.3072,328.5552,328.776,395.7372,2429.728,3317.562,4620.776,4361.32,3803.6892,3091.8392,2764.722,2837.702,4235.4412,4272.252,4267.502,4419.9012,4262.512,3508.6792,3266.59,2934.7032,2393.624,2078.022,1912.99,917.012,67077.9428
2624,2025-03-09,643.2052,770.8272,808.176,878.65,1493.36,3944.816,3653.5232,3348.158,3433.4792,3648.032,3703.4932,3858.7612,4051.9312,4211.0572,4113.7812,4103.0972,3997.864,4382.628,4197.128,4158.45,3914.222,3704.8752,3284.234,1156.204,75459.9532
2625,2025-03-10,341.0552,298.4592,295.9472,397.268,2230.246,4993.0472,4144.8572,3993.6032,5308.2612,3657.6592,3180.5852,2790.872,2808.266,2848.466,3129.906,4156.328,4968.704,5215.3712,5043.556,4198.22,3049.6752,2220.5212,2058.2612,906.022,72235.1576
2626,2025-03-11,400.544,401.556,392.312,473.4112,2131.6312,4731.016,5944.8332,5777.0592,4694.3932,3423.8892,2809.816,2647.6532,2726.672,2630.7812,3195.944,4132.0632,4850.8032,5144.598,5227.392,4319.324,2898.188,2281.79,1985.828,953.06,74174.558
2627,2025-03-12,327.4892,326.1672,325.4932,382.732,2199.5632,4560.3072,5679.5992,5868.858,4851.6852,3654.4152,2874.6352,2547.3492,2631.772,2602.996,3161.2312,4170.7592,4811.8392,5130.0412,4885.4772,4163.6212,2837.06,2173.982,2037.9892,878.4852,73083.5476
2628,2025-03-13,374.904,330.1172,330.122,442.6892,2156.89,4763.0232,5873.9012,5362.7472,4766.2932,3629.868,2674.912,2597.256,2866.42,2643.498,3108.344,4053.8212,4830.2172,5062.428,4891.644,4218.102,3211.398,2257.2992,1939.4512,814.0832,73199.4292
2629,2025-03-14,264.732,261.9852,276.8112,403.264,2308.65,4578.294,5906.2012,5701.804,4663.612,3268.05,2789.5732,2710.5352,2631.614,2922.262,3252.0432,4292.69,4817.342,5289.7272,4926.554,4216.908,2804.118,2268.662,2154.726,852.7892,73562.9476
2630,2025-03-15,305.958,301.2512,301.3672,316.0172,2432.5292,3588.9,4419.024,4344.9332,3758.058,2784.896,2611.4692,2572.096,3976.99,4424.776,4214.01,4301.3352,4228.888,3472.8632,3157.6532,3145.1492,2383.6092,2076.6932,2065.8032,883.428,66067.6976
2631,2025-03-16,60.1092,27.9072,28.0192,27.7712,27.308,27.314,27.37,27.2152,27.148,26.9392,26.782,27.2552,27.17,27.1992,27.2872,27.3352,27.362,27.4492,27.422,27.4392,27.3032,27.4472,27.61,27.57,689.7328
2632,2025-03-17,177.2812,279.244,280.0372,346.804,2180.0812,4628.488,5840.0,5819.2072,4906.39,3414.6992,3003.3632,2657.296,2882.4152,2669.168,3154.6112,4072.562,4795.2292,5143.9412,5023.8132,3798.9812,3153.068,2300.8212,2033.582,902.8872,73463.9708
2633,2025-03-18,274.552,274.666,274.9612,401.5852,2280.392,4699.236,5881.8752,5794.752,4493.752,3788.088,3108.5672,2681.046,2768.8692,2750.436,3104.48,4111.1212,4726.81,5295.434,4964.3792,4273.2472,2814.8792,2317.7672,2083.65,792.1132,73956.6592
2634,2025-03-19,315.5452,311.4972,312.3532,336.972,2355.9352,4498.552,5744.5272,6240.61,4730.3932,3597.398,3001.6372,2625.5252,2763.6532,2764.334,3085.02,4100.8432,5058.614,5171.8732,5290.6392,4475.082,3235.0192,2230.052,1921.592,986.5292,75154.1968
2635,2025-03-20,339.176,338.4292,339.424,383.892,2328.3772,4598.6112,5879.444,5817.5812,4649.6752,3645.7232,3067.7592,2637.1932,2847.9332,2687.1852,3181.1452,4083.2772,4890.66,5342.5572,5121.9152,4303.044,3024.566,2304.8932,2039.5152,882.482,74734.4592
2636,2025-03-21,329.724,269.604,259.6532,336.6412,2042.542,4598.3112,5855.888,5747.338,4867.712,3553.096,2851.774,2805.224,3007.768,2827.4012,3283.2092,4151.0172,5060.3992,5227.7532,5003.2312,4163.858,3191.808,2371.7012,2177.9532,781.624,74765.2312
2637,2025-03-22,252.5512,291.5232,338.2492,381.4252,2365.6532,3772.3452,4523.6432,4441.28,3891.352,2941.406,2595.25,2776.7912,4057.9792,4462.7032,4457.7332,4374.738,4187.5632,3439.1892,3170.312,3058.8572,2667.0132,2035.012,2014.8072,900.3772,67397.7544
2638,2025-03-23,519.666,803.978,788.4872,899.454,1819.6752,3866.9872,3463.434,3471.8392,3500.0552,3677.5832,3582.598,3894.4792,3992.5952,4075.5232,4180.3052,4020.9452,3964.1692,4177.584,4147.62,4129.5332,4208.16,3888.662,2741.808,931.512,74746.6536
2639,2025-03-24,872.3032,817.61,843.698,879.2072,1790.4352,3882.8892,3502.69,3450.5532,3424.314,3660.54,3855.482,3901.07,4077.716,4065.256,4150.0492,4082.668,4133.0452,4153.9652,4299.5952,4184.756,3776.0192,3725.0652,2677.032,961.978,75167.9372
2640,2025-03-25,565.0452,282.902,266.7652,363.6592,2295.4572,4900.462,6126.702,5832.564,5079.63,3786.934,3060.192,2855.9852,2744.9132,2645.898,3224.766,4091.1932,4786.7472,5445.404,5025.6612,4218.6312,3104.1212,2269.6792,2004.862,823.904,75802.0784
2641,2025-03-26,370.05,383.71,370.3832,454.3392,2211.4932,4789.3432,5836.254,5595.352,4866.168,3631.05,2756.798,2599.38,2602.31,2619.0212,3194.5052,3862.0212,5121.0252,5038.9112,5012.366,4431.9512,3170.596,2423.7772,1958.264,816.832,74115.9012
2642,2025-03-27,344.56,343.096,334.802,459.218,2113.6912,4431.3012,5671.452,5721.3292,4785.93,3629.9012,3018.088,2618.806,2741.73,2820.57,3102.0572,4211.758,4560.9332,5528.6152,5055.188,4261.48,3203.8132,2389.1792,2096.0352,993.302,74436.836
2643,2025-03-28,340.666,353.9432,365.614,442.708,2126.968,4765.8992,5621.8932,5720.0252,4744.788,3503.896,2877.556,2623.9912,2668.7012,2665.2492,3175.552,4086.85,5040.668,5277.1752,4840.9112,4231.6072,2810.22,2228.6672,2102.8252,1012.82,73629.1944
2644,2025-03-29,322.9052,323.4932,352.066,415.88,2245.4232,3488.638,4417.9072,4474.422,3885.8572,2819.912,2606.698,2714.17,4025.0132,4374.8112,4351.9372,4291.1632,4228.774,3404.752,3136.7112,3037.982,2344.34,1975.9152,1981.5392,862.496,66082.8064
2645,2025-03-30,300.196,298.364,295.9852,293.098,801.5912,2452.0532,2088.858,2023.808,2019.9112,2030.9532,1930.9912,2069.0032,2126.826,2285.8752,2321.0012,2207.12,2289.9292,2250.0532,2371.9272,2262.396,2097.63,1973.328,1233.8032,338.726,40363.4276
2646,2025-03-31,298.902,299.6692,313.1932,412.796,2196.198,4406.7752,5872.27,5292.644,4944.384,3824.9752,3219.2912,2578.8452,2760.806,2606.1132,2951.434,3961.61,4868.15,5138.4092,4914.738,4568.3272,2740.21,2261.086,1959.462,766.4392,73156.728
2647,2025-04-01,264.646,267.182,293.0452,377.076,2200.75,4417.294,5633.126,5879.21,4727.0832,3776.6332,3216.914,2922.6492,2776.0052,2965.016,3270.8792,4005.058,4946.344,5077.414,4708.518,3962.5252,3587.5672,2259.124,1969.088,858.1612,74361.3088
2648,2025-04-02,384.426,330.326,333.2332,363.356,2203.5992,4631.02,6062.426,5659.4132,4515.782,3643.7552,2881.8492,2898.9392,2805.1672,2936.064,3138.4832,4020.9572,4826.872,5238.3412,4645.3872,4416.4492,2926.776,2224.43,2039.8532,1511.632,74638.5376
2649,2025-04-03,601.502,340.016,337.076,395.2372,2209.052,4636.96,5387.644,6279.7712,4879.6632,3432.9552,3032.7932,2804.166,2643.7312,2575.796,2951.4632,4026.1912,4688.826,4954.9752,5030.8592,4018.8472,3005.79,2030.34,1899.122,718.9532,72881.7304
2650,2025-04-04,244.2572,272.214,328.078,397.9992,2254.6532,4504.366,6129.4552,5577.9692,4424.9232,3636.1212,2837.354,2782.9172,2748.302,2847.8832,3170.788,4196.522,4883.002,5058.6592,4767.9112,4056.138,3024.9172,2318.758,2041.8172,784.0992,73289.1048
2651,2025-04-05,318.346,367.124,310.7272,381.0232,2244.278,3500.098,4516.198,4447.4392,3865.856,2863.1572,2711.258,2839.132,3857.2092,4340.0432,4286.8532,4291.778,4309.2592,3525.1612,3213.236,3106.9032,2594.4112,1986.128,2000.1972,830.212,66706.0284
2652,2025-04-06,323.674,321.448,319.7152,328.682,854.344,2396.1872,2198.29,2048.818,2053.2832,2052.6732,2032.0852,2015.098,2206.614,2198.2052,2155.598,2195.144,2284.2572,2418.432,2238.214,2166.5872,2061.45,1932.7932,1182.1,260.762,40244.4548
2653,2025-04-07,281.2352,273.06,268.986,313.8232,2255.3552,4510.8232,5981.69,5644.4552,4638.2332,3354.7472,2977.762,2723.446,2719.258,2667.186,3260.374,4278.41,3295.078,4506.48,5165.826,3593.176,3066.294,2290.9152,2144.5192,952.346,71163.4788
2654,2025-04-08,272.0272,268.7552,305.35,414.082,2315.0052,4738.5,5647.8872,5620.612,4331.0072,3895.888,3144.102,2757.252,2846.246,2810.8512,3208.4872,4108.712,4559.5732,5343.0872,4840.13,4062.5352,3575.752,2418.4052,1922.292,810.116,74216.6552
2655,2025-04-09,301.9312,297.0632,291.5392,371.716,2276.84,4672.2732,5545.408,6458.9052,4679.9592,3916.568,3030.526,2647.994,2737.558,3066.734,3105.5012,4073.7,4874.532,5379.3852,4699.496,4134.274,3131.5812,2631.252,2070.7832,905.246,75300.766
2656,2025-04-10,321.942,322.1632,324.4832,357.072,2097.0012,4584.804,5654.594,5478.1712,5168.232,3566.19,2957.546,3045.192,2723.952,2788.3532,3098.986,3989.0912,4916.128,5322.684,4994.8312,4360.64,2943.668,2269.256,2046.5812,847.9672,74179.5288
2657,2025-04-11,339.9832,341.1952,339.2152,394.7632,2122.146,4037.218,4560.2892,5476.6732,5014.14,3258.488,2756.184,3209.1952,2772.1092,2735.8412,3249.858,4267.4912,4793.8212,4971.7492,4865.928,4450.412,3118.5872,2231.9692,2020.46,783.238,72110.9548
2658,2025-04-12,291.3212,284.8792,282.37,335.6712,2219.12,3533.0912,4112.3112,4375.888,4035.296,2769.6412,2716.116,4057.1492,4359.6372,4447.544,4341.0172,4533.9412,4352.4232,3993.9352,3639.2872,3126.6732,2417.8452,2105.164,1954.278,813.41,69098.01
2659,2025-04-13,991.062,1138.338,280.8712,292.4392,788.9732,2370.7212,2195.77,2143.952,2154.736,2026.3632,2319.508,2918.5512,4219.626,4208.506,4470.8432,4293.022,4230.014,3885.9412,3665.8492,2950.9752,2550.1292,1968.758,1230.3152,392.498,57687.7624
2660,2025-04-14,1210.6052,684.068,332.11,457.644,2262.7272,3943.1732,6174.6352,5333.338,4427.792,3758.6872,3185.376,2712.318,2737.174,2543.81,3184.276,4120.368,4624.186,5306.6372,4947.9692,3873.8192,3375.2272,2464.896,1971.7,865.4532,74497.99
2661,2025-04-15,299.3592,296.1632,293.966,364.394,2182.5492,4636.5192,5809.854,5714.4372,4739.952,3438.6,3112.992,2743.4412,2715.222,2618.692,3169.7692,4139.9152,4799.9472,5184.776,4884.5952,4144.122,3308.1532,2344.072,2051.5772,883.904,73876.9724
2662,2025-04-16,333.396,332.3352,329.96,390.4232,2283.6472,4612.8272,5582.9272,5565.598,4545.9,3267.958,2915.5452,2788.162,2609.896,2671.6852,3189.72,4127.8352,4664.7112,5096.062,4555.27,3221.016,2389.3472,2304.808,2003.8152,807.8832,70590.7284
2663,2025-04-17,325.162,330.812,323.6952,314.4932,765.626,2377.0652,2086.0772,2015.898,2024.542,1935.054,1907.256,2007.4252,2125.352,2135.6792,2157.212,2163.984,2238.9452,2277.2972,2367.148,2174.1612,2068.462,2074.746,1306.608,305.302,39808.0028
2664,2025-04-18,290.0472,273.838,292.9152,293.414,727.816,2314.1312,2030.698,1971.6232,2029.2312,1983.0532,2036.506,2070.3732,2210.114,2238.734,2168.2492,2168.2072,2236.85,2281.4652,2312.4192,2226.9992,2101.298,1930.6332,1303.5112,270.1972,39762.324
2665,2025-04-19,277.2012,277.85,275.9992,338.248,2201.6692,3397.132,4118.5772,3747.0332,3787.7592,2908.204,2641.472,2616.6612,3727.722,4121.5492,4094.4752,4049.224,3177.382,3165.862,3112.1632,3072.8892,2411.586,2030.194,2022.3272,888.9512,62462.1316
2666,2025-04-20,284.3592,294.004,278.202,272.6372,779.1652,2396.8,2018.506,2105.392,2016.2892,2105.3012,1921.326,2003.6792,2219.7612,2308.618,2265.75,2144.836,2339.1852,2116.512,2394.798,2354.306,2264.85,2216.6352,1294.868,298.7772,40694.558
2667,2025-04-21,291.728,286.5092,286.044,331.92,1849.414,4937.178,5684.42,5349.5732,4694.5552,3202.0972,2701.214,2693.2732,2710.2052,2925.422,3104.5712,3964.8612,4723.6652,5239.75,5029.736,4410.1452,2946.9932,2306.7812,1921.674,739.1992,72330.9296
2668,2025-04-22,308.9992,308.6552,323.0372,361.262,2212.324,4692.32,5251.866,5585.5492,4989.954,3168.88,3139.216,2612.8872,2693.2152,2544.228,3170.948,4042.7632,4933.3952,5162.0052,4380.8892,4286.162,3242.17,2452.402,1982.5412,818.2472,72663.9164
2669,2025-04-23,333.89,328.8012,337.876,376.3452,2229.316,4664.168,5963.6912,5556.99,4718.668,3512.4772,2982.9952,2658.098,2714.77,2621.3852,3143.566,4022.67,4828.8652,5192.348,4725.1572,4223.8972,3408.852,2337.3972,2023.4212,861.8432,73767.4884
2670,2025-04-24,314.114,329.552,322.6412,405.416,2168.052,4339.23,5297.348,5320.7492,5023.996,3603.498,2923.688,2942.81,2793.044,2617.6292,3063.6892,4025.4692,4805.4792,5323.564,5075.1712,4478.564,2895.788,2600.44,1995.43,831.4432,73496.8056
2671,2025-04-25,354.1752,360.6472,357.466,398.7992,2184.22,4775.338,5712.6052,5443.664,4689.5052,3341.692,2749.8152,2618.488,2961.83,2907.03,2263.06,1937.67,4290.0132,5223.6452,4490.3552,3602.9492,2698.42,2220.9712,2012.6712,886.7052,68481.7356
2672,2025-04-26,315.492,356.0312,350.3872,370.9592,2209.4712,3582.2252,4347.5912,4253.5652,3792.2652,2812.1032,2689.084,3043.392,4118.336,4456.5,4129.3132,4196.5832,4290.068,3362.712,3263.9412,3117.956,2389.9392,1994.5652,1983.3532,897.7552,66323.5892
2673,2025-04-27,310.9332,518.776,1051.1852,285.6392,789.468,2309.8712,1992.672,2077.8512,1981.4852,2039.0912,2088.93,1964.2912,2018.2012,2153.1432,2274.37,2210.78,2264.614,2374.218,2291.626,2247.0112,2087.4892,1983.3292,1194.156,285.79,40794.9216
2674,2025-04-28,290.886,293.7472,295.1132,346.5052,2184.936,4400.0132,5720.522,5337.594,4933.462,3515.1,2892.402,2636.17,2654.4912,2715.7972,3169.098,4035.3952,4753.824,5291.726,5132.1852,4023.1812,3017.2652,2219.6032,2032.4572,798.168,72689.6424
2675,2025-04-29,351.39,347.91,347.64,363.292,1342.182,4400.538,5315.38,5403.252,4931.56,3454.194,2965.8372,2683.716,2585.198,2747.894,3140.246,4124.8412,4748.908,5442.688,4955.9712,4260.954,3040.1732,2242.3192,2084.506,898.3972,72178.9872
2676,2025-04-30,332.3072,328.4632,329.6,350.7312,2126.166,4561.07,5809.4092,5554.2032,5050.0212,3665.2592,3036.4052,2800.698,2916.1312,2796.854,3348.4952,4242.0552,5044.148,5152.3272,4451.14,4501.4392,3365.3392,2240.3732,2000.0672,834.706,74837.4092
2677,2025-05-01,333.804,352.904,348.324,307.8432,681.104,2408.222,2131.6552,2056.2932,1980.2352,2014.18,2028.962,1962.852,2187.74,2213.906,2215.3692,2173.3832,2252.0412,2282.5192,2221.3232,2264.118,2085.9192,2124.9352,1357.402,339.288,40324.3232
2678,2025-05-02,330.2892,325.3112,322.3212,355.5452,2117.9092,4775.96,6070.604,5814.3452,4586.6,3241.2932,2697.576,2488.27,2629.8612,2597.046,3160.094,4207.2072,4744.9272,5008.7792,4757.12,4529.024,2851.2332,2312.7,2052.986,866.2212,72843.2236
2679,2025-05-03,367.444,365.736,365.684,418.768,2232.818,3633.1632,4415.0732,4394.0292,3877.9232,2684.9272,2579.072,2704.174,3936.644,4473.776,4414.7472,4295.5352,4477.798,3498.4412,3280.532,2961.9,2579.1292,1957.856,1902.9852,925.788,66743.944
2680,2025-05-04,291.8652,289.4432,285.0532,283.092,768.186,2442.0032,2041.0732,2024.958,2028.9072,2036.852,2066.526,2074.8912,2131.656,2259.1732,2192.3032,2308.2312,2251.28,2311.0792,2296.8352,2157.986,2040.592,1985.8852,1288.686,291.672,40148.2296
2681,2025-05-05,294.848,292.78,288.7712,321.6132,2148.758,4545.004,5556.3652,5935.774,4690.058,3489.626,2750.546,2541.6552,2658.184,2484.214,3188.886,3982.8232,4601.9,5425.494,4997.3012,4231.2,2767.352,2161.53,1930.846,774.4192,72059.9484
2682,2025-05-06,272.3892,270.5012,269.4552,311.9372,2311.94,4618.9292,5578.346,5975.156,4574.88,3277.5332,3131.7,2700.81,2646.7452,2653.2992,3113.9772,4017.3812,4722.1072,5292.1352,4725.974,4273.6652,2912.636,2253.014,1980.156,840.7752,72725.4428
2683,2025-05-07,257.932,258.2312,267.4992,309.32,2203.588,4755.996,5724.2972,5805.48,4891.616,3499.192,2863.098,2837.44,2903.086,2881.6432,3260.0252,4233.0872,4882.092,5242.7192,5060.9112,4284.2652,2944.702,2285.902,2016.726,907.348,74576.1968
2684,2025-05-08,259.1292,258.378,262.9172,332.208,2227.2,4808.422,5658.6512,5787.4052,4932.678,3512.7112,2740.4012,2577.6512,2602.274,2641.6892,2988.9532,3876.2772,4766.068,5096.5032,4693.3452,4206.962,2941.7212,2176.1532,2050.3652,863.808,72261.872
2685,2025-05-09,272.2172,264.2692,274.378,352.6072,2069.6692,4527.5412,5207.08,5936.6872,4496.826,3472.906,2970.2172,2784.5512,2724.362,2633.846,3050.384,4142.0712,4895.1212,5287.74,4946.2212,4516.7892,2793.906,2118.696,2036.9212,884.99,72659.9976
2686,2025-05-10,292.1492,277.18,272.722,363.6952,2136.284,3739.696,4292.0752,4517.756,3943.076,2760.4112,2507.7052,2800.152,4071.818,4454.806,4408.5892,4306.5352,4432.568,3539.112,3173.374,3075.2652,2619.7612,2057.364,1943.454,793.692,66779.2408
2687,2025-05-11,255.144,254.1632,252.5192,257.654,769.274,2237.122,2067.508,1968.4052,1954.9512,1960.878,2074.6252,2082.9712,2177.8872,2225.328,2314.6952,2239.8392,2182.4532,2401.382,2316.1072,2281.0412,2092.0472,2091.2472,1347.768,370.83,40175.8408
2688,2025-05-12,284.9572,285.37,283.708,379.1712,2258.7532,4531.022,5971.82,5610.974,4760.1252,3520.3132,2783.428,2623.2692,2706.0712,2692.9052,3161.6312,4086.43,4680.292,5569.9752,5198.4352,4190.4232,2881.6932,2242.7532,1981.362,908.8812,73593.764
2689,2025-05-13,270.624,331.258,333.084,385.388,2194.4252,4707.0972,5791.696,5636.844,4717.452,3416.6332,2694.3772,2649.2112,2866.8892,2842.932,3123.71,4207.764,4875.2112,5433.3772,5129.7912,4180.7972,2767.62,2310.102,1912.298,889.2332,73667.8152
2690,2025-05-14,283.7912,279.95,278.5672,330.262,2117.45,4482.6612,5781.9372,5631.7732,4899.9432,3623.26,3003.646,2751.4012,2728.122,2742.132,3253.074,4203.4872,4903.6632,5315.6372,5060.574,4527.858,3168.152,2337.638,2172.16,828.246,74705.386
2691,2025-05-15,285.618,284.642,284.1072,364.0592,2115.5312,4624.726,5608.3252,5479.7292,4552.3072,3479.078,2904.5852,2740.8232,2919.5652,2807.6832,3279.214,3981.4772,4868.726,3975.0332,3692.358,4658.226,3460.162,2641.474,1954.3412,780.5192,71742.3108
2692,2025-05-16,268.862,266.4292,268.212,339.5432,2060.646,4658.2152,5671.37,5722.956,4896.786,3422.5732,2754.2012,2932.9,2927.974,3088.494,3297.1,4166.988,5177.894,5141.948,5145.9572,4286.272,2867.518,2151.28,2082.0392,777.762,74373.9204
2693,2025-05-17,275.1773,272.6248,272.3666,314.2746,2223.8726,3689.5976,4261.3051,4545.1311,3838.1641,2807.7186,2638.7584,2685.4313,3826.9603,4345.2159,4197.9387,4237.0246,4229.8881,3495.6205,3319.0644,3111.2018,2571.8303,1952.3713,1985.1374,755.3,65851.9754
2694,2025-05-18,368.8987,646.5895,651.0667,627.7541,1330.0148,3447.0636,3239.5214,3154.0604,3224.4512,3468.4894,3426.9339,3508.7576,3571.5353,3617.3181,3721.2193,3686.1129,3684.7936,3829.3283,3919.4659,3758.9911,3587.4467,3530.4087,2520.2301,713.257,67233.7083
2695,2025-05-19,281.79,283.232,269.306,309.498,2128.412,4699.5312,5048.0272,5880.2932,4987.892,3695.574,2737.024,2988.916,2859.484,2933.5652,3252.452,4071.362,4856.1352,5610.5632,5140.6632,4237.776,2815.134,2185.656,1993.75,901.4152,74167.4516
2696,2025-05-20,338.9052,280.6212,260.95,335.1472,2039.496,4588.1372,5772.81,5479.0752,5241.5112,3573.9292,2943.416,2671.462,2884.9572,2878.604,3205.0672,4185.3312,4754.5872,5271.502,4967.5272,4615.794,3243.1212,2346.28,2000.5192,858.72,74737.4708
2697,2025-05-21,267.7052,304.376,310.518,378.6412,2211.1832,4822.514,5914.472,5906.912,4865.7052,3375.3392,2960.044,2662.652,2705.4812,2646.912,3021.428,4042.9272,4533.2232,5419.5252,4679.2472,4445.304,3213.22,2412.15,2082.356,882.1472,74063.9832
2698,2025-05-22,228.8986,209.8853,254.3891,313.8456,2215.4686,4580.5905,5943.9253,5762.3982,4887.8351,3527.9285,3027.1868,2664.6768,2734.9656,2609.1131,3139.6197,4035.5659,4890.4425,5270.1146,5184.2673,4406.3501,3126.3081,2282.0896,2067.6994,822.0817,74185.646
2699,2025-05-23,271.7756,325.082,312.1918,392.5019,2367.3803,4900.1253,5528.1246,5952.5795,4770.4658,3613.7504,2948.7994,2859.9223,3014.7077,2993.8463,3252.0369,4292.6152,4891.1966,5203.8567,5100.5961,4398.6531,2918.0365,2222.3739,2045.1216,812.0299,75387.7694
2700,2025-05-24,307.9928,350.7392,315.4036,372.4293,2429.303,3653.5369,4356.4006,4526.1074,3865.8926,2863.6506,2716.9881,2767.1576,3993.8441,4505.0125,4511.3478,4493.4479,4297.1219,3476.3386,3165.2654,3271.4556,2514.9481,2083.7668,1974.3596,880.4536,67692.9636
2701,2025-05-25,446.766,749.356,714.512,698.07,1448.07,3512.4652,3334.726,3230.9412,3306.6012,3568.41,3588.4252,3819.518,3765.9992,3855.44,3929.7052,3949.8892,3868.3712,3827.3952,4041.1312,3894.3612,3693.29,3619.2832,2660.7612,691.0092,70214.4968
2702,2025-05-26,372.2864,273.8951,271.6524,330.9711,2255.1126,4652.0676,6185.5696,5648.754,4719.4364,3492.081,2863.3043,2785.7649,2858.0111,2896.6766,3250.7593,3984.7068,4839.0367,5239.1831,5207.7464,4269.7699,2923.7609,2292.0713,1991.4386,776.3943,74380.4504
2703,2025-05-27,272.4258,264.8238,254.268,331.2416,2097.3403,4539.8148,5876.8219,5709.2408,5160.7956,3589.0039,3139.0813,2827.8543,2780.1904,2743.5231,3224.9061,4160.6074,4891.2044,5543.9628,4567.0831,4244.8784,3181.4739,2317.3001,2021.2934,856.6416,74595.7768
2704,2025-05-28,310.8761,312.3159,329.8056,384.9983,2160.8303,4804.2164,6081.0394,6011.9676,5038.1921,3635.2226,3129.3391,2797.7419,3122.1536,2798.6081,3245.7494,4216.3041,4983.2146,5394.6989,5029.9144,4003.1648,3084.7909,2280.3529,2028.8781,876.6286,76061.0037
2705,2025-05-29,270.0752,268.8592,284.724,352.342,2168.286,4690.3832,5897.802,5295.4852,4871.468,3676.8672,2814.724,2846.666,2777.882,2811.44,3268.326,4226.238,4826.78,5383.1352,5114.4152,4430.0552,3289.9252,2355.2292,1955.4152,899.9832,74776.5064
2706,2025-05-30,361.008,361.12,359.7132,393.0532,2110.4912,4632.528,6014.802,4845.102,5355.19,3243.576,2886.7572,2694.2172,2909.172,2834.6832,3266.6832,4425.508,4816.9972,4503.5432,4520.56,3988.1092,3092.4732,2114.7612,2036.478,870.9212,72637.4476
2707,2025-05-31,347.3812,346.194,345.5592,376.8832,2163.1012,3518.9532,4300.2012,4373.894,4059.038,2747.7252,2647.534,2777.3892,3854.9592,4691.268,4349.5292,4113.6372,4688.31,3744.2292,3358.972,3046.4532,2435.774,2045.938,1967.882,906.0692,67206.8748
2708,2025-06-01,89.5715,0.0,0.0,0.0,0.0,0.0,0.0,0.0,0.0,0.0,0.0,0.0,0.0,0.0,0.0,0.0,0.0,0.0,0.0,0.0,0.0,0.0,20.4433,28.3406,138.3554
2709,2025-06-02,234.1252,260.9972,244.1712,249.2812,683.688,2325.346,2046.9672,2036.936,1957.5612,1982.812,2040.822,2063.206,2225.838,2242.1372,2312.66,2358.356,2271.194,2384.76,2388.61,2336.3112,2164.768,2074.846,1302.5,328.648,40516.5416
2710,2025-06-03,322.682,323.3552,275.674,312.536,2178.7712,4714.0092,5668.0632,5639.11,5020.97,3301.654,2875.8992,2837.958,2980.544,2911.9392,3145.206,4106.758,4917.5872,5345.338,5134.7732,4449.6292,3066.69,2101.138,2157.176,878.9012,74666.362
2711,2025-06-04,279.8312,270.2992,272.962,328.502,2245.798,4522.792,6014.714,5933.7672,4743.4712,3383.5792,2793.934,2747.4492,2716.986,2806.876,3315.2052,4237.21,4768.8032,5341.058,5249.2332,4340.974,3336.8572,2298.19,2034.406,922.4992,74905.3972
2712,2025-06-05,288.5239,294.6123,301.7576,393.5984,2358.5001,4778.6131,5628.2981,5653.4378,4875.9874,3334.3089,3030.9858,2748.0089,2818.3123,2867.3558,3093.2389,4151.1713,4866.9699,5182.1688,4907.8089,4546.9719,3163.2186,2256.7493,1970.4159,942.5316,74453.5455
2713,2025-06-06,257.7319,245.0456,283.3431,342.5666,2308.5354,4665.6058,5680.6624,5957.2149,4916.4426,3638.2813,3050.7998,2844.4028,3017.9806,2927.5566,3245.3249,4258.4406,4869.8141,5138.5686,4739.7141,4309.6206,2967.3092,2343.7269,2076.4596,884.1761,74969.3241
2714,2025-06-07,285.9409,283.3918,281.7161,330.2583,2350.2476,3618.1704,4259.0498,4496.0186,4043.503,2841.4063,2629.2282,2745.7539,3825.7026,4312.1793,4460.3276,4233.3305,4326.9861,3569.0276,3192.3771,3081.6886,2405.8801,1975.6383,1928.4844,867.8874,66344.1945
2715,2025-06-08,336.8952,334.7612,336.382,286.0552,722.7572,2398.95,2159.03,2144.8052,1993.6132,2042.98,2125.888,2072.3772,2250.25,2270.5512,2335.064,2276.862,2267.4152,2262.206,2397.014,2360.404,2093.604,2084.8872,1394.1432,283.818,41230.7132
2716,2025-06-09,287.1191,287.9948,287.8672,348.2253,2296.3596,4399.9211,5907.9014,5745.5643,4621.1249,3563.4068,3115.1362,2708.4286,2958.9369,2823.2796,3278.3911,4151.1819,4769.9159,5487.5823,4972.4359,4314.6583,2972.4229,2242.0174,1928.6459,787.7856,74256.303
2717,2025-06-10,287.94,290.1952,290.5412,377.272,2198.2832,4581.858,5560.924,6032.232,4485.472,3621.5992,3265.9952,3129.888,2921.458,2688.1252,3022.9352,4000.828,4650.104,5267.7412,5220.956,4319.4332,3092.734,2222.432,1959.484,869.4392,74357.87
2718,2025-06-11,295.502,293.6032,294.4532,359.524,2254.5832,4720.084,5703.5332,5981.828,4711.9112,3541.4672,2961.7672,2644.078,2571.46,2674.1172,3157.6772,4086.5952,4717.194,5049.25,4888.0812,4559.7512,3121.234,2344.972,2050.24,886.3692,73869.2756
2719,2025-06-12,27.672,27.628,191.442,350.3392,2354.326,4707.3612,5906.3772,5647.6972,4766.3492,3397.97,2899.8572,2705.264,2782.594,2637.8,3157.208,4173.8832,5044.002,5439.3892,4959.29,4253.622,3126.3492,2374.782,2056.098,827.8152,73815.116
2720,2025-06-13,307.1172,303.518,304.2712,319.454,2194.6372,4533.888,4916.2332,5810.78,4823.93,3779.2812,2923.9652,2894.2012,2899.1872,3000.0632,3013.686,4173.6312,4739.0512,5199.176,5170.5152,4165.2872,3951.8672,2779.256,1988.4,816.4672,75007.864
2721,2025-06-14,271.9332,295.834,265.712,293.52,2237.8212,3525.7812,4206.976,4283.226,3857.3232,2781.2512,2814.424,2997.206,3328.898,4662.166,4611.998,4409.6572,4304.13,3352.24,3151.1332,3098.362,2447.63,1965.5372,2019.39,1964.416,67146.5656
2722,2025-06-15,699.8838,282.7449,279.1454,284.4094,830.8704,2313.1775,1959.2448,1980.7428,1972.3583,2091.0098,2062.56,2052.9228,2172.5456,2365.1604,2268.3661,2338.4254,2372.3109,2363.5114,2304.4306,2286.9336,2131.9325,2066.6641,1399.655,282.4465,41161.452
2723,2025-06-16,319.4812,303.7772,268.232,314.46,2232.3972,4712.636,5640.192,5751.07,4735.6012,3415.3592,2882.4052,2821.1932,2752.0392,2648.992,3003.582,4029.2672,4783.454,5061.3792,4986.342,4366.136,2884.7572,2290.8952,1911.516,1010.2332,73125.3976
2724,2025-06-17,284.9512,282.8172,282.3012,342.1832,2234.5012,4703.8552,5854.664,5710.5792,4635.3272,3536.516,2901.056,2625.318,2616.516,2659.864,3075.9292,3989.1052,4664.27,5379.826,4667.002,4439.706,3093.6232,2392.2072,1917.1232,801.9572,73091.1988
2725,2025-06-18,342.572,327.238,322.2452,400.6412,2191.9352,4677.444,5657.8772,5842.366,4771.176,3275.2592,2968.9392,2630.5652,2798.2272,2591.268,3110.552,4082.9952,4794.8372,5192.044,4845.548,4315.276,3388.7852,2235.61,1965.684,843.6632,73572.7484
2726,2025-06-19,358.7559,362.7193,355.5401,422.4028,2211.1228,4570.0533,5888.5843,5497.3994,4946.1346,3447.3889,2853.2231,2890.3541,2651.136,2774.3404,3213.0961,4167.7056,4896.9671,5084.5891,5464.3677,4551.6453,3235.4018,2247.0583,2025.3881,872.2148,74987.5889
2727,2025-06-20,295.1108,293.3301,278.768,351.1156,2318.5116,4840.2718,5708.726,5603.0321,4929.6508,3409.0041,2978.0448,2800.3558,2844.1876,2661.4911,3179.3781,4322.4869,4859.3516,5095.4131,5189.0716,4295.1426,2942.6708,2248.9268,2029.6131,988.8039,74462.4587
2728,2025-06-21,349.0598,368.7978,363.0326,405.2313,2386.7459,3567.5284,4449.7216,4478.6723,3825.2356,2750.4974,2633.5606,2686.3128,3857.7378,4455.7434,3454.5831,3470.1216,3523.1816,3391.8578,3200.3966,3024.9741,2426.3718,2000.3553,1927.495,843.4853,63840.6995
2729,2025-06-22,354.2744,352.6286,343.8314,290.7088,800.1113,2263.8058,2061.6194,2055.2536,2025.0884,1964.0876,2017.3926,2027.3584,2218.7556,2178.219,2262.2653,2156.3998,2126.8209,2475.1245,2378.5206,2176.0331,2074.2931,2051.2867,1297.3466,289.6209,40240.8464
2730,2025-06-23,323.3834,322.0663,319.0571,297.4189,812.6086,2237.2538,2190.9084,1978.6,1903.8176,1940.7656,1954.9176,1964.2478,2172.4298,2238.3439,2342.2034,2234.8971,2248.3459,2254.7423,2457.7544,2163.6876,2161.1044,2076.5384,1244.1339,263.0808,40102.307
2731,2025-06-24,235.8816,255.1599,249.7302,339.3017,2153.4111,4755.0639,5479.6531,5773.3671,4629.7366,3395.2723,3006.2266,2525.1253,2733.8013,2730.2327,3099.2913,4108.3573,4814.7031,4965.5208,5198.0573,4272.5023,3111.8049,2126.1183,1999.9449,842.7571,72801.0207
2732,2025-06-25,304.7012,302.5632,302.2312,341.54,2175.6092,4797.818,5728.31,5616.1872,4577.29,3552.638,2844.572,2778.2292,2852.516,2858.928,3109.45,4229.694,4793.41,5487.8152,5101.4632,4355.3032,2840.884,2282.0812,1967.9892,827.186,74028.4092
2733,2025-06-26,279.638,278.774,296.718,350.302,2397.434,4818.77,5732.4532,5734.8892,4716.034,3413.2,2950.626,2680.7812,2802.01,2850.514,3128.646,4027.616,4977.1652,5311.592,5136.888,4245.468,2766.398,2112.8092,2018.8312,823.004,73850.5612
2734,2025-06-27,312.144,314.6072,316.6152,374.082,2269.612,4612.4972,5665.958,5631.7912,4591.44,3287.396,2877.8152,2527.3272,2730.162,2746.8572,3089.2812,4138.6892,5010.512,5159.2992,4821.12,4191.274,3078.3272,2226.832,2054.3232,905.1312,72933.0936
2735,2025-06-28,276.1292,272.106,270.8292,382.89,2314.34,3559.052,4311.264,4314.2852,4045.2892,2781.1392,2556.1512,2679.5992,3919.476,4223.8672,4240.318,4223.2612,4322.8832,3560.6332,3370.2332,3235.4152,2424.6832,2060.2172,2048.35,923.614,66316.026
2736,2025-06-29,261.5112,252.8172,248.966,247.6692,687.262,2298.166,2053.9192,2006.28,1944.0532,2019.9352,2095.2852,1978.6292,2259.6272,2284.5852,2361.702,2343.5992,2236.0372,2404.06,2432.8772,2842.8092,2530.8452,2341.534,1384.6552,264.838,41781.6632
2737,2025-06-30,239.1701,246.2226,245.2258,239.2133,732.9188,2298.7786,2010.9196,2003.6361,1945.5796,2001.0148,2098.445,1987.8274,2230.9646,2188.1616,2245.8656,2219.1681,2288.6668,2365.7324,2349.9418,2310.5626,2121.5599,1992.1884,1249.1051,300.8414,39911.71
2738,2025-07-01,225.3402,225.2944,241.2214,409.381,2197.6984,4604.5806,5667.5099,5631.1961,4560.7189,3481.6908,2787.1896,2638.8023,2640.2364,2780.7379,3202.0576,4025.3071,4784.8876,5016.5669,4875.5067,4459.3998,2943.4031,2293.5108,2043.0096,841.0739,72576.321
2739,2025-07-02,342.4128,336.9746,336.9529,390.6717,2242.6344,4609.0721,5730.6129,5250.5528,4679.3798,3455.5631,2878.7494,2673.978,2810.5471,2653.5004,3137.7863,4098.3018,4708.8246,5135.7596,5011.3868,4637.5671,2843.5821,2173.0889,2005.2714,874.4203,73017.5909
2740,2025-07-03,260.3111,269.347,290.253,426.6765,2199.8964,4909.3426,5736.2244,5798.3461,4865.1759,3215.6051,2820.9499,2576.6774,2601.7521,2625.8486,3119.7806,4127.6791,4823.6528,5430.7989,5200.8638,4246.2981,2972.0601,2157.3704,1976.1486,854.3892,73505.4477
2741,2025-07-04,378.2936,352.7431,341.6286,393.3976,2388.1838,4763.0481,5845.9136,5435.2838,4575.2014,3276.3191,2888.1668,2849.8727,2820.5235,2950.7743,3205.4969,4203.8596,4953.3989,5041.9116,5032.2208,4345.2661,2947.1474,2273.3819,2166.7716,918.1449,74346.9497
2742,2025-07-05,347.4283,329.8823,322.1431,418.5611,2210.5495,3585.1649,4323.6743,4321.2623,3924.4335,2827.6766,2716.4891,2703.3114,3762.5386,4186.2481,4127.5933,4187.0263,4160.0024,3417.0836,3200.9366,3219.7314,2458.4108,2044.9924,2011.176,841.1654,65647.4813
2743,2025-07-06,254.9974,249.0256,247.9476,249.6751,709.5043,2447.5053,2113.1059,2081.4321,2057.0554,2009.3115,1920.4794,1937.7039,2190.9936,2365.5293,2302.5633,2344.1416,2334.8213,2385.5582,2390.734,2346.7331,2102.0391,2144.6269,1306.5035,251.9391,40743.9265
2744,2025-07-07,254.1972,274.668,270.614,415.0452,2296.3412,4780.6352,5714.574,5271.88,4859.642,3267.844,2991.8812,2518.5832,2581.87,2579.554,3047.5152,4179.342,4745.6892,5162.9512,5004.196,4225.852,2936.5832,2145.2992,2030.936,832.876,72388.5692
2745,2025-07-08,315.2012,313.5572,313.96,447.4652,2122.6072,4812.1992,5776.2992,5615.008,4552.46,3356.606,2868.6232,2737.55,2773.9932,2751.5592,3259.1432,4082.3692,4844.3092,5317.396,5105.3332,4190.394,2947.652,2199.076,2058.326,831.7152,73592.8028
2746,2025-07-09,359.526,361.754,323.2612,397.362,2224.606,4751.8892,5736.9532,5576.8512,4814.8532,3288.53,2753.582,2670.562,2766.19,2732.52,3086.0632,4112.842,4791.3692,5331.6812,4991.936,4280.646,2867.432,2241.914,1999.412,902.0832,73363.8188
2747,2025-07-10,365.0548,361.9101,362.7205,462.5381,2203.4456,4265.8444,6092.9711,5605.5259,4792.4096,3297.3128,2823.2728,2766.1327,2733.0084,2651.1286,3195.9283,3836.5336,4536.8076,4823.1556,5039.0089,3633.7556,2743.6658,2223.9893,2037.2621,857.5473,71710.9295
2748,2025-07-11,345.2366,326.1534,321.3406,392.6751,2276.2923,4714.3659,5485.2191,5635.6261,4876.1047,3588.9635,2775.5421,2552.6236,2641.5731,2679.1601,3149.9924,4262.4231,4876.6101,4939.6025,5040.4924,4440.6826,2849.8523,2246.0166,2056.2717,892.6179,73365.4378
2749,2025-07-12,334.3206,361.232,378.3584,453.4816,2171.425,3608.6858,4326.1343,4422.2296,3930.2606,2744.8094,2497.5454,2580.9117,3922.2468,4285.4488,4193.0556,4357.7072,4223.0501,3457.9726,3123.1217,3006.5349,2551.3638,1944.6548,1877.335,861.5468,65613.4325
2750,2025-07-13,297.2352,282.9252,288.226,276.6232,696.846,2402.88,2101.33,2123.976,1925.828,2052.9092,2072.912,2064.6352,2297.568,2359.1532,2429.3792,2382.4572,2415.562,2471.5952,2454.006,2325.0032,2196.64,2072.302,1319.4712,270.3932,41579.8564
2751,2025-07-14,269.5523,281.1009,259.0101,358.2871,2209.3321,4634.5481,5950.0059,5778.1182,4668.5911,3460.679,2657.5594,2575.5881,2648.5296,2680.0018,3143.3059,4036.7551,4688.8035,5127.3974,4992.5157,4150.2508,2888.3776,2196.6271,1958.5286,891.2011,72504.6665
2752,2025-07-15,323.1121,323.9939,322.0216,357.7729,2076.4321,4621.4859,5535.9729,5904.5974,4675.4176,3620.2706,2926.2472,2766.4257,2816.6094,2792.5608,3180.3634,4202.299,4787.174,5425.7819,4707.9613,4293.2736,3058.8386,2227.7154,2004.9966,883.1277,73834.4516
2753,2025-07-16,338.4098,340.6184,339.3723,393.9298,2178.7056,4627.7658,5702.3734,5815.0296,4488.1924,3272.6249,2884.0091,2730.9462,2967.9853,2917.4057,3154.7923,4072.5018,4799.3474,5248.2329,5005.1287,4244.4326,2737.6793,2251.6523,2075.8811,878.1814,73465.1981
2754,2025-07-17,328.376,361.0792,366.016,428.0372,2335.7032,4641.9692,5680.874,5783.362,4536.604,3411.056,2811.0992,2679.432,2635.38,2693.8732,3334.532,4257.156,4958.626,5271.744,4986.746,4205.802,2912.3352,2153.862,2095.2932,795.6312,73664.5888
2755,2025-07-18,325.4792,323.3912,320.5192,407.922,2208.9912,4831.7092,5807.354,5814.0372,4673.792,3415.9472,2947.824,2739.408,2789.062,2932.294,3435.7232,4239.966,5001.2332,5128.462,4997.674,4106.588,2797.3872,2366.7372,2056.202,809.2452,74476.9484
2756,2025-07-19,303.018,289.638,299.73,333.2092,2361.436,3566.0352,4324.244,4546.68,3911.6712,2904.126,2578.608,2614.148,3934.0672,4326.886,4332.1652,4290.734,4245.9912,3474.0432,3225.3772,3037.792,2510.658,2082.3912,1945.6452,1047.012,66485.306
2757,2025-07-20,269.9774,270.3938,269.1246,265.7933,929.7879,2317.1887,2082.2406,2070.1446,2024.6989,2050.2899,2154.2841,2195.8726,2181.9376,2371.2136,2428.7506,2315.5876,2388.9816,2492.9375,2446.1034,1119.7521,1988.6678,1989.3242,1481.2198,281.3523,40385.6245
2758,2025-07-21,280.822,277.83,271.0672,316.9072,2260.4732,4730.404,5800.548,5836.5932,4491.6472,3324.088,2694.944,2554.092,2658.024,2675.1572,3069.4872,4129.9512,4824.88,5249.0612,4822.5992,4185.988,2894.3712,2147.6432,1976.724,847.442,72320.7444
2759,2025-07-22,332.1332,336.234,333.77,403.9492,2194.836,4758.522,5307.456,5476.694,5045.5252,3504.678,3008.0512,2575.2132,2751.1192,2724.368,3080.4112,3911.3192,4946.936,5331.708,4927.832,4497.426,2837.4552,2262.592,2023.8992,934.578,73506.706
2760,2025-07-23,312.5932,309.4272,309.1872,369.64,2231.002,4714.394,5377.1692,5623.6312,4984.452,3569.4372,3091.5332,2799.372,2617.846,2604.448,3126.92,4190.968,4800.62,5198.2112,4976.6732,4183.2472,3153.706,2283.7532,1970.656,920.954,73719.8412
2761,2025-07-24,325.7739,323.3154,325.4713,414.6556,2282.5607,4640.9646,5719.9321,5676.6297,4859.3984,3237.3513,2892.4731,2644.0673,2672.5801,2658.0491,3219.2361,4075.0692,4862.9304,5418.4064,4911.3879,4413.2907,3030.5974,2319.1519,2045.2391,809.7136,73778.2453
2762,2025-07-25,320.7058,312.9035,313.0711,346.1561,2333.9041,4624.5146,5791.5807,5453.2155,4863.8209,3481.7211,2887.1131,2967.484,2712.2648,2282.2724,3550.1363,4306.382,4995.8126,5204.8614,4951.9024,4314.5386,2756.9236,2165.9036,2019.7751,1021.5961,73978.5594
2763,2025-07-26,313.5359,321.6341,313.0628,349.4121,2209.6806,3483.4241,4233.6739,4425.4954,3827.3026,2834.1319,2452.8056,2612.9183,3910.4109,4320.6338,4316.6326,4144.3811,4178.7951,3392.5999,2996.6383,2922.8966,2376.7118,1843.3571,1812.4979,732.6779,64325.3103
2764,2025-07-27,310.7592,328.87,311.0212,277.236,816.202,2420.322,2094.64,2073.9352,2059.4952,2022.91,2088.9072,2021.006,2179.8692,2227.5132,2207.552,2219.9872,2203.0392,2350.628,2309.7212,2275.6092,2103.456,2007.608,1326.6832,342.236,40579.2064
2765,2025-07-28,338.862,295.8652,267.5392,377.8792,2343.0,4772.042,5645.9932,5601.3572,5016.786,3491.02,2944.406,2896.124,2737.9732,2650.1352,3210.154,4163.274,4929.4652,5338.922,4959.746,4317.8132,2962.494,2289.7372,1965.632,809.0412,74325.2612
2766,2025-07-29,331.2673,328.185,325.8104,328.7264,2375.4884,4495.9383,5869.4642,5658.3781,4762.5732,3469.0456,2894.3911,2652.513,2884.0738,2776.7078,3212.4785,4358.1914,4807.6983,5341.2481,4981.4606,4375.0656,2823.9994,2254.4498,1992.3698,791.9804,74091.5045
2767,2025-07-30,324.2331,321.4129,321.0969,349.6101,2200.6618,4469.0709,5188.3001,6271.9229,4495.0323,3729.9496,3120.1448,2568.9379,2733.0806,2747.9029,3178.3798,4222.7338,5078.9909,5444.2477,4978.1309,4553.0225,3184.9353,2237.6524,2070.7062,747.6359,74537.7922
2768,2025-07-31,321.414,323.2152,305.294,356.2812,2225.95,4723.376,5807.572,5519.362,4869.63,3567.9872,3100.8532,2708.3112,2668.7472,2798.7,3333.3832,4240.1272,4991.3772,5369.2792,4982.1252,4595.3652,2872.7172,2242.0852,2006.47,794.678,74724.3008
2769,2025-08-01,351.4352,343.576,332.9,422.414,2274.6032,4791.2692,5721.194,5991.916,5177.278,3559.4632,2846.1412,2828.378,2768.124,2900.572,3254.1072,4187.486,4986.3252,5084.3992,4921.664,4463.818,3288.126,2321.8432,2116.5832,1874.5012,76808.1172
2770,2025-08-02,824.9652,316.0712,316.628,370.786,2375.518,3677.922,4416.2072,4590.7352,4061.0132,2772.754,2498.098,2691.254,4053.08,4366.678,4331.4432,4249.4932,4269.04,3578.41,3123.566,2989.0352,2475.1312,1958.0292,1847.0352,1707.6512,67860.5444
2771,2025-08-03,915.6299,334.7573,323.2931,290.1121,830.2448,2357.9823,2058.1759,2124.1333,2004.2861,1993.8851,2065.1544,2104.6391,2244.6041,2358.9285,2388.0414,2359.6636,2382.2848,2437.5159,2489.0553,2329.2909,2195.9771,2168.4178,1292.1096,285.5019,42333.6843
2772,2025-08-04,278.726,298.784,363.2392,451.86,2310.2732,4719.4952,5819.4672,5646.8492,4633.928,3383.632,3094.3792,2852.9432,2872.7912,2826.2432,3236.764,4023.406,4726.034,5122.084,4949.2232,4519.818,2767.914,2176.5512,1972.818,795.132,73842.3552
2773,2025-08-05,346.5432,325.498,339.4612,379.8152,2203.5992,4674.7872,5560.058,5967.07,4579.298,3494.11,2870.6272,2704.7192,2696.1032,2588.3512,3031.046,4108.9492,4753.2232,5470.606,4997.6792,4431.422,2986.9952,2221.592,1928.822,817.65,73478.0256
2774,2025-08-06,320.6292,310.866,301.864,389.236,2295.4172,4727.974,5732.3812,5682.4552,4763.71,3449.86,3022.0532,2761.6912,2956.068,2750.626,3098.7552,4117.1192,4801.506,5113.6252,4796.1372,4583.7,2977.288,2236.292,1956.8572,824.2572,73970.3684
2775,2025-08-07,298.0376,289.4153,286.9606,290.3541,800.5601,2488.2136,2641.0701,2664.3206,2571.1626,2717.8559,2778.7111,3131.1899,3903.1194,3884.3738,3955.8546,4099.9731,3980.8791,3914.1061,3288.5654,2598.9901,2532.7023,2642.4904,1636.3916,325.6135,57720.9109
2776,2025-08-08,323.7719,320.9383,313.9279,348.1539,2180.5759,4883.9533,5847.1064,5474.7881,4658.4173,3735.7321,3021.2969,2965.7431,3231.5152,3216.6089,3302.2644,3970.7403,4662.3613,5503.2033,4871.5725,4392.7351,2887.2421,2522.0474,2233.2061,937.4668,75805.3685
2777,2025-08-09,342.3258,338.9074,336.1131,389.1796,2206.4209,3837.3653,4458.4079,4823.3571,4060.7421,3563.0019,3061.1429,3340.8361,4389.5196,4914.2433,4742.8579,4851.5829,4719.6592,4426.5978,3597.3249,3248.6851,3029.3921,2932.5183,2515.9678,825.9166,74952.0656
2778,2025-08-10,289.0269,264.1738,234.0229,256.2938,837.4629,2591.8724,2570.8571,2509.8386,2428.3663,2549.8041,2493.5286,3051.5546,3861.4461,3637.2147,3755.2137,3937.887,3853.0988,3950.9176,3804.0251,3558.4261,2761.9382,2582.6009,1612.6459,271.0879,57663.304
2779,2025-08-11,264.6558,259.7381,261.8609,367.4188,2262.9858,4435.0608,5705.6649,6251.0814,4747.5656,3747.1546,3186.9011,2712.2961,2807.2141,2807.7343,3356.2226,4212.2484,4928.2774,5323.5769,5064.2704,4352.9334,3162.6481,2248.9522,1963.5291,894.6573,75324.6481
2780,2025-08-12,293.9423,291.9604,309.0238,368.1256,2401.2593,4606.1666,5590.9606,5873.8391,4942.2037,3361.4086,3255.0341,2739.0794,2806.5771,2670.9277,3546.8386,4145.8209,4930.9939,5490.5363,5082.0963,4559.0506,3282.4751,2549.5101,2147.462,780.2773,76025.5694
2781,2025-08-13,339.9243,330.9193,338.7281,422.9222,2094.2343,4756.0271,5610.7189,5656.4149,4606.6011,3329.0803,3167.7074,2554.6673,2733.1216,2789.6616,3127.6544,4305.2718,4720.3473,5396.7216,4852.4979,4526.3476,3145.5063,2356.3834,2042.7198,825.4898,74029.6683
2782,2025-08-14,321.854,317.9,326.084,379.1452,2126.672,4546.844,5795.7532,5994.8572,4694.046,3680.352,3016.3392,2686.354,2761.3672,2994.476,3142.8472,4299.918,4995.4972,5428.82,5206.0892,4494.0532,3106.952,2248.3652,1985.992,866.6012,75417.1792
2783,2025-08-15,293.154,288.2952,286.4872,331.8712,2126.3312,4633.918,6225.074,5819.0032,4522.942,3575.8492,3024.6692,2716.256,2874.0692,2679.7452,3319.4752,4518.612,4900.59,5021.8992,5041.3292,4591.6112,2891.29,2405.628,1921.3932,974.6532,74984.146
2784,2025-08-16,298.7392,320.7872,327.16,366.728,2107.0772,3425.3212,4158.97,4183.9092,3977.1872,2947.522,2667.556,2614.184,3703.122,4341.288,4297.166,4104.208,4458.0372,4034.5792,3127.252,3304.4792,2660.6472,2011.072,1967.7492,856.05,66260.7912
2785,2025-08-17,251.238,248.792,247.7392,252.4872,674.1992,2423.664,2051.7172,2032.9632,2116.9892,2290.746,2083.2972,2125.9872,2297.5552,2307.5652,2403.362,2453.352,2392.332,2422.1592,2439.6272,2457.788,2094.28,1868.042,1294.596,266.388,41496.8664
2786,2025-08-18,266.1509,280.2579,280.0605,282.1343,794.0806,2222.1913,2118.1126,2050.1773,2041.9213,2080.6766,2149.0034,2068.4684,2247.3014,2241.4566,2341.4104,2392.336,2424.4838,2344.856,2511.9711,2535.1361,2295.4944,2071.4602,1470.4581,284.2674,41793.8666
2787,2025-08-19,322.2167,296.1413,275.6383,348.4346,2168.6278,4503.0616,5481.2393,5790.0552,4595.3054,3635.7356,2694.7763,2844.7986,2817.4581,2738.57,3195.9664,4076.3821,4822.6459,5517.2324,4594.1987,4220.7307,3289.9468,2435.8946,1983.4391,922.7719,73571.2674
2788,2025-08-20,345.2388,347.2241,344.4411,454.6721,2106.7448,4675.3303,5623.3346,5610.0753,4835.4418,3752.4531,3373.7174,2778.5456,3029.4979,3010.5957,3245.3365,4027.7922,5030.5593,5107.2073,5183.2338,4462.7746,3145.4921,2108.7393,2006.0179,1065.1613,75669.6269
2789,2025-08-21,282.3208,275.2544,274.3786,338.9953,2302.3302,4546.7341,5390.2389,5700.3516,4922.0052,4053.6948,3280.0446,2627.1444,2704.7349,2777.2338,3194.3039,4186.1159,5329.9506,5150.9661,4680.7334,4475.0164,2905.0641,2232.6002,2003.4173,927.2296,74560.8591
2790,2025-08-22,343.5596,343.4173,342.0436,408.1653,2150.3429,4712.0891,6303.4882,5518.7659,4779.6993,3224.6216,3149.5745,3066.2479,2860.0693,2861.1114,3161.9821,4204.9968,5161.6788,5382.2998,4936.0476,4400.6688,2919.4969,2198.5021,1981.0025,936.0894,75345.9607
2791,2025-08-23,354.5008,356.7398,353.5693,401.3988,2134.2471,3570.9154,4385.7394,4442.841,3978.3079,2958.1049,2670.0569,2761.5654,3734.3655,4439.5396,4395.0506,4767.4261,4660.7273,3439.2356,3384.5486,3091.7794,2714.6719,2079.0456,1943.2706,792.3437,67809.9912
2792,2025-08-24,301.4551,300.0623,297.3703,297.8666,783.7311,2248.6823,2165.8168,1991.6111,2109.8582,2111.3579,2069.5853,2036.4851,2177.4451,2381.7396,2200.3639,2176.8648,2372.1369,2359.8619,2425.9121,2388.1279,2124.0379,1961.5933,1323.2786,311.7791,40917.0232
2793,2025-08-25,310.3292,311.68,311.552,339.2132,2349.0652,4472.1532,5811.7352,5433.7072,5226.294,3725.2732,3030.4532,2666.4572,2913.7072,2810.9612,3129.5492,4170.3772,4968.978,5410.8472,4909.05,4824.2532,2931.904,2490.634,2061.544,899.61,75509.328
2794,2025-08-26,347.0292,345.014,343.756,427.886,2220.336,4645.294,5424.388,6319.042,4979.8292,3662.72,2827.4732,2639.664,2647.202,2810.112,3094.3552,4166.864,4775.5432,5523.12,4997.9292,4145.866,3163.3312,2485.474,1992.2452,973.062,74957.5356
2795,2025-08-27,345.5232,344.18,346.782,382.7932,2216.384,4562.646,6084.218,5791.772,5055.5932,3460.1572,2873.224,2552.746,2608.2872,2683.518,3154.738,4134.594,4865.56,5003.56,4577.192,4240.4352,3104.8232,2246.1,2156.972,1018.3232,73810.1216
2796,2025-08-28,364.0881,362.5989,361.3096,415.3941,2116.1045,4517.5142,5984.7852,5558.4169,4932.7499,3774.9891,2918.2771,2744.4215,2696.4231,2900.9633,3213.3621,4047.2183,4828.4773,5128.1264,4938.2646,3758.6875,3446.5151,2256.8018,2052.2779,915.1938,74232.9603
2797,2025-08-29,335.9048,336.0763,334.5106,413.0963,2185.3563,4696.9483,5734.4006,5614.5251,4911.9917,3491.4094,2932.1301,2643.9926,2649.9521,2715.8318,3231.7781,4229.1984,4949.4926,5162.2184,4893.3953,4447.3484,3398.4024,2228.3943,2050.2778,1904.0236,75490.6553
2798,2025-08-30,827.8361,311.7571,313.9636,414.8001,2365.1478,3570.3499,4397.8436,4484.6241,3954.9636,2803.3081,2603.4178,2765.8809,4020.7054,4348.1591,4432.8261,4321.4523,4263.3783,3507.1601,3179.3811,2988.8191,2458.1173,1986.5939,2003.9483,1709.8476,68034.2813
2799,2025-08-31,1028.1552,254.82,253.4052,254.4752,795.4252,2290.874,2133.444,2026.212,2050.8432,2129.892,2062.6452,2086.384,2237.8052,2454.9452,2474.6072,2442.906,2437.4152,2531.218,2602.168,2267.1892,2224.382,2049.4692,1356.92,289.648,42735.2484
2800,2025-09-01,250.0198,255.6494,258.5641,388.0716,2162.0998,4691.3014,5495.9451,5900.6216,4759.5018,3553.9983,2962.9709,2714.6294,2815.1869,2892.8376,3348.8469,4098.1886,5063.2078,5134.7499,4938.6175,4257.5738,2791.0738,2062.7361,2096.8928,861.3243,73754.6092
2801,2025-09-02,335.7249,326.0824,322.7239,353.8976,2295.9033,4804.3442,5651.2743,5431.6413,5044.9689,3463.4976,2820.2659,2645.3208,2673.9974,2995.0416,3270.0,4195.4731,4994.5158,5330.5166,5020.538,4264.0861,3116.3596,2297.7446,1945.0104,863.5464,74462.4747
2802,2025-09-03,315.8178,318.2483,270.6098,340.2251,2049.4263,4587.3403,5263.4649,5824.9933,4475.1084,3885.2794,3083.517,2828.5844,2773.6871,2887.0314,3114.0978,4199.7017,4841.0719,5385.0057,4912.5923,4505.688,3121.7004,2343.4723,2144.4352,729.808,74200.9068
2803,2025-09-04,282.0352,283.2572,283.5952,362.8592,2342.872,4813.424,6012.4472,5219.176,4838.1592,3545.1112,3066.598,2734.0352,2730.8992,2800.8672,3176.7512,4293.8052,4923.016,5200.9932,4832.24,4288.624,2628.6652,2179.3672,1975.5492,771.126,73585.4732
2804,2025-09-05,279.9232,278.036,277.9272,326.068,2251.208,4860.652,6148.3092,5827.144,5036.4052,3599.8512,2750.8632,2762.954,2818.2072,2726.7712,3143.078,4262.842,4961.456,5200.9132,4730.07,4161.4212,3139.434,2264.772,2010.7952,766.296,74585.3972
2805,2025-09-06,313.9532,313.608,308.476,383.814,2178.444,3607.946,4129.0872,4333.9892,3814.0032,2965.2,2621.1732,2737.8532,4095.2452,4291.8972,4593.7,4443.8872,4221.4812,3593.4012,3202.228,3063.398,2711.5912,1961.188,1821.516,952.6392,66659.7196
2806,2025-09-07,267.2879,259.4406,272.4053,352.7286,1504.5633,2223.0443,2347.0046,2073.6944,2096.3397,1981.6726,2091.8526,2112.4591,2228.0726,2236.8012,2327.6962,2370.9873,2418.2948,2416.9996,2341.3884,2255.9546,2209.28,2154.9321,1410.4967,290.0981,42243.4946
2807,2025-09-08,321.2692,317.1452,317.87,374.65,2241.9632,4560.438,6111.3192,5698.154,4767.0672,3548.6372,2988.55,2558.0112,2690.9112,2801.1112,3002.0112,4011.8932,4757.29,4939.238,4931.4912,4332.4492,3076.448,2238.302,1916.044,924.8032,73427.0668
2808,2025-09-09,318.68,315.4132,317.8252,310.234,2136.192,4545.816,5441.744,5715.876,4523.24,3560.51,2843.5112,2623.9272,2843.9472,2741.974,2931.9752,3993.508,5064.24,4874.2892,4940.1912,4398.7192,3020.884,2145.2052,2009.08,845.504,72462.486
2809,2025-09-10,318.35,318.7332,320.09,344.574,2198.584,4414.406,5972.0792,5693.098,4661.1752,3754.5612,2965.588,2792.198,2660.834,2722.1912,3049.526,3899.7792,4869.954,5009.164,5138.5992,4372.6852,3113.1872,2264.2992,2026.416,884.6052,73764.6772
2810,2025-09-11,284.7411,279.5138,278.6615,367.9416,2319.9483,4524.4703,5795.9846,5298.5246,4847.7344,3336.6153,2762.4318,2767.6089,2801.6271,3051.9338,3257.1761,4020.7574,4961.7676,4988.6645,5024.6083,4164.5956,2948.7848,2234.3706,2056.1998,833.2841,73207.9459
2811,2025-09-12,384.8958,330.6991,287.2031,301.5781,2150.5134,4575.2213,5238.0331,5789.4794,4658.0418,3476.5464,2779.2801,2484.1336,2675.0093,2814.9225,3031.1969,4030.1978,4891.0901,5123.1473,4778.1748,4097.9067,2813.4365,2142.8686,1974.8064,793.1596,71621.5417
2812,2025-09-13,306.0541,292.1831,294.1841,353.2465,2080.8198,3579.5178,4423.2788,4087.5236,3992.7854,2713.2601,2621.3979,2856.9768,3842.8714,4452.6171,4378.4458,4283.9233,4228.9756,3724.4843,3345.5283,3322.7718,2546.6191,2026.1901,1891.1202,1079.2078,66723.9828
2813,2025-09-14,335.5706,352.3417,327.1428,320.4854,813.3794,2314.7477,2112.0146,1897.4786,2139.3727,2020.8891,1981.6204,1917.2494,2332.8348,2209.9311,2352.6523,2347.5278,2339.6861,2371.9276,2423.6683,2445.3251,2345.3376,1986.6345,1373.7223,281.9056,41343.4455
2814,2025-09-15,259.4481,259.5779,259.9946,500.4171,1954.0564,4529.2213,5125.7946,5925.5689,4609.3056,3470.9998,2965.4032,2771.8121,2740.4296,3130.2881,3218.9566,4217.8056,4876.5373,5327.6044,4791.0983,4162.523,3134.7801,2180.1921,2035.0794,861.2976,73308.1917
2815,2025-09-16,286.1343,282.5456,284.2523,391.7671,2290.3181,4565.4613,5686.3013,5443.4621,4612.5448,3501.2508,2743.7191,2697.5149,2694.5329,2772.4151,3232.9126,4032.5414,5026.5156,5188.1569,5328.0609,3993.7596,2937.6593,2143.9644,2114.0706,933.9425,73183.8035
2816,2025-09-17,295.5026,296.894,295.5369,377.0779,2326.1746,4263.5486,6353.0018,5673.9945,4808.4891,3429.9448,2729.0891,2633.8129,2723.9804,2806.0746,2955.3359,4019.3371,4793.7161,5308.8568,4938.3113,4398.8843,2804.5966,2181.7191,1945.2758,746.2434,73105.3982
2817,2025-09-18,284.2932,279.61,274.38,322.422,2103.804,4237.576,5035.314,5541.7592,4702.798,3590.6652,2696.644,2467.67,2639.558,2752.29,3225.874,4064.3492,4761.6332,5031.0312,4686.478,4444.598,2869.0152,2118.746,2023.9572,778.584,70933.0496
2818,2025-09-19,267.342,267.2992,268.434,324.3312,2025.3352,4461.2112,5268.9072,5595.608,4850.4292,3342.728,2777.914,2779.108,2726.1912,2832.1632,3229.306,4179.6472,4768.838,4969.7692,4848.7412,4310.5112,3081.374,2279.8372,2070.1632,842.3452,72367.534
2819,2025-09-20,240.0592,264.8252,272.696,312.292,2381.02,3468.5052,4310.2912,4266.34,3981.562,2939.1672,2817.16,2806.25,3678.8172,4233.246,4269.2212,4345.6432,4125.6972,3908.536,3112.4792,3083.336,2962.3712,1971.1332,2046.152,848.006,66644.8064
2820,2025-09-21,260.918,262.1212,263.2352,242.038,734.9,2304.626,1979.4732,2050.5852,1954.6372,2124.4892,2008.3752,2010.702,2263.604,2300.576,2253.416,2205.4492,2304.3812,2564.624,2391.1492,2263.672,2045.222,2085.9752,1309.282,277.2352,40460.6864
2821,2025-09-22,266.1172,269.9552,266.3832,444.0772,2184.6052,4392.83,5935.098,5281.952,4598.0472,3286.5552,2999.566,2633.9052,2789.7672,2844.378,3029.8612,4119.756,4645.536,4948.2632,4797.608,4093.802,2885.6952,2308.2872,2017.772,781.852,71821.6696
2822,2025-09-23,270.8752,267.8952,265.532,298.01,2457.834,4289.23,4188.1292,5923.786,4417.72,3143.564,2671.3192,2689.9092,2760.9372,2916.154,3045.5512,3954.1412,4740.3152,5120.9392,5034.0192,4172.404,3161.404,2131.618,1942.0092,961.514,70824.8104
2823,2025-09-24,278.3112,277.956,276.3872,358.5612,2362.1792,4363.474,5728.476,5214.406,4648.3292,3534.056,2936.2752,2779.356,2986.102,2974.14,3215.966,3958.9612,4820.9192,5263.998,4759.092,4194.1452,2937.0092,2177.71,1949.212,853.13,72848.152
2824,2025-09-25,277.564,274.834,274.236,340.74,2274.002,4092.7692,5381.524,5892.1892,5012.272,3554.3552,2886.986,2768.084,2872.3232,2883.634,3190.1552,4224.28,4832.6232,5153.1532,5061.6052,4362.004,3024.3392,2244.0792,2160.862,865.4312,73904.0452
2825,2025-09-26,270.9586,264.0814,264.5134,359.2029,2314.5881,4550.3831,5424.2069,5900.7548,4701.8243,3735.4566,2903.4278,2814.9179,2835.9338,2632.031,3192.0609,4396.4322,4739.4727,5152.1829,4663.9006,4347.4063,2963.2046,2289.1976,2188.7034,951.2977,73856.1395
2826,2025-09-27,271.4871,269.4319,271.0058,345.6768,2360.5923,3518.1179,4316.4011,4248.8746,3943.8134,2862.8724,2638.6377,2706.8896,3765.2066,4199.6212,4119.2452,4381.3678,3963.1914,3784.1081,3221.6456,3113.4214,2624.5974,2036.0572,1899.0429,1444.9044,66306.2098
2827,2025-09-28,371.1212,317.1732,318.516,305.7332,706.7432,2281.236,2055.642,1975.8452,1946.898,1944.5232,2070.5932,1994.0212,2174.808,2284.3912,2274.664,2442.77,2422.4532,2411.0692,2325.046,2281.892,2182.042,2183.2772,1362.818,335.5772,40968.8536
2828,2025-09-29,341.434,339.84,329.1852,531.124,2066.594,4584.24,5673.28,5816.5772,4926.134,3487.518,3047.4572,2753.1232,2719.2932,2750.3632,3112.8512,4117.7532,4754.278,5157.288,4708.31,4126.5812,3153.606,2316.2232,1927.7832,863.012,73603.8492
2829,2025-09-30,282.164,280.61,291.326,370.7132,2049.7192,4616.78,5252.106,5844.8812,4006.76,4010.6452,2667.9812,2486.2792,2722.212,2342.1,3122.706,4053.1672,4750.144,5009.6172,4943.6832,4115.4212,2898.18,2273.6492,2013.3452,860.2432,71264.4336
2830,2025-10-01,271.1552,270.29,269.084,378.692,2143.258,4648.956,5284.8832,5792.7732,4925.578,3351.5192,2755.4512,2645.612,2764.6412,2637.1512,3181.2252,4047.1232,4843.474,5200.8532,4894.3592,4208.42,2929.2932,2135.4692,1805.358,832.5172,72217.1368
2831,2025-10-02,287.5718,284.1404,285.0841,389.3444,2163.8369,4334.6024,5439.3216,5918.0426,4891.2344,3731.3349,2911.4669,2535.6868,2970.7198,2894.8544,3213.1853,4025.7461,4814.8166,5148.6809,4838.1157,4193.6523,3207.8424,2148.3411,2041.5744,873.7266,73542.9228
2832,2025-10-03,306.9191,278.6324,276.6008,359.7096,2041.3364,4096.277,5850.8367,5724.4978,4741.3948,3623.3418,3146.7138,2673.1983,2850.2699,2767.4169,3262.381,4004.0254,4670.9536,5194.6493,4561.2094,4611.3596,3115.9287,2319.8916,2146.3116,822.6634,73446.5189
2833,2025-10-04,277.6505,276.8228,267.4222,331.7731,2131.6851,3410.2456,4257.6114,4348.9324,3953.6231,2948.3501,2672.4163,2621.8312,4032.5981,4319.8421,4155.5691,4613.4327,4416.4111,3693.8533,3100.4388,3217.7206,2447.9473,1980.8956,1826.8481,862.3993,66166.3199
2834,2025-10-05,267.0775,262.8119,262.2461,256.6254,740.9871,2346.4658,2116.1331,2007.2529,2020.3836,2021.4768,2197.7728,2160.8847,2346.7146,2348.7431,2236.7974,2442.1851,2515.3789,2365.2257,2474.5858,2354.4959,2021.7171,2004.9677,1276.9989,289.1086,41337.0365
2835,2025-10-06,283.488,284.276,280.918,482.8312,2050.5912,4593.0812,5844.7312,5430.8192,4801.736,3458.8512,2816.178,2615.388,2724.9912,2707.9532,3159.8232,4186.93,4629.9592,5316.1832,4908.8652,4313.7012,2984.394,2254.724,1982.0752,853.036,72965.5248
2836,2025-10-07,341.186,337.4152,337.6992,461.3792,2076.514,4570.4972,5849.7712,5754.7652,4597.2,3466.922,3025.656,2599.7632,2728.792,3027.732,3197.256,4184.1772,4900.678,5342.044,5018.2212,4208.566,3217.1472,2353.6352,2035.11,909.5892,74541.7164
2837,2025-10-08,320.934,320.274,322.14,413.3692,2179.1512,4924.0272,5329.792,6102.7612,4978.3432,3409.8232,2730.99,2555.0292,2766.4012,2869.9132,3169.388,3971.802,4830.844,5369.162,4846.846,4710.944,3035.442,2294.0372,2041.94,921.1152,74414.4692
2838,2025-10-09,274.3472,271.88,272.3652,316.374,2104.2192,4943.742,5665.0472,5615.0692,4791.776,3613.186,2940.6052,2961.79,2702.776,2744.1592,3173.698,4254.814,5031.03,4973.196,5116.7052,4258.65,3288.8972,2193.5912,1887.288,867.5112,74262.7172
2839,2025-10-10,284.9232,251.3432,296.8312,326.5072,2158.8832,4714.854,5882.0032,5633.8532,4985.3012,3600.28,2960.3132,2586.138,2635.1772,2878.1412,3241.1152,3965.8072,4925.468,4895.15,4518.1872,4169.852,3358.752,2220.4992,2031.306,821.176,73341.862
2840,2025-10-11,243.1932,240.996,261.976,405.502,2292.132,3764.328,4190.852,4183.2772,3996.174,2769.3472,2683.266,2590.3012,3570.6892,4332.478,4459.0,4147.8392,3835.844,3265.7332,3063.942,2986.268,2575.7532,2015.652,1961.6732,779.026,64615.2428
2841,2025-10-12,693.9012,828.0912,828.974,812.704,1610.518,3550.726,3410.2652,3211.998,3240.502,3459.556,3527.2792,3503.76,3593.1192,3793.5372,3857.1672,3988.112,3863.9252,4050.0452,3996.12,3905.996,3611.6712,3477.07,3009.5032,2048.894,71873.4352
2842,2025-10-13,841.0394,785.1589,804.9195,834.0734,1757.5629,3750.1622,3569.9079,3407.7609,3308.8985,3473.8599,3632.0435,3612.3936,3702.8499,3818.6955,3976.7874,3889.8271,3806.5996,4216.3064,4134.8742,3983.5364,3768.9266,3413.1229,3016.3743,1943.2615,73448.9424
2843,2025-10-14,404.4032,286.4612,287.3612,455.6672,2206.24,4663.5512,4975.162,4473.07,4814.8012,3708.7152,2665.9992,2723.1512,2877.7192,2922.96,3164.05,4033.6332,4910.6632,5354.1992,5116.848,4380.58,2954.6332,2217.6692,1991.8052,899.126,72488.4692
2844,2025-10-15,273.9619,272.4638,271.2668,448.1031,2007.6834,4279.8181,5463.1868,5721.9998,4875.2704,3525.6508,2771.4763,2693.1509,2742.6732,2759.7534,2873.1639,4176.3413,4824.7596,5370.7296,4880.2081,4175.3476,2970.9062,2072.7709,1952.5615,798.3076,72201.555
2845,2025-10-16,336.7052,334.47,332.4292,428.4672,2091.5452,4546.286,5903.384,5643.3512,4800.958,3577.726,3035.08,2711.7092,2841.0112,2629.302,3241.08,4129.2092,3251.7012,4088.516,3714.6472,3333.406,2846.672,2996.7332,1947.1792,879.4,69640.9684
2846,2025-10-17,336.6323,334.3114,332.9773,479.8568,2336.5203,4569.0216,5660.3453,5462.6141,4591.9198,3421.8983,2995.0851,2581.3453,2829.5888,2582.4331,3062.3881,4218.8001,5026.2051,5013.1486,4873.6308,4198.9986,2857.7613,2333.2311,2119.3413,875.2712,73093.3257
2847,2025-10-18,312.2393,311.8485,326.9934,476.2906,2274.6331,3679.3733,4232.7498,4234.8691,3939.7776,2876.4026,2779.5619,2726.8994,3890.0774,4497.6713,4327.0534,4444.1831,4349.0921,3943.2045,3383.7118,3157.1474,2329.8151,1990.0239,1876.5713,877.9969,67238.1868
2848,2025-10-19,300.3159,295.5016,295.2348,288.4138,779.3174,2270.0372,2072.8651,2063.0941,1975.5699,1971.1704,2002.1981,2017.5916,2134.9354,2306.4411,2454.9711,2245.3586,2286.2918,2523.6736,2430.337,2244.6251,2200.4078,2043.9796,1306.5583,356.5138,40865.4031
2849,2025-10-20,340.1921,334.1406,337.6818,441.5783,2102.9269,4644.1151,5813.2916,5150.0823,1714.8784,1625.8824,1792.6013,1556.2634,1683.1813,1610.6506,1786.8163,2032.8273,2425.2171,2392.7148,2384.6219,2159.7359,1684.9511,1511.1659,1387.4861,836.7323,47749.7348
2850,2025-10-21,294.5658,261.5626,261.2479,385.6744,1400.5074,2156.0322,2012.1356,2027.7681,1997.6076,1628.3769,1122.0048,992.7969,945.4169,1040.2108,1038.5821,1131.172,1296.5414,1276.6029,1291.2847,1176.2394,1095.3986,1006.3749,1035.2903,761.5384,27634.9326
2851,2025-10-22,317.7651,312.3939,308.7068,337.9709,910.4243,1318.1778,1301.7473,1308.4724,1174.7511,1036.0371,983.6144,967.7166,971.575,892.0676,1006.6718,1130.4968,1115.3904,1328.8824,1258.3971,1121.8959,1057.25,979.8873,969.4778,676.6559,22786.4257
2852,2025-10-23,309.1279,302.5236,308.4339,357.9469,964.1486,1324.0736,1207.2519,1204.1591,1137.8971,1092.7164,1089.6621,991.0919,890.1288,1001.4596,1119.8336,1202.8161,1241.1341,1237.2464,1176.9604,1088.5837,1108.2564,1022.1076,1041.2752,625.223,23044.0579
2853,2025-10-24,211.9881,208.1696,219.6392,290.2144,954.3279,1278.5041,1263.1624,1252.3763,1093.2558,1094.5278,1005.978,1082.3886,1146.9041,999.8547,1059.2001,1235.8994,1279.8553,1282.3898,1301.8251,1163.2121,1032.9211,994.8628,960.709,734.1169,23146.2826
2854,2025-10-25,336.4718,293.3751,292.0574,318.0901,849.4634,1316.3681,1268.5377,1198.0421,1154.7071,1122.0401,1068.6841,1147.1754,1163.2312,1144.7106,1083.4713,1089.3134,1105.6794,992.9424,1146.1251,1085.7548,999.1431,981.2413,988.6021,803.0431,22948.2702
2855,2025-10-26,304.4903,299.2423,297.4114,308.8301,562.7173,1116.2394,975.8713,988.0733,990.8014,986.7036,1038.4184,964.8919,1095.7905,1088.498,1039.3993,1038.3248,1793.4639,1695.5083,1694.1083,1679.8853,1445.3966,1428.9506,897.1967,210.1659,23940.3789
2856,2025-10-27,207.3683,266.6026,292.8636,407.2943,2127.8987,4515.4336,4558.368,5932.4633,4555.9523,3631.6436,2589.1262,2715.2398,2359.7126,2707.4989,3041.2914,4323.7486,4926.8246,5151.8209,4865.5248,4317.3094,3087.6433,2103.7249,1984.935,1021.4749,71691.7636
2857,2025-10-28,322.9572,320.8559,317.3738,381.9628,2146.1641,4849.6609,5319.0006,5605.2931,4570.2171,3559.5111,2820.1903,2754.2231,2756.7738,2728.8178,3011.8841,4426.3501,5141.1334,5422.699,4565.8496,4331.2368,3235.0343,2321.4943,2050.712,864.0248,73823.42
2858,2025-10-29,330.3853,328.1021,327.6181,389.2201,2221.8891,4785.8544,5715.0551,5805.4517,4481.9774,3655.8329,3035.9886,2687.3283,2685.0891,2900.9661,3097.2356,4260.4168,5404.4793,4942.8799,4965.2293,4230.3846,3483.8769,2132.6199,1929.6512,861.4008,74658.9326
2859,2025-10-30,338.6772,333.4632,336.766,409.73,2226.3692,4937.7292,5418.6232,5514.7032,4894.7612,3639.116,2991.394,2738.5232,2752.0752,2735.986,3167.7612,4414.844,4952.662,5243.6572,5244.974,4547.258,3071.456,2305.9092,1937.3592,807.0232,74960.8208
2860,2025-10-31,275.404,273.222,274.4572,354.3172,2090.7552,4852.818,5233.772,5840.748,4609.052,3467.8952,2778.268,2655.8512,2899.248,2932.956,3441.0772,4712.174,5139.4432,5143.142,5036.562,4446.092,3476.4292,2099.494,2203.6432,902.452,75139.2728
2861,2025-11-01,295.3372,289.1132,299.19,355.074,2189.074,3616.316,4450.7112,4234.2512,3837.6352,2989.4352,2751.2392,2723.0172,3770.322,4442.688,4363.314,4332.4312,4192.724,3676.056,3313.736,3183.716,2589.3032,2133.336,2055.448,872.688,66956.156
2862,2025-11-02,47.6566,0.0,0.0,0.0,0.0,0.0,0.0,0.0,0.0,0.0,0.0,0.0,0.0,0.0,0.0,0.0,0.0,0.0,0.0,0.0,0.0,0.0,0.0,0.0,47.6566
2863,2025-11-03,0.0,0.0,0.0,0.0,0.0,0.0,0.0,0.0,0.0,0.0,0.0,0.0,0.0,0.0,0.0,0.0,0.0,5.4201,0.0,0.0,0.0,25.3843,27.8676,27.8951,86.5671
2864,2025-11-04,167.0406,243.1636,244.9669,305.1158,2205.3424,5032.1636,5502.8229,5836.3389,4801.8856,3438.8608,3109.7001,2813.6028,2706.0085,2977.2848,3109.2411,4264.3778,5055.2249,4893.9931,4688.1921,4204.4686,3630.4513,2227.0728,1947.2654,869.5628,74274.1472
2865,2025-11-05,390.4338,404.8711,402.7281,428.0221,2174.7166,4422.2829,4804.3924,5875.4576,4714.0316,3399.3471,2994.7338,2772.2654,2825.1479,2882.0436,3223.6939,4396.1779,5005.1448,5172.6796,4445.6876,4091.9076,3576.4248,2364.3988,1968.0703,804.7158,73539.3751
2866,2025-11-06,319.4366,314.6863,312.1977,405.0293,2079.5939,4703.8924,5871.7511,5702.4928,4702.7971,3505.9599,2935.0424,2814.0743,2813.3248,2936.9614,3212.6226,4336.4546,5067.003,5167.2911,4924.6938,4297.4971,3557.7451,2349.6058,2055.3974,944.0304,75329.5809
2867,2025-11-07,373.2233,375.7032,377.0178,422.2111,2181.8256,4852.6599,5855.9341,5618.9806,5059.4586,3412.5896,3276.2564,2833.4571,2849.4116,2910.6468,3050.7301,4565.5599,5341.2671,5314.7336,5329.7383,4529.788,3254.6063,2238.5326,2007.5056,925.6659,76957.5031
2868,2025-11-08,348.6006,325.3578,322.5866,382.9943,2256.5811,3479.6777,4413.9856,4289.7604,4015.7418,2858.5682,2531.3718,2672.7586,3795.1486,4315.2296,4336.3203,4474.776,4425.0783,3489.7436,3251.6558,3113.0049,2472.1818,2101.4531,1960.5856,893.2481,66526.4102
2869,2025-11-09,280.5286,278.4196,281.0378,283.9822,761.8806,2288.3011,2201.5461,2188.9176,2054.9697,2178.7534,2071.0946,2207.3634,2324.7204,2389.8747,2468.4655,2415.3597,2397.0115,2487.6053,2319.8077,2302.3891,2146.6786,2051.5706,1267.7126,314.6892,41962.6796
2870,2025-11-10,255.6047,282.6485,292.3796,424.0416,2096.5649,4668.6803,5877.1809,5722.5628,4941.9728,3532.5121,2834.4384,2851.7068,2744.7151,2820.6719,3230.7384,4433.2206,4884.0613,5384.4518,4868.6698,4638.8419,3358.3736,2342.1468,2007.9628,861.6083,75355.7557
2871,2025-11-11,316.2918,331.5598,343.8406,407.7196,2298.2286,5032.4036,5752.4924,5724.6594,4651.5376,3596.1216,2930.2799,2962.5268,2608.7581,2822.8543,3178.7438,4418.1751,5315.2736,5245.0503,5496.8903,4415.7479,3522.266,2290.6629,2161.8731,907.7436,76731.7007
2872,2025-11-12,305.0101,304.0371,302.5065,390.6525,2253.4828,4703.4133,5706.5399,5613.3761,4304.6324,3852.9244,3083.7106,2776.1874,2898.7539,2709.5798,3060.6097,4324.5733,4927.9636,5341.3431,4808.8036,4296.7849,3482.427,2364.5549,1954.2086,812.4561,74578.5316
2873,2025-11-13,292.5883,289.4001,290.8668,365.2186,2251.4558,4900.2286,5634.2998,5614.5335,4547.4919,3608.1164,2947.247,3098.0518,2771.5715,2835.6783,3298.0031,4499.2606,5239.1741,5381.0031,2119.1809,3764.0501,3060.1751,2469.8541,1924.5758,1014.9679,72216.9932
2874,2025-11-14,299.7976,297.4284,298.4446,361.2503,2435.1411,4775.7098,5308.9881,4873.2793,5217.7014,3563.5693,3037.4693,2751.8404,2816.6544,2932.685,3103.9604,4271.5589,5242.867,5145.9364,4826.2468,4332.4736,3271.4609,2198.2346,1973.1243,839.6093,74175.4312
2875,2025-11-15,315.6188,315.5116,323.5744,336.6874,2123.0471,3393.3118,4272.6481,4500.2155,3862.3968,2797.0401,2629.7083,2867.8485,3713.1109,4206.2163,4855.6876,4066.0609,4136.7033,3848.4626,3178.9049,3031.9894,2279.2881,1954.3756,1879.7096,960.5461,65848.6637
2876,2025-11-16,542.7964,776.6374,773.2932,956.1059,1809.2883,3729.6083,3518.1016,3571.1581,3241.3361,3385.2849,3614.4004,3583.6818,3893.6306,4027.3889,3959.6184,4025.7206,3984.0094,4046.426,3931.8228,3843.5675,3689.5683,3630.8784,2641.1051,789.6879,71965.1163
2877,2025-11-17,758.2224,778.1113,703.918,784.4278,1598.2784,3682.7289,3642.1441,3449.4753,3369.06,3602.3062,3791.1656,3655.5161,3941.0295,3783.1017,3918.6414,3922.0203,3873.3678,4007.5128,4133.7016,3919.5704,3598.5036,3707.2768,2708.6556,753.4532,72082.1888
2878,2025-11-18,300.6738,300.7094,300.9748,351.4248,2071.9059,4858.998,6013.1862,5324.3703,4847.7204,3627.1256,3118.5744,2852.8666,2973.7741,2869.1014,3177.6859,4393.3911,5037.1891,5668.3976,5092.1543,4404.5523,3250.3054,2293.5713,1961.2018,874.9946,75964.8491
2879,2025-11-19,378.8853,382.3863,374.6623,403.2191,2098.3586,5035.6234,5765.2486,5870.4895,4616.9175,3496.0765,3041.1441,2835.5144,2816.6081,3176.8066,3308.4666,4412.0601,5270.9488,5398.3051,5293.3773,4175.8431,3254.3536,2013.2793,2041.8636,906.8756,76367.3134
2880,2025-11-20,340.8413,336.7489,337.1469,397.8186,2162.0076,4807.9726,5631.2378,5690.3692,4797.2574,3447.603,2785.8464,2716.6988,2793.6091,2741.9821,3041.9036,4387.2196,5165.6929,5513.7956,5247.0068,4382.7438,3150.0117,2092.4078,2050.5459,947.3449,74965.8123
2881,2025-11-21,343.0786,341.9655,338.9321,378.3544,2123.5809,4980.6902,5582.7534,5749.7548,4858.0039,3575.4821,2991.5181,2666.1276,2663.0003,2750.8093,3110.9454,4401.7953,4689.9356,5112.7736,4638.9708,4051.2856,2888.577,2402.3219,2001.2674,834.9589,73476.8827
2882,2025-11-22,378.5269,381.9471,351.2375,367.7408,2078.8311,3570.6214,4542.2314,4292.4854,4140.2329,3229.8503,2653.1661,2899.7511,3986.0598,4589.9913,4688.5874,4512.1611,4520.6131,3576.2893,3438.5406,2964.7461,2448.7519,1982.2102,1949.7812,884.3868,68428.7408
2883,2025-11-23,335.2212,331.7612,330.2592,323.3732,833.478,2320.83,2169.6812,2300.166,1937.5592,1909.7572,2168.318,2093.2812,2016.0332,2225.5892,2329.33,2260.802,2265.792,2272.0132,2216.828,2389.32,2232.2332,2096.962,1238.634,310.134,40907.3564
2884,2025-11-24,308.6778,296.9429,299.0943,420.2801,2127.1871,4654.6195,5574.8822,5743.2571,4762.9343,3767.9101,2892.462,2540.3078,2746.9963,2894.2151,3117.8521,4507.4552,4884.778,5377.7853,5252.7113,4494.7439,3124.6383,2436.7165,1909.4528,903.3138,75039.2138
2885,2025-11-25,350.1309,348.7799,402.9151,471.5448,2141.4293,4818.0479,5746.5148,5544.1898,4803.1346,3196.7156,3019.8028,2861.7346,2909.0403,2816.238,3205.5914,4488.3108,5228.9085,5769.8371,5157.8399,4240.8326,3042.4628,2157.4759,2052.1698,922.7656,75696.4128
2886,2025-11-26,326.1091,322.562,319.5015,404.2378,2329.0965,4874.4263,5808.6483,5434.4954,4980.9146,3655.0111,2954.5704,2976.8246,2848.3248,2876.1587,3219.1631,4609.1749,5103.3054,5659.6831,5161.5979,4510.3566,2960.7775,2413.6768,1974.6413,853.0338,76576.2915
2887,2025-11-27,326.83,324.8094,323.2256,346.9111,2191.1466,4814.4641,5516.4771,5907.7979,4618.0836,3742.8811,2802.6341,2803.9336,2686.1248,2896.8531,3181.7083,4416.8496,5344.0966,5526.7146,5278.8697,4374.7616,3012.0683,2314.4951,2037.7151,887.4461,75676.8971
2888,2025-11-28,336.7786,334.6698,335.7501,421.9923,2197.9991,4729.637,5679.6843,5944.8294,4728.6242,3260.5089,3110.6596,2865.2059,2824.4353,2799.7058,3223.3643,4773.9364,5265.7946,5414.4296,4944.1333,4263.2621,3320.7886,2399.5657,2063.7066,937.3577,76176.8192
2889,2025-11-29,327.2432,322.928,326.314,453.594,2149.6172,3733.606,4409.196,4599.374,4015.68,3063.534,2638.848,2709.728,3986.2072,4837.474,4508.1432,4607.8312,4610.638,3941.7952,3224.848,3629.1992,2629.036,1911.5292,1963.306,1105.8812,69705.5508
2890,2025-11-30,854.4384,891.4849,874.8806,1155.2722,1495.2596,2321.8629,2280.4329,2104.0704,2286.0088,2046.9488,2140.8741,2086.0616,2274.6554,2310.8399,2318.8493,2468.1091,2496.6393,2531.6622,2522.3151,2572.1601,2106.8948,2073.0841,1347.3375,307.6631,45867.8051
2891,2025-12-01,300.15,299.9292,295.062,337.146,2152.138,4505.3852,5892.7252,5624.482,4986.1,3542.266,3192.0732,2830.59,2727.0652,3062.6052,3005.7072,4377.704,4851.118,5301.8552,5001.4272,4638.402,3458.4232,2390.758,1964.038,955.952,75693.102
2892,2025-12-02,330.754,302.686,297.806,396.7512,2086.1752,4652.8652,5854.4192,5532.3192,4981.1012,3745.338,2875.8092,2820.572,2891.244,2766.428,3062.772,4405.8592,5060.1452,5581.4952,5095.044,4432.5752,3246.88,2297.494,2132.136,973.3852,75822.0544
2893,2025-12-03,297.408,304.1872,305.778,612.452,2204.3172,4828.4692,5468.4312,5861.8472,4685.3492,3510.4192,3115.46,2890.1512,2808.24,2787.75,3051.8072,4324.2552,4974.8072,5580.228,4800.646,4636.0112,3450.17,2478.3992,1998.298,874.762,75849.6436
2894,2025-12-04,332.3411,337.8579,333.0208,443.7639,2200.2455,4361.7958,5416.8644,5473.9784,4960.2334,3732.094,3009.2754,2771.5036,2957.1121,2986.5758,3078.0201,4612.9096,4759.3973,5584.9434,4426.7926,4351.1131,3543.5026,2329.7688,1964.4456,978.0176,74945.5728
2895,2025-12-05,311.0094,309.2318,308.3888,442.0779,2171.4234,4600.384,5330.9131,5640.6794,4729.1241,3950.0611,2879.2328,2955.9983,2891.5406,2805.9291,3347.8778,4646.6204,5230.5029,5394.0698,5207.6434,4546.6398,3099.5943,2411.4044,2054.8832,1775.2243,77040.4541
2896,2025-12-06,831.7293,312.567,309.4498,340.2094,2237.9853,3460.1296,4364.8115,4390.2884,4044.0023,2851.1191,2590.4061,2806.6959,3830.1886,4381.3338,4486.9946,4413.6654,4459.5739,3489.4534,3283.9656,3352.0786,2670.9639,2177.2844,1970.5161,1863.9661,68919.3781
2897,2025-12-07,886.4563,836.1074,808.8587,841.2026,1679.8243,3640.7113,3525.5356,3490.2084,3375.5779,3614.2631,4037.0059,3910.9128,4051.6119,4095.7831,4235.0068,4077.8864,4254.1189,4190.852,4586.0043,4216.8001,3898.4686,3739.6363,2804.5379,935.6431,75733.0137
2898,2025-12-08,833.1584,803.045,861.8415,893.6231,1826.1556,3793.7188,3920.5251,3315.3536,3584.5541,3641.8416,3679.6058,3722.4906,4118.5386,3943.5846,4162.5001,3903.5111,4171.6348,4170.1899,4039.0139,3870.8391,3748.6014,3725.834,2709.8908,801.2369,74241.2884
2899,2025-12-09,284.7979,275.9557,297.4956,360.1511,2069.0456,4884.9221,6038.4183,6027.2483,4569.2018,3325.7303,2954.8878,2694.7076,2916.3191,2814.9893,3227.2324,4481.5237,4866.6379,5553.3816,5229.7501,4498.8732,3516.2271,2494.0593,1992.6568,873.1326,76247.3452
2900,2025-12-10,285.0256,282.3886,288.7133,331.8836,2263.0379,4823.4605,5966.1974,5525.0928,5040.7548,3511.4076,3180.9907,2826.6646,2888.9868,2941.8607,3082.7406,4606.851,4993.2306,5453.0046,5205.9815,4597.4491,3681.1683,2362.0384,2142.2609,936.5819,77217.7718
2901,2025-12-11,278.0412,277.8352,278.9992,331.412,2233.312,4793.01,5925.578,5612.6812,5049.032,3500.82,3137.1152,2870.822,3002.516,2836.7592,3112.016,4480.8452,5250.308,5334.666,5199.3212,4861.7792,3201.6472,2431.3612,2072.9412,924.28,76997.0984
2902,2025-12-12,368.32,384.4152,381.65,496.0232,2232.708,4989.0332,5635.676,5442.5332,4790.862,3752.4092,2975.496,2739.6812,2819.482,2939.2632,3084.8992,4610.414,4580.7,4627.076,3942.1012,2992.316,2593.7672,2295.6952,2029.2112,1884.7272,72588.4596
2903,2025-12-13,964.044,271.778,269.0592,327.834,2221.786,3424.0992,4463.67,4033.9132,3949.8312,3013.6452,2510.0152,2858.026,4119.7692,4539.0852,4281.656,4447.4452,4188.8512,3552.932,3177.724,2907.6692,2532.0652,2210.684,2064.8192,1875.544,68205.9456
2904,2025-12-14,1032.6306,281.7048,279.9549,288.0595,788.2383,2406.2398,2253.2144,2013.3951,2084.1866,2012.3221,2186.0576,2093.1337,2281.8564,2593.7248,2373.5114,2251.7451,2448.4488,2424.6831,2473.5816,2320.3468,2251.9679,2132.2556,1480.5958,317.5391,43069.3938
2905,2025-12-15,297.0571,320.9366,324.2256,470.4868,2109.7554,4827.5089,6081.7321,5278.7811,4865.9049,3477.3911,2969.1143,2641.6265,2740.9368,2958.5151,3155.5556,4501.3923,5080.0393,5541.5226,5136.9259,4571.2926,3146.8341,2295.2251,2057.2241,789.2684,75639.2523
2906,2025-12-16,309.3806,324.7323,339.9623,464.2196,2088.3862,4790.1263,5755.7438,5611.6934,4984.5384,3572.0156,2984.9116,2785.9563,2779.5786,2901.8744,3121.5642,4314.7534,5020.6758,5251.5364,5018.372,4258.2783,2894.3989,2258.1721,2058.5504,908.0848,74797.5057
2907,2025-12-17,275.1566,324.3821,338.4574,482.0696,2154.5248,4806.6796,5517.8369,5536.1049,4422.7882,3943.6293,2866.5274,2802.3088,2743.0871,2851.0476,3299.5033,4491.7034,4758.1744,5302.4369,5077.3549,4508.662,3502.8874,2284.3063,2119.456,986.4163,75395.5012
2908,2025-12-18,309.1416,320.3486,274.9055,443.3668,2106.2638,4736.1803,5730.0124,5737.7714,4712.5061,3726.7268,2793.9754,2844.5356,2901.5824,2708.9324,3106.8788,4352.6522,4868.9619,5495.4986,4640.5764,4687.0236,3243.3531,2253.8066,2015.7485,899.1091,74909.8579
2909,2025-12-19,279.2231,275.0758,276.8353,341.1326,2000.1176,4221.1462,5541.7165,4728.0156,5109.8921,3186.3301,3126.4568,3124.1336,2739.6241,2795.1254,3244.8182,4310.3731,5229.3839,5084.1909,4938.6897,4018.6838,3687.688,2260.8214,1995.3911,1958.0603,74472.9252
2910,2025-12-20,893.5919,331.9783,331.9216,454.0276,2079.6498,3563.3036,4286.1281,4288.7339,4248.9818,3097.6999,2696.9546,2688.7169,4011.2221,4214.8376,3696.9941,3849.4061,3546.0711,3050.6231,3318.4843,2985.1401,2359.7106,2099.2086,2094.3306,1872.4731,66060.1894
2911,2025-12-21,885.2404,295.2838,294.8281,295.9254,779.9324,2289.1986,2239.2243,2028.4198,1945.8756,2157.356,2190.8685,2107.3602,2443.4845,2344.7681,2455.1826,2316.1883,2396.772,2435.0846,2402.2217,2407.7619,2046.6138,2144.4794,1436.2791,347.5452,42685.8943
2912,2025-12-22,320.0904,317.0131,313.5143,410.3535,2043.4961,4671.8811,5464.3591,5573.3996,4869.4676,3568.7881,2994.0948,2900.9951,2840.4278,2762.6286,3276.6743,4425.0563,4908.3671,5253.0631,5207.202,4396.1569,3244.6548,2145.3723,2055.6334,928.9851,74891.6745
2913,2025-12-23,277.6183,283.4277,283.1619,366.0649,2199.0404,4651.9726,5566.4667,5718.0823,4673.5816,3428.1548,2843.8186,2913.8481,3156.8461,3266.4531,3150.5876,4539.3789,4885.7871,5232.0061,4971.4429,4303.848,3719.8656,2445.8598,2108.526,977.5511,75963.3902
2914,2025-12-24,259.6943,259.8724,257.9601,347.215,2147.4656,3872.6523,3947.2963,3838.2753,3806.6336,3004.0966,2501.0131,2519.9636,2645.6693,2966.323,3734.4939,4177.5894,4221.8014,4210.0793,4328.3384,3938.4286,2952.7526,2155.8834,902.2361,292.5566,63288.2902
2915,2025-12-25,286.0319,280.8114,284.6452,285.6984,772.2949,2236.4623,1949.1441,1924.8066,1938.2064,1915.3573,2079.1701,2169.4991,1887.508,1952.3661,2212.6883,2193.0344,2292.6752,2206.9784,1982.6881,2174.1192,2131.1475,2059.6066,1329.5246,272.0428,38816.5069
2916,2025-12-26,317.4361,321.6941,320.2678,386.2009,2247.1516,3277.0543,4022.7134,3933.7513,3881.5686,2862.1275,2546.1603,2554.3734,2836.8999,2858.9821,3410.2299,4342.0204,4377.6413,4627.7298,4467.1284,4066.6351,3079.4508,2197.9431,1987.1941,883.0228,65805.377
2917,2025-12-27,285.1133,275.7786,278.2147,365.2121,2188.2936,3549.8963,4226.6337,4335.3461,3860.9124,2952.6176,2656.5783,2772.2818,3704.6096,4328.4267,4210.3071,4269.3675,4353.3521,3578.3761,3368.7294,3373.0672,2589.8367,1994.5337,2057.0013,824.2219,66398.7078
2918,2025-12-28,287.5833,290.6053,287.0739,287.4206,737.6098,2245.5432,2076.1956,2092.9448,1969.8865,2066.0076,2171.6226,2132.2256,2225.9284,2302.5999,2260.0451,2219.5069,2455.6924,2382.2908,2408.1876,2364.0616,2058.7416,2187.9121,1348.3371,248.5838,41106.6061
2919,2025-12-29,245.2421,239.8553,240.4263,384.4656,2180.1723,3862.8246,4141.8223,4283.5305,4138.2841,3081.1434,2678.5436,2518.3981,2671.0031,2887.6149,3388.1926,4211.2616,4490.7772,4527.0989,4354.6532,3972.2153,2989.0646,2218.3689,2003.1248,896.5943,66604.6776
2920,2025-12-30,221.0573,218.5891,259.4653,327.4911,2273.7679,3705.1679,3997.2003,3949.1873,3804.1256,3033.3212,2655.569,3012.5813,3042.1706,2985.6166,3530.9538,4381.1577,4580.1704,4640.1541,4583.7286,4278.6167,3087.0859,2337.4873,1990.7049,985.4335,67880.8034
2921,2025-12-31,262.4424,259.9729,308.087,402.2918,2331.7901,3904.7556,3911.0513,3613.6992,2512.7821,2754.9256,2576.7833,2552.9981,2695.1674,2913.4199,3275.8429,3615.0106,3236.2843,2623.9879,2332.5771,2248.0056,1988.6556,2150.9761,865.6991,284.7936,53621.9995
